SEASON_ID,Player_ID,Game_ID,GAME_DATE,MATCHUP,WL,MIN,FGM,FGA,FG_PCT,FG3M,FG3A,FG3_PCT,FTM,FTA,FT_PCT,OREB,DREB,REB,AST,STL,BLK,TOV,PF,PTS,PLUS_MINUS,VIDEO_AVAILABLE
22025,202691,0022501193,"Apr 12, 2026",DAL vs. CHI,W,10,4,10,0.4,4,9,0.444,0,0,0.0,0,0,0,1,1,0,0,0,12,-4,1
22025,202691,0022501156,"Apr 07, 2026",DAL @ LAC,L,26,4,17,0.235,1,10,0.1,2,2,1.0,1,2,3,2,0,3,1,2,11,1,1
22025,202691,0022501140,"Apr 05, 2026",DAL vs. LAL,W,18,4,8,0.5,3,6,0.5,0,0,0.0,0,0,0,2,0,0,0,0,11,4,1
22025,202691,0022501127,"Apr 03, 2026",DAL vs. ORL,L,22,7,13,0.538,4,10,0.4,0,0,0.0,0,1,1,2,0,0,1,0,18,-11,1
22025,202691,0022501095,"Mar 30, 2026",DAL vs. MIN,L,22,1,8,0.125,1,6,0.167,2,2,1.0,0,2,2,2,0,0,2,2,5,-9,1
22025,202691,0022501074,"Mar 27, 2026",DAL @ POR,W,18,2,10,0.2,2,8,0.25,1,1,1.0,0,2,2,3,0,1,1,1,7,12,1
22025,202691,0022501059,"Mar 25, 2026",DAL @ DEN,L,11,3,6,0.5,2,2,1.0,0,0,0.0,0,0,0,0,0,0,0,1,8,-4,1
22025,202691,0022501044,"Mar 23, 2026",DAL vs. GSW,L,28,5,10,0.5,5,9,0.556,0,0,0.0,0,1,1,1,1,1,1,2,15,-13,1
22025,202691,0022501029,"Mar 21, 2026",DAL vs. LAC,L,27,4,6,0.667,4,4,1.0,0,0,0.0,0,0,0,2,0,1,1,1,12,14,1
22025,202691,0022501006,"Mar 18, 2026",DAL vs. ATL,L,22,6,12,0.5,4,10,0.4,1,2,0.5,0,0,0,1,1,0,0,0,17,4,1
22025,202691,0022500965,"Mar 13, 2026",DAL vs. CLE,L,16,3,11,0.273,0,5,0.0,0,0,0.0,2,0,2,1,0,0,0,1,6,-27,1
22025,202691,0022500939,"Mar 10, 2026",DAL @ ATL,L,28,8,16,0.5,5,11,0.455,0,0,0.0,0,1,1,1,2,0,0,3,21,-10,1
22025,202691,0022500924,"Mar 08, 2026",DAL @ TOR,L,21,2,10,0.2,1,7,0.143,0,0,0.0,0,1,1,2,0,0,2,1,5,-8,1
22025,202691,0022500908,"Mar 06, 2026",DAL @ BOS,L,18,7,13,0.538,5,11,0.455,0,0,0.0,0,0,0,1,0,0,0,0,19,-8,1
22025,202691,0022500899,"Mar 05, 2026",DAL @ ORL,L,26,7,12,0.583,7,12,0.583,3,3,1.0,0,4,4,1,1,0,1,3,24,13,1
22025,202691,0022500876,"Mar 01, 2026",DAL vs. OKC,L,15,3,8,0.375,1,5,0.2,0,0,0.0,0,0,0,1,0,0,2,1,7,-3,1
22025,202691,0022500854,"Feb 26, 2026",DAL vs. SAC,L,16,3,7,0.429,2,3,0.667,0,0,0.0,0,2,2,2,0,1,1,0,8,-4,1
22025,202691,0022500833,"Feb 24, 2026",DAL @ BKN,W,23,6,12,0.5,5,10,0.5,0,0,0.0,1,1,2,2,0,0,1,0,17,11,1
22025,202691,0022500821,"Feb 22, 2026",DAL @ IND,W,19,3,11,0.273,3,7,0.429,0,0,0.0,0,3,3,0,1,0,0,0,9,3,1
22025,202691,0022500806,"Feb 20, 2026",DAL @ MIN,L,28,4,12,0.333,3,9,0.333,0,0,0.0,0,0,0,2,1,0,1,2,11,-23,1
22025,202691,0022500791,"Feb 12, 2026",DAL @ LAL,L,23,4,8,0.5,1,3,0.333,0,0,0.0,0,3,3,0,1,0,4,0,9,-2,1
22025,202691,0022500749,"Feb 07, 2026",DAL @ SAS,L,19,6,14,0.429,4,10,0.4,3,3,1.0,0,1,1,2,2,0,2,0,19,9,1
22025,202691,0022500738,"Feb 05, 2026",DAL vs. SAS,L,20,2,8,0.25,1,6,0.167,0,0,0.0,0,2,2,1,0,0,0,2,5,-12,1
22025,202691,0022500721,"Feb 03, 2026",DAL vs. BOS,L,20,1,5,0.2,1,4,0.25,1,1,1.0,0,1,1,1,0,0,0,1,4,-15,1
22025,202691,0022500701,"Jan 31, 2026",DAL @ HOU,L,28,3,9,0.333,3,7,0.429,0,0,0.0,1,1,2,0,0,0,2,1,9,7,1
22025,202691,0022500683,"Jan 29, 2026",DAL vs. CHA,L,27,6,15,0.4,4,11,0.364,0,0,0.0,1,2,3,1,1,0,0,3,16,3,1
22025,202691,0022500648,"Jan 24, 2026",DAL vs. LAL,L,14,2,5,0.4,2,5,0.4,0,2,0.0,1,2,3,1,2,0,3,1,6,5,1
22025,202691,0022500630,"Jan 22, 2026",DAL vs. GSW,W,23,2,6,0.333,2,6,0.333,0,0,0.0,0,4,4,0,1,0,3,1,6,-12,1
22025,202691,0022500016,"Jan 19, 2026",DAL @ NYK,W,21,5,12,0.417,4,7,0.571,0,0,0.0,0,5,5,2,2,0,0,2,14,-8,1
22025,202691,0022500593,"Jan 17, 2026",DAL vs. UTA,W,20,7,12,0.583,6,11,0.545,3,3,1.0,0,0,0,3,0,2,0,2,23,1,1
22025,202691,0022500583,"Jan 15, 2026",DAL vs. UTA,W,23,10,18,0.556,6,13,0.462,0,0,0.0,0,1,1,6,1,1,2,0,26,25,1
22025,202691,0022500575,"Jan 14, 2026",DAL vs. DEN,L,23,3,8,0.375,2,7,0.286,0,0,0.0,0,1,1,1,0,0,0,0,8,-9,1
22025,202691,0022500561,"Jan 12, 2026",DAL vs. BKN,W,27,6,13,0.462,6,9,0.667,0,0,0.0,1,1,2,1,1,1,1,3,18,7,1
22025,202691,0022500546,"Jan 10, 2026",DAL @ CHI,L,20,4,10,0.4,2,6,0.333,0,0,0.0,0,2,2,1,0,1,0,0,10,-19,1
22025,202691,0022500531,"Jan 08, 2026",DAL @ UTA,L,29,7,13,0.538,6,11,0.545,3,3,1.0,0,3,3,5,0,0,3,3,23,3,1
22025,202691,0022500515,"Jan 06, 2026",DAL @ SAC,W,27,2,12,0.167,2,8,0.25,0,0,0.0,0,2,2,0,0,0,1,0,6,-1,1
22025,202691,0022500491,"Jan 03, 2026",DAL vs. HOU,W,22,3,8,0.375,2,4,0.5,1,1,1.0,0,3,3,1,0,0,1,0,9,11,1
22025,202691,0022500473,"Jan 01, 2026",DAL vs. PHI,L,13,4,9,0.444,1,5,0.2,0,0,0.0,1,1,2,1,1,0,0,0,9,-12,1
22025,202691,0022500457,"Dec 29, 2025",DAL @ POR,L,19,5,12,0.417,3,10,0.3,1,3,0.333,0,1,1,1,1,0,0,0,14,10,1
22025,202691,0022500432,"Dec 27, 2025",DAL @ SAC,L,25,5,13,0.385,4,8,0.5,0,0,0.0,1,4,5,0,1,1,0,0,14,4,1
22025,202691,0022500011,"Dec 25, 2025",DAL @ GSW,L,26,3,8,0.375,1,4,0.25,0,0,0.0,0,2,2,2,1,1,0,1,7,-4,1
22025,202691,0022500404,"Dec 22, 2025",DAL @ NOP,L,31,7,17,0.412,5,12,0.417,1,3,0.333,1,4,5,1,1,0,1,1,20,-1,1
22025,202691,0022500387,"Dec 20, 2025",DAL @ PHI,L,18,4,11,0.364,1,7,0.143,1,2,0.5,0,1,1,1,1,0,3,0,10,-20,1
22025,202691,0022500376,"Dec 18, 2025",DAL vs. DET,W,19,2,8,0.25,1,5,0.2,0,0,0.0,0,1,1,2,0,0,2,2,5,-13,1
22025,202691,0022501224,"Dec 15, 2025",DAL @ UTA,L,21,4,10,0.4,4,9,0.444,0,0,0.0,0,2,2,0,1,0,0,1,12,-3,1
22025,202691,0022501214,"Dec 12, 2025",DAL vs. BKN,W,20,4,9,0.444,3,7,0.429,1,1,1.0,0,2,2,2,0,0,1,0,12,5,1
22025,202691,0022500349,"Dec 05, 2025",DAL @ OKC,L,18,1,7,0.143,1,5,0.2,0,0,0.0,1,4,5,0,0,1,0,3,3,-5,1
22025,202691,0022500332,"Dec 03, 2025",DAL vs. MIA,W,26,6,17,0.353,5,12,0.417,0,0,0.0,1,2,3,1,0,1,0,1,17,-2,1
22025,202691,0022500315,"Dec 01, 2025",DAL @ DEN,W,23,5,10,0.5,3,5,0.6,2,4,0.5,0,5,5,1,0,0,1,0,15,4,1
22025,202691,0022500300,"Nov 29, 2025",DAL @ LAC,W,26,8,13,0.615,6,10,0.6,1,2,0.5,0,3,3,1,0,0,0,2,23,15,1
22025,202691,0022500078,"Nov 28, 2025",DAL @ LAL,L,20,3,8,0.375,3,6,0.5,1,1,1.0,0,1,1,1,0,0,1,2,10,3,1
22025,202691,0022500286,"Nov 24, 2025",DAL @ MIA,L,20,5,12,0.417,3,9,0.333,0,0,0.0,0,2,2,0,2,0,0,1,13,11,1
22025,202691,0022500273,"Nov 22, 2025",DAL vs. MEM,L,28,7,17,0.412,6,12,0.5,2,2,1.0,1,0,1,0,0,0,1,4,22,2,1
22025,202691,0022500052,"Nov 21, 2025",DAL vs. NOP,W,16,2,9,0.222,1,7,0.143,0,0,0.0,1,1,2,0,0,1,0,0,5,-4,1
22025,202691,0022500262,"Nov 19, 2025",DAL vs. NYK,L,27,5,11,0.455,3,9,0.333,0,0,0.0,0,2,2,2,0,0,0,3,13,-4,1
22025,202691,0022500246,"Nov 17, 2025",DAL @ MIN,L,17,3,9,0.333,1,6,0.167,0,0,0.0,0,0,0,0,2,0,1,0,7,-17,1
22025,202691,0022500238,"Nov 16, 2025",DAL vs. POR,W,26,7,16,0.438,5,11,0.455,0,0,0.0,1,2,3,2,0,1,1,2,19,11,1
22025,202691,0022500046,"Nov 14, 2025",DAL vs. LAC,L,28,4,11,0.364,4,10,0.4,1,1,1.0,0,2,2,2,0,0,2,0,13,16,1
22025,202691,0022500221,"Nov 12, 2025",DAL vs. PHX,L,31,6,17,0.353,6,16,0.375,1,1,1.0,0,3,3,1,0,0,1,2,19,-10,1
22025,202691,0022500203,"Nov 10, 2025",DAL vs. MIL,L,17,2,7,0.286,2,7,0.286,0,0,0.0,0,2,2,3,0,1,0,0,6,11,1
22025,202691,0022500034,"Nov 07, 2025",DAL @ MEM,L,17,0,6,0.0,0,5,0.0,0,0,0.0,0,1,1,3,1,0,0,1,0,9,1
22025,202691,0022500177,"Nov 05, 2025",DAL vs. NOP,L,21,4,7,0.571,3,6,0.5,0,0,0.0,0,4,4,3,1,0,3,0,11,4,1
22025,202691,0022500160,"Nov 03, 2025",DAL @ HOU,L,18,2,9,0.222,1,8,0.125,0,0,0.0,1,2,3,3,0,1,2,1,5,-2,1
22025,202691,0022500147,"Nov 01, 2025",DAL @ DET,L,20,4,9,0.444,3,7,0.429,0,0,0.0,0,3,3,1,0,0,0,0,11,-21,1
22025,202691,0022500133,"Oct 29, 2025",DAL vs. IND,W,22,2,10,0.2,1,6,0.167,0,0,0.0,0,1,1,1,0,0,1,0,5,1,1
22025,202691,0022500119,"Oct 27, 2025",DAL vs. OKC,L,22,3,11,0.273,2,6,0.333,0,0,0.0,0,4,4,2,0,1,2,0,8,-12,1
22025,202691,0022500111,"Oct 26, 2025",DAL vs. TOR,W,20,4,7,0.571,2,4,0.5,0,0,0.0,0,4,4,3,0,1,2,3,10,-3,1
22025,202691,0022500096,"Oct 24, 2025",DAL vs. WAS,L,17,2,7,0.286,1,6,0.167,3,3,1.0,0,4,4,0,1,0,0,0,8,-14,1
22025,202691,0022500004,"Oct 22, 2025",DAL vs. SAS,L,22,4,13,0.308,1,5,0.2,1,1,1.0,1,1,2,1,0,0,1,1,10,-23,1
22024,202691,0022401178,"Apr 11, 2025",DAL vs. TOR,W,19,3,8,0.375,1,5,0.2,0,0,0.0,0,1,1,2,2,0,0,0,7,5,1
22024,202691,0022401159,"Apr 09, 2025",DAL vs. LAL,L,28,2,8,0.25,2,7,0.286,0,0,0.0,0,2,2,1,0,0,0,0,6,-19,1
22024,202691,0022401132,"Apr 05, 2025",DAL @ LAC,L,25,5,10,0.5,4,8,0.5,0,0,0.0,0,1,1,0,0,0,1,0,14,-27,1
22024,202691,0022401127,"Apr 04, 2025",DAL @ LAC,L,13,1,3,0.333,0,1,0.0,0,0,0.0,0,0,0,0,0,0,1,2,2,-15,1
22024,202691,0022401109,"Apr 02, 2025",DAL vs. ATL,W,29,6,11,0.545,5,9,0.556,0,0,0.0,0,4,4,2,1,1,1,1,17,-2,1
22024,202691,0022401095,"Mar 31, 2025",DAL vs. BKN,L,28,5,16,0.313,3,12,0.25,0,0,0.0,1,2,3,4,1,1,0,0,13,-5,1
22024,202691,0022401077,"Mar 29, 2025",DAL @ CHI,W,30,6,13,0.462,5,10,0.5,3,3,1.0,0,1,1,1,0,0,0,0,20,4,1
22024,202691,0022401060,"Mar 27, 2025",DAL @ ORL,W,26,5,10,0.5,2,4,0.5,0,0,0.0,0,4,4,0,0,0,1,1,12,-7,1
22024,202691,0022401048,"Mar 25, 2025",DAL @ NYK,L,22,2,11,0.182,0,3,0.0,2,2,1.0,1,2,3,1,0,0,1,1,6,-15,1
22024,202691,0022401040,"Mar 24, 2025",DAL @ BKN,W,25,3,9,0.333,2,8,0.25,0,0,0.0,0,3,3,2,0,0,0,1,8,6,1
22024,202691,0022401019,"Mar 21, 2025",DAL vs. DET,W,30,6,14,0.429,3,11,0.273,5,6,0.833,0,5,5,1,0,0,2,0,20,3,1
22024,202691,0022400976,"Mar 16, 2025",DAL vs. PHI,L,35,9,15,0.6,3,7,0.429,0,0,0.0,0,3,3,2,1,0,2,1,21,-6,1
22024,202691,0022400961,"Mar 14, 2025",DAL @ HOU,L,26,2,16,0.125,0,3,0.0,1,1,1.0,3,6,9,3,0,0,1,1,5,-33,1
22024,202691,0022400951,"Mar 12, 2025",DAL @ SAS,L,28,5,9,0.556,2,4,0.5,0,0,0.0,0,4,4,7,0,0,2,1,12,-19,1
22024,202691,0022400937,"Mar 10, 2025",DAL @ SAS,W,36,8,14,0.571,3,8,0.375,7,7,1.0,1,1,2,3,0,0,0,2,26,-3,1
22024,202691,0022400921,"Mar 09, 2025",DAL vs. PHX,L,32,8,20,0.4,5,14,0.357,5,5,1.0,0,5,5,4,1,0,2,1,26,-11,1
22024,202691,0022400906,"Mar 07, 2025",DAL vs. MEM,L,29,6,19,0.316,3,9,0.333,0,0,0.0,1,3,4,1,0,3,1,0,15,-9,1
22024,202691,0022400897,"Mar 05, 2025",DAL @ MIL,L,34,11,27,0.407,6,14,0.429,0,0,0.0,1,3,4,4,1,0,0,0,28,-30,1
22024,202691,0022400880,"Mar 03, 2025",DAL vs. SAC,L,25,1,4,0.25,1,3,0.333,0,0,0.0,0,3,3,0,0,0,2,1,3,-30,1
22024,202691,0022400865,"Mar 01, 2025",DAL vs. MIL,L,29,5,14,0.357,4,9,0.444,2,2,1.0,0,2,2,5,1,0,2,2,16,1,1
22024,202691,0022400847,"Feb 27, 2025",DAL vs. CHA,W,28,6,12,0.5,4,7,0.571,2,3,0.667,1,1,2,0,0,2,0,0,18,6,1
22024,202691,0022400835,"Feb 25, 2025",DAL @ LAL,L,30,8,17,0.471,5,10,0.5,1,2,0.5,5,3,8,1,1,0,1,1,22,-20,1
22024,202691,0022400812,"Feb 23, 2025",DAL @ GSW,L,25,3,8,0.375,3,7,0.429,2,2,1.0,0,2,2,2,2,0,2,2,11,-9,1
22024,202691,0022400803,"Feb 21, 2025",DAL vs. NOP,W,25,4,11,0.364,4,7,0.571,0,0,0.0,1,2,3,3,2,0,1,2,12,-8,1
22024,202691,0022400782,"Feb 12, 2025",DAL vs. GSW,W,34,6,19,0.316,5,14,0.357,0,0,0.0,0,7,7,2,1,2,1,2,17,19,1
22024,202691,0022400762,"Feb 10, 2025",DAL vs. SAC,L,26,7,15,0.467,5,10,0.5,0,0,0.0,0,2,2,1,0,1,0,1,19,-14,1
22024,202691,0022400741,"Feb 08, 2025",DAL vs. HOU,W,22,6,14,0.429,1,4,0.25,0,0,0.0,0,4,4,1,0,1,0,4,13,5,1
22024,202691,0022400728,"Feb 06, 2025",DAL @ BOS,W,29,11,17,0.647,3,6,0.5,0,0,0.0,0,3,3,4,0,0,0,1,25,13,1
22024,202691,0022400712,"Feb 04, 2025",DAL @ PHI,L,30,4,11,0.364,3,8,0.375,1,1,1.0,2,3,5,1,0,0,2,2,12,17,1
22024,202691,0022400696,"Feb 02, 2025",DAL @ CLE,L,18,1,10,0.1,0,6,0.0,0,0,0.0,2,3,5,3,0,0,1,3,2,-24,1
22024,202691,0022400680,"Jan 31, 2025",DAL @ DET,L,26,5,10,0.5,3,7,0.429,0,0,0.0,1,3,4,4,1,1,2,0,13,-7,1
22024,202691,0022400670,"Jan 29, 2025",DAL @ NOP,W,29,7,15,0.467,6,11,0.545,0,0,0.0,1,3,4,1,0,0,2,2,20,7,1
22024,202691,0022400657,"Jan 27, 2025",DAL vs. WAS,W,24,8,15,0.533,7,12,0.583,0,0,0.0,0,3,3,4,0,1,3,0,23,23,1
22024,202691,0022400635,"Jan 25, 2025",DAL vs. BOS,L,26,2,4,0.5,2,3,0.667,0,0,0.0,0,3,3,0,0,1,1,0,6,-4,1
22024,202691,0022400599,"Jan 20, 2025",DAL @ CHA,L,30,2,5,0.4,1,2,0.5,2,3,0.667,1,1,2,2,0,0,3,0,7,-4,1
22024,202691,0022400583,"Jan 17, 2025",DAL vs. OKC,W,24,2,7,0.286,2,5,0.4,0,0,0.0,1,4,5,3,3,1,0,1,6,5,1
22024,202691,0022400566,"Jan 15, 2025",DAL @ NOP,L,26,5,12,0.417,2,9,0.222,0,0,0.0,0,1,1,2,0,0,3,1,12,-10,1
22024,202691,0022400559,"Jan 14, 2025",DAL vs. DEN,L,21,3,8,0.375,2,6,0.333,0,0,0.0,0,3,3,0,0,1,2,1,8,-13,1
22024,202691,0022400540,"Jan 12, 2025",DAL vs. DEN,L,35,9,19,0.474,6,13,0.462,1,1,1.0,0,6,6,2,1,1,1,0,25,1,1
22024,202691,0022400521,"Jan 09, 2025",DAL vs. POR,W,22,1,6,0.167,0,4,0.0,1,1,1.0,2,1,3,4,1,0,2,1,3,2,1
22024,202691,0022400504,"Jan 07, 2025",DAL vs. LAL,W,29,5,10,0.5,3,6,0.5,0,0,0.0,0,0,0,2,1,0,3,0,13,19,1
22024,202691,0022400499,"Jan 06, 2025",DAL @ MEM,L,27,5,16,0.313,3,8,0.375,2,2,1.0,1,3,4,3,0,2,1,0,15,-18,1
22024,202691,0022400474,"Jan 03, 2025",DAL vs. CLE,L,29,4,13,0.308,4,10,0.4,4,4,1.0,0,3,3,3,1,0,0,0,16,-9,1
22024,202691,0022400460,"Jan 01, 2025",DAL @ HOU,L,32,6,11,0.545,4,8,0.5,0,0,0.0,1,4,5,1,1,0,5,3,16,-21,1
22024,202691,0022400434,"Dec 28, 2024",DAL @ POR,L,34,5,17,0.294,2,8,0.25,0,0,0.0,0,1,1,1,1,0,1,3,12,4,1
22024,202691,0022400425,"Dec 27, 2024",DAL @ PHX,W,32,4,9,0.444,1,6,0.167,2,2,1.0,0,6,6,5,1,1,1,1,11,17,1
22024,202691,0022400406,"Dec 25, 2024",DAL vs. MIN,L,29,4,12,0.333,4,10,0.4,0,0,0.0,0,4,4,1,2,2,2,0,12,2,1
22024,202691,0022400401,"Dec 23, 2024",DAL vs. POR,W,18,5,10,0.5,3,8,0.375,0,0,0.0,0,2,2,2,2,0,1,1,13,21,1
22024,202691,0022400385,"Dec 21, 2024",DAL vs. LAC,W,24,6,9,0.667,4,6,0.667,0,0,0.0,0,1,1,1,4,0,1,4,16,14,1
22024,202691,0022400368,"Dec 19, 2024",DAL vs. LAC,L,30,9,17,0.529,2,9,0.222,2,2,1.0,1,2,3,3,2,0,4,0,22,-2,1
22024,202691,0022401228,"Dec 15, 2024",DAL @ GSW,W,29,9,14,0.643,7,11,0.636,4,5,0.8,0,5,5,4,2,1,1,3,29,21,1
22024,202691,0022401203,"Dec 10, 2024",DAL @ OKC,L,28,7,14,0.5,5,10,0.5,0,0,0.0,1,3,4,0,0,0,0,2,19,-17,1
22024,202691,0022400344,"Dec 07, 2024",DAL @ TOR,W,25,8,16,0.5,3,9,0.333,1,2,0.5,2,3,5,0,1,0,3,2,20,-4,1
22024,202691,0022400326,"Dec 05, 2024",DAL @ WAS,W,21,4,9,0.444,3,5,0.6,0,0,0.0,1,1,2,2,0,0,1,0,11,36,1
22024,202691,0022400056,"Dec 03, 2024",DAL vs. MEM,W,20,1,5,0.2,0,3,0.0,2,2,1.0,0,2,2,3,1,0,2,1,4,5,1
22024,202691,0022400273,"Nov 24, 2024",DAL @ MIA,L,31,5,12,0.417,3,5,0.6,2,3,0.667,3,3,6,1,1,2,0,2,15,12,1
22024,202691,0022400033,"Nov 22, 2024",DAL @ DEN,W,23,0,8,0.0,0,4,0.0,0,0,0.0,1,3,4,4,0,1,2,2,0,9,1
22024,202691,0022400024,"Nov 19, 2024",DAL vs. NOP,W,24,6,15,0.4,5,9,0.556,2,2,1.0,2,2,4,1,2,0,0,0,19,9,1
22024,202691,0022400242,"Nov 17, 2024",DAL @ OKC,W,25,1,11,0.091,1,8,0.125,2,2,1.0,0,3,3,0,2,1,0,0,5,-5,1
22024,202691,0022400232,"Nov 16, 2024",DAL vs. SAS,W,19,4,7,0.571,1,3,0.333,0,0,0.0,0,0,0,0,0,0,1,0,9,7,1
22024,202691,0022400228,"Nov 14, 2024",DAL @ UTA,L,28,6,17,0.353,5,13,0.385,0,0,0.0,0,3,3,2,0,1,3,0,17,4,1
22024,202691,0022400007,"Nov 12, 2024",DAL @ GSW,L,34,7,17,0.412,6,12,0.5,2,2,1.0,0,4,4,3,0,0,2,5,22,-3,1
22024,202691,0022400208,"Nov 10, 2024",DAL @ DEN,L,33,4,13,0.308,1,6,0.167,1,1,1.0,0,5,5,4,0,0,1,2,10,-4,1
22024,202691,0022400190,"Nov 08, 2024",DAL vs. PHX,L,34,4,13,0.308,1,7,0.143,3,3,1.0,0,4,4,2,0,0,1,3,12,5,1
22024,202691,0022400176,"Nov 06, 2024",DAL vs. CHI,W,25,5,10,0.5,3,7,0.429,0,0,0.0,1,5,6,1,0,0,1,1,13,27,1
22024,202691,0022400165,"Nov 04, 2024",DAL vs. IND,L,34,6,12,0.5,4,8,0.5,0,0,0.0,0,2,2,3,0,0,2,0,16,-14,1
22024,202691,0022400153,"Nov 03, 2024",DAL vs. ORL,W,29,4,10,0.4,1,5,0.2,0,0,0.0,1,4,5,4,0,2,1,0,9,19,1
22024,202691,0022400129,"Oct 31, 2024",DAL vs. HOU,L,30,5,13,0.385,2,9,0.222,0,0,0.0,0,1,1,1,1,0,0,1,12,-9,1
22024,202691,0022400114,"Oct 29, 2024",DAL @ MIN,W,30,2,7,0.286,2,7,0.286,1,1,1.0,0,0,0,1,1,0,0,1,7,1,1
22024,202691,0022400110,"Oct 28, 2024",DAL vs. UTA,W,28,7,15,0.467,4,11,0.364,0,0,0.0,1,3,4,2,0,0,1,0,18,7,1
22024,202691,0022400095,"Oct 26, 2024",DAL @ PHX,L,33,7,16,0.438,5,12,0.417,0,0,0.0,0,3,3,1,1,0,1,4,19,-1,1
22024,202691,0022400074,"Oct 24, 2024",DAL vs. SAS,W,26,7,13,0.538,6,10,0.6,2,2,1.0,3,4,7,1,3,0,0,1,22,16,1
22023,202691,0022301198,"Apr 14, 2024",GSW vs. UTA,W,20,7,13,0.538,6,12,0.5,5,5,1.0,0,3,3,3,0,1,0,0,25,0,1
22023,202691,0022301182,"Apr 12, 2024",GSW vs. NOP,L,38,6,19,0.316,3,9,0.333,4,4,1.0,2,4,6,1,1,2,2,1,19,8,1
22023,202691,0022301155,"Apr 09, 2024",GSW @ LAL,W,33,10,16,0.625,5,10,0.5,2,2,1.0,0,0,0,3,1,1,2,2,27,11,1
22023,202691,0022301142,"Apr 07, 2024",GSW vs. UTA,W,28,12,23,0.522,6,13,0.462,2,2,1.0,0,5,5,4,1,0,1,1,32,10,1
22023,202691,0022301097,"Apr 05, 2024",GSW @ DAL,L,33,7,17,0.412,2,8,0.25,0,0,0.0,1,2,3,2,3,0,2,0,16,5,1
22023,202691,0022301113,"Apr 04, 2024",GSW @ HOU,W,29,11,15,0.733,7,11,0.636,0,0,0.0,0,3,3,4,0,0,3,3,29,20,1
22023,202691,0022300589,"Apr 02, 2024",GSW vs. DAL,W,28,5,14,0.357,2,8,0.25,2,2,1.0,0,3,3,2,1,0,2,3,14,-4,1
22023,202691,0022301085,"Mar 31, 2024",GSW @ SAS,W,29,5,13,0.385,2,8,0.25,1,1,1.0,0,2,2,3,2,0,2,0,13,-3,1
22023,202691,0022301049,"Mar 27, 2024",GSW @ ORL,W,32,6,13,0.462,3,8,0.375,0,0,0.0,0,0,0,2,0,0,3,2,15,5,1
22023,202691,0022301044,"Mar 26, 2024",GSW @ MIA,W,31,11,20,0.55,6,14,0.429,0,0,0.0,1,4,5,2,0,1,1,1,28,25,1
22023,202691,0022301031,"Mar 24, 2024",GSW @ MIN,L,33,6,15,0.4,3,11,0.273,1,1,1.0,0,3,3,2,0,0,3,3,16,-6,1
22023,202691,0022301016,"Mar 22, 2024",GSW vs. IND,L,28,6,15,0.4,3,10,0.3,2,2,1.0,0,4,4,2,1,0,3,2,17,-7,1
22023,202691,0022301001,"Mar 20, 2024",GSW vs. MEM,W,25,9,18,0.5,5,11,0.455,0,0,0.0,0,0,0,2,1,0,0,0,23,13,1
22023,202691,0022300988,"Mar 18, 2024",GSW vs. NYK,L,31,6,15,0.4,5,10,0.5,1,1,1.0,1,1,2,8,2,1,0,0,18,11,1
22023,202691,0022300973,"Mar 16, 2024",GSW @ LAL,W,30,9,15,0.6,5,10,0.5,3,3,1.0,1,3,4,3,0,0,0,1,26,1,1
22023,202691,0022300952,"Mar 13, 2024",GSW @ DAL,L,27,3,13,0.231,2,7,0.286,0,0,0.0,1,3,4,0,1,1,2,0,8,-13,1
22023,202691,0022300936,"Mar 11, 2024",GSW @ SAS,W,30,8,21,0.381,4,10,0.4,1,2,0.5,1,1,2,2,1,0,1,0,21,-7,1
22023,202691,0022300921,"Mar 09, 2024",GSW vs. SAS,L,25,8,16,0.5,5,10,0.5,6,6,1.0,0,2,2,1,0,1,3,4,27,2,1
22023,202691,0022300907,"Mar 07, 2024",GSW vs. CHI,L,28,9,21,0.429,5,12,0.417,2,3,0.667,0,1,1,2,2,0,0,1,25,-11,1
22023,202691,0022300899,"Mar 06, 2024",GSW vs. MIL,W,21,4,7,0.571,2,5,0.4,0,0,0.0,0,2,2,4,0,0,0,1,10,17,1
22023,202691,0022300872,"Mar 03, 2024",GSW @ BOS,L,12,2,4,0.5,1,3,0.333,1,1,1.0,0,2,2,1,0,0,1,1,6,-20,1
22023,202691,0022300860,"Mar 01, 2024",GSW @ TOR,W,30,5,13,0.385,4,9,0.444,0,0,0.0,1,5,6,1,3,0,2,2,14,0,1
22023,202691,0022300852,"Feb 29, 2024",GSW @ NYK,W,27,6,16,0.375,4,10,0.4,0,0,0.0,1,4,5,0,0,0,2,1,16,-13,1
22023,202691,0022300834,"Feb 27, 2024",GSW @ WAS,W,27,9,16,0.563,6,11,0.545,1,1,1.0,0,3,3,4,0,0,2,2,25,4,1
22023,202691,0022300824,"Feb 25, 2024",GSW vs. DEN,L,31,7,15,0.467,5,13,0.385,4,4,1.0,0,2,2,1,0,0,2,4,23,2,1
22023,202691,0022300811,"Feb 23, 2024",GSW vs. CHA,W,21,5,11,0.455,3,8,0.375,0,0,0.0,0,2,2,0,1,0,3,0,13,2,1
22023,202691,0022300802,"Feb 22, 2024",GSW vs. LAL,W,28,1,9,0.111,1,4,0.25,0,0,0.0,0,4,4,5,1,0,0,2,3,2,1
22023,202691,0022300576,"Feb 15, 2024",GSW @ UTA,W,28,13,22,0.591,7,13,0.538,2,2,1.0,0,6,6,2,0,0,0,0,35,7,1
22023,202691,0022300789,"Feb 14, 2024",GSW vs. LAC,L,30,4,14,0.286,1,9,0.111,3,3,1.0,0,3,3,1,0,1,1,3,12,-7,1
22023,202691,0022300769,"Feb 12, 2024",GSW @ UTA,W,30,11,19,0.579,3,7,0.429,1,1,1.0,1,5,6,2,0,0,1,0,26,1,1
22023,202691,0022300757,"Feb 10, 2024",GSW vs. PHX,W,24,2,10,0.2,1,7,0.143,0,0,0.0,0,2,2,1,1,1,1,0,5,-3,1
22023,202691,0022300727,"Feb 07, 2024",GSW @ PHI,W,28,6,12,0.5,4,5,0.8,2,2,1.0,1,2,3,1,0,1,0,1,18,24,1
22023,202691,0022300717,"Feb 05, 2024",GSW @ BKN,W,30,4,9,0.444,0,3,0.0,0,0,0.0,0,6,6,3,2,0,1,1,8,-1,1
22023,202691,0022300699,"Feb 03, 2024",GSW @ ATL,L,36,4,19,0.211,2,13,0.154,0,0,0.0,0,4,4,2,3,1,1,0,10,-10,1
22023,202691,0022300693,"Feb 02, 2024",GSW @ MEM,W,27,6,15,0.4,2,9,0.222,0,0,0.0,0,2,2,0,0,1,0,0,14,5,1
22023,202691,0022300650,"Jan 27, 2024",GSW vs. LAL,L,47,9,24,0.375,6,17,0.353,0,0,0.0,0,4,4,4,2,0,2,6,24,2,1
22023,202691,0022300632,"Jan 25, 2024",GSW vs. SAC,L,31,5,14,0.357,2,7,0.286,4,4,1.0,0,1,1,1,1,1,1,5,16,-1,1
22023,202691,0022300626,"Jan 24, 2024",GSW vs. ATL,W,30,8,18,0.444,5,10,0.5,3,3,1.0,1,1,2,3,0,1,2,2,24,11,1
22023,202691,0022300560,"Jan 15, 2024",GSW @ MEM,L,34,4,10,0.4,1,4,0.25,0,0,0.0,0,0,0,3,0,0,0,1,9,-22,1
22023,202691,0022300545,"Jan 13, 2024",GSW @ MIL,L,36,7,23,0.304,6,17,0.353,1,1,1.0,2,1,3,3,0,0,2,2,21,-8,1
22023,202691,0022300536,"Jan 12, 2024",GSW @ CHI,W,34,9,19,0.474,7,15,0.467,5,6,0.833,2,4,6,6,1,1,1,1,30,10,1
22023,202691,0022300525,"Jan 10, 2024",GSW vs. NOP,L,24,5,10,0.5,3,7,0.429,0,0,0.0,1,3,4,2,0,1,3,1,13,-17,1
22023,202691,0022300504,"Jan 07, 2024",GSW vs. TOR,L,28,10,15,0.667,5,7,0.714,0,0,0.0,0,0,0,3,0,0,2,0,25,-16,1
22023,202691,0022300490,"Jan 05, 2024",GSW vs. DET,W,35,6,18,0.333,3,9,0.333,4,4,1.0,1,2,3,4,1,2,2,2,19,14,1
22023,202691,0022300478,"Jan 04, 2024",GSW vs. DEN,L,35,9,18,0.5,4,10,0.4,2,2,1.0,0,3,3,3,1,1,0,2,24,-9,1
22023,202691,0022300463,"Jan 02, 2024",GSW vs. ORL,W,25,6,11,0.545,3,8,0.375,0,0,0.0,0,3,3,2,0,1,1,4,15,4,1
22023,202691,0022300444,"Dec 30, 2023",GSW vs. DAL,L,26,1,11,0.091,1,6,0.167,0,0,0.0,0,2,2,1,0,0,1,0,3,-7,1
22023,202691,0022300426,"Dec 28, 2023",GSW vs. MIA,L,25,4,11,0.364,2,6,0.333,3,4,0.75,0,0,0,5,2,0,0,2,13,-26,1
22023,202691,0022300402,"Dec 25, 2023",GSW @ DEN,L,32,3,12,0.25,3,10,0.3,0,0,0.0,0,6,6,1,1,1,3,1,9,-2,1
22023,202691,0022300399,"Dec 23, 2023",GSW vs. POR,W,31,11,16,0.688,6,10,0.6,0,0,0.0,1,2,3,0,0,0,3,1,28,14,1
22023,202691,0022300386,"Dec 22, 2023",GSW vs. WAS,W,27,8,17,0.471,4,10,0.4,0,0,0.0,0,3,3,2,0,0,2,0,20,7,1
22023,202691,0022300362,"Dec 19, 2023",GSW vs. BOS,W,40,9,21,0.429,6,15,0.4,0,0,0.0,0,4,4,4,1,1,1,0,24,7,1
22023,202691,0022300348,"Dec 17, 2023",GSW @ POR,W,29,11,16,0.688,5,10,0.5,1,1,1.0,0,4,4,1,1,0,1,3,28,-5,1
22023,202691,0022300339,"Dec 16, 2023",GSW vs. BKN,W,34,7,19,0.368,4,9,0.444,6,6,1.0,2,3,5,3,1,0,0,2,24,6,1
22023,202691,0022300325,"Dec 14, 2023",GSW @ LAC,L,32,9,15,0.6,8,12,0.667,4,4,1.0,0,1,1,5,2,0,0,1,30,-12,1
22023,202691,0022300308,"Dec 12, 2023",GSW @ PHX,L,27,2,10,0.2,1,8,0.125,2,2,1.0,0,5,5,0,0,0,1,1,7,4,1
22023,202691,0022301222,"Dec 08, 2023",GSW @ OKC,L,39,8,15,0.533,4,9,0.444,2,2,1.0,1,3,4,0,0,1,4,4,22,11,1
22023,202691,0022301214,"Dec 06, 2023",GSW vs. POR,W,27,3,13,0.231,1,8,0.125,4,4,1.0,0,5,5,1,0,0,0,0,11,-6,1
22023,202691,0022300280,"Dec 02, 2023",GSW @ LAC,L,33,5,13,0.385,4,11,0.364,3,4,0.75,1,5,6,2,1,0,2,3,17,-2,1
22023,202691,0022300273,"Nov 30, 2023",GSW vs. LAC,W,34,8,18,0.444,2,7,0.286,4,4,1.0,2,4,6,2,0,1,2,2,22,8,1
22023,202691,0022300060,"Nov 28, 2023",GSW @ SAC,L,36,6,14,0.429,3,9,0.333,5,6,0.833,0,9,9,2,1,2,3,2,20,-5,1
22023,202691,0022300051,"Nov 24, 2023",GSW vs. SAS,W,29,3,11,0.273,3,8,0.375,6,7,0.857,1,2,3,6,1,0,2,3,15,7,1
22023,202691,0022300236,"Nov 22, 2023",GSW @ PHX,L,25,8,17,0.471,6,10,0.6,1,1,1.0,1,2,3,1,0,1,2,3,23,-24,1
22023,202691,0022300224,"Nov 20, 2023",GSW vs. HOU,W,31,7,16,0.438,5,11,0.455,1,1,1.0,0,3,3,3,0,0,1,1,20,-3,1
22023,202691,0022300207,"Nov 18, 2023",GSW vs. OKC,L,37,5,13,0.385,3,9,0.333,3,3,1.0,0,2,2,4,0,1,4,4,16,4,1
22023,202691,0022300201,"Nov 16, 2023",GSW vs. OKC,L,27,1,10,0.1,1,6,0.167,2,2,1.0,0,2,2,3,1,0,2,1,5,-2,1
22023,202691,0022300025,"Nov 14, 2023",GSW vs. MIN,L,2,0,1,0.0,0,1,0.0,0,0,0.0,0,0,0,0,0,0,0,0,0,-2,1
22023,202691,0022300186,"Nov 12, 2023",GSW vs. MIN,L,33,5,16,0.313,3,10,0.3,3,3,1.0,0,5,5,3,1,0,1,1,16,4,1
22023,202691,0022300176,"Nov 11, 2023",GSW vs. CLE,L,28,5,16,0.313,2,5,0.4,2,2,1.0,1,4,5,1,0,1,3,3,14,-7,1
22023,202691,0022300169,"Nov 08, 2023",GSW @ DEN,L,32,5,12,0.417,2,8,0.25,3,6,0.5,0,6,6,1,1,0,2,1,15,-13,1
22023,202691,0022300145,"Nov 06, 2023",GSW @ DET,W,28,8,16,0.5,1,8,0.125,0,0,0.0,1,0,1,3,0,0,2,1,17,1,1
22023,202691,0022300142,"Nov 05, 2023",GSW @ CLE,L,32,5,14,0.357,3,9,0.333,2,2,1.0,2,1,3,2,1,0,2,2,15,-12,1
22023,202691,0022300005,"Nov 03, 2023",GSW @ OKC,W,33,6,10,0.6,4,6,0.667,2,2,1.0,0,3,3,1,0,0,1,4,18,0,1
22023,202691,0022300126,"Nov 01, 2023",GSW vs. SAC,W,29,6,15,0.4,1,4,0.25,1,1,1.0,1,1,2,2,0,3,2,3,14,10,1
22023,202691,0022300096,"Oct 29, 2023",GSW @ HOU,W,29,7,12,0.583,5,10,0.5,0,0,0.0,1,3,4,0,0,1,1,3,19,-2,1
22023,202691,0022300087,"Oct 27, 2023",GSW @ SAC,W,33,7,12,0.583,2,4,0.5,2,2,1.0,0,3,3,4,1,0,3,4,18,4,1
22023,202691,0022300062,"Oct 24, 2023",GSW vs. PHX,L,36,6,18,0.333,3,11,0.273,0,0,0.0,1,6,7,3,0,1,3,3,15,9,1
22022,202691,0022201230,"Apr 09, 2023",GSW @ POR,W,22,7,14,0.5,6,11,0.545,0,0,0.0,0,5,5,1,0,0,3,2,20,24,1
22022,202691,0022201211,"Apr 07, 2023",GSW @ SAC,W,35,11,19,0.579,5,8,0.625,2,2,1.0,0,2,2,2,0,2,2,1,29,28,1
22022,202691,0022201175,"Apr 02, 2023",GSW @ DEN,L,39,9,28,0.321,5,16,0.313,2,2,1.0,1,4,5,4,1,0,1,3,25,0,1
22022,202691,0022201158,"Mar 31, 2023",GSW vs. SAS,W,34,11,18,0.611,7,14,0.5,2,2,1.0,0,2,2,2,1,0,1,1,31,10,1
22022,202691,0022201135,"Mar 28, 2023",GSW vs. NOP,W,34,6,16,0.375,5,11,0.455,0,0,0.0,0,2,2,1,2,1,1,3,17,9,1
22022,202691,0022201121,"Mar 26, 2023",GSW vs. MIN,L,35,5,17,0.294,5,11,0.455,0,0,0.0,0,4,4,2,1,0,3,3,15,13,1
22022,202691,0022201103,"Mar 24, 2023",GSW vs. PHI,W,36,7,17,0.412,6,13,0.462,1,2,0.5,0,6,6,2,0,0,2,1,21,0,1
22022,202691,0022201086,"Mar 22, 2023",GSW @ DAL,W,35,4,9,0.444,1,4,0.25,0,0,0.0,0,5,5,1,0,1,0,3,9,-3,1
22022,202691,0022201074,"Mar 20, 2023",GSW @ HOU,W,37,11,21,0.524,5,13,0.385,2,2,1.0,0,7,7,1,1,1,2,0,29,13,1
22022,202691,0022201061,"Mar 18, 2023",GSW @ MEM,L,32,6,17,0.353,2,9,0.222,0,0,0.0,0,1,1,0,0,1,1,1,14,-30,1
22022,202691,0022201048,"Mar 17, 2023",GSW @ ATL,L,35,6,14,0.429,2,7,0.286,1,1,1.0,0,11,11,5,3,2,6,0,15,-8,1
22022,202691,0022201041,"Mar 15, 2023",GSW @ LAC,L,37,6,16,0.375,3,8,0.375,0,0,0.0,0,3,3,2,0,1,1,2,15,0,1
22022,202691,0022201025,"Mar 13, 2023",GSW vs. PHX,W,34,14,23,0.609,8,14,0.571,2,5,0.4,1,4,5,0,1,1,1,0,38,4,1
22022,202691,0022201012,"Mar 11, 2023",GSW vs. MIL,W,33,8,16,0.5,4,9,0.444,2,2,1.0,1,2,3,3,1,0,2,4,22,11,1
22022,202691,0022200996,"Mar 09, 2023",GSW @ MEM,L,28,6,14,0.429,2,7,0.286,0,0,0.0,1,3,4,1,1,0,1,3,14,-19,1
22022,202691,0022200982,"Mar 07, 2023",GSW @ OKC,L,40,9,17,0.529,5,13,0.385,0,0,0.0,1,3,4,2,1,1,2,1,23,-10,1
22022,202691,0022200964,"Mar 05, 2023",GSW @ LAL,L,32,8,18,0.444,4,10,0.4,2,2,1.0,1,4,5,3,0,1,3,1,22,-27,1
22022,202691,0022200953,"Mar 03, 2023",GSW vs. NOP,W,34,10,17,0.588,4,9,0.444,3,4,0.75,0,1,1,4,1,0,1,0,27,4,1
22022,202691,0022200945,"Mar 02, 2023",GSW vs. LAC,W,30,7,16,0.438,3,8,0.375,2,2,1.0,0,11,11,4,2,1,1,2,19,16,1
22022,202691,0022200931,"Feb 28, 2023",GSW vs. POR,W,35,8,21,0.381,3,7,0.429,4,4,1.0,1,7,8,4,1,0,6,1,23,7,1
22022,202691,0022200916,"Feb 26, 2023",GSW vs. MIN,W,33,12,23,0.522,6,14,0.429,2,2,1.0,0,5,5,4,0,0,3,3,32,2,1
22022,202691,0022200901,"Feb 24, 2023",GSW vs. HOU,W,36,12,19,0.632,12,17,0.706,6,6,1.0,0,7,7,1,0,0,2,0,42,32,1
22022,202691,0022200893,"Feb 23, 2023",GSW @ LAL,L,27,8,19,0.421,4,11,0.364,2,2,1.0,1,1,2,0,2,0,1,1,22,-10,1
22022,202691,0022200871,"Feb 14, 2023",GSW @ LAC,L,28,7,14,0.5,4,7,0.571,0,1,0.0,0,2,2,2,0,0,1,0,18,-9,1
22022,202691,0022200866,"Feb 13, 2023",GSW vs. WAS,W,36,10,21,0.476,4,13,0.308,3,4,0.75,2,2,4,5,1,0,2,2,27,2,1
22022,202691,0022200853,"Feb 11, 2023",GSW vs. LAL,L,36,5,21,0.238,3,13,0.231,2,3,0.667,0,3,3,3,1,0,0,2,15,-9,1
22022,202691,0022200830,"Feb 08, 2023",GSW @ POR,L,38,12,28,0.429,7,19,0.368,0,0,0.0,0,3,3,5,2,0,1,3,31,-6,1
22022,202691,0022200814,"Feb 06, 2023",GSW vs. OKC,W,33,15,22,0.682,12,16,0.75,0,0,0.0,0,3,3,1,0,0,4,1,42,10,1
22022,202691,0022200800,"Feb 04, 2023",GSW vs. DAL,W,31,4,11,0.364,2,6,0.333,4,4,1.0,0,2,2,3,0,0,2,1,14,3,1
22022,202691,0022200774,"Feb 01, 2023",GSW @ MIN,L,40,3,13,0.231,2,7,0.286,6,6,1.0,1,5,6,0,1,0,2,1,14,2,1
22022,202691,0022200759,"Jan 30, 2023",GSW @ OKC,W,37,10,21,0.476,6,14,0.429,2,2,1.0,0,7,7,3,1,0,2,2,28,4,1
22022,202691,0022200740,"Jan 27, 2023",GSW vs. TOR,W,38,11,24,0.458,6,14,0.429,1,1,1.0,1,7,8,1,1,0,1,1,29,6,1
22022,202691,0022200726,"Jan 25, 2023",GSW vs. MEM,W,34,9,23,0.391,5,10,0.5,1,2,0.5,2,1,3,3,1,0,2,3,24,6,1
22022,202691,0022200704,"Jan 22, 2023",GSW vs. BKN,L,34,4,17,0.235,0,7,0.0,2,2,1.0,0,2,2,1,0,0,0,4,10,-21,1
22022,202691,0022200679,"Jan 19, 2023",GSW @ BOS,L,36,8,16,0.5,4,8,0.5,4,4,1.0,0,2,2,1,2,1,3,6,24,2,1
22022,202691,0022200650,"Jan 15, 2023",GSW @ CHI,L,33,9,21,0.429,8,15,0.533,0,0,0.0,1,3,4,4,0,0,1,0,26,-16,1
22022,202691,0022200635,"Jan 13, 2023",GSW @ SAS,W,23,7,10,0.7,2,3,0.667,0,0,0.0,0,3,3,4,0,0,1,3,16,19,1
22022,202691,0022200615,"Jan 10, 2023",GSW vs. PHX,L,35,10,24,0.417,6,14,0.429,3,4,0.75,4,1,5,0,1,0,3,3,29,-11,1
22022,202691,0022200573,"Jan 04, 2023",GSW vs. DET,L,34,11,23,0.478,3,10,0.3,5,5,1.0,0,2,2,3,0,1,0,3,30,0,1
22022,202691,0022200558,"Jan 02, 2023",GSW vs. ATL,W,46,21,39,0.538,10,21,0.476,2,2,1.0,2,6,8,3,0,1,3,4,54,13,1
22022,202691,0022200536,"Dec 30, 2022",GSW vs. POR,W,37,11,22,0.5,7,15,0.467,2,2,1.0,1,3,4,2,0,0,0,1,31,8,1
22022,202691,0022200513,"Dec 27, 2022",GSW vs. CHA,W,39,10,22,0.455,5,12,0.417,4,5,0.8,0,5,5,4,0,1,3,1,29,11,1
22022,202691,0022200496,"Dec 25, 2022",GSW vs. MEM,W,40,8,25,0.32,3,12,0.25,5,5,1.0,4,5,9,4,0,0,0,3,24,14,1
22022,202691,0022200463,"Dec 20, 2022",GSW @ NYK,L,26,5,12,0.417,1,5,0.2,0,0,0.0,0,4,4,2,0,0,5,2,11,-28,1
22022,202691,0022200448,"Dec 18, 2022",GSW @ TOR,W,35,6,14,0.429,3,9,0.333,2,2,1.0,0,7,7,4,1,0,1,2,17,14,1
22022,202691,0022200432,"Dec 16, 2022",GSW @ PHI,L,35,4,17,0.235,3,8,0.375,1,1,1.0,0,3,3,0,3,1,4,3,12,-9,1
22022,202691,0022200410,"Dec 13, 2022",GSW @ MIL,L,27,6,16,0.375,2,7,0.286,0,0,0.0,1,0,1,2,0,0,1,1,14,-21,1
22022,202691,0022200392,"Dec 10, 2022",GSW vs. BOS,W,36,14,26,0.538,4,11,0.364,2,2,1.0,2,3,5,2,2,1,1,5,34,9,1
22022,202691,0022200372,"Dec 07, 2022",GSW @ UTA,L,36,8,25,0.32,4,11,0.364,2,2,1.0,0,2,2,3,1,3,2,2,22,-7,1
22022,202691,0022200359,"Dec 05, 2022",GSW vs. IND,L,37,9,23,0.391,8,16,0.5,2,2,1.0,2,0,2,4,0,1,0,1,28,1,1
22022,202691,0022200336,"Dec 02, 2022",GSW vs. CHI,W,37,9,21,0.429,3,13,0.231,5,5,1.0,1,4,5,6,0,0,1,2,26,11,1
22022,202691,0022200310,"Nov 29, 2022",GSW @ DAL,L,31,2,9,0.222,1,6,0.167,0,0,0.0,0,7,7,2,0,0,1,1,5,-21,1
22022,202691,0022200291,"Nov 27, 2022",GSW @ MIN,W,30,8,13,0.615,5,8,0.625,0,0,0.0,0,2,2,2,2,1,1,2,21,31,1
22022,202691,0022200284,"Nov 25, 2022",GSW vs. UTA,W,35,7,16,0.438,6,12,0.5,0,0,0.0,1,5,6,1,0,0,1,1,20,9,1
22022,202691,0022200271,"Nov 23, 2022",GSW vs. LAC,W,27,5,10,0.5,3,7,0.429,5,6,0.833,0,0,0,0,2,0,4,1,18,11,1
22022,202691,0022200245,"Nov 20, 2022",GSW @ HOU,W,36,14,23,0.609,10,13,0.769,3,4,0.75,2,2,4,3,2,0,2,1,41,14,1
22022,202691,0022200233,"Nov 18, 2022",GSW vs. NYK,W,31,8,16,0.5,4,10,0.4,0,0,0.0,1,2,3,2,0,0,1,2,20,18,1
22022,202691,0022200220,"Nov 16, 2022",GSW @ PHX,L,30,6,17,0.353,3,9,0.333,4,4,1.0,0,5,5,2,0,0,3,5,19,-8,1
22022,202691,0022200197,"Nov 13, 2022",GSW @ SAC,L,32,6,16,0.375,5,13,0.385,0,0,0.0,0,7,7,3,1,1,2,1,17,-1,1
22022,202691,0022200182,"Nov 11, 2022",GSW vs. CLE,W,29,3,13,0.231,2,7,0.286,1,2,0.5,1,4,5,1,1,0,1,2,9,3,1
22022,202691,0022200156,"Nov 07, 2022",GSW vs. SAC,W,38,6,18,0.333,3,10,0.3,1,2,0.5,0,2,2,3,1,2,3,4,16,10,1
22022,202691,0022200118,"Nov 03, 2022",GSW @ ORL,L,34,10,24,0.417,7,15,0.467,0,0,0.0,1,3,4,3,1,0,0,2,27,13,1
22022,202691,0022200104,"Nov 01, 2022",GSW @ MIA,L,31,7,19,0.368,4,12,0.333,1,1,1.0,0,3,3,2,1,1,4,1,19,6,1
22022,202691,0022200082,"Oct 29, 2022",GSW @ CHA,L,32,5,14,0.357,1,7,0.143,0,0,0.0,0,4,4,3,0,0,0,1,11,-16,1
22022,202691,0022200068,"Oct 27, 2022",GSW vs. MIA,W,29,6,19,0.316,5,14,0.357,2,2,1.0,0,2,2,1,0,0,1,1,19,7,1
22022,202691,0022200055,"Oct 25, 2022",GSW @ PHX,L,19,1,8,0.125,0,5,0.0,0,0,0.0,0,0,0,2,0,1,0,3,2,-12,1
22022,202691,0022200042,"Oct 23, 2022",GSW vs. SAC,W,27,3,10,0.3,2,7,0.286,0,0,0.0,0,4,4,3,0,0,1,1,8,15,1
22022,202691,0022200026,"Oct 21, 2022",GSW vs. DEN,L,24,6,14,0.429,4,10,0.4,0,0,0.0,1,3,4,3,0,0,4,0,16,9,1
22022,202691,0022200002,"Oct 18, 2022",GSW vs. LAL,W,20,6,13,0.462,2,6,0.333,4,5,0.8,0,2,2,3,1,0,2,3,18,11,1
22021,202691,0022101225,"Apr 10, 2022",GSW @ NOP,W,31,16,29,0.552,7,14,0.5,2,3,0.667,0,3,3,2,0,0,3,2,41,25,1
22021,202691,0022101202,"Apr 07, 2022",GSW vs. LAL,W,33,12,22,0.545,6,10,0.6,3,3,1.0,1,3,4,4,0,0,1,2,33,5,1
22021,202691,0022101165,"Apr 02, 2022",GSW vs. UTA,W,39,14,28,0.5,8,17,0.471,0,0,0.0,0,5,5,2,0,0,1,3,36,2,1
22021,202691,0022101145,"Mar 30, 2022",GSW vs. PHX,L,34,5,21,0.238,1,10,0.1,2,2,1.0,0,1,1,4,0,0,3,4,13,-5,1
22021,202691,0022101117,"Mar 27, 2022",GSW @ WAS,L,37,10,22,0.455,5,13,0.385,0,0,0.0,0,5,5,3,0,0,0,1,25,-7,1
22021,202691,0022101102,"Mar 25, 2022",GSW @ ATL,L,40,14,26,0.538,9,16,0.563,0,0,0.0,1,6,7,3,0,1,2,1,37,-11,1
22021,202691,0022101080,"Mar 22, 2022",GSW @ ORL,L,32,6,15,0.4,2,7,0.286,1,1,1.0,0,2,2,3,2,0,1,3,15,0,1
22021,202691,0022101070,"Mar 20, 2022",GSW vs. SAS,L,38,9,22,0.409,6,12,0.5,0,0,0.0,1,2,3,0,1,0,0,3,24,-13,1
22021,202691,0022101042,"Mar 16, 2022",GSW vs. BOS,L,33,8,24,0.333,1,11,0.091,1,2,0.5,2,1,3,1,0,0,1,1,18,-30,1
22021,202691,0022101025,"Mar 14, 2022",GSW vs. WAS,W,33,7,19,0.368,4,12,0.333,2,2,1.0,0,4,4,1,0,0,1,1,20,0,1
22021,202691,0022101008,"Mar 12, 2022",GSW vs. MIL,W,34,15,24,0.625,8,14,0.571,0,0,0.0,0,6,6,5,1,1,2,2,38,27,1
22021,202691,0022100994,"Mar 10, 2022",GSW @ DEN,W,33,7,20,0.35,2,8,0.25,2,3,0.667,1,2,3,2,1,2,0,1,18,9,1
22021,202691,0022100980,"Mar 08, 2022",GSW vs. LAC,W,34,9,23,0.391,2,9,0.222,0,0,0.0,1,4,5,1,0,2,0,1,20,6,1
22021,202691,0022100959,"Mar 05, 2022",GSW @ LAL,L,31,3,13,0.231,1,5,0.2,0,0,0.0,1,5,6,4,1,3,4,3,7,-5,1
22021,202691,0022100943,"Mar 03, 2022",GSW @ DAL,L,28,6,17,0.353,2,8,0.25,2,2,1.0,0,3,3,2,0,1,2,2,16,-10,1
22021,202691,0022100894,"Feb 24, 2022",GSW @ POR,W,25,6,11,0.545,4,7,0.571,2,2,1.0,1,4,5,2,0,0,0,0,18,11,1
22021,202691,0022100883,"Feb 16, 2022",GSW vs. DEN,L,31,5,15,0.333,3,10,0.3,3,4,0.75,0,4,4,4,1,0,0,2,16,0,1
22021,202691,0022100866,"Feb 14, 2022",GSW @ LAC,L,27,3,14,0.214,1,5,0.2,0,0,0.0,0,4,4,4,1,0,1,1,7,-23,1
22021,202691,0022100854,"Feb 12, 2022",GSW vs. LAL,W,30,12,22,0.545,5,9,0.556,4,5,0.8,0,5,5,0,0,0,1,3,33,9,1
22021,202691,0022100837,"Feb 10, 2022",GSW vs. NYK,L,30,7,17,0.412,3,9,0.333,0,0,0.0,0,7,7,5,0,1,1,1,17,1,1
22021,202691,0022100813,"Feb 07, 2022",GSW @ OKC,W,29,6,15,0.4,3,8,0.375,6,6,1.0,0,2,2,2,2,1,0,2,21,0,1
22021,202691,0022100785,"Feb 03, 2022",GSW vs. SAC,W,24,8,11,0.727,7,9,0.778,0,0,0.0,0,5,5,7,0,0,2,3,23,20,1
22021,202691,0022100764,"Jan 31, 2022",GSW @ HOU,W,26,6,15,0.4,1,8,0.125,1,1,1.0,0,3,3,3,1,1,1,2,14,7,1
22021,202691,0022100750,"Jan 29, 2022",GSW vs. BKN,W,27,5,14,0.357,2,8,0.25,4,4,1.0,2,4,6,2,1,1,0,1,16,-3,1
22021,202691,0022100734,"Jan 27, 2022",GSW vs. MIN,W,27,9,16,0.563,5,9,0.556,0,0,0.0,1,4,5,4,0,1,4,1,23,4,1
22021,202691,0022100720,"Jan 25, 2022",GSW vs. DAL,W,26,6,12,0.5,3,5,0.6,0,0,0.0,0,2,2,6,0,0,1,0,15,26,1
22021,202691,0022100683,"Jan 20, 2022",GSW vs. IND,L,23,6,17,0.353,0,7,0.0,0,0,0.0,1,1,2,1,0,0,2,1,12,-4,1
22021,202691,0022100667,"Jan 18, 2022",GSW vs. DET,W,22,6,13,0.462,3,8,0.375,6,6,1.0,0,3,3,4,2,0,1,1,21,16,1
22021,202691,0022100652,"Jan 16, 2022",GSW @ MIN,L,23,5,14,0.357,3,8,0.375,0,0,0.0,0,4,4,2,1,0,2,1,13,0,1
22021,202691,0022100627,"Jan 13, 2022",GSW @ MIL,L,21,3,11,0.273,2,7,0.286,3,3,1.0,1,1,2,1,1,0,1,1,11,-8,1
22021,202691,0022100614,"Jan 11, 2022",GSW @ MEM,L,20,5,13,0.385,2,5,0.4,2,2,1.0,0,3,3,3,0,1,3,1,14,17,1
22021,202691,0022100604,"Jan 09, 2022",GSW vs. CLE,W,20,7,18,0.389,3,8,0.375,0,0,0.0,1,2,3,1,0,1,2,3,17,-2,1
22018,202691,0021801225,"Apr 10, 2019",GSW @ MEM,L,17,8,12,0.667,3,5,0.6,0,0,0.0,0,1,1,3,1,1,0,0,19,-12,1
22018,202691,0021801205,"Apr 07, 2019",GSW vs. LAC,W,32,5,11,0.455,2,5,0.4,0,0,0.0,0,1,1,0,1,0,1,1,12,12,1
22018,202691,0021801191,"Apr 05, 2019",GSW vs. CLE,W,36,5,15,0.333,1,7,0.143,0,0,0.0,0,4,4,3,0,1,1,1,11,11,1
22018,202691,0021801179,"Apr 04, 2019",GSW @ LAL,W,29,3,11,0.273,3,7,0.429,2,2,1.0,0,4,4,3,0,1,0,1,11,24,1
22018,202691,0021801164,"Apr 02, 2019",GSW vs. DEN,W,29,6,15,0.4,1,7,0.143,0,0,0.0,0,4,4,1,1,0,2,0,13,10,1
22018,202691,0021801150,"Mar 31, 2019",GSW vs. CHA,W,27,9,16,0.563,6,9,0.667,0,0,0.0,0,1,1,0,0,0,2,0,24,29,1
22018,202691,0021801132,"Mar 29, 2019",GSW @ MIN,L,41,8,18,0.444,3,6,0.5,1,2,0.5,0,2,2,5,0,0,3,4,20,7,1
22018,202691,0021801118,"Mar 27, 2019",GSW @ MEM,W,35,5,12,0.417,3,7,0.429,0,0,0.0,1,0,1,2,0,0,0,4,13,28,1
22018,202691,0021801101,"Mar 24, 2019",GSW vs. DET,W,37,10,17,0.588,4,6,0.667,0,0,0.0,0,2,2,2,0,0,1,2,24,-4,1
22018,202691,0021801092,"Mar 23, 2019",GSW vs. DAL,L,27,4,13,0.308,0,4,0.0,0,0,0.0,0,2,2,0,1,0,0,3,8,-39,1
22018,202691,0021801079,"Mar 21, 2019",GSW vs. IND,W,29,7,18,0.389,1,6,0.167,3,3,1.0,1,7,8,4,1,1,0,0,18,26,1
22018,202691,0021801062,"Mar 19, 2019",GSW @ MIN,W,38,11,21,0.524,4,10,0.4,2,4,0.5,0,3,3,4,1,1,3,2,28,-4,1
22018,202691,0021801055,"Mar 18, 2019",GSW @ SAS,L,38,5,18,0.278,4,9,0.444,0,0,0.0,0,5,5,5,1,1,3,1,14,-10,1
22018,202691,0021801038,"Mar 16, 2019",GSW @ OKC,W,34,9,21,0.429,3,8,0.375,2,2,1.0,2,6,8,4,3,1,1,1,23,22,1
22018,202691,0021801018,"Mar 13, 2019",GSW @ HOU,W,36,12,23,0.522,5,10,0.5,1,1,1.0,1,5,6,2,0,0,0,3,30,-3,1
22018,202691,0021801000,"Mar 10, 2019",GSW vs. PHX,L,36,10,22,0.455,4,15,0.267,4,4,1.0,2,3,5,5,3,1,7,3,28,-10,1
22018,202691,0021800984,"Mar 08, 2019",GSW vs. DEN,W,35,13,22,0.591,9,11,0.818,4,5,0.8,1,2,3,4,2,1,1,3,39,30,1
22018,202691,0021800923,"Feb 28, 2019",GSW @ ORL,L,36,9,23,0.391,3,12,0.25,0,0,0.0,1,2,3,0,0,0,0,1,21,-8,1
22018,202691,0021800915,"Feb 27, 2019",GSW @ MIA,L,37,14,23,0.609,7,15,0.467,1,1,1.0,0,2,2,1,3,0,0,1,36,12,1
22018,202691,0021800897,"Feb 25, 2019",GSW @ CHA,W,37,11,19,0.579,3,5,0.6,1,2,0.5,2,0,2,5,0,0,2,3,26,19,1
22018,202691,0021800892,"Feb 23, 2019",GSW vs. HOU,L,38,7,17,0.412,3,7,0.429,3,3,1.0,1,3,4,6,2,0,0,1,20,-7,1
22018,202691,0021800871,"Feb 21, 2019",GSW vs. SAC,W,37,6,16,0.375,3,9,0.333,3,3,1.0,1,4,5,4,1,0,2,2,18,-4,1
22018,202691,0021800862,"Feb 13, 2019",GSW @ POR,L,32,2,16,0.125,2,7,0.286,3,3,1.0,1,3,4,8,0,0,1,2,9,-12,1
22018,202691,0021800852,"Feb 12, 2019",GSW vs. UTA,W,32,9,14,0.643,3,5,0.6,1,2,0.5,0,4,4,1,0,2,1,4,22,8,1
22018,202691,0021800838,"Feb 10, 2019",GSW vs. MIA,W,38,11,21,0.524,6,13,0.462,1,1,1.0,1,2,3,2,0,0,0,1,29,-12,1
22018,202691,0021800822,"Feb 08, 2019",GSW @ PHX,W,36,9,17,0.529,4,5,0.8,3,4,0.75,0,6,6,2,1,3,2,2,25,2,1
22018,202691,0021800810,"Feb 06, 2019",GSW vs. SAS,W,29,11,13,0.846,4,5,0.8,0,0,0.0,1,0,1,6,3,1,1,1,26,27,1
22018,202691,0021800782,"Feb 02, 2019",GSW vs. LAL,W,36,10,15,0.667,4,7,0.571,4,4,1.0,0,5,5,2,0,0,3,2,28,11,1
22018,202691,0021800745,"Jan 28, 2019",GSW @ IND,W,31,7,16,0.438,2,6,0.333,0,1,0.0,0,2,2,2,1,0,1,2,16,18,1
22018,202691,0021800732,"Jan 26, 2019",GSW @ BOS,W,35,8,16,0.5,3,8,0.375,2,2,1.0,0,3,3,2,0,0,2,3,21,-12,1
22018,202691,0021800716,"Jan 24, 2019",GSW @ WAS,W,36,4,13,0.308,1,4,0.25,0,0,0.0,0,1,1,5,0,0,0,3,9,2,1
22018,202691,0021800701,"Jan 21, 2019",GSW @ LAL,W,27,17,20,0.85,10,11,0.909,0,0,0.0,0,3,3,2,0,1,2,2,44,29,1
22018,202691,0021800676,"Jan 18, 2019",GSW @ LAC,W,34,5,12,0.417,0,4,0.0,2,2,1.0,0,4,4,2,2,1,1,2,12,21,1
22018,202691,0021800663,"Jan 16, 2019",GSW vs. NOP,W,36,7,17,0.412,4,8,0.5,1,1,1.0,0,7,7,3,1,0,3,5,19,-5,1
22018,202691,0021800655,"Jan 15, 2019",GSW @ DEN,W,25,13,19,0.684,5,8,0.625,0,0,0.0,1,2,3,1,3,0,1,3,31,16,1
22018,202691,0021800642,"Jan 13, 2019",GSW @ DAL,W,34,7,20,0.35,2,11,0.182,0,0,0.0,1,3,4,1,0,0,0,2,16,4,1
22018,202691,0021800629,"Jan 11, 2019",GSW vs. CHI,W,25,10,18,0.556,7,11,0.636,3,4,0.75,0,2,2,1,2,0,0,2,30,30,1
22018,202691,0021800605,"Jan 08, 2019",GSW vs. NYK,W,34,18,29,0.621,7,16,0.438,0,0,0.0,1,1,2,0,2,2,1,1,43,31,1
22018,202691,0021800583,"Jan 05, 2019",GSW @ SAC,W,40,8,15,0.533,3,6,0.5,1,2,0.5,2,2,4,2,1,1,1,2,20,10,1
22018,202691,0021800565,"Jan 03, 2019",GSW vs. HOU,L,43,11,20,0.55,4,8,0.5,0,0,0.0,0,5,5,4,3,2,1,3,26,-3,1
22018,202691,0021800548,"Dec 31, 2018",GSW @ PHX,W,25,5,13,0.385,2,4,0.5,3,4,0.75,3,2,5,1,1,0,1,5,15,-1,1
22018,202691,0021800534,"Dec 29, 2018",GSW @ POR,W,34,12,21,0.571,4,5,0.8,4,4,1.0,0,4,4,1,1,0,0,1,32,1,1
22018,202691,0021800516,"Dec 27, 2018",GSW vs. POR,L,39,6,19,0.316,2,9,0.222,1,4,0.25,1,7,8,2,3,1,1,2,15,5,1
22018,202691,0021800500,"Dec 25, 2018",GSW vs. LAL,L,33,2,7,0.286,1,3,0.333,0,0,0.0,0,2,2,3,0,0,2,2,5,-13,1
22018,202691,0021800494,"Dec 23, 2018",GSW vs. LAC,W,36,4,15,0.267,2,6,0.333,2,2,1.0,0,0,0,2,0,2,0,4,12,4,1
22018,202691,0021800484,"Dec 22, 2018",GSW vs. DAL,W,33,6,15,0.4,0,5,0.0,2,2,1.0,0,5,5,4,2,1,2,2,14,-12,1
22018,202691,0021800464,"Dec 19, 2018",GSW @ UTA,L,37,3,12,0.25,0,4,0.0,6,6,1.0,1,5,6,3,3,1,1,4,12,-6,1
22018,202691,0021800449,"Dec 17, 2018",GSW vs. MEM,W,32,6,11,0.545,1,4,0.25,3,4,0.75,1,4,5,3,3,1,0,1,16,13,1
22018,202691,0021800428,"Dec 14, 2018",GSW @ SAC,W,38,10,27,0.37,4,12,0.333,3,4,0.75,1,8,9,3,1,0,0,2,27,8,1
22018,202691,0021800415,"Dec 12, 2018",GSW vs. TOR,L,34,7,17,0.412,0,5,0.0,0,0,0.0,0,3,3,2,1,0,0,1,14,-20,1
22018,202691,0021800400,"Dec 10, 2018",GSW vs. MIN,W,37,8,22,0.364,4,7,0.571,6,6,1.0,0,2,2,1,1,1,4,0,26,7,1
22018,202691,0021800377,"Dec 07, 2018",GSW @ MIL,W,35,8,16,0.5,4,9,0.444,0,0,0.0,0,5,5,6,4,2,3,2,20,2,1
22018,202691,0021800355,"Dec 05, 2018",GSW @ CLE,W,32,5,15,0.333,2,6,0.333,4,5,0.8,0,4,4,2,0,1,1,1,16,-4,1
22018,202691,0021800344,"Dec 03, 2018",GSW @ ATL,W,32,10,20,0.5,3,5,0.6,4,4,1.0,0,8,8,2,1,0,2,0,27,24,1
22018,202691,0021800331,"Dec 01, 2018",GSW @ DET,L,36,10,20,0.5,1,5,0.2,0,0,0.0,0,8,8,1,2,0,1,1,21,3,1
22018,202691,0021800316,"Nov 29, 2018",GSW @ TOR,L,44,9,20,0.45,3,9,0.333,2,2,1.0,0,3,3,3,0,1,4,3,23,-15,1
22018,202691,0021800300,"Nov 26, 2018",GSW vs. ORL,W,40,11,23,0.478,6,12,0.5,1,2,0.5,0,5,5,1,0,2,1,2,29,-2,1
22018,202691,0021800285,"Nov 24, 2018",GSW vs. SAC,W,36,12,26,0.462,5,12,0.417,2,2,1.0,1,3,4,0,0,0,1,2,31,13,1
22018,202691,0021800277,"Nov 23, 2018",GSW vs. POR,W,33,12,21,0.571,4,9,0.444,3,3,1.0,0,7,7,1,2,1,4,1,31,13,1
22018,202691,0021800264,"Nov 21, 2018",GSW vs. OKC,L,31,10,22,0.455,3,8,0.375,4,7,0.571,0,4,4,3,1,0,2,4,27,-12,1
22018,202691,0021800238,"Nov 18, 2018",GSW @ SAS,L,38,11,26,0.423,3,11,0.273,0,1,0.0,0,2,2,2,0,0,4,3,25,-17,1
22018,202691,0021800232,"Nov 17, 2018",GSW @ DAL,L,38,9,24,0.375,2,11,0.182,2,2,1.0,0,3,3,4,2,0,1,3,22,-5,1
22018,202691,0021800213,"Nov 15, 2018",GSW @ HOU,L,29,5,16,0.313,0,5,0.0,0,0,0.0,1,2,3,0,0,2,3,2,10,-7,1
22018,202691,0021800201,"Nov 13, 2018",GSW vs. ATL,W,38,8,19,0.421,3,7,0.429,5,5,1.0,0,5,5,4,3,0,1,0,24,12,1
22018,202691,0021800198,"Nov 12, 2018",GSW @ LAC,L,45,13,31,0.419,5,16,0.313,0,0,0.0,1,2,3,2,2,1,3,2,31,-4,1
22018,202691,0021800182,"Nov 10, 2018",GSW vs. BKN,W,29,11,20,0.55,2,5,0.4,0,2,0.0,0,1,1,1,2,1,3,3,24,13,1
22018,202691,0021800166,"Nov 08, 2018",GSW vs. MIL,L,33,9,15,0.6,2,2,1.0,4,6,0.667,1,2,3,3,1,2,1,2,24,-28,1
22018,202691,0021800147,"Nov 05, 2018",GSW vs. MEM,W,32,11,21,0.524,3,7,0.429,2,2,1.0,0,2,2,3,1,0,1,0,27,6,1
22018,202691,0021800124,"Nov 02, 2018",GSW vs. MIN,W,36,9,17,0.529,4,9,0.444,0,0,0.0,0,4,4,1,0,0,2,2,22,25,1
22018,202691,0021800108,"Oct 31, 2018",GSW vs. NOP,W,37,7,17,0.412,1,4,0.25,3,5,0.6,1,3,4,4,1,0,3,2,18,-5,1
22018,202691,0021800091,"Oct 29, 2018",GSW @ CHI,W,27,18,29,0.621,14,24,0.583,2,2,1.0,0,4,4,0,2,0,2,2,52,28,1
22018,202691,0021800083,"Oct 28, 2018",GSW @ BKN,W,36,8,17,0.471,1,5,0.2,1,2,0.5,2,3,5,0,1,1,1,4,18,-5,1
22018,202691,0021800068,"Oct 26, 2018",GSW @ NYK,W,34,6,18,0.333,0,4,0.0,0,0,0.0,0,4,4,3,1,0,2,2,12,8,1
22018,202691,0021800062,"Oct 24, 2018",GSW vs. WAS,W,30,8,17,0.471,1,5,0.2,2,2,1.0,0,2,2,1,1,0,1,2,19,14,1
22018,202691,0021800047,"Oct 22, 2018",GSW vs. PHX,W,25,6,14,0.429,1,6,0.167,3,3,1.0,0,3,3,4,0,2,0,1,16,22,1
22018,202691,0021800038,"Oct 21, 2018",GSW @ DEN,L,36,7,16,0.438,1,6,0.167,0,0,0.0,0,7,7,0,1,1,3,3,15,-1,1
22018,202691,0021800024,"Oct 19, 2018",GSW @ UTA,W,36,4,9,0.444,0,2,0.0,4,4,1.0,1,3,4,1,0,1,2,2,12,-8,1
22018,202691,0021800002,"Oct 16, 2018",GSW vs. OKC,W,35,5,20,0.25,1,8,0.125,3,3,1.0,1,3,4,0,0,0,2,3,14,2,1
22017,202691,0021701217,"Apr 10, 2018",GSW @ UTA,L,35,9,27,0.333,3,8,0.375,2,2,1.0,0,1,1,1,1,0,2,2,23,-40,1
22017,202691,0021701203,"Apr 08, 2018",GSW @ PHX,W,34,14,23,0.609,6,13,0.462,0,0,0.0,0,3,3,1,1,0,2,0,34,14,1
22017,202691,0021701195,"Apr 07, 2018",GSW vs. NOP,L,37,7,14,0.5,3,5,0.6,1,1,1.0,1,3,4,1,0,0,0,1,18,4,1
22017,202691,0021701175,"Apr 05, 2018",GSW @ IND,L,30,6,16,0.375,4,9,0.444,0,0,0.0,3,4,7,1,1,0,1,0,16,-14,1
22017,202691,0021701163,"Apr 03, 2018",GSW @ OKC,W,35,9,19,0.474,2,8,0.25,0,0,0.0,0,4,4,3,3,0,4,3,20,-1,1
22017,202691,0021701153,"Apr 01, 2018",GSW vs. PHX,W,33,10,19,0.526,2,5,0.4,1,1,1.0,0,2,2,2,2,0,1,0,23,1,1
22017,202691,0021701142,"Mar 31, 2018",GSW @ SAC,W,32,10,19,0.526,3,7,0.429,2,3,0.667,1,1,2,1,1,0,4,3,25,3,1
22017,202691,0021700994,"Mar 11, 2018",GSW @ MIN,L,40,8,22,0.364,3,12,0.25,2,2,1.0,0,4,4,5,0,0,4,0,21,-11,1
22017,202691,0021700984,"Mar 09, 2018",GSW @ POR,L,36,9,19,0.474,4,7,0.571,3,4,0.75,0,2,2,3,1,0,3,3,25,-15,1
22017,202691,0021700976,"Mar 08, 2018",GSW vs. SAS,W,36,5,16,0.313,1,5,0.2,2,2,1.0,0,2,2,6,0,0,0,0,13,19,1
22017,202691,0021700963,"Mar 06, 2018",GSW vs. BKN,W,38,8,15,0.533,2,5,0.4,0,0,0.0,0,5,5,5,1,0,2,1,18,8,1
22017,202691,0021700928,"Mar 02, 2018",GSW @ ATL,W,36,6,9,0.667,2,4,0.5,1,2,0.5,0,4,4,3,1,1,2,5,15,-2,1
22017,202691,0021700917,"Feb 28, 2018",GSW @ WAS,W,37,5,11,0.455,3,6,0.5,0,0,0.0,1,2,3,0,2,0,0,0,13,-10,2
22017,202691,0021700900,"Feb 26, 2018",GSW @ NYK,W,33,9,13,0.692,4,6,0.667,4,4,1.0,0,4,4,5,1,0,1,1,26,22,1
22017,202691,0021700887,"Feb 24, 2018",GSW vs. OKC,W,31,5,16,0.313,1,11,0.091,0,2,0.0,1,3,4,2,1,0,0,0,11,10,1
22017,202691,0021700872,"Feb 22, 2018",GSW vs. LAC,W,36,8,15,0.533,2,5,0.4,1,2,0.5,0,2,2,1,0,1,2,4,19,14,1
22017,202691,0021700864,"Feb 14, 2018",GSW @ POR,L,38,6,15,0.4,3,7,0.429,2,2,1.0,1,3,4,2,0,0,1,2,17,-2,1
22017,202691,0021700846,"Feb 12, 2018",GSW vs. PHX,W,23,7,12,0.583,2,4,0.5,0,0,0.0,0,0,0,1,0,1,2,1,16,12,1
22017,202691,0021700831,"Feb 10, 2018",GSW vs. SAS,W,34,10,14,0.714,5,6,0.833,0,0,0.0,0,3,3,0,0,0,3,1,25,16,1
22017,202691,0021700815,"Feb 08, 2018",GSW vs. DAL,W,34,8,15,0.533,2,6,0.333,0,0,0.0,1,4,5,4,0,0,3,1,18,18,1
22017,202691,0021700803,"Feb 06, 2018",GSW vs. OKC,L,31,5,13,0.385,2,6,0.333,0,0,0.0,0,4,4,2,1,0,3,3,12,-17,1
22017,202691,0021700782,"Feb 03, 2018",GSW @ DEN,L,36,7,15,0.467,2,7,0.286,0,0,0.0,0,1,1,5,2,0,0,0,16,-1,1
22017,202691,0021700774,"Feb 02, 2018",GSW @ SAC,W,35,8,12,0.667,4,8,0.5,0,1,0.0,0,6,6,3,0,0,1,2,20,15,1
22017,202691,0021700751,"Jan 30, 2018",GSW @ UTA,L,31,12,17,0.706,3,5,0.6,0,0,0.0,1,5,6,3,2,0,3,3,27,-19,1
22017,202691,0021700728,"Jan 27, 2018",GSW vs. BOS,W,36,3,12,0.25,0,4,0.0,1,1,1.0,0,4,4,3,1,2,1,1,7,6,1
22017,202691,0021700713,"Jan 25, 2018",GSW vs. MIN,W,36,9,13,0.692,7,9,0.778,0,0,0.0,0,5,5,3,1,1,3,1,25,4,1
22017,202691,0021700699,"Jan 23, 2018",GSW vs. NYK,W,34,4,10,0.4,0,3,0.0,1,2,0.5,0,2,2,4,0,0,0,2,9,25,1
22017,202691,0021700679,"Jan 20, 2018",GSW @ HOU,L,37,3,11,0.273,2,5,0.4,0,0,0.0,0,1,1,1,2,0,1,3,8,0,2
22017,202691,0021700657,"Jan 17, 2018",GSW @ CHI,W,37,12,22,0.545,7,13,0.538,7,9,0.778,0,4,4,2,0,1,3,0,38,14,1
22017,202691,0021700646,"Jan 15, 2018",GSW @ CLE,W,35,7,12,0.583,3,6,0.5,0,0,0.0,0,4,4,2,1,1,2,2,17,10,1
22017,202691,0021700631,"Jan 13, 2018",GSW @ TOR,W,39,11,16,0.688,2,5,0.4,2,2,1.0,0,4,4,0,1,1,0,2,26,-11,1
22017,202691,0021700622,"Jan 12, 2018",GSW @ MIL,W,35,4,10,0.4,0,2,0.0,4,4,1.0,0,5,5,2,0,0,3,3,12,20,1
22017,202691,0021700597,"Jan 08, 2018",GSW vs. DEN,W,35,8,17,0.471,3,6,0.5,0,0,0.0,1,4,5,1,0,2,0,0,19,10,1
22017,202691,0021700578,"Jan 06, 2018",GSW @ LAC,W,26,4,16,0.25,2,8,0.25,0,0,0.0,3,1,4,3,1,1,2,2,10,22,1
22017,202691,0021700566,"Jan 04, 2018",GSW @ HOU,W,38,11,20,0.55,6,9,0.667,0,0,0.0,0,3,3,4,0,0,1,2,28,16,1
22017,202691,0021700562,"Jan 03, 2018",GSW @ DAL,W,36,11,19,0.579,3,6,0.5,0,0,0.0,1,4,5,4,2,1,1,1,25,1,1
22017,202691,0021700535,"Dec 30, 2017",GSW vs. MEM,W,34,8,19,0.421,5,11,0.455,0,0,0.0,0,0,0,5,0,0,3,1,21,12,1
22017,202691,0021700528,"Dec 29, 2017",GSW vs. CHA,L,36,10,20,0.5,3,7,0.429,1,2,0.5,0,3,3,2,0,0,2,3,24,-6,1
22017,202691,0021700514,"Dec 27, 2017",GSW vs. UTA,W,30,5,12,0.417,3,5,0.6,2,2,1.0,0,0,0,1,0,1,2,1,15,14,1
22017,202691,0021700494,"Dec 25, 2017",GSW vs. CLE,W,36,8,15,0.533,4,7,0.571,4,4,1.0,0,6,6,2,0,0,0,1,24,2,1
22017,202691,0021700489,"Dec 23, 2017",GSW vs. DEN,L,34,6,21,0.286,1,10,0.1,2,2,1.0,1,4,5,4,3,0,3,0,15,-7,1
22017,202691,0021700479,"Dec 22, 2017",GSW vs. LAL,W,34,7,18,0.389,2,9,0.222,0,0,0.0,0,1,1,1,1,2,2,1,16,6,1
22017,202691,0021700464,"Dec 20, 2017",GSW vs. MEM,W,37,10,16,0.625,3,4,0.75,6,6,1.0,0,2,2,5,2,0,3,0,29,17,1
22017,202691,0021700450,"Dec 18, 2017",GSW @ LAL,W,42,6,24,0.25,4,13,0.308,1,2,0.5,2,8,10,2,0,0,2,3,17,-10,1
22017,202691,0021700417,"Dec 14, 2017",GSW vs. DAL,W,37,10,18,0.556,5,5,1.0,0,0,0.0,0,5,5,0,0,0,4,1,25,20,1
22017,202691,0021700395,"Dec 11, 2017",GSW vs. POR,W,37,9,21,0.429,4,10,0.4,2,2,1.0,1,2,3,3,1,0,4,3,24,5,1
22017,202691,0021700368,"Dec 08, 2017",GSW @ DET,W,36,8,18,0.444,2,9,0.222,3,3,1.0,0,4,4,5,1,0,3,2,21,6,1
22017,202691,0021700358,"Dec 06, 2017",GSW @ CHA,W,36,9,14,0.643,4,7,0.571,0,0,0.0,0,4,4,3,0,0,3,0,22,18,1
22017,202691,0021700346,"Dec 04, 2017",GSW @ NOP,W,36,8,13,0.615,4,5,0.8,2,3,0.667,0,3,3,1,1,0,0,0,22,12,1
22017,202691,0021700335,"Dec 03, 2017",GSW @ MIA,W,31,8,15,0.533,2,7,0.286,1,2,0.5,1,4,5,4,0,0,1,1,19,33,1
22017,202691,0021700318,"Dec 01, 2017",GSW @ ORL,W,35,11,14,0.786,3,4,0.75,2,2,1.0,0,3,3,5,0,0,0,1,27,18,1
22017,202691,0021700312,"Nov 29, 2017",GSW @ LAL,W,39,6,12,0.5,4,8,0.5,4,4,1.0,0,3,3,2,1,0,0,1,20,4,1
22017,202691,0021700296,"Nov 27, 2017",GSW vs. SAC,L,33,7,20,0.35,5,12,0.417,2,2,1.0,1,4,5,2,1,1,1,4,21,0,1
22017,202691,0021700284,"Nov 25, 2017",GSW vs. NOP,W,36,9,19,0.474,4,8,0.5,2,2,1.0,0,4,4,2,2,2,0,0,24,18,1
22017,202691,0021700276,"Nov 24, 2017",GSW vs. CHI,W,26,12,17,0.706,5,9,0.556,0,0,0.0,0,4,4,1,1,1,4,0,29,19,1
22017,202691,0021700263,"Nov 22, 2017",GSW @ OKC,L,28,3,12,0.25,3,8,0.375,0,0,0.0,1,3,4,2,0,1,1,2,9,-20,2
22017,202691,0021700236,"Nov 19, 2017",GSW @ BKN,W,33,10,17,0.588,1,1,1.0,2,2,1.0,1,9,10,1,2,1,2,1,23,11,1
22017,202691,0021700231,"Nov 18, 2017",GSW @ PHI,W,36,7,16,0.438,1,3,0.333,2,2,1.0,0,4,4,1,0,0,1,2,17,-2,1
22017,202691,0021700215,"Nov 16, 2017",GSW @ BOS,L,34,5,18,0.278,3,11,0.273,0,0,0.0,1,6,7,3,0,1,1,5,13,4,1
22017,202691,0021700199,"Nov 13, 2017",GSW vs. ORL,W,31,5,11,0.455,3,5,0.6,2,2,1.0,1,3,4,5,0,0,2,1,15,14,1
22017,202691,0021700184,"Nov 11, 2017",GSW vs. PHI,W,30,9,17,0.529,4,6,0.667,1,1,1.0,1,0,1,2,1,0,1,1,23,14,1
22017,202691,0021700163,"Nov 08, 2017",GSW vs. MIN,W,33,11,20,0.55,6,12,0.5,0,1,0.0,0,5,5,3,1,0,1,2,28,14,1
22017,202691,0021700148,"Nov 06, 2017",GSW vs. MIA,W,32,5,15,0.333,3,8,0.375,0,0,0.0,2,4,6,2,1,2,2,1,13,10,1
22017,202691,0021700135,"Nov 04, 2017",GSW @ DEN,W,29,6,12,0.5,3,6,0.5,0,0,0.0,0,2,2,2,1,0,2,2,15,17,1
22017,202691,0021700117,"Nov 02, 2017",GSW @ SAS,W,31,11,17,0.647,5,8,0.625,0,0,0.0,0,3,3,2,0,1,1,1,27,-2,2
22017,202691,0021700100,"Oct 30, 2017",GSW @ LAC,W,30,6,14,0.429,1,4,0.25,2,2,1.0,1,4,5,6,0,0,3,3,15,1,2
22017,202691,0021700091,"Oct 29, 2017",GSW vs. DET,L,33,12,19,0.632,4,7,0.571,1,2,0.5,0,2,2,0,2,0,4,2,29,-9,1
22017,202691,0021700075,"Oct 27, 2017",GSW vs. WAS,W,31,8,19,0.421,2,8,0.25,0,0,0.0,0,2,2,3,0,2,1,4,18,-4,1
22017,202691,0021700063,"Oct 25, 2017",GSW vs. TOR,W,38,9,15,0.6,4,6,0.667,0,0,0.0,0,8,8,5,1,1,4,2,22,2,1
22017,202691,0021700045,"Oct 23, 2017",GSW @ DAL,W,28,9,16,0.563,3,9,0.333,0,0,0.0,0,4,4,3,0,1,2,4,21,13,1
22017,202691,0021700033,"Oct 21, 2017",GSW @ MEM,L,38,5,16,0.313,2,8,0.25,2,2,1.0,0,2,2,1,0,1,0,4,14,0,1
22017,202691,0021700025,"Oct 20, 2017",GSW @ NOP,W,37,13,19,0.684,7,12,0.583,0,0,0.0,2,2,4,2,0,1,1,2,33,9,0
22017,202691,0021700002,"Oct 17, 2017",GSW vs. HOU,L,38,6,14,0.429,4,7,0.571,0,0,0.0,0,6,6,3,2,2,1,0,16,0,1
22016,202691,0021601229,"Apr 12, 2017",GSW vs. LAL,W,26,4,12,0.333,1,5,0.2,3,4,0.75,1,1,2,2,2,0,0,0,12,11,1
22016,202691,0021601195,"Apr 08, 2017",GSW vs. NOP,W,27,5,16,0.313,3,9,0.333,7,7,1.0,1,2,3,2,0,1,0,0,20,18,1
22016,202691,0021601171,"Apr 05, 2017",GSW @ PHX,W,36,9,22,0.409,2,9,0.222,2,3,0.667,1,6,7,2,1,1,2,3,22,2,1
22016,202691,0021601162,"Apr 04, 2017",GSW vs. MIN,W,33,13,24,0.542,7,14,0.5,8,9,0.889,0,2,2,3,2,1,1,2,41,19,1
22016,202691,0021601152,"Apr 02, 2017",GSW vs. WAS,W,33,9,20,0.45,4,10,0.4,1,1,1.0,0,1,1,3,1,1,2,2,23,15,1
22016,202691,0021601136,"Mar 31, 2017",GSW vs. HOU,W,36,8,20,0.4,4,9,0.444,0,0,0.0,1,7,8,4,2,1,1,3,20,-1,1
22016,202691,0021601118,"Mar 29, 2017",GSW @ SAS,W,35,9,16,0.563,4,9,0.444,1,1,1.0,0,2,2,0,0,1,0,2,23,1,1
22016,202691,0021601108,"Mar 28, 2017",GSW @ HOU,W,37,10,20,0.5,5,12,0.417,0,0,0.0,0,5,5,1,2,2,2,3,25,4,1
22016,202691,0021601094,"Mar 26, 2017",GSW vs. MEM,W,35,12,18,0.667,7,11,0.636,0,0,0.0,0,2,2,1,0,0,1,1,31,15,1
22016,202691,0021601081,"Mar 24, 2017",GSW vs. SAC,W,30,3,14,0.214,2,7,0.286,0,0,0.0,0,4,4,0,0,1,1,2,8,-4,1
22016,202691,0021601055,"Mar 21, 2017",GSW @ DAL,W,32,9,15,0.6,5,8,0.625,0,0,0.0,0,3,3,3,3,0,2,1,23,17,1
22016,202691,0021601049,"Mar 20, 2017",GSW @ OKC,W,32,12,21,0.571,7,15,0.467,3,3,1.0,1,5,6,2,2,0,1,2,34,15,1
22016,202691,0021601035,"Mar 18, 2017",GSW vs. MIL,W,34,9,16,0.563,3,6,0.5,0,1,0.0,2,1,3,1,0,1,0,1,21,11,1
22016,202691,0021601019,"Mar 16, 2017",GSW vs. ORL,W,29,12,20,0.6,5,9,0.556,0,0,0.0,0,4,4,5,0,1,3,1,29,19,1
22016,202691,0021601003,"Mar 14, 2017",GSW vs. PHI,W,38,10,22,0.455,5,9,0.556,3,3,1.0,1,1,2,1,0,0,1,1,28,-7,1
22016,202691,0021600968,"Mar 10, 2017",GSW @ MIN,L,36,12,22,0.545,3,6,0.5,3,4,0.75,0,5,5,2,1,0,2,1,30,9,1
22016,202691,0021600959,"Mar 08, 2017",GSW vs. BOS,L,34,11,23,0.478,2,8,0.25,1,2,0.5,1,5,6,1,1,2,2,2,25,2,1
22016,202691,0021600937,"Mar 06, 2017",GSW @ ATL,W,30,5,12,0.417,2,8,0.25,1,2,0.5,0,0,0,3,0,1,2,3,13,5,1
22016,202691,0021600928,"Mar 05, 2017",GSW @ NYK,W,37,8,21,0.381,4,9,0.444,9,9,1.0,2,2,4,1,1,0,1,1,29,-1,1
22016,202691,0021600906,"Mar 02, 2017",GSW @ CHI,L,37,5,22,0.227,1,11,0.091,2,2,1.0,0,1,1,1,0,0,2,1,13,-14,1
22016,202691,0021600889,"Feb 28, 2017",GSW @ WAS,L,38,5,20,0.25,3,13,0.231,3,4,0.75,0,3,3,2,2,0,1,3,16,-17,1
22016,202691,0021600883,"Feb 27, 2017",GSW @ PHI,W,36,7,17,0.412,3,9,0.333,4,4,1.0,1,2,3,2,2,0,2,1,21,6,1
22016,202691,0021600873,"Feb 25, 2017",GSW vs. BKN,W,31,8,18,0.444,2,5,0.4,6,6,1.0,0,4,4,4,0,1,1,1,24,23,2
22016,202691,0021600854,"Feb 23, 2017",GSW vs. LAC,W,31,7,12,0.583,2,5,0.4,2,2,1.0,0,0,0,4,0,0,1,0,18,7,1
22016,202691,0021600847,"Feb 15, 2017",GSW vs. SAC,W,31,12,18,0.667,7,12,0.583,4,7,0.571,2,3,5,4,2,0,0,1,35,35,1
22016,202691,0021600813,"Feb 11, 2017",GSW @ OKC,W,33,7,12,0.583,5,8,0.625,7,8,0.875,1,0,1,0,1,0,3,3,26,5,1
22016,202691,0021600803,"Feb 10, 2017",GSW @ MEM,W,38,13,23,0.565,8,15,0.533,2,2,1.0,0,1,1,3,0,0,1,5,36,18,1
22016,202691,0021600792,"Feb 08, 2017",GSW vs. CHI,W,29,10,18,0.556,6,9,0.667,2,2,1.0,0,5,5,3,0,0,3,2,28,12,1
22016,202691,0021600764,"Feb 04, 2017",GSW @ SAC,L,43,10,25,0.4,4,11,0.364,2,2,1.0,3,2,5,1,1,0,3,1,26,-11,1
22016,202691,0021600745,"Feb 02, 2017",GSW @ LAC,W,33,9,19,0.474,3,6,0.5,0,0,0.0,3,4,7,2,0,0,2,2,21,15,1
22016,202691,0021600741,"Feb 01, 2017",GSW vs. CHA,W,33,10,19,0.526,6,10,0.6,3,3,1.0,1,4,5,8,1,2,1,1,29,30,1
22016,202691,0021600718,"Jan 29, 2017",GSW @ POR,W,35,6,21,0.286,2,6,0.333,13,15,0.867,1,5,6,2,1,1,0,0,27,-3,1
22016,202691,0021600707,"Jan 28, 2017",GSW vs. LAC,W,27,7,11,0.636,2,3,0.667,0,1,0.0,0,1,1,1,1,0,2,1,16,22,1
22016,202691,0021600687,"Jan 25, 2017",GSW @ CHA,W,32,5,14,0.357,2,8,0.25,7,7,1.0,1,4,5,1,1,1,1,2,19,5,1
22016,202691,0021600668,"Jan 23, 2017",GSW @ MIA,L,37,8,18,0.444,3,8,0.375,3,4,0.75,0,5,5,1,2,1,2,4,22,1,1
22016,202691,0021600661,"Jan 22, 2017",GSW @ ORL,W,34,7,14,0.5,7,9,0.778,0,0,0.0,0,5,5,1,0,1,3,1,21,17,1
22016,202691,0021600646,"Jan 20, 2017",GSW @ HOU,W,34,7,19,0.368,2,10,0.2,0,0,0.0,0,1,1,1,1,0,2,1,16,9,1
22016,202691,0021600634,"Jan 18, 2017",GSW vs. OKC,W,30,5,12,0.417,3,5,0.6,1,2,0.5,1,3,4,3,1,1,1,2,14,21,1
22016,202691,0021600619,"Jan 16, 2017",GSW vs. CLE,W,31,8,17,0.471,5,11,0.455,5,5,1.0,0,4,4,0,0,1,2,5,26,41,1
22016,202691,0021600590,"Jan 12, 2017",GSW vs. DET,W,36,9,15,0.6,4,5,0.8,1,4,0.25,1,2,3,3,2,0,1,3,23,9,1
22016,202691,0021600566,"Jan 08, 2017",GSW @ SAC,W,36,8,19,0.421,1,7,0.143,1,2,0.5,1,5,6,2,0,0,5,3,18,18,1
22016,202691,0021600550,"Jan 06, 2017",GSW vs. MEM,L,42,7,17,0.412,2,6,0.333,1,3,0.333,3,3,6,2,0,0,0,1,17,2,1
22016,202691,0021600534,"Jan 04, 2017",GSW vs. POR,W,37,5,15,0.333,1,7,0.143,3,3,1.0,0,3,3,1,3,2,2,3,14,3,1
22016,202691,0021600520,"Jan 02, 2017",GSW vs. DEN,W,37,9,19,0.474,4,7,0.571,3,3,1.0,0,5,5,1,0,1,0,1,25,7,1
22016,202691,0021600501,"Dec 30, 2016",GSW vs. DAL,W,36,11,19,0.579,5,11,0.455,2,2,1.0,0,4,4,2,1,1,2,0,29,4,1
22016,202691,0021600485,"Dec 28, 2016",GSW vs. TOR,W,35,8,18,0.444,5,7,0.714,0,0,0.0,1,5,6,2,1,2,2,3,21,18,1
22016,202691,0021600457,"Dec 25, 2016",GSW @ CLE,L,41,9,16,0.563,5,11,0.455,1,2,0.5,0,2,2,1,1,1,2,1,24,1,1
22016,202691,0021600446,"Dec 23, 2016",GSW @ DET,W,37,6,14,0.429,3,8,0.375,2,2,1.0,0,3,3,2,1,0,3,0,17,15,1
22016,202691,0021600437,"Dec 22, 2016",GSW @ BKN,W,35,9,24,0.375,5,10,0.5,0,0,0.0,0,5,5,2,4,0,2,0,23,23,1
22016,202691,0021600427,"Dec 20, 2016",GSW vs. UTA,W,31,8,13,0.615,1,3,0.333,0,0,0.0,0,5,5,1,1,0,1,0,17,32,1
22016,202691,0021600405,"Dec 17, 2016",GSW vs. POR,W,25,7,15,0.467,1,4,0.25,1,1,1.0,0,0,0,2,0,1,0,0,16,21,1
22016,202691,0021600388,"Dec 15, 2016",GSW vs. NYK,W,32,10,17,0.588,4,10,0.4,1,1,1.0,2,3,5,4,1,0,2,2,25,17,1
22016,202691,0021600371,"Dec 13, 2016",GSW @ NOP,W,37,6,16,0.375,2,8,0.25,3,4,0.75,1,2,3,3,0,2,2,2,17,10,1
22016,202691,0021600358,"Dec 11, 2016",GSW @ MIN,W,39,11,21,0.524,4,12,0.333,4,4,1.0,2,4,6,2,1,1,2,2,30,6,1
22016,202691,0021600351,"Dec 10, 2016",GSW @ MEM,L,31,4,14,0.286,0,3,0.0,0,0,0.0,0,1,1,0,1,0,0,1,8,-23,1
22016,202691,0021600335,"Dec 08, 2016",GSW @ UTA,W,28,5,13,0.385,0,4,0.0,0,0,0.0,2,4,6,2,0,0,3,4,10,17,1
22016,202691,0021600330,"Dec 07, 2016",GSW @ LAC,W,35,8,18,0.444,3,6,0.5,5,5,1.0,2,2,4,3,0,0,1,1,24,16,1
22016,202691,0021600314,"Dec 05, 2016",GSW vs. IND,W,29,21,33,0.636,8,14,0.571,10,11,0.909,0,2,2,1,0,0,0,0,60,37,1
22016,202691,0021600299,"Dec 03, 2016",GSW vs. PHX,W,34,10,17,0.588,6,7,0.857,0,0,0.0,1,4,5,3,2,1,2,1,26,24,1
22016,202691,0021600281,"Dec 01, 2016",GSW vs. HOU,L,47,4,20,0.2,3,13,0.231,4,6,0.667,0,6,6,3,0,0,2,1,15,-6,1
22016,202691,0021600259,"Nov 28, 2016",GSW vs. ATL,W,37,8,18,0.444,3,6,0.5,1,1,1.0,2,2,4,2,1,1,2,3,20,2,1
22016,202691,0021600244,"Nov 26, 2016",GSW vs. MIN,W,38,9,17,0.529,4,9,0.444,1,2,0.5,1,5,6,2,1,0,2,1,23,10,1
22016,202691,0021600238,"Nov 25, 2016",GSW @ LAL,W,33,7,17,0.412,1,6,0.167,3,4,0.75,0,7,7,0,0,0,1,1,18,35,1
22016,202691,0021600223,"Nov 23, 2016",GSW vs. LAL,W,24,9,14,0.643,4,7,0.571,4,4,1.0,0,2,2,2,0,0,1,4,26,4,1
22016,202691,0021600202,"Nov 21, 2016",GSW @ IND,W,26,10,18,0.556,4,10,0.4,1,2,0.5,0,1,1,0,2,0,2,3,25,24,1
22016,202691,0021600191,"Nov 19, 2016",GSW @ MIL,W,38,9,17,0.529,5,10,0.5,6,6,1.0,0,3,3,2,0,0,3,1,29,21,1
22016,202691,0021600179,"Nov 18, 2016",GSW @ BOS,W,31,12,21,0.571,3,6,0.5,1,1,1.0,1,3,4,3,0,0,2,2,28,28,1
22016,202691,0021600165,"Nov 16, 2016",GSW @ TOR,W,32,4,15,0.267,3,11,0.273,4,4,1.0,1,3,4,1,0,1,0,1,15,-9,1
22016,202691,0021600143,"Nov 13, 2016",GSW vs. PHX,W,33,11,18,0.611,5,8,0.625,3,3,1.0,0,2,2,1,0,0,5,3,30,2,1
22016,202691,0021600119,"Nov 10, 2016",GSW @ DEN,W,32,7,14,0.5,3,4,0.75,2,2,1.0,0,2,2,3,1,0,3,1,19,24,1
22016,202691,0021600116,"Nov 09, 2016",GSW vs. DAL,W,29,8,13,0.615,4,7,0.571,0,0,0.0,0,2,2,4,0,0,3,5,20,19,1
22016,202691,0021600099,"Nov 07, 2016",GSW vs. NOP,W,38,11,20,0.55,2,7,0.286,0,0,0.0,0,4,4,1,3,0,1,2,24,3,1
22016,202691,0021600078,"Nov 04, 2016",GSW @ LAL,L,38,4,18,0.222,2,10,0.2,0,0,0.0,0,3,3,1,2,1,4,1,10,-16,1
22016,202691,0021600069,"Nov 03, 2016",GSW vs. OKC,W,33,7,14,0.5,4,8,0.5,0,0,0.0,1,0,1,3,2,1,2,3,18,7,1
22016,202691,0021600054,"Nov 01, 2016",GSW @ POR,W,30,6,17,0.353,0,7,0.0,2,2,1.0,2,3,5,4,0,0,2,4,14,4,1
22016,202691,0021600036,"Oct 30, 2016",GSW @ PHX,W,40,5,15,0.333,0,6,0.0,4,5,0.8,0,6,6,2,0,1,2,3,14,14,1
22016,202691,0021600025,"Oct 28, 2016",GSW @ NOP,W,39,11,21,0.524,2,9,0.222,4,4,1.0,0,2,2,4,1,0,1,0,28,4,1
22016,202691,0021600003,"Oct 25, 2016",GSW vs. SAS,L,33,5,13,0.385,1,6,0.167,0,0,0.0,0,1,1,2,0,0,1,4,11,-6,1
22015,202691,0021501227,"Apr 13, 2016",GSW vs. MEM,W,28,6,13,0.462,4,10,0.4,0,0,0.0,0,2,2,2,0,1,0,1,16,9,1
22015,202691,0021501201,"Apr 10, 2016",GSW @ SAS,W,35,6,14,0.429,2,4,0.5,0,0,0.0,1,5,6,0,2,1,2,2,14,4,1
22015,202691,0021501190,"Apr 09, 2016",GSW @ MEM,W,35,7,16,0.438,2,10,0.2,4,4,1.0,1,4,5,3,1,1,1,0,20,17,1
22015,202691,0021501177,"Apr 07, 2016",GSW vs. SAS,W,35,5,13,0.385,2,5,0.4,2,2,1.0,2,1,3,6,1,0,1,4,14,10,1
22015,202691,0021501163,"Apr 05, 2016",GSW vs. MIN,L,40,12,22,0.545,4,11,0.364,0,0,0.0,0,3,3,3,0,1,4,4,28,-1,1
22015,202691,0021501152,"Apr 03, 2016",GSW vs. POR,W,35,8,17,0.471,2,6,0.333,3,3,1.0,0,3,3,3,0,2,0,2,21,24,1
22015,202691,0021501136,"Apr 01, 2016",GSW vs. BOS,L,37,6,16,0.375,2,6,0.333,1,1,1.0,0,3,3,3,1,0,1,1,15,-8,1
22015,202691,0021501119,"Mar 30, 2016",GSW @ UTA,W,39,6,15,0.4,3,8,0.375,3,4,0.75,0,4,4,1,0,0,0,1,18,10,1
22015,202691,0021501112,"Mar 29, 2016",GSW vs. WAS,W,32,7,19,0.368,2,8,0.25,0,0,0.0,0,4,4,1,1,1,2,3,16,5,1
22015,202691,0021501094,"Mar 27, 2016",GSW vs. PHI,W,38,15,27,0.556,7,14,0.5,3,3,1.0,2,0,2,0,0,1,2,0,40,13,1
22015,202691,0021501080,"Mar 25, 2016",GSW vs. DAL,W,35,13,25,0.52,9,16,0.563,5,6,0.833,1,4,5,1,1,1,1,1,40,12,1
22015,202691,0021501066,"Mar 23, 2016",GSW vs. LAC,W,36,12,21,0.571,7,10,0.7,1,1,1.0,0,4,4,3,1,0,3,2,32,23,1
22015,202691,0021501050,"Mar 21, 2016",GSW @ MIN,W,30,5,14,0.357,5,5,1.0,2,2,1.0,0,5,5,2,1,0,2,2,17,3,1
22015,202691,0021501036,"Mar 19, 2016",GSW @ SAS,L,38,7,20,0.35,1,7,0.143,0,0,0.0,0,5,5,1,1,1,2,2,15,-6,1
22015,202691,0021501026,"Mar 18, 2016",GSW @ DAL,W,34,14,22,0.636,10,15,0.667,1,1,1.0,0,6,6,2,2,1,3,3,39,2,1
22015,202691,0021501011,"Mar 16, 2016",GSW vs. NYK,W,26,7,17,0.412,5,9,0.556,0,0,0.0,3,4,7,0,0,1,1,0,19,11,1
22015,202691,0021500996,"Mar 14, 2016",GSW vs. NOP,W,26,7,11,0.636,2,4,0.5,2,2,1.0,0,2,2,0,0,1,4,0,18,16,1
22015,202691,0021500981,"Mar 12, 2016",GSW vs. PHX,W,37,6,17,0.353,3,8,0.375,5,5,1.0,1,5,6,3,1,0,0,4,20,-14,1
22015,202691,0021500971,"Mar 11, 2016",GSW vs. POR,W,32,13,22,0.591,8,11,0.727,3,3,1.0,3,2,5,0,0,0,0,1,37,34,1
22015,202691,0021500958,"Mar 09, 2016",GSW vs. UTA,W,30,9,14,0.643,5,8,0.625,0,0,0.0,0,1,1,1,1,0,1,0,23,14,1
22015,202691,0021500943,"Mar 07, 2016",GSW vs. ORL,W,36,11,23,0.478,5,11,0.455,0,0,0.0,1,5,6,0,1,0,2,4,27,-9,1
22015,202691,0021500931,"Mar 06, 2016",GSW @ LAL,L,30,7,20,0.35,0,8,0.0,1,1,1.0,1,3,4,2,2,0,1,0,15,-9,1
22015,202691,0021500911,"Mar 03, 2016",GSW vs. OKC,W,34,10,19,0.526,1,7,0.143,0,0,0.0,0,2,2,3,2,0,2,1,21,6,1
22015,202691,0021500895,"Mar 01, 2016",GSW vs. ATL,W,39,8,27,0.296,6,16,0.375,4,4,1.0,0,6,6,5,1,0,2,3,26,2,1
22015,202691,0021500874,"Feb 27, 2016",GSW @ OKC,W,39,12,23,0.522,2,9,0.222,6,7,0.857,0,3,3,1,2,1,1,3,32,-1,1
22015,202691,0021500855,"Feb 25, 2016",GSW @ ORL,W,29,4,10,0.4,1,5,0.2,0,0,0.0,0,2,2,1,0,1,1,1,9,5,1
22015,202691,0021500848,"Feb 24, 2016",GSW @ MIA,W,34,13,25,0.52,4,8,0.5,3,3,1.0,0,3,3,0,4,0,1,2,33,9,1
22015,202691,0021500836,"Feb 22, 2016",GSW @ ATL,W,37,10,23,0.435,5,14,0.357,2,2,1.0,0,2,2,3,3,0,1,3,27,16,1
22015,202691,0021500822,"Feb 20, 2016",GSW @ LAC,W,40,11,22,0.5,4,9,0.444,6,6,1.0,0,7,7,3,3,0,0,1,32,16,1
22015,202691,0021500815,"Feb 19, 2016",GSW @ POR,L,28,8,16,0.5,2,5,0.4,5,6,0.833,0,3,3,1,1,0,1,1,23,2,1
22015,202691,0021500799,"Feb 10, 2016",GSW @ PHX,W,33,8,20,0.4,5,13,0.385,3,3,1.0,0,3,3,1,5,0,2,2,24,15,1
22015,202691,0021500788,"Feb 09, 2016",GSW vs. HOU,W,35,5,19,0.263,0,7,0.0,3,4,0.75,0,2,2,3,0,0,2,2,13,4,1
22015,202691,0021500769,"Feb 06, 2016",GSW vs. OKC,W,34,8,15,0.533,1,6,0.167,1,1,1.0,0,4,4,0,0,0,2,3,18,2,1
22015,202691,0021500739,"Feb 03, 2016",GSW @ WAS,W,33,8,19,0.421,6,13,0.462,2,2,1.0,0,4,4,0,1,0,1,1,24,16,1
22015,202691,0021500718,"Jan 31, 2016",GSW @ NYK,W,32,14,18,0.778,5,6,0.833,1,1,1.0,0,1,1,2,1,0,3,5,34,24,1
22015,202691,0021500707,"Jan 30, 2016",GSW @ PHI,W,33,14,26,0.538,4,10,0.4,0,0,0.0,0,2,2,3,0,0,5,1,32,22,1
22015,202691,0021500691,"Jan 27, 2016",GSW vs. DAL,W,32,14,20,0.7,7,12,0.583,10,10,1.0,0,5,5,1,0,2,1,1,45,14,1
22015,202691,0021500675,"Jan 25, 2016",GSW vs. SAS,W,25,4,10,0.4,0,3,0.0,3,3,1.0,0,4,4,1,0,0,2,3,11,22,1
22015,202691,0021500652,"Jan 22, 2016",GSW vs. IND,W,35,6,16,0.375,4,10,0.4,2,2,1.0,1,2,3,5,0,0,3,0,18,18,1
22015,202691,0021500634,"Jan 20, 2016",GSW @ CHI,W,32,7,18,0.389,3,8,0.375,3,4,0.75,0,5,5,1,0,3,0,2,20,12,1
22015,202691,0021500622,"Jan 18, 2016",GSW @ CLE,W,26,5,11,0.455,1,5,0.2,4,4,1.0,0,1,1,2,1,0,1,3,15,27,1
22015,202691,0021500605,"Jan 16, 2016",GSW @ DET,L,32,8,18,0.444,1,5,0.2,7,8,0.875,1,5,6,1,0,0,2,1,24,-4,1
22015,202691,0021500592,"Jan 14, 2016",GSW vs. LAL,W,27,4,14,0.286,2,5,0.4,2,2,1.0,1,2,3,1,0,1,1,2,12,10,1
22015,202691,0021500583,"Jan 13, 2016",GSW @ DEN,L,37,7,13,0.538,2,5,0.4,1,2,0.5,1,3,4,3,0,0,2,2,17,4,1
22015,202691,0021500568,"Jan 11, 2016",GSW vs. MIA,W,35,6,15,0.4,2,4,0.5,3,3,1.0,1,6,7,2,2,0,3,2,17,-3,1
22015,202691,0021500556,"Jan 09, 2016",GSW @ SAC,W,35,7,17,0.412,1,7,0.143,0,0,0.0,0,4,4,6,0,1,2,1,15,17,1
22015,202691,0021500548,"Jan 08, 2016",GSW @ POR,W,32,13,22,0.591,7,10,0.7,3,4,0.75,0,6,6,5,0,0,0,1,36,27,1
22015,202691,0021500524,"Jan 05, 2016",GSW @ LAL,W,34,12,22,0.545,6,13,0.462,6,6,1.0,0,2,2,1,0,1,1,1,36,29,1
22015,202691,0021500520,"Jan 04, 2016",GSW vs. CHA,W,37,11,23,0.478,6,11,0.545,2,2,1.0,0,5,5,3,0,1,2,2,30,14,1
22015,202691,0021500504,"Jan 02, 2016",GSW vs. DEN,W,46,11,27,0.407,2,9,0.222,2,4,0.5,0,7,7,3,2,0,1,0,26,13,1
22015,202691,0021500485,"Dec 31, 2015",GSW @ HOU,W,40,16,27,0.593,6,11,0.545,0,3,0.0,2,5,7,0,0,1,4,5,38,10,1
22015,202691,0021500480,"Dec 30, 2015",GSW @ DAL,L,34,4,15,0.267,1,4,0.25,1,2,0.5,0,1,1,2,0,0,2,1,10,-11,1
22015,202691,0021500468,"Dec 28, 2015",GSW vs. SAC,W,37,10,22,0.455,5,12,0.417,4,6,0.667,1,4,5,2,1,1,4,3,29,23,1
22015,202691,0021500438,"Dec 25, 2015",GSW vs. CLE,W,36,6,16,0.375,1,4,0.25,5,6,0.833,2,4,6,1,0,1,1,1,18,2,1
22015,202691,0021500434,"Dec 23, 2015",GSW vs. UTA,W,34,6,16,0.375,3,7,0.429,5,5,1.0,0,2,2,1,0,0,1,0,20,15,1
22015,202691,0021500397,"Dec 18, 2015",GSW vs. MIL,W,37,8,16,0.5,2,9,0.222,9,10,0.9,0,3,3,2,1,3,1,2,27,22,1
22015,202691,0021500381,"Dec 16, 2015",GSW vs. PHX,W,31,15,22,0.682,8,13,0.615,5,5,1.0,0,3,3,2,1,0,1,0,43,37,1
22015,202691,0021500351,"Dec 12, 2015",GSW @ MIL,L,30,4,14,0.286,2,7,0.286,2,4,0.5,1,1,2,3,1,0,2,4,12,-5,1
22015,202691,0021500314,"Dec 08, 2015",GSW @ IND,W,34,13,21,0.619,10,16,0.625,3,3,1.0,1,6,7,6,0,1,4,2,39,19,1
22015,202691,0021500300,"Dec 06, 2015",GSW @ BKN,W,32,8,18,0.444,3,10,0.3,2,2,1.0,0,3,3,3,1,2,1,1,21,6,1
22015,202691,0021500290,"Dec 05, 2015",GSW @ TOR,W,35,7,15,0.467,6,9,0.667,6,6,1.0,0,4,4,1,0,0,2,4,26,12,1
22015,202691,0021500268,"Dec 02, 2015",GSW @ CHA,W,29,8,18,0.444,4,10,0.4,1,2,0.5,0,3,3,0,1,1,2,3,21,9,1
22015,202691,0021500259,"Nov 30, 2015",GSW @ UTA,W,36,8,15,0.533,4,7,0.571,0,0,0.0,1,4,5,2,0,2,0,1,20,4,1
22015,202691,0021500245,"Nov 28, 2015",GSW vs. SAC,W,26,6,10,0.6,3,6,0.5,0,0,0.0,0,0,0,2,1,0,2,1,15,15,1
22015,202691,0021500236,"Nov 27, 2015",GSW @ PHX,W,27,6,11,0.545,3,8,0.375,0,0,0.0,0,2,2,0,0,1,2,4,15,16,1
22015,202691,0021500214,"Nov 24, 2015",GSW vs. LAL,W,28,3,12,0.25,2,6,0.333,3,4,0.75,0,3,3,2,0,1,1,0,11,27,1
22015,202691,0021500200,"Nov 22, 2015",GSW @ DEN,W,32,7,16,0.438,4,7,0.571,3,4,0.75,0,3,3,7,0,1,1,2,21,9,1
22015,202691,0021500187,"Nov 20, 2015",GSW vs. CHI,W,36,6,12,0.5,2,4,0.5,1,2,0.5,1,2,3,3,0,1,1,3,15,8,1
22015,202691,0021500177,"Nov 19, 2015",GSW @ LAC,W,39,6,12,0.5,3,5,0.6,10,12,0.833,2,1,3,2,0,0,2,2,25,6,1
22015,202691,0021500164,"Nov 17, 2015",GSW vs. TOR,W,34,8,19,0.421,2,9,0.222,1,2,0.5,0,1,1,3,0,0,0,3,19,4,1
22015,202691,0021500125,"Nov 12, 2015",GSW @ MIN,W,37,6,16,0.375,3,9,0.333,0,0,0.0,0,2,2,2,1,1,4,1,15,28,1
22015,202691,0021500120,"Nov 11, 2015",GSW @ MEM,W,35,3,9,0.333,2,5,0.4,0,0,0.0,2,5,7,2,1,2,3,3,8,11,1
22015,202691,0021500104,"Nov 09, 2015",GSW vs. DET,W,32,10,17,0.588,4,7,0.571,0,0,0.0,0,3,3,1,2,0,2,1,24,9,1
22015,202691,0021500092,"Nov 07, 2015",GSW @ SAC,W,36,7,16,0.438,4,11,0.364,0,0,0.0,0,3,3,3,0,1,3,4,18,-4,1
22015,202691,0021500083,"Nov 06, 2015",GSW vs. DEN,W,30,7,16,0.438,4,8,0.5,0,0,0.0,0,6,6,5,0,0,1,0,18,13,1
22015,202691,0021500069,"Nov 04, 2015",GSW vs. LAC,W,32,7,18,0.389,0,2,0.0,2,2,1.0,1,4,5,5,2,1,2,2,16,2,1
22015,202691,0021500051,"Nov 02, 2015",GSW vs. MEM,W,26,6,11,0.545,2,3,0.667,0,0,0.0,0,7,7,2,0,2,2,0,14,41,1
22015,202691,0021500035,"Oct 31, 2015",GSW @ NOP,W,27,6,12,0.5,2,5,0.4,5,5,1.0,0,3,3,1,0,1,0,4,19,9,1
22015,202691,0021500030,"Oct 30, 2015",GSW @ HOU,W,24,4,10,0.4,1,5,0.2,2,2,1.0,0,2,2,0,1,0,2,3,11,7,1
22015,202691,0021500003,"Oct 27, 2015",GSW vs. NOP,W,26,3,8,0.375,0,2,0.0,3,3,1.0,0,5,5,3,1,1,7,5,9,4,1
22014,202691,0021401229,"Apr 15, 2015",GSW vs. DEN,W,16,8,12,0.667,5,7,0.714,4,4,1.0,0,3,3,0,0,1,2,0,25,7,1
22014,202691,0021401212,"Apr 13, 2015",GSW vs. MEM,W,30,15,20,0.75,8,10,0.8,4,4,1.0,0,5,5,3,1,0,2,0,42,25,1
22014,202691,0021401192,"Apr 11, 2015",GSW vs. MIN,W,38,10,25,0.4,3,9,0.333,0,0,0.0,1,1,2,3,3,0,1,1,23,19,1
22014,202691,0021401174,"Apr 09, 2015",GSW vs. POR,W,36,10,21,0.476,3,5,0.6,3,4,0.75,0,4,4,2,1,1,2,3,26,11,1
22014,202691,0021401156,"Apr 07, 2015",GSW @ NOP,L,30,2,10,0.2,1,5,0.2,2,2,1.0,0,3,3,1,1,1,4,2,7,-2,1
22014,202691,0021401150,"Apr 05, 2015",GSW @ SAS,L,24,3,11,0.273,0,3,0.0,0,0,0.0,0,0,0,2,1,0,1,1,6,-13,1
22014,202691,0021401142,"Apr 04, 2015",GSW @ DAL,W,28,7,17,0.412,5,10,0.5,2,4,0.5,1,2,3,3,2,0,2,4,21,10,1
22014,202691,0021401126,"Apr 02, 2015",GSW vs. PHX,W,32,6,14,0.429,2,7,0.286,2,2,1.0,1,2,3,6,0,1,0,1,16,-4,1
22014,202691,0021401111,"Mar 31, 2015",GSW @ LAC,W,34,8,21,0.381,3,7,0.429,6,7,0.857,2,6,8,4,1,0,1,2,25,2,1
22014,202691,0021401089,"Mar 28, 2015",GSW @ MIL,W,34,8,17,0.471,3,8,0.375,2,2,1.0,1,4,5,4,2,1,2,3,21,30,1
22014,202691,0021401082,"Mar 27, 2015",GSW @ MEM,W,27,10,17,0.588,6,9,0.667,2,2,1.0,0,2,2,1,1,0,0,2,28,14,1
22014,202691,0021401059,"Mar 24, 2015",GSW @ POR,W,25,6,13,0.462,1,3,0.333,3,3,1.0,0,2,2,2,1,1,0,1,16,5,1
22014,202691,0021401053,"Mar 23, 2015",GSW vs. WAS,W,18,3,9,0.333,0,5,0.0,2,2,1.0,0,1,1,3,1,0,1,0,8,3,1
22014,202691,0021400999,"Mar 16, 2015",GSW vs. LAL,W,35,10,22,0.455,3,9,0.333,3,3,1.0,0,3,3,1,0,1,0,3,26,-2,1
22014,202691,0021400981,"Mar 14, 2015",GSW vs. NYK,W,26,9,17,0.529,6,10,0.6,3,3,1.0,0,2,2,2,0,0,0,1,27,30,1
22014,202691,0021400960,"Mar 11, 2015",GSW vs. DET,W,35,11,19,0.579,3,6,0.5,2,2,1.0,0,2,2,3,1,1,2,1,27,11,1
22014,202691,0021400944,"Mar 09, 2015",GSW @ PHX,W,31,8,19,0.421,4,8,0.5,5,5,1.0,0,2,2,3,0,1,2,1,25,17,1
22014,202691,0021400932,"Mar 08, 2015",GSW vs. LAC,W,30,9,13,0.692,3,5,0.6,0,0,0.0,0,1,1,2,0,1,2,1,21,21,1
22014,202691,0021400922,"Mar 06, 2015",GSW vs. DAL,W,31,5,14,0.357,2,5,0.4,4,5,0.8,0,1,1,2,0,1,4,2,16,23,1
22014,202691,0021400907,"Mar 04, 2015",GSW vs. MIL,W,36,5,16,0.313,3,8,0.375,4,4,1.0,0,0,0,5,3,0,1,3,17,5,1
22014,202691,0021400886,"Mar 02, 2015",GSW @ BKN,L,31,3,17,0.176,1,9,0.111,0,0,0.0,0,4,4,5,1,0,1,0,7,-9,1
22014,202691,0021400880,"Mar 01, 2015",GSW @ BOS,W,38,9,23,0.391,2,10,0.2,0,0,0.0,0,5,5,2,1,1,0,2,20,17,1
22014,202691,0021400861,"Feb 27, 2015",GSW @ TOR,W,28,9,18,0.5,5,8,0.625,2,2,1.0,0,1,1,5,1,1,0,2,25,44,1
22014,202691,0021400854,"Feb 26, 2015",GSW @ CLE,L,34,5,13,0.385,3,5,0.6,0,0,0.0,1,6,7,4,0,3,3,1,13,-4,1
22014,202691,0021400838,"Feb 24, 2015",GSW @ WAS,W,35,7,13,0.538,1,2,0.5,2,2,1.0,0,1,1,4,5,0,3,2,17,1,1
22014,202691,0021400824,"Feb 22, 2015",GSW @ IND,L,37,12,28,0.429,5,13,0.385,10,10,1.0,0,3,3,0,0,0,2,1,39,4,1
22014,202691,0021400814,"Feb 20, 2015",GSW vs. SAS,W,33,7,17,0.412,3,7,0.429,3,4,0.75,0,3,3,3,0,0,3,1,20,7,1
22014,202691,0021400793,"Feb 11, 2015",GSW @ MIN,W,30,5,14,0.357,3,7,0.429,1,2,0.5,0,2,2,0,0,2,3,0,14,-4,1
22014,202691,0021400775,"Feb 09, 2015",GSW @ PHI,W,29,4,14,0.286,1,6,0.167,4,4,1.0,0,2,2,3,1,0,3,1,13,1,1
22014,202691,0021400760,"Feb 07, 2015",GSW @ NYK,W,38,5,22,0.227,2,6,0.333,4,4,1.0,1,3,4,2,0,0,2,0,16,15,1
22014,202691,0021400749,"Feb 06, 2015",GSW @ ATL,L,36,11,20,0.55,4,8,0.5,3,4,0.75,0,4,4,5,2,1,3,2,29,2,1
22014,202691,0021400741,"Feb 04, 2015",GSW vs. DAL,W,34,7,17,0.412,4,10,0.4,0,0,0.0,0,0,0,5,2,0,3,0,18,8,1
22014,202691,0021400730,"Feb 03, 2015",GSW @ SAC,W,24,6,12,0.5,2,5,0.4,0,0,0.0,0,1,1,1,1,0,2,0,14,-2,1
22014,202691,0021400715,"Jan 31, 2015",GSW vs. PHX,W,33,9,17,0.529,3,9,0.333,1,1,1.0,0,3,3,4,0,2,5,2,22,19,1
22014,202691,0021400703,"Jan 30, 2015",GSW @ UTA,L,31,5,10,0.5,0,3,0.0,2,2,1.0,0,2,2,0,0,0,1,2,12,-14,1
22014,202691,0021400679,"Jan 27, 2015",GSW vs. CHI,L,44,13,27,0.481,4,10,0.4,0,1,0.0,3,7,10,2,1,0,4,2,30,-6,1
22014,202691,0021400665,"Jan 25, 2015",GSW vs. BOS,W,32,11,19,0.579,3,7,0.429,6,8,0.75,1,1,2,1,0,0,1,4,31,1,1
22014,202691,0021400651,"Jan 23, 2015",GSW vs. SAC,W,33,16,25,0.64,11,15,0.733,9,10,0.9,0,2,2,5,4,2,4,3,52,38,1
22014,202691,0021400636,"Jan 21, 2015",GSW vs. HOU,W,31,10,21,0.476,3,8,0.375,4,4,1.0,3,0,3,5,4,0,0,2,27,29,1
22014,202691,0021400615,"Jan 19, 2015",GSW vs. DEN,W,23,7,13,0.538,4,8,0.5,4,4,1.0,0,3,3,3,1,0,0,0,22,20,1
22014,202691,0021400603,"Jan 17, 2015",GSW @ HOU,W,31,9,15,0.6,3,5,0.6,6,9,0.667,0,5,5,2,1,5,1,0,27,18,1
22014,202691,0021400593,"Jan 16, 2015",GSW @ OKC,L,33,12,22,0.545,3,6,0.5,5,6,0.833,2,2,4,4,0,0,3,1,32,-14,1
22014,202691,0021400582,"Jan 14, 2015",GSW vs. MIA,W,33,7,17,0.412,3,9,0.333,2,2,1.0,0,4,4,1,1,2,1,1,19,3,1
22014,202691,0021400571,"Jan 13, 2015",GSW @ UTA,W,27,5,8,0.625,2,2,1.0,0,0,0.0,0,4,4,3,0,0,1,1,12,12,1
22014,202691,0021400547,"Jan 09, 2015",GSW vs. CLE,W,30,8,17,0.471,4,10,0.4,4,4,1.0,1,3,4,2,2,1,1,3,24,8,1
22014,202691,0021400533,"Jan 07, 2015",GSW vs. IND,W,40,14,25,0.56,6,11,0.545,6,6,1.0,0,4,4,3,1,1,2,1,40,20,1
22014,202691,0021400518,"Jan 05, 2015",GSW vs. OKC,W,19,6,12,0.5,3,5,0.6,4,5,0.8,0,3,3,0,1,1,3,4,19,10,1
22014,202691,0021400493,"Jan 02, 2015",GSW vs. TOR,W,29,8,13,0.615,4,6,0.667,0,0,0.0,0,2,2,1,2,3,3,4,20,19,1
22014,202691,0021400474,"Dec 30, 2014",GSW vs. PHI,W,24,6,14,0.429,2,8,0.25,0,0,0.0,0,3,3,3,1,0,4,2,14,14,1
22014,202691,0021400452,"Dec 27, 2014",GSW vs. MIN,W,24,8,15,0.533,4,9,0.444,1,2,0.5,0,5,5,4,1,0,2,2,21,15,1
22014,202691,0021400431,"Dec 25, 2014",GSW @ LAC,L,37,6,18,0.333,2,10,0.2,1,2,0.5,0,3,3,3,2,1,3,2,15,-9,1
22014,202691,0021400426,"Dec 23, 2014",GSW @ LAL,L,30,6,15,0.4,4,8,0.5,2,2,1.0,1,2,3,1,1,1,1,1,18,-21,1
22014,202691,0021400415,"Dec 22, 2014",GSW vs. SAC,W,28,10,16,0.625,2,4,0.5,3,3,1.0,0,2,2,3,1,0,1,0,25,10,1
22014,202691,0021400382,"Dec 18, 2014",GSW vs. OKC,W,35,7,15,0.467,2,4,0.5,3,3,1.0,0,2,2,5,1,1,1,0,19,-5,1
22014,202691,0021400365,"Dec 16, 2014",GSW @ MEM,L,40,8,16,0.5,4,5,0.8,2,2,1.0,0,2,2,0,1,1,2,1,22,-17,1
22014,202691,0021400348,"Dec 14, 2014",GSW @ NOP,W,42,10,22,0.455,2,7,0.286,7,9,0.778,0,4,4,3,1,3,3,3,29,20,1
22014,202691,0021400340,"Dec 13, 2014",GSW @ DAL,W,41,10,21,0.476,5,11,0.455,0,0,0.0,0,5,5,3,1,1,2,3,25,-7,1
22014,202691,0021400324,"Dec 10, 2014",GSW vs. HOU,W,35,8,18,0.444,1,8,0.125,4,4,1.0,0,4,4,4,1,2,4,2,21,8,1
22014,202691,0021400305,"Dec 08, 2014",GSW @ MIN,W,30,7,15,0.467,3,6,0.5,4,4,1.0,0,1,1,3,0,0,1,2,21,8,1
22014,202691,0021400289,"Dec 06, 2014",GSW @ CHI,W,38,9,23,0.391,2,8,0.25,4,4,1.0,0,5,5,5,2,2,2,3,24,25,1
22014,202691,0021400275,"Dec 04, 2014",GSW vs. NOP,W,33,8,16,0.5,5,8,0.625,2,4,0.5,1,3,4,5,2,1,2,0,23,19,1
22014,202691,0021400262,"Dec 02, 2014",GSW vs. ORL,W,35,8,16,0.5,4,8,0.5,0,0,0.0,0,6,6,5,2,0,1,1,20,7,1
22014,202691,0021400243,"Nov 30, 2014",GSW @ DET,W,35,5,11,0.455,2,2,1.0,3,3,1.0,0,3,3,2,1,0,3,1,15,10,1
22014,202691,0021400224,"Nov 28, 2014",GSW @ CHA,W,35,7,22,0.318,3,5,0.6,0,0,0.0,2,3,5,4,3,1,1,3,17,3,1
22014,202691,0021400212,"Nov 26, 2014",GSW @ ORL,W,25,6,14,0.429,0,2,0.0,0,0,0.0,0,4,4,2,2,1,3,0,12,26,1
22014,202691,0021400206,"Nov 25, 2014",GSW @ MIA,W,38,10,19,0.526,3,7,0.429,1,2,0.5,1,3,4,3,0,1,3,5,24,22,1
22014,202691,0021400196,"Nov 23, 2014",GSW @ OKC,W,38,6,20,0.3,4,11,0.364,4,4,1.0,1,7,8,5,0,0,0,0,20,9,1
22014,202691,0021400182,"Nov 21, 2014",GSW vs. UTA,W,23,6,11,0.545,1,5,0.2,1,2,0.5,0,1,1,2,2,0,0,1,14,25,1
22014,202691,0021400145,"Nov 16, 2014",GSW @ LAL,W,29,5,11,0.455,2,7,0.286,6,6,1.0,0,3,3,3,0,3,2,3,18,38,1
22014,202691,0021400140,"Nov 15, 2014",GSW vs. CHA,W,27,7,13,0.538,4,6,0.667,3,3,1.0,1,3,4,5,3,1,2,1,21,24,1
22014,202691,0021400121,"Nov 13, 2014",GSW vs. BKN,W,36,8,22,0.364,4,9,0.444,5,6,0.833,2,2,4,2,2,0,2,0,25,12,1
22014,202691,0021400108,"Nov 11, 2014",GSW vs. SAS,L,40,9,17,0.529,5,6,0.833,6,6,1.0,0,5,5,4,1,0,4,0,29,-7,1
22014,202691,0021400087,"Nov 08, 2014",GSW @ HOU,W,31,3,16,0.188,0,6,0.0,5,8,0.625,0,4,4,6,0,0,4,3,11,28,1
22014,202691,0021400068,"Nov 05, 2014",GSW vs. LAC,W,30,7,13,0.538,3,4,0.75,2,2,1.0,0,1,1,1,0,2,1,4,19,12,1
22014,202691,0021400042,"Nov 02, 2014",GSW @ POR,W,34,11,22,0.5,3,7,0.429,4,4,1.0,0,1,1,1,3,1,2,2,29,7,1
22014,202691,0021400038,"Nov 01, 2014",GSW vs. LAL,W,34,14,18,0.778,5,7,0.714,8,9,0.889,0,5,5,2,0,0,1,2,41,24,1
22014,202691,0021400014,"Oct 29, 2014",GSW @ SAC,W,38,4,14,0.286,2,8,0.25,9,10,0.9,0,2,2,6,2,1,5,1,19,21,1
22013,202691,0021301230,"Apr 16, 2014",GSW @ DEN,W,8,3,5,0.6,2,4,0.5,0,0,0.0,0,1,1,1,0,0,0,0,8,10,1
22013,202691,0021301213,"Apr 14, 2014",GSW vs. MIN,W,36,7,20,0.35,2,12,0.167,4,4,1.0,1,4,5,1,0,1,1,4,20,13,1
22013,202691,0021301201,"Apr 13, 2014",GSW @ POR,L,32,9,17,0.529,6,10,0.6,1,2,0.5,0,2,2,2,2,0,1,6,25,7,1
22013,202691,0021301188,"Apr 11, 2014",GSW @ LAL,W,37,6,15,0.4,2,6,0.333,2,5,0.4,1,2,3,4,0,1,2,2,16,13,1
22013,202691,0021301175,"Apr 10, 2014",GSW vs. DEN,L,30,8,19,0.421,3,6,0.5,2,2,1.0,1,1,2,1,0,0,2,2,21,-6,1
22013,202691,0021301155,"Apr 06, 2014",GSW vs. UTA,W,31,11,20,0.55,7,10,0.7,4,4,1.0,0,3,3,1,1,0,0,1,33,28,1
22013,202691,0021301141,"Apr 04, 2014",GSW vs. SAC,W,24,8,12,0.667,2,3,0.667,3,3,1.0,0,2,2,1,0,1,1,1,21,22,1
22013,202691,0021301123,"Apr 02, 2014",GSW @ SAS,L,33,5,8,0.625,3,3,1.0,2,2,1.0,0,2,2,2,0,0,0,2,15,-25,1
22013,202691,0021301112,"Apr 01, 2014",GSW @ DAL,W,47,11,24,0.458,4,9,0.444,1,1,1.0,0,5,5,5,1,0,2,3,27,6,1
22013,202691,0021301098,"Mar 30, 2014",GSW vs. NYK,L,37,6,18,0.333,3,11,0.273,0,0,0.0,1,8,9,0,0,0,2,5,15,2,1
22013,202691,0021301086,"Mar 28, 2014",GSW vs. MEM,W,36,6,16,0.375,0,3,0.0,2,2,1.0,1,3,4,5,1,0,2,3,14,9,1
22013,202691,0021301038,"Mar 22, 2014",GSW vs. SAS,L,37,7,16,0.438,1,3,0.333,1,2,0.5,0,2,2,3,1,0,3,3,16,-3,1
22013,202691,0021301021,"Mar 20, 2014",GSW vs. MIL,W,40,11,23,0.478,3,11,0.273,4,4,1.0,0,2,2,1,0,1,1,5,29,5,1
22013,202691,0021301007,"Mar 18, 2014",GSW vs. ORL,W,33,7,14,0.5,4,5,0.8,2,2,1.0,0,3,3,2,0,0,1,4,20,20,1
22013,202691,0021300994,"Mar 16, 2014",GSW @ POR,W,39,10,19,0.526,3,7,0.429,4,6,0.667,1,3,4,0,1,2,2,4,27,-2,1
22013,202691,0021300967,"Mar 12, 2014",GSW @ LAC,L,34,10,19,0.526,4,6,0.667,2,4,0.5,0,1,1,1,1,0,3,2,26,-4,1
22013,202691,0021300956,"Mar 11, 2014",GSW vs. DAL,W,24,6,10,0.6,2,2,1.0,0,0,0.0,0,3,3,1,1,0,5,4,14,11,1
22013,202691,0021300942,"Mar 09, 2014",GSW vs. PHX,W,35,9,15,0.6,4,6,0.667,0,2,0.0,0,4,4,2,0,1,1,4,22,18,1
22013,202691,0021300927,"Mar 07, 2014",GSW vs. ATL,W,6,2,5,0.4,0,0,0.0,2,2,1.0,1,1,2,0,0,0,0,1,6,7,1
22013,202691,0021300907,"Mar 05, 2014",GSW @ BOS,W,28,7,15,0.467,1,8,0.125,3,3,1.0,0,1,1,4,3,0,0,1,18,26,1
22013,202691,0021300899,"Mar 04, 2014",GSW @ IND,W,41,10,20,0.5,3,5,0.6,2,2,1.0,1,4,5,2,0,1,1,1,25,2,1
22013,202691,0021300884,"Mar 02, 2014",GSW @ TOR,L,27,4,15,0.267,2,7,0.286,2,2,1.0,1,2,3,0,1,0,1,5,12,-1,1
22013,202691,0021300869,"Feb 28, 2014",GSW @ NYK,W,29,9,17,0.529,5,10,0.5,2,3,0.667,0,3,3,1,1,0,0,1,25,15,1
22013,202691,0021300855,"Feb 26, 2014",GSW @ CHI,L,24,3,8,0.375,2,4,0.5,0,0,0.0,1,1,2,1,1,0,0,2,8,-18,1
22013,202691,0021300842,"Feb 24, 2014",GSW @ DET,W,29,8,12,0.667,2,3,0.667,1,1,1.0,0,3,3,2,0,0,3,1,19,-7,1
22013,202691,0021300832,"Feb 22, 2014",GSW vs. BKN,W,30,3,10,0.3,0,2,0.0,0,0,0.0,0,6,6,3,2,1,1,5,6,19,1
22013,202691,0021300814,"Feb 20, 2014",GSW vs. HOU,W,34,6,18,0.333,0,5,0.0,0,0,0.0,2,1,3,1,2,0,0,3,12,15,1
22013,202691,0021300810,"Feb 19, 2014",GSW @ SAC,W,38,6,14,0.429,1,3,0.333,5,5,1.0,0,4,4,5,3,1,2,3,18,18,1
22013,202691,0021300788,"Feb 12, 2014",GSW vs. MIA,L,35,7,15,0.467,2,4,0.5,1,2,0.5,0,3,3,1,2,1,1,2,17,2,1
22013,202691,0021300769,"Feb 10, 2014",GSW vs. PHI,W,23,2,9,0.222,1,4,0.25,1,1,1.0,0,5,5,3,0,1,0,1,6,29,1
22013,202691,0021300754,"Feb 08, 2014",GSW @ PHX,L,39,6,13,0.462,2,6,0.333,3,4,0.75,0,5,5,2,1,0,0,4,17,-10,1
22013,202691,0021300738,"Feb 06, 2014",GSW vs. CHI,W,40,8,16,0.5,3,6,0.5,3,3,1.0,0,1,1,1,0,1,1,3,22,10,1
22013,202691,0021300724,"Feb 04, 2014",GSW vs. CHA,L,34,5,13,0.385,2,4,0.5,0,0,0.0,0,1,1,0,1,1,2,3,12,-6,1
22013,202691,0021300696,"Jan 31, 2014",GSW @ UTA,W,42,3,20,0.15,2,6,0.333,3,4,0.75,0,5,5,2,0,1,1,3,11,3,1
22013,202691,0021300688,"Jan 30, 2014",GSW vs. LAC,W,34,6,14,0.429,1,3,0.333,3,4,0.75,0,1,1,3,3,0,0,1,16,16,1
22013,202691,0021300673,"Jan 28, 2014",GSW vs. WAS,L,40,5,17,0.294,3,9,0.333,0,0,0.0,0,6,6,4,2,1,3,3,13,2,1
22013,202691,0021300660,"Jan 26, 2014",GSW vs. POR,W,38,6,21,0.286,2,9,0.222,3,3,1.0,0,1,1,4,1,0,1,3,17,18,1
22013,202691,0021300645,"Jan 24, 2014",GSW vs. MIN,L,37,8,14,0.571,2,4,0.5,0,0,0.0,1,0,1,2,0,0,0,2,18,-10,1
22013,202691,0021300615,"Jan 20, 2014",GSW vs. IND,L,39,6,13,0.462,5,10,0.5,0,0,0.0,0,0,0,1,0,0,2,2,17,-8,1
22013,202691,0021300599,"Jan 18, 2014",GSW @ NOP,W,37,3,14,0.214,2,7,0.286,0,0,0.0,0,2,2,1,2,0,1,1,8,14,1
22013,202691,0021300592,"Jan 17, 2014",GSW @ OKC,L,41,9,17,0.529,6,9,0.667,2,2,1.0,0,1,1,3,1,1,1,5,26,-6,1
22013,202691,0021300576,"Jan 15, 2014",GSW vs. DEN,L,38,9,19,0.474,1,5,0.2,2,2,1.0,1,0,1,3,1,0,2,3,21,-8,1
22013,202691,0021300541,"Jan 10, 2014",GSW vs. BOS,W,41,5,17,0.294,3,7,0.429,4,4,1.0,1,0,1,1,0,0,1,2,17,8,1
22013,202691,0021300523,"Jan 08, 2014",GSW @ BKN,L,43,5,15,0.333,4,10,0.4,0,0,0.0,0,5,5,3,0,0,2,3,14,3,1
22013,202691,0021300515,"Jan 07, 2014",GSW @ MIL,W,26,6,18,0.333,1,6,0.167,2,4,0.5,1,1,2,0,0,0,1,4,15,17,1
22013,202691,0021300501,"Jan 05, 2014",GSW @ WAS,W,36,9,14,0.643,6,9,0.667,2,2,1.0,0,3,3,0,2,1,2,0,26,33,1
22013,202691,0021300483,"Jan 03, 2014",GSW @ ATL,W,40,8,17,0.471,3,7,0.429,2,2,1.0,1,4,5,6,0,1,3,1,21,12,1
22013,202691,0021300474,"Jan 02, 2014",GSW @ MIA,W,38,6,15,0.4,4,9,0.444,0,0,0.0,0,2,2,4,1,0,4,2,16,12,1
22013,202691,0021300462,"Dec 31, 2013",GSW @ ORL,W,30,7,12,0.583,1,5,0.2,0,0,0.0,0,2,2,2,1,2,4,3,15,16,1
22013,202691,0021300448,"Dec 29, 2013",GSW @ CLE,W,48,5,16,0.313,3,12,0.25,3,4,0.75,1,3,4,1,2,1,2,4,16,2,1
22013,202691,0021300435,"Dec 27, 2013",GSW vs. PHX,W,24,9,11,0.818,2,3,0.667,1,1,1.0,1,3,4,2,1,0,0,5,21,22,1
22013,202691,0021300422,"Dec 25, 2013",GSW vs. LAC,W,42,10,22,0.455,3,10,0.3,0,2,0.0,0,5,5,4,2,2,1,4,23,8,1
22013,202691,0021300415,"Dec 23, 2013",GSW @ DEN,W,38,6,16,0.375,1,4,0.25,0,0,0.0,1,5,6,2,2,0,3,3,13,11,1
22013,202691,0021300402,"Dec 21, 2013",GSW vs. LAL,W,33,5,15,0.333,4,8,0.5,3,4,0.75,0,3,3,2,2,0,2,3,17,19,1
22013,202691,0021300382,"Dec 19, 2013",GSW vs. SAS,L,41,6,18,0.333,1,7,0.143,0,0,0.0,2,0,2,2,2,1,5,4,13,-5,1
22013,202691,0021300368,"Dec 17, 2013",GSW vs. NOP,W,37,6,14,0.429,1,4,0.25,3,4,0.75,0,1,1,6,0,0,2,4,16,17,1
22013,202691,0021300355,"Dec 15, 2013",GSW @ PHX,L,39,7,17,0.412,2,4,0.5,3,3,1.0,0,1,1,3,0,0,2,4,19,-10,1
22013,202691,0021300341,"Dec 13, 2013",GSW vs. HOU,L,45,6,17,0.353,1,7,0.143,2,3,0.667,0,5,5,5,1,2,3,4,15,-7,1
22013,202691,0021300326,"Dec 11, 2013",GSW vs. DAL,W,35,3,14,0.214,3,9,0.333,2,2,1.0,0,3,3,1,0,0,4,2,11,-2,1
22013,202691,0021300304,"Dec 09, 2013",GSW @ CHA,L,46,9,19,0.474,4,12,0.333,0,0,0.0,1,1,2,5,0,1,2,5,22,0,1
22013,202691,0021300293,"Dec 07, 2013",GSW @ MEM,W,38,12,19,0.632,3,5,0.6,3,3,1.0,0,3,3,5,2,0,2,2,30,20,1
22013,202691,0021300285,"Dec 06, 2013",GSW @ HOU,L,35,2,10,0.2,0,4,0.0,1,1,1.0,0,3,3,1,1,0,3,4,5,-16,1
22013,202691,0021300268,"Dec 03, 2013",GSW vs. TOR,W,41,8,20,0.4,6,12,0.5,0,0,0.0,1,2,3,7,1,0,2,4,22,5,1
22013,202691,0021300251,"Dec 01, 2013",GSW @ SAC,W,41,10,19,0.526,8,11,0.727,0,0,0.0,0,2,2,1,3,0,4,4,28,1,1
22013,202691,0021300235,"Nov 29, 2013",GSW @ OKC,L,48,5,19,0.263,2,9,0.222,4,7,0.571,2,4,6,4,2,1,1,5,16,7,1
22013,202691,0021300225,"Nov 27, 2013",GSW @ DAL,L,38,5,16,0.313,3,9,0.333,7,8,0.875,1,9,10,2,0,0,4,2,20,5,1
22013,202691,0021300214,"Nov 26, 2013",GSW @ NOP,W,43,8,18,0.444,3,6,0.5,3,6,0.5,2,3,5,8,1,1,4,1,22,-2,1
22013,202691,0021300196,"Nov 23, 2013",GSW vs. POR,L,27,10,13,0.769,2,4,0.5,8,8,1.0,0,1,1,1,1,0,4,6,30,-4,1
22013,202691,0021300186,"Nov 22, 2013",GSW @ LAL,L,41,6,20,0.3,4,10,0.4,3,5,0.6,0,3,3,3,2,0,2,2,19,-6,1
22013,202691,0021300173,"Nov 20, 2013",GSW vs. MEM,L,48,9,19,0.474,2,7,0.286,1,2,0.5,1,0,1,0,0,0,3,2,21,1,1
22013,202691,0021300154,"Nov 18, 2013",GSW @ UTA,W,41,6,17,0.353,3,7,0.429,2,4,0.5,2,3,5,0,0,0,1,2,17,20,1
22013,202691,0021300145,"Nov 16, 2013",GSW vs. UTA,W,40,9,14,0.643,5,8,0.625,2,2,1.0,1,3,4,2,0,0,2,0,25,21,1
22013,202691,0021300124,"Nov 14, 2013",GSW vs. OKC,W,38,10,15,0.667,6,9,0.667,1,1,1.0,2,3,5,2,0,3,0,3,27,0,1
22013,202691,0021300109,"Nov 12, 2013",GSW vs. DET,W,27,6,9,0.667,2,4,0.5,0,0,0.0,0,2,2,3,0,0,0,2,14,17,1
22013,202691,0021300091,"Nov 09, 2013",GSW @ MEM,L,28,5,13,0.385,2,8,0.25,0,0,0.0,0,1,1,2,0,1,0,3,12,-20,1
22013,202691,0021300082,"Nov 08, 2013",GSW @ SAS,L,39,5,16,0.313,1,5,0.2,0,0,0.0,0,1,1,2,3,1,3,4,11,-1,1
22013,202691,0021300067,"Nov 06, 2013",GSW @ MIN,W,37,11,21,0.524,6,9,0.667,2,2,1.0,0,2,2,1,1,2,0,4,30,8,1
22013,202691,0021300048,"Nov 04, 2013",GSW @ PHI,W,30,5,12,0.417,4,8,0.5,1,2,0.5,1,2,3,2,2,0,1,3,15,38,1
22013,202691,0021300040,"Nov 02, 2013",GSW vs. SAC,W,40,10,17,0.588,3,8,0.375,4,4,1.0,1,6,7,2,1,0,1,3,27,19,1
22013,202691,0021300019,"Oct 31, 2013",GSW @ LAC,L,38,3,7,0.429,1,2,0.5,3,3,1.0,0,1,1,1,2,0,2,4,10,-13,1
22013,202691,0021300017,"Oct 30, 2013",GSW vs. LAL,W,31,15,19,0.789,5,7,0.714,3,4,0.75,1,2,3,1,0,0,1,3,38,30,1
22012,202691,0021201230,"Apr 17, 2013",GSW @ POR,W,38,9,19,0.474,5,7,0.714,1,2,0.5,0,3,3,0,1,0,2,4,24,7,1
22012,202691,0021201212,"Apr 15, 2013",GSW vs. SAS,W,35,10,17,0.588,1,4,0.25,2,2,1.0,1,4,5,2,1,2,3,2,23,30,1
22012,202691,0021201189,"Apr 12, 2013",GSW @ LAL,L,43,10,24,0.417,2,7,0.286,3,4,0.75,0,2,2,7,2,0,1,5,25,3,1
22012,202691,0021201175,"Apr 11, 2013",GSW vs. OKC,L,31,2,10,0.2,0,3,0.0,2,2,1.0,0,0,0,1,1,1,2,4,6,-17,0
22012,202691,0021201163,"Apr 09, 2013",GSW vs. MIN,W,36,10,19,0.526,6,10,0.6,4,4,1.0,0,3,3,2,5,0,2,4,30,13,1
22012,202691,0021201151,"Apr 07, 2013",GSW vs. UTA,L,42,8,15,0.533,2,3,0.667,2,4,0.5,0,2,2,2,1,1,3,3,20,-7,1
22012,202691,0021201134,"Apr 05, 2013",GSW @ PHX,W,41,10,18,0.556,3,4,0.75,2,3,0.667,0,0,0,3,4,1,3,5,25,11,1
22012,202691,0021201122,"Apr 03, 2013",GSW vs. NOH,W,36,4,11,0.364,0,2,0.0,0,0,0.0,1,1,2,2,1,1,1,4,8,22,1
22012,202691,0021201094,"Mar 30, 2013",GSW vs. POR,W,26,1,6,0.167,1,4,0.25,3,4,0.75,0,4,4,1,1,0,0,3,6,17,1
22012,202691,0021201069,"Mar 27, 2013",GSW vs. SAC,L,34,1,13,0.077,1,8,0.125,1,1,1.0,0,3,3,4,0,0,2,5,4,-2,1
22012,202691,0021201053,"Mar 25, 2013",GSW vs. LAL,W,41,8,18,0.444,6,11,0.545,0,0,0.0,0,4,4,3,2,1,1,4,22,6,1
22012,202691,0021201039,"Mar 23, 2013",GSW vs. WAS,W,38,7,16,0.438,3,7,0.429,1,2,0.5,0,0,0,2,0,0,3,2,18,16,1
22012,202691,0021201016,"Mar 20, 2013",GSW @ SAS,L,34,3,8,0.375,1,1,1.0,2,2,1.0,1,2,3,0,1,1,2,2,9,-12,1
22012,202691,0021201001,"Mar 18, 2013",GSW @ NOH,W,33,5,15,0.333,3,6,0.5,0,0,0.0,0,5,5,1,1,0,4,3,13,16,1
22012,202691,0021200988,"Mar 17, 2013",GSW @ HOU,W,42,10,18,0.556,6,9,0.667,0,0,0.0,0,4,4,0,1,0,4,3,26,19,1
22012,202691,0021200978,"Mar 15, 2013",GSW vs. CHI,L,32,3,9,0.333,0,4,0.0,1,2,0.5,0,1,1,3,1,0,2,0,7,-34,1
22012,202691,0021200966,"Mar 13, 2013",GSW vs. DET,W,43,4,15,0.267,1,6,0.167,1,2,0.5,0,3,3,1,1,1,1,2,10,20,0
22012,202691,0021200947,"Mar 11, 2013",GSW vs. NYK,W,35,9,18,0.5,4,7,0.571,1,2,0.5,1,4,5,1,3,1,0,4,23,26,1
22012,202691,0021200933,"Mar 09, 2013",GSW vs. MIL,L,39,7,17,0.412,2,5,0.4,2,2,1.0,0,3,3,2,1,0,1,2,18,-10,1
22012,202691,0021200926,"Mar 08, 2013",GSW vs. HOU,L,43,9,20,0.45,4,6,0.667,0,0,0.0,0,5,5,3,0,2,2,3,22,-11,0
22012,202691,0021200912,"Mar 06, 2013",GSW vs. SAC,W,37,6,17,0.353,4,10,0.4,4,4,1.0,0,5,5,2,0,0,2,1,20,9,1
22012,202691,0021200895,"Mar 04, 2013",GSW vs. TOR,W,28,8,11,0.727,4,5,0.8,2,2,1.0,0,1,1,4,0,1,2,6,22,9,1
22012,202691,0021200876,"Mar 02, 2013",GSW @ PHI,L,38,11,18,0.611,7,12,0.583,0,0,0.0,1,2,3,2,3,0,4,4,29,-6,1
22012,202691,0021200867,"Mar 01, 2013",GSW @ BOS,L,41,7,19,0.368,1,7,0.143,0,0,0.0,0,9,9,4,0,1,2,5,15,2,1
22012,202691,0021200853,"Feb 27, 2013",GSW @ NYK,L,36,3,13,0.231,0,6,0.0,0,0,0.0,1,3,4,0,1,1,0,5,6,-5,1
22012,202691,0021200844,"Feb 26, 2013",GSW @ IND,L,35,5,14,0.357,3,6,0.5,0,0,0.0,2,2,4,2,2,0,0,0,13,-24,1
22012,202691,0021200832,"Feb 24, 2013",GSW @ MIN,W,34,4,13,0.308,1,3,0.333,1,2,0.5,1,2,3,0,2,0,2,6,10,-1,1
22012,202691,0021200822,"Feb 22, 2013",GSW vs. SAS,W,44,5,14,0.357,0,3,0.0,0,0,0.0,0,3,3,3,1,1,1,3,10,-6,1
22012,202691,0021200808,"Feb 20, 2013",GSW vs. PHX,W,44,10,18,0.556,4,8,0.5,4,4,1.0,0,8,8,4,0,1,2,2,28,8,1
22012,202691,0021200795,"Feb 19, 2013",GSW @ UTA,L,34,6,11,0.545,0,2,0.0,3,4,0.75,2,5,7,0,0,0,1,0,15,-20,1
22012,202691,0021200774,"Feb 12, 2013",GSW vs. HOU,L,39,9,21,0.429,1,5,0.2,3,5,0.6,1,2,3,1,1,1,3,2,22,-14,1
22012,202691,0021200750,"Feb 09, 2013",GSW @ DAL,L,35,4,14,0.286,3,7,0.429,0,0,0.0,1,2,3,0,1,0,2,3,11,-23,1
22012,202691,0021200742,"Feb 08, 2013",GSW @ MEM,L,36,4,13,0.308,1,4,0.25,0,0,0.0,0,2,2,1,2,2,6,1,9,-5,1
22012,202691,0021200729,"Feb 06, 2013",GSW @ OKC,L,34,8,16,0.5,3,6,0.5,0,0,0.0,0,3,3,2,1,0,2,3,19,-10,1
22012,202691,0021200718,"Feb 05, 2013",GSW @ HOU,L,20,3,5,0.6,0,1,0.0,0,0,0.0,0,1,1,1,1,0,2,4,6,-20,1
22012,202691,0021200704,"Feb 02, 2013",GSW vs. PHX,W,35,6,14,0.429,2,5,0.4,3,3,1.0,0,7,7,7,1,0,0,3,17,24,1
22012,202691,0021200683,"Jan 31, 2013",GSW vs. DAL,W,35,11,18,0.611,3,7,0.429,2,4,0.5,0,1,1,0,1,0,0,5,27,-6,1
22012,202691,0021200666,"Jan 29, 2013",GSW @ CLE,W,43,13,24,0.542,6,8,0.75,0,0,0.0,0,7,7,2,0,3,3,2,32,17,1
22012,202691,0021200659,"Jan 28, 2013",GSW @ TOR,W,35,7,16,0.438,3,7,0.429,2,2,1.0,1,6,7,1,2,0,3,2,19,12,1
22012,202691,0021200647,"Jan 26, 2013",GSW @ MIL,L,39,8,21,0.381,3,11,0.273,0,0,0.0,0,3,3,1,2,0,1,3,19,-3,1
22012,202691,0021200636,"Jan 25, 2013",GSW @ CHI,L,33,4,13,0.308,0,4,0.0,5,5,1.0,0,8,8,1,2,1,0,3,13,-7,1
22012,202691,0021200628,"Jan 23, 2013",GSW vs. OKC,W,30,6,11,0.545,3,6,0.5,4,4,1.0,0,1,1,2,0,0,1,6,19,13,1
22012,202691,0021200610,"Jan 21, 2013",GSW vs. LAC,W,39,6,13,0.462,3,8,0.375,3,3,1.0,0,2,2,1,1,0,2,0,18,8,1
22012,202691,0021200596,"Jan 19, 2013",GSW @ NOH,W,38,11,16,0.688,5,7,0.714,2,2,1.0,0,3,3,1,1,0,2,1,29,1,1
22012,202691,0021200590,"Jan 18, 2013",GSW @ SAS,L,39,7,20,0.35,4,11,0.364,3,3,1.0,0,3,3,3,2,0,2,1,21,-6,1
22012,202691,0021200579,"Jan 16, 2013",GSW vs. MIA,L,29,1,8,0.125,0,4,0.0,0,0,0.0,0,2,2,3,0,0,4,3,2,-19,0
22012,202691,0021200553,"Jan 13, 2013",GSW @ DEN,L,39,6,16,0.375,1,7,0.143,0,0,0.0,0,6,6,3,0,1,5,3,13,-7,1
22012,202691,0021200540,"Jan 11, 2013",GSW vs. POR,W,37,6,14,0.429,2,5,0.4,2,2,1.0,0,4,4,2,1,0,5,5,16,14,1
22012,202691,0021200526,"Jan 09, 2013",GSW vs. MEM,L,42,6,13,0.462,2,6,0.333,6,6,1.0,2,5,7,7,1,0,1,3,20,3,1
22012,202691,0021200498,"Jan 05, 2013",GSW @ LAC,L,30,4,10,0.4,3,7,0.429,3,4,0.75,0,1,1,2,0,2,1,1,14,-28,1
22012,202691,0021200475,"Jan 02, 2013",GSW vs. LAC,W,35,7,14,0.5,5,9,0.556,0,0,0.0,1,2,3,3,1,0,4,4,19,22,1
22012,202691,0021200447,"Dec 29, 2012",GSW vs. BOS,W,26,4,9,0.444,3,6,0.5,2,2,1.0,0,6,6,1,1,2,0,3,13,4,1
22012,202691,0021200436,"Dec 28, 2012",GSW vs. PHI,W,39,5,14,0.357,4,7,0.571,0,0,0.0,0,1,1,3,2,1,2,2,14,5,1
22012,202691,0021200420,"Dec 26, 2012",GSW @ UTA,W,32,5,13,0.385,2,3,0.667,3,3,1.0,0,1,1,2,3,0,0,2,15,18,1
22012,202691,0021200398,"Dec 22, 2012",GSW vs. LAL,L,39,6,16,0.375,3,8,0.375,3,4,0.75,1,3,4,3,1,1,2,3,18,5,1
22012,202691,0021200389,"Dec 21, 2012",GSW vs. CHA,W,29,7,15,0.467,4,8,0.5,2,2,1.0,0,3,3,1,1,0,1,5,20,10,1
22012,202691,0021200375,"Dec 19, 2012",GSW @ SAC,L,36,3,9,0.333,3,6,0.5,2,2,1.0,0,5,5,5,2,1,0,3,11,0,1
22012,202691,0021200365,"Dec 18, 2012",GSW vs. NOH,W,35,5,15,0.333,3,8,0.375,6,6,1.0,0,4,4,2,3,0,1,2,19,8,1
22012,202691,0021200337,"Dec 15, 2012",GSW @ ATL,W,23,3,9,0.333,1,3,0.333,0,0,0.0,0,4,4,1,0,0,1,5,7,16,1
22012,202691,0021200330,"Dec 14, 2012",GSW @ ORL,L,33,3,13,0.231,3,8,0.375,0,0,0.0,2,2,4,4,2,1,1,2,9,-7,1
22012,202691,0021200314,"Dec 12, 2012",GSW @ MIA,W,44,11,22,0.5,5,14,0.357,0,0,0.0,0,7,7,4,2,1,3,1,27,0,1
22012,202691,0021200299,"Dec 10, 2012",GSW @ CHA,W,36,4,7,0.571,2,5,0.4,0,0,0.0,1,1,2,6,0,1,1,4,10,1,1
22012,202691,0021200283,"Dec 08, 2012",GSW @ WAS,W,39,8,14,0.571,5,9,0.556,2,2,1.0,1,5,6,5,0,2,3,2,23,5,1
22012,202691,0021200272,"Dec 07, 2012",GSW @ BKN,W,36,5,11,0.455,3,7,0.429,0,0,0.0,1,4,5,2,2,0,1,4,13,2,1
22012,202691,0021200261,"Dec 05, 2012",GSW @ DET,W,38,9,13,0.692,5,8,0.625,4,4,1.0,0,4,4,1,2,1,0,1,27,9,1
22012,202691,0021200250,"Dec 03, 2012",GSW vs. ORL,L,30,3,12,0.25,2,6,0.333,0,0,0.0,0,2,2,4,0,0,1,4,8,7,1
22012,202691,0021200242,"Dec 01, 2012",GSW vs. IND,W,43,8,23,0.348,4,10,0.4,2,2,1.0,2,5,7,0,0,1,3,1,22,4,1
22012,202691,0021200221,"Nov 29, 2012",GSW vs. DEN,W,43,10,19,0.526,1,6,0.167,0,0,0.0,0,9,9,3,0,1,3,2,21,1,1
22012,202691,0021200190,"Nov 24, 2012",GSW vs. MIN,W,32,8,17,0.471,1,8,0.125,7,8,0.875,0,3,3,1,0,0,1,1,24,0,1
22012,202691,0021200179,"Nov 23, 2012",GSW @ DEN,L,36,6,12,0.5,4,7,0.571,0,0,0.0,0,1,1,3,0,0,0,2,16,-15,1
22012,202691,0021200170,"Nov 21, 2012",GSW vs. BKN,W,38,10,19,0.526,3,6,0.5,0,0,0.0,0,1,1,3,0,0,2,3,23,9,1
22012,202691,0021200151,"Nov 19, 2012",GSW @ DAL,W,42,2,14,0.143,1,6,0.167,2,2,1.0,1,2,3,2,1,1,4,4,7,6,1
22012,202691,0021200143,"Nov 18, 2012",GSW @ OKC,L,23,2,8,0.25,0,3,0.0,0,0,0.0,0,4,4,1,0,1,1,1,4,-18,1
22012,202691,0021200126,"Nov 16, 2012",GSW @ MIN,W,28,5,14,0.357,1,6,0.167,1,2,0.5,0,3,3,2,1,0,2,3,12,17,1
22012,202691,0021200118,"Nov 14, 2012",GSW vs. ATL,W,35,2,11,0.182,1,5,0.2,2,2,1.0,0,1,1,4,0,0,3,2,7,-1,1
22012,202691,0021200089,"Nov 10, 2012",GSW vs. DEN,L,55,9,26,0.346,5,15,0.333,0,2,0.0,0,5,5,1,0,2,3,4,23,4,1
22012,202691,0021200080,"Nov 09, 2012",GSW @ LAL,L,29,6,16,0.375,3,8,0.375,0,0,0.0,0,2,2,1,0,0,2,4,15,-12,1
22012,202691,0021200065,"Nov 07, 2012",GSW vs. CLE,W,22,4,10,0.4,1,5,0.2,4,6,0.667,1,1,2,1,1,0,4,4,13,2,1
22012,202691,0021200048,"Nov 05, 2012",GSW @ SAC,L,39,7,17,0.412,3,9,0.333,5,6,0.833,0,7,7,3,2,0,1,2,22,-2,1
22012,202691,0021200036,"Nov 03, 2012",GSW @ LAC,W,28,6,17,0.353,2,6,0.333,3,3,1.0,3,5,8,3,1,0,2,4,17,2,1
22012,202691,0021200026,"Nov 02, 2012",GSW vs. MEM,L,38,4,10,0.4,1,2,0.5,2,2,1.0,0,3,3,5,1,1,1,1,11,-5,1
22012,202691,0021200010,"Oct 31, 2012",GSW @ PHX,W,34,6,16,0.375,4,7,0.571,0,0,0.0,2,6,8,1,0,0,4,2,16,-10,1
22011,202691,0021100990,"Apr 26, 2012",GSW vs. SAS,L,29,6,16,0.375,2,7,0.286,3,4,0.75,0,5,5,6,0,0,3,3,17,-3,0
22011,202691,0021100970,"Apr 24, 2012",GSW vs. NOH,L,28,7,12,0.583,1,3,0.333,1,1,1.0,0,3,3,0,1,0,2,4,16,7,0
22011,202691,0021100957,"Apr 22, 2012",GSW @ MIN,W,43,8,21,0.381,0,6,0.0,1,1,1.0,1,3,4,3,1,2,3,1,17,8,0
22011,202691,0021100948,"Apr 21, 2012",GSW @ HOU,L,43,9,19,0.474,2,5,0.4,4,4,1.0,0,4,4,3,1,0,3,3,24,-4,0
22011,202691,0021100940,"Apr 20, 2012",GSW @ DAL,L,40,11,22,0.5,3,4,0.75,1,2,0.5,0,3,3,4,1,0,1,3,26,-3,0
22011,202691,0021100931,"Apr 18, 2012",GSW vs. LAL,L,43,7,22,0.318,1,8,0.125,2,2,1.0,0,4,4,5,1,0,3,3,17,-11,0
22011,202691,0021100912,"Apr 16, 2012",GSW vs. SAS,L,43,12,22,0.545,2,5,0.4,3,4,0.75,0,8,8,5,2,0,3,4,29,-24,0
22011,202691,0021100886,"Apr 14, 2012",GSW @ LAC,L,42,9,17,0.529,4,7,0.571,2,2,1.0,3,1,4,2,4,0,3,3,24,-9,0
22011,202691,0021100873,"Apr 12, 2012",GSW vs. DAL,L,40,8,17,0.471,3,6,0.5,5,5,1.0,0,7,7,8,2,1,2,1,24,1,0
22011,202691,0021100868,"Apr 11, 2012",GSW @ POR,L,30,5,9,0.556,2,3,0.667,0,0,0.0,0,4,4,2,0,1,1,1,12,-18,0
22011,202691,0021100849,"Apr 09, 2012",GSW @ DEN,L,29,5,13,0.385,4,7,0.571,3,3,1.0,0,1,1,1,0,0,2,2,17,-33,0
22011,202691,0021100834,"Apr 07, 2012",GSW vs. DEN,W,22,6,11,0.545,2,5,0.4,1,2,0.5,0,2,2,0,0,2,1,2,15,13,0
22011,202691,0021100824,"Apr 06, 2012",GSW @ UTA,L,32,9,16,0.563,4,5,0.8,1,1,1.0,1,4,5,1,3,0,4,2,23,-9,0
22011,202691,0021100806,"Apr 04, 2012",GSW @ MIN,W,25,6,16,0.375,1,5,0.2,0,0,0.0,0,4,4,0,1,0,2,1,13,7,0
22011,202691,0021100796,"Apr 03, 2012",GSW @ MEM,L,23,2,8,0.25,0,2,0.0,2,2,1.0,0,1,1,2,1,1,3,2,6,6,0
22011,202691,0021100784,"Apr 01, 2012",GSW @ LAL,L,28,8,16,0.5,2,8,0.25,0,1,0.0,0,2,2,3,1,0,0,5,18,4,0
22011,202691,0021100768,"Mar 30, 2012",GSW vs. NJN,L,27,5,13,0.385,4,6,0.667,0,0,0.0,1,1,2,1,0,0,0,4,14,0,0
22011,202691,0021100752,"Mar 28, 2012",GSW vs. NOH,L,28,5,10,0.5,2,5,0.4,1,2,0.5,0,3,3,3,1,1,5,2,13,-3,0
22011,202691,0021100742,"Mar 27, 2012",GSW vs. LAL,L,38,10,25,0.4,0,5,0.0,0,0,0.0,3,2,5,7,2,0,1,4,20,-5,0
22011,202691,0021100725,"Mar 25, 2012",GSW @ POR,L,33,5,11,0.455,2,6,0.333,4,4,1.0,0,2,2,2,0,0,4,4,16,-2,0
22011,202691,0021100718,"Mar 24, 2012",GSW vs. SAC,W,42,10,20,0.5,4,9,0.444,7,7,1.0,0,1,1,2,2,2,2,4,31,6,0
22011,202691,0021100696,"Mar 22, 2012",GSW @ HOU,L,28,4,11,0.364,0,2,0.0,2,2,1.0,0,1,1,3,1,0,2,2,10,-19,0
22011,202691,0021100688,"Mar 21, 2012",GSW @ NOH,W,41,11,24,0.458,4,8,0.5,1,1,1.0,2,3,5,5,1,0,3,3,27,9,0
22011,202691,0021100675,"Mar 19, 2012",GSW vs. MIN,L,23,7,18,0.389,3,6,0.5,0,0,0.0,0,1,1,1,1,1,1,3,17,1,0
22011,202691,0021100661,"Mar 17, 2012",GSW @ UTA,L,39,6,16,0.375,2,8,0.25,3,3,1.0,0,2,2,2,3,1,3,2,17,-4,0
22011,202691,0021100653,"Mar 16, 2012",GSW vs. MIL,L,36,6,17,0.353,3,5,0.6,4,4,1.0,1,2,3,4,1,0,0,2,19,-20,0
22011,202691,0021100637,"Mar 14, 2012",GSW vs. BOS,L,40,9,16,0.563,3,7,0.429,5,5,1.0,1,0,1,4,0,0,4,5,26,4,0
22011,202691,0021100625,"Mar 13, 2012",GSW @ SAC,W,43,6,19,0.316,0,5,0.0,2,2,1.0,0,4,4,5,0,1,0,3,14,24,0
22011,202691,0021100610,"Mar 11, 2012",GSW @ LAC,W,19,3,9,0.333,2,3,0.667,3,4,0.75,0,0,0,2,0,0,0,3,11,-9,0
22011,202691,0021100602,"Mar 10, 2012",GSW vs. DAL,W,21,3,9,0.333,1,4,0.25,6,8,0.75,1,2,3,3,2,0,0,1,13,14,0
22011,202691,0021100581,"Mar 07, 2012",GSW vs. MEM,L,27,6,11,0.545,3,5,0.6,1,1,1.0,0,6,6,1,0,0,1,1,16,-2,0
22011,202691,0021100555,"Mar 05, 2012",GSW @ WAS,W,20,7,14,0.5,4,5,0.8,0,0,0.0,1,1,2,2,0,0,2,4,18,2,0
22011,202691,0021100548,"Mar 04, 2012",GSW @ TOR,L,12,2,5,0.4,1,2,0.5,0,0,0.0,0,1,1,0,0,0,3,0,5,-3,0
22011,202691,0021100532,"Mar 02, 2012",GSW @ PHI,L,21,4,11,0.364,1,3,0.333,0,0,0.0,0,4,4,2,0,0,1,1,9,-14,0
22011,202691,0021100516,"Feb 29, 2012",GSW @ ATL,W,15,3,5,0.6,0,0,0.0,2,2,1.0,0,2,2,0,0,0,0,1,8,12,0
22011,202691,0021100504,"Feb 28, 2012",GSW @ IND,L,21,3,9,0.333,1,4,0.25,2,4,0.5,1,3,4,1,2,0,2,0,9,-4,0
22011,202691,0021100496,"Feb 22, 2012",GSW @ PHX,W,11,2,5,0.4,0,0,0.0,0,0,0.0,2,2,4,0,0,0,0,0,4,-11,0
22011,202691,0021100480,"Feb 20, 2012",GSW vs. LAC,W,11,0,2,0.0,0,1,0.0,0,0,0.0,0,0,0,3,0,0,1,1,0,-8,0
22011,202691,0021100458,"Feb 18, 2012",GSW @ MEM,L,10,1,5,0.2,0,2,0.0,0,0,0.0,0,1,1,0,0,0,1,1,2,9,0
22011,202691,0021100453,"Feb 17, 2012",GSW @ OKC,L,23,5,11,0.455,0,2,0.0,1,2,0.5,0,1,1,1,1,0,3,3,11,-14,0
22011,202691,0021100440,"Feb 15, 2012",GSW vs. POR,L,21,2,8,0.25,1,5,0.2,2,2,1.0,0,1,1,1,1,0,1,2,7,-7,0
22011,202691,0021100419,"Feb 13, 2012",GSW vs. PHX,W,20,4,6,0.667,2,3,0.667,0,0,0.0,1,4,5,1,1,0,1,1,10,4,0
22011,202691,0021100412,"Feb 12, 2012",GSW vs. HOU,W,22,5,10,0.5,4,6,0.667,0,0,0.0,0,4,4,3,0,1,0,2,14,6,0
22011,202691,0021100385,"Feb 09, 2012",GSW @ DEN,W,18,8,11,0.727,3,4,0.75,0,0,0.0,0,1,1,1,1,0,1,4,19,2,0
22011,202691,0021100372,"Feb 07, 2012",GSW vs. OKC,L,8,1,1,1.0,1,1,1.0,0,0,0.0,0,1,1,1,0,0,3,2,3,-10,0
22011,202691,0021100353,"Feb 04, 2012",GSW @ SAC,L,22,5,8,0.625,4,5,0.8,2,2,1.0,0,3,3,0,1,1,0,3,16,1,0
22011,202691,0021100331,"Feb 02, 2012",GSW vs. UTA,W,8,1,1,1.0,0,0,0.0,0,0,0.0,0,0,0,0,0,0,0,2,2,-1,0
22011,202691,0021100314,"Jan 31, 2012",GSW vs. SAC,W,20,2,10,0.2,0,3,0.0,0,0,0.0,0,1,1,2,1,0,0,0,4,-1,0
22011,202691,0021100284,"Jan 27, 2012",GSW vs. OKC,L,19,6,8,0.75,2,3,0.667,0,0,0.0,0,2,2,2,1,3,1,3,14,2,0
22011,202691,0021100269,"Jan 25, 2012",GSW vs. POR,W,8,1,4,0.25,0,2,0.0,0,0,0.0,0,0,0,1,0,0,0,1,2,2,0
22011,202691,0021100251,"Jan 23, 2012",GSW vs. MEM,L,13,3,7,0.429,1,3,0.333,0,0,0.0,0,1,1,0,0,0,1,3,7,5,0
22011,202691,0021100226,"Jan 20, 2012",GSW vs. IND,L,13,3,6,0.5,2,5,0.4,0,0,0.0,0,0,0,1,1,0,1,1,8,6,0
22011,202691,0021100206,"Jan 18, 2012",GSW @ NJN,L,23,5,9,0.556,2,3,0.667,0,0,0.0,0,0,0,3,0,1,0,3,12,-11,0
22011,202691,0021100196,"Jan 17, 2012",GSW @ CLE,W,17,5,9,0.556,4,4,1.0,0,0,0.0,0,1,1,2,1,0,2,2,14,3,0
22011,202691,0021100181,"Jan 15, 2012",GSW @ DET,W,11,0,1,0.0,0,0,0.0,0,0,0.0,0,1,1,2,1,0,0,1,0,-1,0
22011,202691,0021100171,"Jan 14, 2012",GSW @ CHA,L,16,2,8,0.25,0,5,0.0,0,0,0.0,0,1,1,1,1,0,4,4,4,0,0
22011,202691,0021100158,"Jan 12, 2012",GSW vs. ORL,L,23,5,8,0.625,4,5,0.8,0,0,0.0,0,3,3,1,1,0,2,5,14,-16,0
22011,202691,0021100142,"Jan 10, 2012",GSW vs. MIA,W,13,2,6,0.333,0,2,0.0,0,0,0.0,1,2,3,2,0,1,0,3,4,3,0
22011,202691,0021100119,"Jan 07, 2012",GSW vs. UTA,L,23,1,6,0.167,0,1,0.0,0,0,0.0,0,0,0,3,1,0,2,2,2,11,0
22011,202691,0021100109,"Jan 06, 2012",GSW @ LAL,L,22,6,8,0.75,2,3,0.667,0,0,0.0,1,0,1,1,0,0,1,2,14,6,0
22011,202691,0021100091,"Jan 04, 2012",GSW @ SAS,L,25,4,10,0.4,2,6,0.333,0,0,0.0,0,3,3,0,0,0,0,4,10,-11,0
22011,202691,0021100066,"Jan 02, 2012",GSW @ PHX,L,14,2,5,0.4,2,3,0.667,0,0,0.0,1,1,2,0,0,0,2,2,6,-7,0
22011,202691,0021100056,"Dec 31, 2011",GSW vs. PHI,L,26,1,3,0.333,1,2,0.5,0,0,0.0,0,2,2,3,1,0,3,4,3,-13,0
22011,202691,0021100032,"Dec 28, 2011",GSW vs. NYK,W,8,1,2,0.5,0,1,0.0,0,0,0.0,0,0,0,0,0,0,1,1,2,1,0
22011,202691,0021100017,"Dec 26, 2011",GSW vs. CHI,W,11,0,2,0.0,0,1,0.0,0,0,0.0,1,2,3,2,0,0,0,1,0,8,0
22011,202691,0021100005,"Dec 25, 2011",GSW vs. LAC,L,19,2,8,0.25,1,3,0.333,2,2,1.0,1,2,3,1,0,0,2,3,7,-10,0
