SEASON_ID,Player_ID,Game_ID,GAME_DATE,MATCHUP,WL,MIN,FGM,FGA,FG_PCT,FG3M,FG3A,FG3_PCT,FTM,FTA,FT_PCT,OREB,DREB,REB,AST,STL,BLK,TOV,PF,PTS,PLUS_MINUS,VIDEO_AVAILABLE
22025,201939,0022501199,"Apr 12, 2026",GSW @ LAC,L,29,7,14,0.5,4,9,0.444,6,8,0.75,0,6,6,3,1,1,3,0,24,13,1
22025,201939,0022501184,"Apr 10, 2026",GSW @ SAC,L,27,3,8,0.375,2,6,0.333,3,3,1.0,0,3,3,5,2,0,3,0,11,-4,1
22025,201939,0022501154,"Apr 07, 2026",GSW vs. SAC,W,25,5,12,0.417,4,11,0.364,3,3,1.0,1,4,5,2,1,0,3,0,17,6,1
22025,201939,0022501142,"Apr 05, 2026",GSW vs. HOU,L,26,11,21,0.524,5,10,0.5,2,3,0.667,0,2,2,4,1,0,1,1,29,12,1
22025,201939,0022500696,"Jan 30, 2026",GSW vs. DET,L,25,7,16,0.438,4,10,0.4,5,5,1.0,0,1,1,2,0,1,4,0,23,-5,1
22025,201939,0022500678,"Jan 28, 2026",GSW @ UTA,W,28,7,14,0.5,4,10,0.4,9,10,0.9,0,1,1,2,2,0,5,1,27,16,1
22025,201939,0022500644,"Jan 25, 2026",GSW @ MIN,W,28,7,18,0.389,3,10,0.3,9,9,1.0,1,1,2,7,4,0,2,1,26,16,1
22025,201939,0022500630,"Jan 22, 2026",GSW @ DAL,L,34,14,27,0.519,8,15,0.533,2,2,1.0,0,4,4,1,0,0,2,2,38,-24,1
22025,201939,0022500618,"Jan 20, 2026",GSW vs. TOR,L,25,6,16,0.375,2,7,0.286,2,3,0.667,0,3,3,3,1,0,1,1,16,-25,1
22025,201939,0022500612,"Jan 19, 2026",GSW vs. MIA,W,28,6,13,0.462,5,10,0.5,2,2,1.0,0,3,3,11,0,0,3,5,19,3,1
22025,201939,0022500599,"Jan 17, 2026",GSW vs. CHA,W,30,6,12,0.5,2,8,0.25,0,0,0.0,1,2,3,5,0,0,3,0,14,2,1
22025,201939,0022500584,"Jan 15, 2026",GSW vs. NYK,W,34,10,17,0.588,4,9,0.444,3,3,1.0,0,3,3,7,1,1,3,1,27,3,1
22025,201939,0022500570,"Jan 13, 2026",GSW vs. POR,W,25,2,9,0.222,2,8,0.25,1,1,1.0,0,4,4,11,1,0,1,1,7,8,1
22025,201939,0022500556,"Jan 11, 2026",GSW vs. ATL,L,33,11,21,0.524,3,11,0.273,6,6,1.0,0,3,3,5,0,0,3,2,31,-9,1
22025,201939,0022500539,"Jan 09, 2026",GSW vs. SAC,W,32,10,21,0.476,6,12,0.5,1,1,1.0,0,0,0,10,1,2,2,0,27,14,1
22025,201939,0022500526,"Jan 07, 2026",GSW vs. MIL,W,34,12,21,0.571,3,9,0.333,4,5,0.8,0,6,6,7,0,0,1,0,31,16,1
22025,201939,0022500508,"Jan 05, 2026",GSW @ LAC,L,34,9,23,0.391,4,15,0.267,5,5,1.0,1,3,4,6,3,0,1,6,27,5,1
22025,201939,0022500492,"Jan 03, 2026",GSW vs. UTA,W,34,8,18,0.444,6,12,0.5,9,9,1.0,0,2,2,5,1,0,2,2,31,5,1
22025,201939,0022500462,"Dec 31, 2025",GSW @ CHA,W,33,9,16,0.563,5,10,0.5,3,3,1.0,0,2,2,4,0,1,5,4,26,11,1
22025,201939,0022500449,"Dec 29, 2025",GSW @ BKN,W,29,8,15,0.533,5,12,0.417,6,7,0.857,0,2,2,5,1,0,2,1,27,-6,1
22025,201939,0022500441,"Dec 28, 2025",GSW @ TOR,L,41,12,30,0.4,4,11,0.364,11,11,1.0,2,1,3,4,1,1,4,2,39,0,1
22025,201939,0022500011,"Dec 25, 2025",GSW vs. DAL,W,33,6,18,0.333,2,10,0.2,9,9,1.0,1,2,3,4,0,0,3,3,23,-3,1
22025,201939,0022500407,"Dec 22, 2025",GSW vs. ORL,W,31,10,23,0.435,4,13,0.308,2,2,1.0,0,3,3,6,2,0,3,1,26,17,1
22025,201939,0022500392,"Dec 20, 2025",GSW vs. PHX,W,35,9,19,0.474,4,11,0.364,6,7,0.857,2,8,10,6,1,0,4,2,28,13,1
22025,201939,0022500378,"Dec 18, 2025",GSW @ PHX,L,33,3,13,0.231,2,9,0.222,7,7,1.0,1,8,9,7,1,0,2,1,15,-12,1
22025,201939,0022501221,"Dec 14, 2025",GSW @ POR,L,35,16,26,0.615,12,19,0.632,4,4,1.0,0,3,3,2,3,1,3,0,48,-8,1
22025,201939,0022501215,"Dec 12, 2025",GSW vs. MIN,L,32,14,28,0.5,6,15,0.4,5,7,0.714,2,3,5,5,0,0,2,3,39,-3,1
22025,201939,0022500066,"Nov 26, 2025",GSW vs. HOU,L,33,4,13,0.308,2,9,0.222,4,4,1.0,1,5,6,5,0,2,7,4,14,5,1
22025,201939,0022500291,"Nov 24, 2025",GSW vs. UTA,W,29,12,24,0.5,6,17,0.353,1,1,1.0,1,3,4,2,1,2,3,0,31,4,1
22025,201939,0022500056,"Nov 21, 2025",GSW vs. POR,L,34,14,23,0.609,9,17,0.529,1,1,1.0,0,2,2,4,0,0,3,2,38,-3,1
22025,201939,0022500249,"Nov 18, 2025",GSW @ ORL,L,34,12,23,0.522,7,15,0.467,3,5,0.6,0,3,3,9,3,0,5,2,34,-3,1
22025,201939,0022500237,"Nov 16, 2025",GSW @ NOP,W,28,2,11,0.182,1,6,0.167,4,5,0.8,1,4,5,3,0,0,4,3,9,18,1
22025,201939,0022500047,"Nov 14, 2025",GSW @ SAS,W,36,16,26,0.615,9,17,0.529,8,8,1.0,0,4,4,2,2,0,3,2,49,9,1
22025,201939,0022500220,"Nov 12, 2025",GSW @ SAS,W,34,13,25,0.52,5,16,0.313,15,16,0.938,0,5,5,5,2,0,1,2,46,5,1
22025,201939,0022500210,"Nov 11, 2025",GSW @ OKC,L,20,4,13,0.308,1,5,0.2,2,3,0.667,0,1,1,0,1,0,1,5,11,-23,1
22025,201939,0022500169,"Nov 04, 2025",GSW vs. PHX,W,34,9,23,0.391,5,12,0.417,5,5,1.0,1,3,4,3,1,1,2,3,28,7,1
22025,201939,0022500144,"Nov 01, 2025",GSW @ IND,L,29,8,23,0.348,4,16,0.25,4,5,0.8,0,0,0,2,1,0,5,2,24,-21,1
22025,201939,0022500139,"Oct 30, 2025",GSW @ MIL,L,35,8,19,0.421,4,10,0.4,7,8,0.875,0,6,6,4,1,0,5,2,27,-6,1
22025,201939,0022500127,"Oct 28, 2025",GSW vs. LAC,W,26,7,15,0.467,2,8,0.25,3,3,1.0,0,2,2,8,2,0,2,1,19,16,1
22025,201939,0022500121,"Oct 27, 2025",GSW vs. MEM,W,30,5,11,0.455,4,9,0.444,2,2,1.0,0,4,4,3,0,0,1,2,16,17,1
22025,201939,0022500097,"Oct 24, 2025",GSW @ POR,L,27,12,22,0.545,7,14,0.5,4,4,1.0,1,5,6,3,1,2,4,1,35,-13,1
22025,201939,0022500006,"Oct 23, 2025",GSW vs. DEN,W,37,14,25,0.56,6,12,0.5,8,8,1.0,0,6,6,7,3,1,2,1,42,15,1
22025,201939,0022500002,"Oct 21, 2025",GSW @ LAL,W,32,6,14,0.429,3,9,0.333,8,8,1.0,0,1,1,4,3,1,2,3,23,1,1
22024,201939,0022401198,"Apr 13, 2025",GSW vs. LAC,L,38,10,20,0.5,7,12,0.583,9,9,1.0,1,2,3,6,2,0,8,2,36,-16,1
22024,201939,0022401183,"Apr 11, 2025",GSW @ POR,W,27,6,14,0.429,2,8,0.25,0,0,0.0,1,4,5,5,0,1,1,2,14,8,1
22024,201939,0022401163,"Apr 09, 2025",GSW vs. SAS,L,37,12,24,0.5,5,14,0.357,1,1,1.0,2,6,8,3,2,0,1,0,30,13,1
22024,201939,0022401154,"Apr 08, 2025",GSW @ PHX,W,26,9,17,0.529,3,9,0.333,4,4,1.0,1,8,9,6,1,1,2,0,25,31,1
22024,201939,0022401143,"Apr 06, 2025",GSW vs. HOU,L,33,1,10,0.1,1,8,0.125,0,0,0.0,0,2,2,8,0,0,4,0,3,-4,1
22024,201939,0022401125,"Apr 04, 2025",GSW vs. DEN,W,32,13,24,0.542,7,15,0.467,3,3,1.0,1,1,2,5,2,0,2,2,36,6,1
22024,201939,0022401117,"Apr 03, 2025",GSW @ LAL,W,34,10,21,0.476,4,11,0.364,13,14,0.929,1,2,3,6,0,0,2,1,37,-1,1
22024,201939,0022401100,"Apr 01, 2025",GSW @ MEM,W,37,16,31,0.516,12,20,0.6,8,8,1.0,1,9,10,8,5,1,2,2,52,17,1
22024,201939,0022401086,"Mar 30, 2025",GSW @ SAS,W,26,4,10,0.4,2,4,0.5,3,3,1.0,0,3,3,6,1,1,0,2,13,24,1
22024,201939,0022401072,"Mar 28, 2025",GSW @ NOP,W,34,7,21,0.333,5,16,0.313,4,5,0.8,0,4,4,6,3,0,1,2,23,10,1
22024,201939,0022401005,"Mar 20, 2025",GSW vs. TOR,W,25,6,8,0.75,2,4,0.5,3,5,0.6,0,2,2,1,0,1,3,0,17,-7,1
22024,201939,0022400990,"Mar 17, 2025",GSW vs. DEN,L,36,6,21,0.286,4,14,0.286,4,4,1.0,0,4,4,7,3,0,7,2,20,-7,1
22024,201939,0022400974,"Mar 15, 2025",GSW vs. NYK,W,35,8,20,0.4,4,13,0.308,8,9,0.889,0,7,7,5,0,1,3,2,28,-5,1
22024,201939,0022400957,"Mar 13, 2025",GSW vs. SAC,W,30,4,9,0.444,2,6,0.333,1,1,1.0,0,2,2,5,1,1,2,4,11,15,1
22024,201939,0022400938,"Mar 10, 2025",GSW vs. POR,W,34,6,14,0.429,5,11,0.455,7,7,1.0,1,1,2,3,2,0,4,0,24,6,1
22024,201939,0022400919,"Mar 08, 2025",GSW vs. DET,W,33,8,22,0.364,4,15,0.267,12,12,1.0,1,2,3,4,1,0,4,1,32,11,1
22024,201939,0022400901,"Mar 06, 2025",GSW @ BKN,W,36,12,20,0.6,7,13,0.538,9,9,1.0,2,2,4,4,0,0,5,3,40,-16,1
22024,201939,0022400885,"Mar 04, 2025",GSW @ NYK,W,33,10,21,0.476,5,9,0.556,3,3,1.0,0,7,7,9,2,0,2,0,28,23,1
22024,201939,0022400875,"Mar 03, 2025",GSW @ CHA,W,30,6,14,0.429,3,9,0.333,6,8,0.75,1,2,3,10,1,1,1,3,21,13,1
22024,201939,0022400864,"Mar 01, 2025",GSW @ PHI,L,36,10,18,0.556,5,12,0.417,4,4,1.0,1,4,5,13,1,0,3,2,29,12,1
22024,201939,0022400845,"Feb 27, 2025",GSW @ ORL,W,34,16,25,0.64,12,19,0.632,12,12,1.0,0,4,4,3,2,0,4,0,56,15,1
22024,201939,0022400834,"Feb 25, 2025",GSW vs. CHA,W,24,6,14,0.429,2,9,0.222,1,1,1.0,0,4,4,6,1,0,2,2,15,26,1
22024,201939,0022400812,"Feb 23, 2025",GSW vs. DAL,W,29,12,20,0.6,3,8,0.375,3,3,1.0,0,4,4,7,1,0,2,3,30,14,1
22024,201939,0022400805,"Feb 21, 2025",GSW @ SAC,W,31,7,13,0.538,4,9,0.444,2,2,1.0,0,1,1,6,2,0,1,0,20,0,1
22024,201939,0022400784,"Feb 13, 2025",GSW @ HOU,W,35,7,17,0.412,5,13,0.385,8,9,0.889,1,4,5,3,0,0,1,2,27,7,1
22024,201939,0022400782,"Feb 12, 2025",GSW @ DAL,L,37,9,23,0.391,4,13,0.308,3,4,0.75,1,4,5,8,2,0,4,3,25,4,1
22024,201939,0022400760,"Feb 10, 2025",GSW @ MIL,W,34,12,24,0.5,6,16,0.375,8,9,0.889,0,6,6,4,0,0,2,0,38,8,1
22024,201939,0022400745,"Feb 08, 2025",GSW @ CHI,W,34,10,19,0.526,8,16,0.5,6,8,0.75,2,2,4,6,0,1,4,1,34,23,1
22024,201939,0022400731,"Feb 06, 2025",GSW @ LAL,L,37,13,35,0.371,6,20,0.3,5,5,1.0,2,5,7,4,1,1,4,3,37,-3,1
22024,201939,0022400725,"Feb 05, 2025",GSW @ UTA,L,35,12,31,0.387,6,18,0.333,2,2,1.0,0,1,1,7,0,1,3,2,32,-21,1
22024,201939,0022400708,"Feb 03, 2025",GSW vs. ORL,W,34,7,21,0.333,2,12,0.167,8,8,1.0,0,1,1,5,1,0,3,1,24,8,1
22024,201939,0022400685,"Jan 31, 2025",GSW vs. PHX,L,31,5,14,0.357,1,6,0.167,3,3,1.0,1,2,3,3,0,2,2,1,14,-18,1
22024,201939,0022400673,"Jan 29, 2025",GSW vs. OKC,W,33,6,15,0.4,5,10,0.5,4,4,1.0,0,1,1,4,1,0,0,2,21,-2,1
22024,201939,0022400644,"Jan 25, 2025",GSW vs. LAL,L,32,4,17,0.235,2,9,0.222,3,4,0.75,0,1,1,9,2,0,3,2,13,-17,1
22024,201939,0022400628,"Jan 23, 2025",GSW vs. CHI,W,31,8,19,0.421,5,12,0.417,0,0,0.0,1,3,4,7,0,0,3,0,21,4,1
22024,201939,0022400619,"Jan 22, 2025",GSW @ SAC,L,34,6,11,0.545,1,4,0.25,1,1,1.0,1,2,3,12,0,0,3,1,14,2,1
22024,201939,0022400604,"Jan 20, 2025",GSW vs. BOS,L,27,6,16,0.375,4,12,0.333,2,2,1.0,0,3,3,4,2,0,3,3,18,-15,1
22024,201939,0022400589,"Jan 18, 2025",GSW vs. WAS,W,34,10,22,0.455,4,14,0.286,2,2,1.0,1,4,5,6,1,1,1,1,26,7,1
22024,201939,0022400565,"Jan 15, 2025",GSW @ MIN,W,37,10,21,0.476,7,12,0.583,4,4,1.0,1,0,1,8,1,0,1,1,31,-1,1
22024,201939,0022400550,"Jan 13, 2025",GSW @ TOR,L,35,9,17,0.529,4,10,0.4,4,4,1.0,1,6,7,7,1,0,4,2,26,0,1
22024,201939,0022400518,"Jan 09, 2025",GSW @ DET,W,36,5,21,0.238,2,14,0.143,5,5,1.0,1,8,9,6,2,0,3,0,17,-14,1
22024,201939,0022400508,"Jan 07, 2025",GSW vs. MIA,L,33,11,22,0.5,8,17,0.471,1,1,1.0,0,7,7,0,1,2,4,2,31,-10,1
22024,201939,0022400492,"Jan 05, 2025",GSW vs. SAC,L,30,8,12,0.667,4,8,0.5,6,6,1.0,0,7,7,0,1,0,4,3,26,-17,1
22024,201939,0022400467,"Jan 02, 2025",GSW vs. PHI,W,30,11,15,0.733,8,8,1.0,0,0,0.0,1,5,6,10,1,0,2,1,30,32,1
22024,201939,0022400446,"Dec 30, 2024",GSW vs. CLE,L,29,4,14,0.286,3,11,0.273,0,0,0.0,0,2,2,3,1,1,1,1,11,-2,1
22024,201939,0022400431,"Dec 28, 2024",GSW vs. PHX,W,35,9,22,0.409,4,13,0.308,0,0,0.0,2,4,6,6,1,0,5,3,22,20,1
22024,201939,0022400408,"Dec 25, 2024",GSW vs. LAL,L,36,14,24,0.583,8,15,0.533,2,2,1.0,0,1,1,6,0,0,4,3,38,-1,1
22024,201939,0022400403,"Dec 23, 2024",GSW vs. IND,L,35,2,13,0.154,2,9,0.222,4,4,1.0,0,5,5,7,0,3,3,1,10,6,1
22024,201939,0022400383,"Dec 21, 2024",GSW @ MIN,W,34,10,21,0.476,7,16,0.438,4,5,0.8,0,3,3,10,1,0,1,1,31,20,1
22024,201939,0022400366,"Dec 19, 2024",GSW @ MEM,L,24,0,7,0.0,0,6,0.0,2,2,1.0,0,3,3,1,1,1,2,0,2,-41,1
22024,201939,0022401228,"Dec 15, 2024",GSW vs. DAL,L,35,9,19,0.474,7,13,0.538,1,1,1.0,0,5,5,10,1,0,2,1,26,-10,1
22024,201939,0022401204,"Dec 11, 2024",GSW @ HOU,L,34,8,17,0.471,3,9,0.333,0,1,0.0,1,2,3,5,2,1,1,0,19,4,1
22024,201939,0022400355,"Dec 08, 2024",GSW vs. MIN,W,35,8,18,0.444,5,11,0.455,9,11,0.818,0,4,4,8,1,0,3,0,30,14,1
22024,201939,0022400338,"Dec 06, 2024",GSW vs. MIN,L,32,6,17,0.353,3,9,0.333,8,8,1.0,1,1,2,4,0,0,3,0,23,-3,1
22024,201939,0022400058,"Dec 03, 2024",GSW @ DEN,L,34,8,23,0.348,4,15,0.267,4,4,1.0,1,6,7,11,0,0,5,0,24,5,1
22024,201939,0022400303,"Nov 30, 2024",GSW @ PHX,L,32,8,21,0.381,3,10,0.3,4,5,0.8,1,6,7,4,0,0,0,1,23,4,1
22024,201939,0022400284,"Nov 25, 2024",GSW vs. BKN,L,29,8,17,0.471,8,16,0.5,4,4,1.0,0,4,4,7,1,0,3,0,28,-4,1
22024,201939,0022400269,"Nov 23, 2024",GSW @ SAS,L,32,5,16,0.313,3,10,0.3,1,1,1.0,2,5,7,5,0,0,3,1,14,4,1
22024,201939,0022400032,"Nov 22, 2024",GSW @ NOP,W,33,6,13,0.462,4,7,0.571,3,3,1.0,0,7,7,7,1,1,4,3,19,4,1
22024,201939,0022400258,"Nov 20, 2024",GSW vs. ATL,W,30,7,10,0.7,4,6,0.667,5,5,1.0,0,4,4,8,2,1,5,0,23,27,1
22024,201939,0022400251,"Nov 18, 2024",GSW @ LAC,L,32,10,21,0.476,6,15,0.4,0,0,0.0,1,6,7,6,0,1,3,1,26,-5,1
22024,201939,0022400019,"Nov 15, 2024",GSW vs. MEM,W,26,4,9,0.444,3,7,0.429,2,2,1.0,1,7,8,5,4,0,3,2,13,9,1
22024,201939,0022400007,"Nov 12, 2024",GSW vs. DAL,W,35,14,27,0.519,5,12,0.417,4,5,0.8,0,6,6,9,1,2,4,2,37,24,1
22024,201939,0022400207,"Nov 10, 2024",GSW @ OKC,W,37,13,23,0.565,7,13,0.538,3,4,0.75,1,4,5,7,1,1,3,2,36,21,1
22024,201939,0022400188,"Nov 08, 2024",GSW @ CLE,L,24,5,10,0.5,1,4,0.25,1,1,1.0,0,1,1,2,2,0,6,0,12,-25,1
22024,201939,0022400172,"Nov 06, 2024",GSW @ BOS,W,34,8,17,0.471,4,9,0.444,7,7,1.0,0,7,7,9,4,1,3,2,27,7,1
22024,201939,0022400155,"Nov 04, 2024",GSW @ WAS,W,24,7,15,0.467,4,9,0.444,6,6,1.0,1,2,3,6,0,0,2,1,24,9,1
22024,201939,0022400101,"Oct 27, 2024",GSW vs. LAC,L,27,6,11,0.545,4,7,0.571,2,2,1.0,0,4,4,6,2,1,6,1,18,2,1
22024,201939,0022400084,"Oct 25, 2024",GSW @ UTA,W,27,7,20,0.35,4,13,0.308,2,2,1.0,0,3,3,4,2,0,3,3,20,22,1
22024,201939,0022400072,"Oct 23, 2024",GSW @ POR,W,25,4,10,0.4,3,7,0.429,6,6,1.0,0,9,9,10,2,0,2,0,17,23,1
22023,201939,0022301182,"Apr 12, 2024",GSW vs. NOP,L,32,12,23,0.522,7,13,0.538,2,2,1.0,0,4,4,5,1,0,7,2,33,-8,1
22023,201939,0022301169,"Apr 11, 2024",GSW @ POR,W,36,8,22,0.364,5,16,0.313,1,1,1.0,0,7,7,8,1,2,2,0,22,7,1
22023,201939,0022301155,"Apr 09, 2024",GSW @ LAL,W,32,7,9,0.778,6,6,1.0,3,4,0.75,0,7,7,8,1,2,1,2,23,13,1
22023,201939,0022301097,"Apr 05, 2024",GSW @ DAL,L,35,9,23,0.391,5,14,0.357,5,6,0.833,1,5,6,5,1,0,2,2,28,-5,1
22023,201939,0022301113,"Apr 04, 2024",GSW @ HOU,W,31,9,14,0.643,2,6,0.333,9,9,1.0,0,6,6,6,0,0,3,2,29,29,1
22023,201939,0022300589,"Apr 02, 2024",GSW vs. DAL,W,32,5,18,0.278,3,5,0.6,0,0,0.0,0,7,7,7,1,2,4,1,13,-4,1
22023,201939,0022301085,"Mar 31, 2024",GSW @ SAS,W,33,12,23,0.522,7,15,0.467,2,2,1.0,0,1,1,8,0,0,4,1,33,12,1
22023,201939,0022301062,"Mar 29, 2024",GSW @ CHA,W,32,9,18,0.5,4,11,0.364,1,1,1.0,0,1,1,4,1,0,0,1,23,13,1
22023,201939,0022301049,"Mar 27, 2024",GSW @ ORL,W,35,6,18,0.333,3,8,0.375,2,2,1.0,0,4,4,10,0,0,2,2,17,18,1
22023,201939,0022301044,"Mar 26, 2024",GSW @ MIA,W,31,7,15,0.467,3,10,0.3,0,0,0.0,1,1,2,6,0,0,1,1,17,19,1
22023,201939,0022301031,"Mar 24, 2024",GSW @ MIN,L,30,9,21,0.429,5,11,0.455,8,8,1.0,0,4,4,3,0,0,2,1,31,6,1
22023,201939,0022301016,"Mar 22, 2024",GSW vs. IND,L,35,9,24,0.375,6,18,0.333,1,1,1.0,3,8,11,5,0,0,1,0,25,-13,1
22023,201939,0022301001,"Mar 20, 2024",GSW vs. MEM,W,24,5,9,0.556,4,7,0.571,0,0,0.0,1,1,2,3,0,1,2,1,14,17,1
22023,201939,0022300988,"Mar 18, 2024",GSW vs. NYK,L,33,8,20,0.4,4,13,0.308,7,7,1.0,0,5,5,5,0,0,2,1,27,-9,1
22023,201939,0022300973,"Mar 16, 2024",GSW @ LAL,W,34,12,24,0.5,3,10,0.3,4,5,0.8,1,5,6,5,2,0,1,0,31,4,1
22023,201939,0022300907,"Mar 07, 2024",GSW vs. CHI,L,29,5,18,0.278,3,12,0.25,2,2,1.0,0,3,3,1,0,0,2,1,15,9,1
22023,201939,0022300899,"Mar 06, 2024",GSW vs. MIL,W,31,10,18,0.556,6,10,0.6,3,4,0.75,2,6,8,5,0,0,2,1,29,15,1
22023,201939,0022300872,"Mar 03, 2024",GSW @ BOS,L,17,2,13,0.154,0,9,0.0,0,0,0.0,0,1,1,3,0,0,2,0,4,-29,1
22023,201939,0022300860,"Mar 01, 2024",GSW @ TOR,W,30,9,22,0.409,7,15,0.467,0,0,0.0,2,4,6,6,0,0,4,2,25,12,1
22023,201939,0022300852,"Feb 29, 2024",GSW @ NYK,W,32,11,26,0.423,8,18,0.444,1,1,1.0,2,9,11,1,1,0,3,0,31,20,1
22023,201939,0022300834,"Feb 27, 2024",GSW @ WAS,W,30,6,21,0.286,4,16,0.25,2,2,1.0,0,5,5,6,1,1,3,1,18,1,1
22023,201939,0022300824,"Feb 25, 2024",GSW vs. DEN,L,32,6,19,0.316,1,10,0.1,7,8,0.875,0,1,1,4,0,0,3,2,20,-22,1
22023,201939,0022300811,"Feb 23, 2024",GSW vs. CHA,W,31,5,14,0.357,3,11,0.273,2,2,1.0,0,2,2,5,1,0,4,1,15,10,1
22023,201939,0022300802,"Feb 22, 2024",GSW vs. LAL,W,32,12,24,0.5,6,13,0.462,2,2,1.0,0,1,1,8,3,0,1,1,32,25,1
22023,201939,0022300576,"Feb 15, 2024",GSW @ UTA,W,35,4,14,0.286,2,8,0.25,6,8,0.75,1,1,2,10,1,0,4,2,16,-2,1
22023,201939,0022300789,"Feb 14, 2024",GSW vs. LAC,L,35,15,31,0.484,9,19,0.474,2,2,1.0,1,3,4,5,0,0,4,3,41,-6,1
22023,201939,0022300769,"Feb 12, 2024",GSW @ UTA,W,32,9,19,0.474,7,16,0.438,0,0,0.0,0,6,6,10,3,1,1,1,25,30,1
22023,201939,0022300757,"Feb 10, 2024",GSW vs. PHX,W,34,10,22,0.455,9,16,0.563,1,2,0.5,1,8,9,6,1,0,3,0,30,10,1
22023,201939,0022300733,"Feb 08, 2024",GSW @ IND,W,30,15,22,0.682,11,16,0.688,1,2,0.5,0,2,2,2,0,1,2,2,42,13,1
22023,201939,0022300727,"Feb 07, 2024",GSW @ PHI,W,25,2,7,0.286,1,4,0.25,4,4,1.0,0,3,3,1,0,1,4,2,9,13,1
22023,201939,0022300717,"Feb 05, 2024",GSW @ BKN,W,34,12,24,0.5,4,11,0.364,1,1,1.0,1,4,5,3,0,0,4,2,29,6,1
22023,201939,0022300699,"Feb 03, 2024",GSW @ ATL,L,41,22,38,0.579,10,23,0.435,6,6,1.0,1,5,6,4,0,1,2,1,60,-1,1
22023,201939,0022300693,"Feb 02, 2024",GSW @ MEM,W,32,6,16,0.375,4,9,0.444,4,4,1.0,0,6,6,6,1,0,3,1,20,12,1
22023,201939,0022300673,"Jan 30, 2024",GSW vs. PHI,W,35,12,17,0.706,8,13,0.615,5,5,1.0,1,7,8,7,0,1,5,2,37,26,1
22023,201939,0022300650,"Jan 27, 2024",GSW vs. LAL,L,43,17,35,0.486,9,21,0.429,3,3,1.0,0,3,3,7,1,0,4,4,46,-2,1
22023,201939,0022300632,"Jan 25, 2024",GSW vs. SAC,L,36,13,26,0.5,6,14,0.429,1,1,1.0,1,5,6,2,1,0,2,0,33,-8,1
22023,201939,0022300626,"Jan 24, 2024",GSW vs. ATL,W,31,7,16,0.438,5,8,0.625,6,6,1.0,0,3,3,8,0,0,1,3,25,9,1
22023,201939,0022300560,"Jan 15, 2024",GSW @ MEM,L,33,11,20,0.55,3,9,0.333,1,1,1.0,1,3,4,8,2,1,5,4,26,-2,1
22023,201939,0022300536,"Jan 12, 2024",GSW @ CHI,W,35,8,24,0.333,6,15,0.4,5,5,1.0,0,5,5,9,1,0,1,1,27,5,1
22023,201939,0022300525,"Jan 10, 2024",GSW vs. NOP,L,25,4,13,0.308,3,8,0.375,4,4,1.0,0,1,1,6,1,0,3,0,15,-4,1
22023,201939,0022300504,"Jan 07, 2024",GSW vs. TOR,L,30,2,14,0.143,0,9,0.0,5,5,1.0,0,1,1,6,0,0,2,3,9,-17,1
22023,201939,0022300490,"Jan 05, 2024",GSW vs. DET,W,31,7,19,0.368,4,12,0.333,8,9,0.889,0,6,6,4,1,1,4,0,26,0,1
22023,201939,0022300478,"Jan 04, 2024",GSW vs. DEN,L,35,11,23,0.478,5,12,0.417,3,3,1.0,0,4,4,6,1,1,2,1,30,-1,1
22023,201939,0022300463,"Jan 02, 2024",GSW vs. ORL,W,35,12,20,0.6,4,9,0.444,8,11,0.727,1,1,2,6,4,1,2,4,36,12,1
22023,201939,0022300444,"Dec 30, 2023",GSW vs. DAL,L,35,9,25,0.36,6,15,0.4,1,1,1.0,0,2,2,7,1,0,3,3,25,-6,1
22023,201939,0022300426,"Dec 28, 2023",GSW vs. MIA,L,32,3,15,0.2,2,8,0.25,5,6,0.833,0,4,4,5,2,1,1,1,13,-14,1
22023,201939,0022300402,"Dec 25, 2023",GSW @ DEN,L,34,7,21,0.333,3,13,0.231,1,1,1.0,1,1,2,4,1,1,3,4,18,-26,1
22023,201939,0022300399,"Dec 23, 2023",GSW vs. POR,W,30,11,18,0.611,2,7,0.286,3,3,1.0,0,3,3,2,0,0,1,1,27,4,1
22023,201939,0022300386,"Dec 22, 2023",GSW vs. WAS,W,27,9,18,0.5,8,13,0.615,4,5,0.8,0,4,4,7,0,1,2,0,30,-1,1
22023,201939,0022300362,"Dec 19, 2023",GSW vs. BOS,W,38,11,21,0.524,6,11,0.545,5,5,1.0,0,3,3,6,0,0,4,5,33,8,1
22023,201939,0022300348,"Dec 17, 2023",GSW @ POR,W,31,2,12,0.167,0,8,0.0,3,4,0.75,0,2,2,8,1,1,4,1,7,14,1
22023,201939,0022300339,"Dec 16, 2023",GSW vs. BKN,W,35,14,22,0.636,6,8,0.75,3,3,1.0,0,3,3,1,0,3,3,1,37,7,1
22023,201939,0022300325,"Dec 14, 2023",GSW @ LAC,L,34,5,17,0.294,3,13,0.231,4,4,1.0,0,4,4,4,0,0,1,3,17,-3,1
22023,201939,0022300308,"Dec 12, 2023",GSW @ PHX,L,32,8,24,0.333,4,15,0.267,4,4,1.0,0,5,5,4,3,0,1,2,24,-15,1
22023,201939,0022301222,"Dec 08, 2023",GSW @ OKC,L,40,10,20,0.5,6,12,0.5,8,8,1.0,0,6,6,3,1,0,3,0,34,-5,1
22023,201939,0022301214,"Dec 06, 2023",GSW vs. POR,W,34,8,18,0.444,5,13,0.385,10,11,0.909,0,5,5,1,0,0,4,2,31,4,1
22023,201939,0022300280,"Dec 02, 2023",GSW @ LAC,L,37,7,18,0.389,4,9,0.444,4,4,1.0,1,3,4,11,0,0,2,0,22,2,1
22023,201939,0022300273,"Nov 30, 2023",GSW vs. LAC,W,33,8,15,0.533,3,9,0.333,7,9,0.778,0,7,7,8,1,1,2,2,26,-4,1
22023,201939,0022300060,"Nov 28, 2023",GSW @ SAC,L,37,8,20,0.4,4,12,0.333,9,9,1.0,3,7,10,6,0,1,5,5,29,7,1
22023,201939,0022300051,"Nov 24, 2023",GSW vs. SAS,W,35,11,20,0.55,7,14,0.5,6,6,1.0,0,3,3,6,1,0,6,2,35,4,1
22023,201939,0022300236,"Nov 22, 2023",GSW @ PHX,L,28,6,15,0.4,1,8,0.125,3,3,1.0,0,3,3,6,0,0,2,2,16,-17,1
22023,201939,0022300224,"Nov 20, 2023",GSW vs. HOU,W,35,8,14,0.571,5,9,0.556,11,12,0.917,0,5,5,1,0,0,4,2,32,-3,1
22023,201939,0022300207,"Nov 18, 2023",GSW vs. OKC,L,40,8,21,0.381,5,11,0.455,4,4,1.0,0,7,7,3,0,0,2,2,25,0,1
22023,201939,0022300186,"Nov 12, 2023",GSW vs. MIN,L,36,11,25,0.44,5,13,0.385,11,12,0.917,1,4,5,3,1,0,5,2,38,-4,1
22023,201939,0022300176,"Nov 11, 2023",GSW vs. CLE,L,33,9,24,0.375,4,14,0.286,8,8,1.0,1,2,3,2,1,1,4,1,30,-8,1
22023,201939,0022300169,"Nov 08, 2023",GSW @ DEN,L,34,6,17,0.353,6,13,0.462,5,5,1.0,1,4,5,4,1,0,3,2,23,-10,1
22023,201939,0022300145,"Nov 06, 2023",GSW @ DET,W,33,12,26,0.462,7,17,0.412,3,4,0.75,0,2,2,4,0,0,3,1,34,17,1
22023,201939,0022300142,"Nov 05, 2023",GSW @ CLE,L,31,8,16,0.5,7,11,0.636,5,6,0.833,0,2,2,4,1,0,6,0,28,-6,1
22023,201939,0022300005,"Nov 03, 2023",GSW @ OKC,W,31,9,15,0.6,5,10,0.5,7,7,1.0,3,5,8,7,2,0,3,1,30,5,1
22023,201939,0022300126,"Nov 01, 2023",GSW vs. SAC,W,32,7,15,0.467,4,10,0.4,3,3,1.0,1,4,5,3,0,0,7,3,21,-6,1
22023,201939,0022300108,"Oct 30, 2023",GSW @ NOP,W,30,15,22,0.682,7,13,0.538,5,7,0.714,0,5,5,5,2,0,3,1,42,13,1
22023,201939,0022300096,"Oct 29, 2023",GSW @ HOU,W,31,6,16,0.375,6,14,0.429,6,6,1.0,1,6,7,6,0,1,1,1,24,-2,1
22023,201939,0022300087,"Oct 27, 2023",GSW @ SAC,W,35,14,19,0.737,7,10,0.7,6,6,1.0,1,3,4,4,2,0,4,0,41,10,1
22023,201939,0022300062,"Oct 24, 2023",GSW vs. PHX,L,31,8,20,0.4,4,14,0.286,7,7,1.0,1,4,5,1,1,0,2,5,27,-9,1
22022,201939,0022201230,"Apr 09, 2023",GSW @ POR,W,22,9,15,0.6,5,10,0.5,3,3,1.0,0,5,5,7,0,0,1,0,26,26,1
22022,201939,0022201211,"Apr 07, 2023",GSW @ SAC,W,33,8,14,0.571,3,7,0.429,6,7,0.857,1,6,7,6,2,1,5,1,25,33,1
22022,201939,0022201187,"Apr 04, 2023",GSW vs. OKC,W,37,11,25,0.44,6,13,0.462,6,6,1.0,0,5,5,6,1,0,0,3,34,14,1
22022,201939,0022201175,"Apr 02, 2023",GSW @ DEN,L,37,8,28,0.286,2,14,0.143,3,3,1.0,1,2,3,4,0,2,3,1,21,-5,1
22022,201939,0022201158,"Mar 31, 2023",GSW vs. SAS,W,33,11,21,0.524,7,11,0.636,4,4,1.0,1,1,2,5,0,0,1,1,33,-3,1
22022,201939,0022201135,"Mar 28, 2023",GSW vs. NOP,W,37,14,25,0.56,8,15,0.533,3,4,0.75,2,6,8,8,3,0,4,0,39,12,1
22022,201939,0022201121,"Mar 26, 2023",GSW vs. MIN,L,36,8,23,0.348,4,13,0.308,0,0,0.0,0,6,6,9,1,0,3,3,20,2,1
22022,201939,0022201103,"Mar 24, 2023",GSW vs. PHI,W,38,10,18,0.556,2,7,0.286,7,8,0.875,0,8,8,3,0,0,2,2,29,20,1
22022,201939,0022201086,"Mar 22, 2023",GSW @ DAL,W,35,9,18,0.5,2,8,0.25,0,0,0.0,1,4,5,13,0,0,3,2,20,10,1
22022,201939,0022201074,"Mar 20, 2023",GSW @ HOU,W,36,10,23,0.435,5,15,0.333,5,5,1.0,1,6,7,5,2,1,4,3,30,5,1
22022,201939,0022201061,"Mar 18, 2023",GSW @ MEM,L,30,5,15,0.333,3,8,0.375,3,4,0.75,1,7,8,5,0,0,1,1,16,-10,1
22022,201939,0022201048,"Mar 17, 2023",GSW @ ATL,L,37,12,27,0.444,4,13,0.308,3,3,1.0,2,4,6,5,0,0,6,2,31,-1,1
22022,201939,0022201041,"Mar 15, 2023",GSW @ LAC,L,39,20,28,0.714,8,14,0.571,2,4,0.5,0,2,2,6,2,0,2,1,50,-11,1
22022,201939,0022201025,"Mar 13, 2023",GSW vs. PHX,W,33,7,13,0.538,4,6,0.667,5,6,0.833,2,5,7,5,0,0,5,4,23,14,1
22022,201939,0022201012,"Mar 11, 2023",GSW vs. MIL,W,43,13,27,0.481,6,15,0.4,4,4,1.0,1,5,6,4,2,1,5,1,36,10,1
22022,201939,0022200996,"Mar 09, 2023",GSW @ MEM,L,34,10,19,0.526,4,8,0.5,5,6,0.833,3,4,7,4,1,0,4,3,29,2,1
22022,201939,0022200982,"Mar 07, 2023",GSW @ OKC,L,35,14,23,0.609,10,16,0.625,2,2,1.0,1,5,6,7,0,0,6,4,40,-2,1
22022,201939,0022200964,"Mar 05, 2023",GSW @ LAL,L,32,8,20,0.4,5,13,0.385,6,6,1.0,0,2,2,6,1,0,2,3,27,-12,1
22022,201939,0022200800,"Feb 04, 2023",GSW vs. DAL,W,26,7,11,0.636,2,6,0.333,5,5,1.0,0,6,6,7,0,0,0,2,21,14,1
22022,201939,0022200783,"Feb 02, 2023",GSW @ DEN,L,33,10,17,0.588,5,10,0.5,3,3,1.0,2,3,5,5,0,0,6,4,28,-16,1
22022,201939,0022200774,"Feb 01, 2023",GSW @ MIN,L,42,8,21,0.381,5,12,0.417,8,9,0.889,0,10,10,3,1,1,4,5,29,-5,1
22022,201939,0022200759,"Jan 30, 2023",GSW @ OKC,W,37,12,20,0.6,8,14,0.571,6,6,1.0,1,7,8,12,0,1,4,0,38,17,1
22022,201939,0022200740,"Jan 27, 2023",GSW vs. TOR,W,39,13,21,0.619,4,8,0.5,5,5,1.0,0,7,7,11,2,0,3,1,35,13,1
22022,201939,0022200726,"Jan 25, 2023",GSW vs. MEM,W,35,10,19,0.526,4,8,0.5,10,11,0.909,0,2,2,3,2,0,3,3,34,-3,1
22022,201939,0022200704,"Jan 22, 2023",GSW vs. BKN,L,38,7,16,0.438,4,8,0.5,8,8,1.0,1,5,6,7,1,0,5,2,26,-8,1
22022,201939,0022200679,"Jan 19, 2023",GSW @ BOS,L,43,9,25,0.36,6,18,0.333,5,5,1.0,0,4,4,7,3,2,3,1,29,9,1
22022,201939,0022200660,"Jan 16, 2023",GSW @ WAS,W,38,12,28,0.429,6,15,0.4,11,12,0.917,1,6,7,2,0,0,4,1,41,14,1
22022,201939,0022200650,"Jan 15, 2023",GSW @ CHI,L,34,8,15,0.533,3,10,0.3,1,2,0.5,0,10,10,4,0,1,8,2,20,-9,1
22022,201939,0022200635,"Jan 13, 2023",GSW @ SAS,W,23,6,12,0.5,2,7,0.286,1,1,1.0,0,4,4,3,0,1,0,3,15,12,1
22022,201939,0022200615,"Jan 10, 2023",GSW vs. PHX,L,31,8,22,0.364,5,15,0.333,3,4,0.75,1,0,1,3,1,0,1,4,24,-19,1
22022,201939,0022200415,"Dec 14, 2022",GSW @ IND,L,30,11,19,0.579,5,10,0.5,11,11,1.0,1,6,7,7,2,1,3,2,38,-6,1
22022,201939,0022200410,"Dec 13, 2022",GSW @ MIL,L,27,6,17,0.353,3,10,0.3,5,5,1.0,2,4,6,1,1,1,2,0,20,-20,1
22022,201939,0022200392,"Dec 10, 2022",GSW vs. BOS,W,37,12,21,0.571,6,11,0.545,2,2,1.0,1,5,6,7,0,1,4,3,32,20,1
22022,201939,0022200359,"Dec 05, 2022",GSW vs. IND,L,38,3,17,0.176,2,10,0.2,4,4,1.0,0,4,4,6,1,0,3,2,12,-17,1
22022,201939,0022200342,"Dec 03, 2022",GSW vs. HOU,W,35,10,21,0.476,8,17,0.471,2,3,0.667,0,3,3,10,1,1,4,0,30,19,1
22022,201939,0022200336,"Dec 02, 2022",GSW vs. CHI,W,33,6,16,0.375,4,8,0.5,3,3,1.0,0,11,11,6,0,1,6,5,19,-1,1
22022,201939,0022200310,"Nov 29, 2022",GSW @ DAL,L,38,11,24,0.458,5,14,0.357,5,6,0.833,1,4,5,5,0,0,4,4,32,-12,1
22022,201939,0022200291,"Nov 27, 2022",GSW @ MIN,W,33,7,17,0.412,4,11,0.364,7,7,1.0,1,10,11,8,1,0,7,1,25,22,1
22022,201939,0022200284,"Nov 25, 2022",GSW vs. UTA,W,36,13,23,0.565,6,13,0.462,1,1,1.0,0,5,5,4,2,0,5,4,33,19,1
22022,201939,0022200271,"Nov 23, 2022",GSW vs. LAC,W,32,9,20,0.45,4,10,0.4,0,0,0.0,1,5,6,9,0,0,1,0,22,18,1
22022,201939,0022200245,"Nov 20, 2022",GSW @ HOU,W,37,11,20,0.55,7,14,0.5,4,5,0.8,0,6,6,15,3,2,1,3,33,23,1
22022,201939,0022200233,"Nov 18, 2022",GSW vs. NYK,W,34,9,19,0.474,5,13,0.385,1,3,0.333,0,6,6,10,2,0,5,2,24,18,1
22022,201939,0022200220,"Nov 16, 2022",GSW @ PHX,L,36,17,28,0.607,7,11,0.636,9,9,1.0,0,9,9,6,0,1,3,2,50,-14,1
22022,201939,0022200205,"Nov 14, 2022",GSW vs. SAS,W,27,5,11,0.455,3,7,0.429,3,3,1.0,1,4,5,5,1,0,1,1,16,17,1
22022,201939,0022200197,"Nov 13, 2022",GSW @ SAC,L,37,9,17,0.529,3,9,0.333,6,6,1.0,0,6,6,4,1,0,4,0,27,0,1
22022,201939,0022200182,"Nov 11, 2022",GSW vs. CLE,W,34,15,23,0.652,6,11,0.545,4,6,0.667,0,4,4,5,1,0,2,4,40,7,1
22022,201939,0022200156,"Nov 07, 2022",GSW vs. SAC,W,38,17,24,0.708,7,12,0.583,6,7,0.857,0,8,8,8,0,0,0,2,47,20,1
22022,201939,0022200118,"Nov 03, 2022",GSW @ ORL,L,38,13,22,0.591,8,15,0.533,5,5,1.0,1,2,3,9,0,0,5,3,39,4,1
22022,201939,0022200104,"Nov 01, 2022",GSW @ MIA,L,34,7,14,0.5,4,10,0.4,5,5,1.0,4,9,13,13,1,0,5,3,23,3,1
22022,201939,0022200091,"Oct 30, 2022",GSW @ DET,L,35,10,24,0.417,4,14,0.286,8,9,0.889,0,6,6,3,2,0,1,1,32,-12,1
22022,201939,0022200082,"Oct 29, 2022",GSW @ CHA,L,39,10,22,0.455,3,13,0.231,8,8,1.0,0,11,11,6,1,0,2,5,31,-6,1
22022,201939,0022200068,"Oct 27, 2022",GSW vs. MIA,W,37,13,22,0.591,7,14,0.5,0,0,0.0,1,6,7,9,1,0,3,0,33,13,1
22022,201939,0022200055,"Oct 25, 2022",GSW @ PHX,L,30,7,17,0.412,4,9,0.444,3,5,0.6,0,7,7,8,1,0,1,1,21,-17,1
22022,201939,0022200042,"Oct 23, 2022",GSW vs. SAC,W,31,11,22,0.5,7,12,0.583,4,4,1.0,0,5,5,2,1,0,2,3,33,19,1
22022,201939,0022200026,"Oct 21, 2022",GSW vs. DEN,L,36,10,22,0.455,5,11,0.455,9,9,1.0,1,4,5,4,0,0,3,2,34,9,1
22022,201939,0022200002,"Oct 18, 2022",GSW vs. LAL,W,33,10,22,0.455,4,13,0.308,9,9,1.0,1,5,6,7,4,1,4,1,33,20,1
22021,201939,0022101042,"Mar 16, 2022",GSW vs. BOS,L,14,1,4,0.25,1,4,0.25,0,0,0.0,0,1,1,2,0,0,4,2,3,-5,1
22021,201939,0022101025,"Mar 14, 2022",GSW vs. WAS,W,35,16,25,0.64,7,14,0.5,8,8,1.0,0,6,6,6,1,0,2,1,47,17,1
22021,201939,0022101008,"Mar 12, 2022",GSW vs. MIL,W,33,3,7,0.429,2,4,0.5,0,0,0.0,1,4,5,8,1,1,4,1,8,14,1
22021,201939,0022100994,"Mar 10, 2022",GSW @ DEN,W,38,11,21,0.524,5,12,0.417,7,7,1.0,0,9,9,3,2,0,2,1,34,18,1
22021,201939,0022100980,"Mar 08, 2022",GSW vs. LAC,W,35,5,12,0.417,1,6,0.167,4,4,1.0,0,5,5,5,3,0,4,4,15,6,1
22021,201939,0022100959,"Mar 05, 2022",GSW @ LAL,L,36,13,22,0.591,4,9,0.444,0,0,0.0,0,4,4,1,0,0,4,0,30,-12,1
22021,201939,0022100943,"Mar 03, 2022",GSW @ DAL,L,40,8,15,0.533,4,5,0.8,1,1,1.0,0,5,5,9,1,0,3,3,21,-8,1
22021,201939,0022100930,"Mar 01, 2022",GSW @ MIN,L,33,10,24,0.417,5,16,0.313,9,9,1.0,1,4,5,4,0,0,4,1,34,-10,1
22021,201939,0022100917,"Feb 27, 2022",GSW vs. DAL,L,38,11,25,0.44,3,10,0.3,2,4,0.5,1,3,4,10,2,0,1,0,27,-4,1
22021,201939,0022100894,"Feb 24, 2022",GSW @ POR,W,27,5,11,0.455,2,7,0.286,6,6,1.0,0,5,5,14,1,1,3,3,18,19,1
22021,201939,0022100883,"Feb 16, 2022",GSW vs. DEN,L,39,10,19,0.526,1,7,0.143,4,4,1.0,0,3,3,6,0,0,2,2,25,-2,1
22021,201939,0022100866,"Feb 14, 2022",GSW @ LAC,L,34,11,18,0.611,8,13,0.615,3,3,1.0,0,2,2,2,0,0,4,2,33,-19,1
22021,201939,0022100854,"Feb 12, 2022",GSW vs. LAL,W,37,7,17,0.412,1,8,0.125,9,9,1.0,0,5,5,8,1,0,2,3,24,8,1
22021,201939,0022100837,"Feb 10, 2022",GSW vs. NYK,L,39,11,25,0.44,5,16,0.313,8,8,1.0,0,2,2,10,1,0,3,5,35,9,1
22021,201939,0022100828,"Feb 09, 2022",GSW @ UTA,L,30,5,13,0.385,3,8,0.375,3,4,0.75,1,6,7,2,0,0,4,2,16,-14,1
22021,201939,0022100813,"Feb 07, 2022",GSW @ OKC,W,37,6,12,0.5,4,10,0.4,2,2,1.0,0,9,9,10,1,0,4,2,18,4,1
22021,201939,0022100785,"Feb 03, 2022",GSW vs. SAC,W,32,7,11,0.636,4,7,0.571,2,2,1.0,0,1,1,7,2,0,4,4,20,21,1
22021,201939,0022100764,"Jan 31, 2022",GSW @ HOU,W,38,13,23,0.565,7,14,0.5,7,8,0.875,0,5,5,9,1,1,1,0,40,18,1
22021,201939,0022100750,"Jan 29, 2022",GSW vs. BKN,W,36,5,18,0.278,3,10,0.3,6,6,1.0,2,5,7,8,3,0,5,5,19,-4,1
22021,201939,0022100734,"Jan 27, 2022",GSW vs. MIN,W,38,10,20,0.5,6,10,0.6,3,3,1.0,0,8,8,6,3,0,4,1,29,13,1
22021,201939,0022100720,"Jan 25, 2022",GSW vs. DAL,W,29,7,16,0.438,2,10,0.2,2,3,0.667,2,7,9,7,1,0,4,3,18,23,1
22021,201939,0022100708,"Jan 23, 2022",GSW vs. UTA,W,35,5,20,0.25,1,13,0.077,2,2,1.0,2,2,4,6,0,0,1,0,13,-5,1
22021,201939,0022100694,"Jan 21, 2022",GSW vs. HOU,W,39,6,21,0.286,4,13,0.308,6,8,0.75,0,4,4,12,1,1,2,3,22,2,1
22021,201939,0022100683,"Jan 20, 2022",GSW vs. IND,L,44,12,27,0.444,6,16,0.375,9,9,1.0,0,5,5,8,1,0,2,3,39,-4,1
22021,201939,0022100667,"Jan 18, 2022",GSW vs. DET,W,29,6,11,0.545,4,8,0.5,2,2,1.0,0,3,3,8,3,0,1,1,18,21,1
22021,201939,0022100637,"Jan 14, 2022",GSW @ CHI,W,28,7,15,0.467,4,10,0.4,1,2,0.5,0,2,2,2,1,0,1,0,19,24,1
22021,201939,0022100627,"Jan 13, 2022",GSW @ MIL,L,29,4,11,0.364,2,6,0.333,2,2,1.0,0,8,8,4,2,0,4,0,12,-25,1
22021,201939,0022100614,"Jan 11, 2022",GSW @ MEM,L,39,8,21,0.381,2,9,0.222,9,10,0.9,1,9,10,10,2,0,3,3,27,-1,1
22021,201939,0022100604,"Jan 09, 2022",GSW vs. CLE,W,37,10,21,0.476,4,11,0.364,4,4,1.0,3,2,5,5,1,0,5,3,28,23,1
22021,201939,0022100572,"Jan 05, 2022",GSW @ DAL,L,36,5,24,0.208,1,9,0.111,3,4,0.75,0,9,9,5,0,1,5,2,14,0,1
22021,201939,0022100559,"Jan 03, 2022",GSW vs. MIA,W,32,3,17,0.176,1,10,0.1,2,2,1.0,0,3,3,10,0,1,2,3,9,0,1
22021,201939,0022100544,"Jan 01, 2022",GSW @ UTA,W,36,8,18,0.444,6,12,0.5,6,7,0.857,0,6,6,9,0,1,3,3,28,4,1
22021,201939,0022100514,"Dec 28, 2021",GSW vs. DEN,L,39,6,16,0.375,5,14,0.357,6,7,0.857,0,4,4,4,0,0,6,3,23,5,1
22021,201939,0022100490,"Dec 25, 2021",GSW @ PHX,W,37,10,27,0.37,5,16,0.313,8,9,0.889,0,4,4,6,3,1,1,3,33,24,1
22021,201939,0022100485,"Dec 23, 2021",GSW vs. MEM,W,37,13,22,0.591,8,14,0.571,12,12,1.0,0,4,4,4,2,0,3,1,46,15,1
22021,201939,0022100462,"Dec 20, 2021",GSW vs. SAC,W,36,13,27,0.481,4,12,0.333,0,1,0.0,0,3,3,4,0,2,4,1,30,16,1
22021,201939,0022100435,"Dec 17, 2021",GSW @ BOS,W,35,8,21,0.381,5,14,0.357,9,9,1.0,1,4,5,4,1,0,6,6,30,-10,1
22021,201939,0022100414,"Dec 14, 2021",GSW @ NYK,W,35,8,19,0.421,5,14,0.357,1,2,0.5,0,3,3,3,1,1,4,4,22,13,1
22021,201939,0022100405,"Dec 13, 2021",GSW @ IND,W,35,8,20,0.4,5,15,0.333,5,5,1.0,1,5,6,6,1,1,7,1,26,17,1
22021,201939,0022100396,"Dec 11, 2021",GSW @ PHI,L,36,6,20,0.3,3,14,0.214,3,4,0.75,2,7,9,5,0,0,3,1,18,-9,1
22021,201939,0022100376,"Dec 08, 2021",GSW vs. POR,W,33,8,19,0.421,6,17,0.353,0,0,0.0,2,0,2,2,1,0,4,3,22,16,1
22021,201939,0022100361,"Dec 06, 2021",GSW vs. ORL,W,31,8,16,0.5,7,13,0.538,8,8,1.0,0,3,3,8,2,0,3,2,31,9,1
22021,201939,0022100346,"Dec 04, 2021",GSW vs. SAS,L,37,7,28,0.25,5,17,0.294,8,9,0.889,1,7,8,5,3,0,1,1,27,3,1
22021,201939,0022100340,"Dec 03, 2021",GSW vs. PHX,W,33,8,20,0.4,6,11,0.545,1,2,0.5,2,3,5,5,0,0,3,2,23,10,1
22021,201939,0022100316,"Nov 30, 2021",GSW @ PHX,L,36,4,21,0.19,3,14,0.214,1,1,1.0,1,2,3,2,1,1,2,0,12,-16,1
22021,201939,0022100300,"Nov 28, 2021",GSW @ LAC,W,35,12,22,0.545,7,13,0.538,2,2,1.0,0,5,5,6,6,0,3,4,33,14,1
22021,201939,0022100290,"Nov 26, 2021",GSW vs. POR,W,38,12,25,0.48,6,15,0.4,2,3,0.667,0,7,7,8,1,0,3,2,32,18,1
22021,201939,0022100278,"Nov 24, 2021",GSW vs. PHI,W,35,9,16,0.563,6,11,0.545,1,2,0.5,0,4,4,10,1,0,4,1,25,29,1
22021,201939,0022100252,"Nov 21, 2021",GSW vs. TOR,W,37,2,10,0.2,1,6,0.167,7,7,1.0,0,2,2,8,1,0,4,1,12,19,1
22021,201939,0022100224,"Nov 18, 2021",GSW @ CLE,W,35,15,27,0.556,9,16,0.563,1,1,1.0,0,4,4,6,2,0,3,4,40,10,1
22021,201939,0022100210,"Nov 16, 2021",GSW @ BKN,W,29,12,19,0.632,9,14,0.643,4,4,1.0,0,7,7,5,2,1,2,4,37,16,1
22021,201939,0022100194,"Nov 14, 2021",GSW @ CHA,L,36,7,22,0.318,3,13,0.231,7,7,1.0,1,5,6,10,3,1,3,2,24,14,1
22021,201939,0022100183,"Nov 12, 2021",GSW vs. CHI,W,34,15,24,0.625,9,17,0.529,1,1,1.0,0,4,4,5,1,1,6,1,40,31,1
22021,201939,0022100169,"Nov 10, 2021",GSW vs. MIN,W,34,8,16,0.5,3,9,0.333,6,8,0.75,0,5,5,6,1,0,3,2,25,11,1
22021,201939,0022100152,"Nov 08, 2021",GSW vs. ATL,W,35,14,28,0.5,9,19,0.474,13,13,1.0,2,5,7,10,4,1,2,0,50,31,1
22021,201939,0022100145,"Nov 07, 2021",GSW vs. HOU,W,27,8,16,0.5,4,11,0.364,0,0,0.0,2,1,3,2,3,0,0,3,20,16,1
22021,201939,0022100130,"Nov 05, 2021",GSW vs. NOP,W,30,5,16,0.313,5,13,0.385,4,4,1.0,0,3,3,6,0,2,1,1,19,17,1
22021,201939,0022100117,"Nov 03, 2021",GSW vs. CHA,W,35,6,15,0.4,3,11,0.273,0,0,0.0,1,7,8,9,1,1,4,3,15,-1,1
22021,201939,0022100086,"Oct 30, 2021",GSW vs. OKC,W,27,7,16,0.438,6,15,0.4,0,0,0.0,0,5,5,6,1,1,2,1,20,17,1
22021,201939,0022100070,"Oct 28, 2021",GSW vs. MEM,L,41,11,29,0.379,7,20,0.35,7,7,1.0,1,6,7,8,1,0,5,2,36,12,1
22021,201939,0022100051,"Oct 26, 2021",GSW @ OKC,W,32,6,14,0.429,4,9,0.444,7,7,1.0,1,5,6,4,0,1,4,1,23,15,1
22021,201939,0022100039,"Oct 24, 2021",GSW @ SAC,W,35,9,23,0.391,4,15,0.267,5,6,0.833,1,6,7,10,3,0,3,1,27,14,1
22021,201939,0022100016,"Oct 21, 2021",GSW vs. LAC,W,38,16,25,0.64,8,13,0.615,5,5,1.0,0,10,10,1,1,1,6,2,45,-3,1
22021,201939,0022100002,"Oct 19, 2021",GSW @ LAL,W,36,5,21,0.238,2,8,0.25,9,9,1.0,1,9,10,10,3,0,4,1,21,4,1
22020,201939,0022001070,"May 16, 2021",GSW vs. MEM,W,40,16,36,0.444,9,22,0.409,5,6,0.833,1,6,7,9,1,1,7,2,46,14,1
22020,201939,0022001039,"May 11, 2021",GSW vs. PHX,W,37,7,22,0.318,1,11,0.091,6,6,1.0,0,3,3,6,1,0,3,2,21,6,1
22020,201939,0022001030,"May 10, 2021",GSW vs. UTA,W,37,11,25,0.44,3,13,0.231,11,12,0.917,1,3,4,6,2,0,3,1,36,4,1
22020,201939,0022001017,"May 08, 2021",GSW vs. OKC,W,29,14,26,0.538,11,21,0.524,10,10,1.0,0,5,5,2,1,0,1,2,49,31,1
22020,201939,0022001001,"May 06, 2021",GSW vs. OKC,W,31,11,21,0.524,6,13,0.462,6,7,0.857,0,4,4,7,1,0,3,2,34,24,1
22020,201939,0022000987,"May 04, 2021",GSW @ NOP,L,37,13,31,0.419,8,20,0.4,3,3,1.0,2,7,9,2,3,0,4,2,37,-9,1
22020,201939,0022000977,"May 03, 2021",GSW @ NOP,W,35,14,26,0.538,8,18,0.444,5,6,0.833,0,4,4,8,1,0,4,5,41,19,1
22020,201939,0022000958,"May 01, 2021",GSW @ HOU,W,30,9,23,0.391,7,17,0.412,5,7,0.714,0,5,5,5,1,0,4,0,30,25,1
22020,201939,0022000946,"Apr 29, 2021",GSW @ MIN,L,37,11,27,0.407,6,17,0.353,9,9,1.0,1,5,6,8,2,0,3,4,37,-10,1
22020,201939,0022000932,"Apr 27, 2021",GSW vs. DAL,L,30,9,18,0.5,5,9,0.556,4,4,1.0,0,1,1,2,2,0,2,1,27,-27,1
22020,201939,0022000915,"Apr 25, 2021",GSW vs. SAC,W,38,11,21,0.524,7,14,0.5,8,11,0.727,0,7,7,4,1,1,7,1,37,7,1
22020,201939,0022000903,"Apr 23, 2021",GSW vs. DEN,W,34,11,18,0.611,4,9,0.444,6,6,1.0,0,8,8,3,0,0,3,3,32,27,1
22020,201939,0022000885,"Apr 21, 2021",GSW @ WAS,L,36,7,25,0.28,2,14,0.143,2,2,1.0,0,7,7,8,1,0,6,2,18,-21,1
22020,201939,0022000870,"Apr 19, 2021",GSW @ PHI,W,37,14,28,0.5,10,17,0.588,11,12,0.917,0,3,3,5,0,0,6,2,49,11,1
22020,201939,0022000858,"Apr 17, 2021",GSW @ BOS,L,37,15,27,0.556,11,19,0.579,6,8,0.75,0,7,7,3,0,0,5,2,47,-7,1
22020,201939,0022000841,"Apr 15, 2021",GSW @ CLE,W,35,12,25,0.48,4,13,0.308,5,5,1.0,0,4,4,5,0,2,4,3,33,5,1
22020,201939,0022000836,"Apr 14, 2021",GSW @ OKC,W,29,14,20,0.7,11,16,0.688,3,3,1.0,0,6,6,8,0,0,0,3,42,31,1
22020,201939,0022000821,"Apr 12, 2021",GSW vs. DEN,W,36,14,24,0.583,10,18,0.556,15,16,0.938,0,6,6,4,0,0,5,3,53,16,1
22020,201939,0022000802,"Apr 10, 2021",GSW vs. HOU,W,35,13,21,0.619,8,15,0.533,4,4,1.0,0,8,8,5,1,0,5,3,38,7,1
22020,201939,0022000798,"Apr 09, 2021",GSW vs. WAS,L,35,11,25,0.44,5,12,0.417,5,6,0.833,0,6,6,5,3,0,2,0,32,-16,1
22020,201939,0022000774,"Apr 06, 2021",GSW vs. MIL,W,38,14,21,0.667,5,10,0.5,8,9,0.889,2,4,6,4,0,0,4,2,41,3,1
22020,201939,0022000759,"Apr 04, 2021",GSW @ ATL,L,37,12,23,0.522,3,12,0.25,10,12,0.833,1,4,5,2,2,1,8,0,37,8,1
22020,201939,0022000733,"Apr 01, 2021",GSW @ MIA,L,36,9,19,0.474,5,11,0.455,13,13,1.0,2,9,11,3,0,0,3,2,36,1,1
22020,201939,0022000716,"Mar 29, 2021",GSW vs. CHI,W,30,11,24,0.458,6,14,0.429,4,5,0.8,1,4,5,6,1,0,1,0,32,16,1
22020,201939,0022000622,"Mar 17, 2021",GSW @ HOU,W,30,7,18,0.389,2,11,0.182,2,2,1.0,0,5,5,8,1,0,2,3,18,10,1
22020,201939,0022000608,"Mar 15, 2021",GSW vs. LAL,L,29,9,17,0.529,4,7,0.571,5,5,1.0,0,3,3,2,3,0,2,1,27,-12,1
22020,201939,0022000594,"Mar 14, 2021",GSW vs. UTA,W,36,10,20,0.5,6,9,0.667,6,7,0.857,1,4,5,9,1,0,3,3,32,19,1
22020,201939,0022000576,"Mar 11, 2021",GSW @ LAC,L,27,6,16,0.375,1,8,0.125,1,2,0.5,0,4,4,3,2,1,2,1,14,-19,1
22020,201939,0022000550,"Mar 03, 2021",GSW @ POR,L,36,13,28,0.464,5,14,0.357,4,5,0.8,1,6,7,5,3,0,4,1,35,-6,1
22020,201939,0022000527,"Feb 28, 2021",GSW @ LAL,L,26,5,13,0.385,2,7,0.286,4,5,0.8,0,4,4,7,3,0,3,2,16,-24,1
22020,201939,0022000511,"Feb 26, 2021",GSW vs. CHA,W,36,8,15,0.533,3,8,0.375,10,10,1.0,0,4,4,9,1,0,4,1,29,23,1
22020,201939,0022000489,"Feb 24, 2021",GSW @ IND,W,36,7,21,0.333,1,11,0.091,9,10,0.9,1,7,8,8,2,0,4,2,24,7,1
22020,201939,0022000483,"Feb 23, 2021",GSW @ NYK,W,37,9,22,0.409,7,14,0.5,12,12,1.0,0,6,6,6,2,0,2,1,37,19,1
22020,201939,0022000449,"Feb 19, 2021",GSW @ ORL,L,37,11,29,0.379,6,16,0.375,1,1,1.0,2,5,7,11,0,0,1,3,29,-7,1
22020,201939,0022000443,"Feb 17, 2021",GSW vs. MIA,W,42,8,25,0.32,5,20,0.25,4,4,1.0,1,6,7,11,2,0,3,1,25,8,1
22020,201939,0022000424,"Feb 15, 2021",GSW vs. CLE,W,30,13,19,0.684,7,11,0.636,3,3,1.0,0,2,2,6,0,0,1,0,36,20,1
22020,201939,0022000409,"Feb 13, 2021",GSW vs. BKN,L,34,10,17,0.588,2,9,0.222,5,5,1.0,0,3,3,5,0,0,4,2,27,-26,1
22020,201939,0022000393,"Feb 11, 2021",GSW vs. ORL,W,37,14,26,0.538,10,19,0.526,2,2,1.0,0,8,8,5,4,0,6,1,40,16,1
22020,201939,0022000378,"Feb 09, 2021",GSW @ SAS,W,32,11,20,0.55,4,10,0.4,6,8,0.75,0,4,4,2,0,0,1,1,32,15,1
22020,201939,0022000371,"Feb 08, 2021",GSW @ SAS,L,36,10,17,0.588,6,11,0.545,6,6,1.0,0,7,7,6,1,0,1,1,32,3,1
22020,201939,0022000360,"Feb 06, 2021",GSW @ DAL,L,37,19,31,0.613,11,19,0.579,8,8,1.0,0,2,2,5,1,0,3,3,57,7,1
22020,201939,0022000339,"Feb 04, 2021",GSW @ DAL,W,30,9,17,0.529,4,10,0.4,6,6,1.0,0,3,3,6,0,0,2,2,28,19,1
22020,201939,0022000326,"Feb 02, 2021",GSW vs. BOS,L,38,12,21,0.571,7,14,0.5,7,7,1.0,0,11,11,8,3,0,3,0,38,4,1
22020,201939,0022000305,"Jan 30, 2021",GSW vs. DET,W,30,11,17,0.647,6,8,0.75,0,0,0.0,0,5,5,7,2,0,6,1,28,26,1
22020,201939,0022000286,"Jan 28, 2021",GSW @ PHX,L,31,10,20,0.5,5,10,0.5,2,2,1.0,1,3,4,4,0,0,4,2,27,-23,1
22020,201939,0022000283,"Jan 27, 2021",GSW vs. MIN,W,33,6,17,0.353,4,11,0.364,0,0,0.0,0,6,6,8,0,0,2,2,16,28,1
22020,201939,0022000266,"Jan 25, 2021",GSW vs. MIN,W,34,11,21,0.524,7,12,0.583,7,8,0.875,1,3,4,3,3,0,3,2,36,19,1
22020,201939,0022000242,"Jan 23, 2021",GSW @ UTA,L,27,9,18,0.5,5,10,0.5,1,2,0.5,0,7,7,7,0,0,1,2,24,-24,1
22020,201939,0022000228,"Jan 21, 2021",GSW vs. NYK,L,35,9,19,0.474,5,14,0.357,7,8,0.875,0,3,3,4,2,0,4,3,30,-16,1
22020,201939,0022000223,"Jan 20, 2021",GSW vs. SAS,W,31,10,17,0.588,4,8,0.5,2,2,1.0,1,10,11,7,1,0,4,2,26,30,1
22020,201939,0022000212,"Jan 18, 2021",GSW @ LAL,W,36,8,22,0.364,3,12,0.25,7,7,1.0,0,1,1,7,1,0,4,2,26,-3,1
22020,201939,0022000177,"Jan 14, 2021",GSW @ DEN,L,37,14,23,0.609,5,11,0.455,2,2,1.0,0,11,11,4,2,0,7,2,35,-21,1
22020,201939,0022000163,"Jan 12, 2021",GSW vs. IND,L,36,7,17,0.412,3,8,0.375,3,5,0.6,1,3,4,3,2,0,2,3,20,-2,1
22020,201939,0022000148,"Jan 10, 2021",GSW vs. TOR,W,38,2,16,0.125,1,10,0.1,6,6,1.0,3,6,9,6,0,0,5,3,11,7,1
22020,201939,0022000130,"Jan 08, 2021",GSW vs. LAC,W,36,13,24,0.542,9,14,0.643,3,3,1.0,0,2,2,11,3,0,2,3,38,13,1
22020,201939,0022000116,"Jan 06, 2021",GSW vs. LAC,L,35,5,17,0.294,1,6,0.167,2,4,0.5,1,3,4,5,1,0,0,3,13,-10,1
22020,201939,0022000101,"Jan 04, 2021",GSW vs. SAC,W,31,9,18,0.5,5,12,0.417,7,7,1.0,0,9,9,8,0,0,2,3,30,26,1
22020,201939,0022000092,"Jan 03, 2021",GSW vs. POR,W,36,18,31,0.581,8,16,0.5,18,19,0.947,1,4,5,4,0,0,5,0,62,20,1
22020,201939,0022000078,"Jan 01, 2021",GSW vs. POR,L,34,9,20,0.45,4,12,0.333,4,4,1.0,0,8,8,5,0,0,1,1,26,-27,1
22020,201939,0022000047,"Dec 29, 2020",GSW @ DET,W,35,9,17,0.529,5,9,0.556,8,8,1.0,0,5,5,6,2,0,8,5,31,3,1
22020,201939,0022000038,"Dec 27, 2020",GSW @ CHI,W,36,11,25,0.44,5,15,0.333,9,9,1.0,0,2,2,6,2,2,4,1,36,3,1
22020,201939,0022000006,"Dec 25, 2020",GSW @ MIL,L,29,6,17,0.353,2,10,0.2,5,5,1.0,0,4,4,6,1,0,2,2,19,-24,1
22020,201939,0022000001,"Dec 22, 2020",GSW @ BKN,L,30,7,21,0.333,2,10,0.2,4,4,1.0,3,1,4,10,2,0,3,1,20,-23,1
22019,201939,0021900929,"Mar 05, 2020",GSW vs. TOR,L,27,6,16,0.375,3,12,0.25,8,8,1.0,0,6,6,7,0,0,1,1,23,-13,1
22019,201939,0021900065,"Oct 30, 2019",GSW vs. PHX,L,21,3,11,0.273,1,7,0.143,2,2,1.0,0,5,5,6,1,2,4,2,9,-13,2
22019,201939,0021900047,"Oct 28, 2019",GSW @ NOP,W,31,9,17,0.529,4,10,0.4,4,4,1.0,1,2,3,11,3,0,1,5,26,32,1
22019,201939,0021900036,"Oct 27, 2019",GSW @ OKC,L,30,7,18,0.389,2,9,0.222,7,7,1.0,2,6,8,5,0,0,2,0,23,-30,1
22019,201939,0021900016,"Oct 24, 2019",GSW vs. LAC,L,30,8,20,0.4,2,11,0.182,5,5,1.0,1,3,4,4,1,0,8,3,23,-19,1
22018,201939,0021801215,"Apr 09, 2019",GSW @ NOP,W,9,2,4,0.5,1,2,0.5,0,0,0.0,0,1,1,1,0,0,2,0,5,1,1
22018,201939,0021801205,"Apr 07, 2019",GSW vs. LAC,W,30,11,20,0.55,3,10,0.3,2,2,1.0,0,5,5,4,1,1,0,3,27,35,1
22018,201939,0021801191,"Apr 05, 2019",GSW vs. CLE,W,36,12,21,0.571,9,12,0.75,7,7,1.0,1,5,6,7,0,1,4,1,40,5,1
22018,201939,0021801179,"Apr 04, 2019",GSW @ LAL,W,29,3,14,0.214,1,9,0.111,0,0,0.0,1,9,10,7,1,0,2,1,7,32,1
22018,201939,0021801164,"Apr 02, 2019",GSW vs. DEN,W,30,6,11,0.545,5,10,0.5,0,0,0.0,0,4,4,5,3,0,4,4,17,25,1
22018,201939,0021801150,"Mar 31, 2019",GSW vs. CHA,W,27,8,14,0.571,5,8,0.625,4,4,1.0,0,5,5,6,2,1,1,0,25,37,1
22018,201939,0021801132,"Mar 29, 2019",GSW @ MIN,L,42,13,25,0.52,11,19,0.579,0,0,0.0,0,3,3,5,2,0,2,2,37,5,1
22018,201939,0021801118,"Mar 27, 2019",GSW @ MEM,W,33,7,20,0.35,6,12,0.5,8,9,0.889,0,10,10,7,1,1,1,3,28,17,1
22018,201939,0021801101,"Mar 24, 2019",GSW vs. DET,W,35,9,19,0.474,5,10,0.5,3,3,1.0,2,7,9,3,1,0,4,2,26,14,1
22018,201939,0021801079,"Mar 21, 2019",GSW vs. IND,W,29,5,15,0.333,5,12,0.417,0,0,0.0,1,3,4,7,1,0,3,3,15,24,1
22018,201939,0021801062,"Mar 19, 2019",GSW @ MIN,W,33,12,21,0.571,8,14,0.571,4,5,0.8,1,2,3,5,2,0,2,1,36,15,1
22018,201939,0021801055,"Mar 18, 2019",GSW @ SAS,L,37,9,25,0.36,6,18,0.333,1,1,1.0,1,6,7,8,3,1,2,3,25,3,1
22018,201939,0021801038,"Mar 16, 2019",GSW @ OKC,W,33,10,23,0.435,5,12,0.417,8,10,0.8,1,6,7,3,2,0,4,1,33,19,1
22018,201939,0021801018,"Mar 13, 2019",GSW @ HOU,W,35,8,20,0.4,3,9,0.333,5,5,1.0,2,2,4,5,2,0,1,2,24,-3,1
22018,201939,0021801000,"Mar 10, 2019",GSW vs. PHX,L,35,6,20,0.3,4,15,0.267,2,2,1.0,0,7,7,8,3,1,3,4,18,7,1
22018,201939,0021800984,"Mar 08, 2019",GSW vs. DEN,W,34,6,16,0.375,4,10,0.4,1,2,0.5,0,7,7,4,0,0,7,4,17,20,1
22018,201939,0021800964,"Mar 05, 2019",GSW vs. BOS,L,31,8,16,0.5,4,10,0.4,3,3,1.0,0,3,3,4,1,0,4,3,23,-21,1
22018,201939,0021800938,"Mar 02, 2019",GSW @ PHI,W,36,10,23,0.435,5,15,0.333,3,3,1.0,1,3,4,2,4,0,2,4,28,2,1
22018,201939,0021800923,"Feb 28, 2019",GSW @ ORL,L,37,12,33,0.364,5,17,0.294,4,4,1.0,1,7,8,6,0,0,3,1,33,1,1
22018,201939,0021800915,"Feb 27, 2019",GSW @ MIA,L,34,9,20,0.45,4,14,0.286,2,3,0.667,1,5,6,4,0,0,3,1,24,5,1
22018,201939,0021800897,"Feb 25, 2019",GSW @ CHA,W,35,5,18,0.278,4,14,0.286,2,3,0.667,0,5,5,6,4,0,4,1,16,-4,1
22018,201939,0021800892,"Feb 23, 2019",GSW vs. HOU,L,36,9,18,0.5,5,11,0.455,2,2,1.0,0,9,9,7,1,1,3,3,25,-1,1
22018,201939,0021800871,"Feb 21, 2019",GSW vs. SAC,W,36,12,23,0.522,10,16,0.625,2,2,1.0,0,6,6,7,2,0,3,1,36,6,1
22018,201939,0021800862,"Feb 13, 2019",GSW @ POR,L,33,10,24,0.417,5,14,0.357,7,7,1.0,1,6,7,2,0,0,1,2,32,-10,1
22018,201939,0021800852,"Feb 12, 2019",GSW vs. UTA,W,36,8,19,0.421,5,14,0.357,3,3,1.0,0,5,5,4,4,2,2,3,24,5,1
22018,201939,0021800838,"Feb 10, 2019",GSW vs. MIA,W,36,9,18,0.5,5,10,0.5,2,2,1.0,1,3,4,2,2,0,2,2,25,-9,1
22018,201939,0021800822,"Feb 08, 2019",GSW @ PHX,W,36,6,17,0.353,3,11,0.273,5,6,0.833,0,7,7,7,1,1,2,5,20,13,1
22018,201939,0021800810,"Feb 06, 2019",GSW vs. SAS,W,29,7,12,0.583,3,5,0.6,2,3,0.667,1,4,5,7,2,1,3,2,19,26,1
22018,201939,0021800782,"Feb 02, 2019",GSW vs. LAL,W,33,5,15,0.333,2,9,0.222,2,3,0.667,0,4,4,2,0,0,2,2,14,13,1
22018,201939,0021800768,"Jan 31, 2019",GSW vs. PHI,L,38,14,27,0.519,10,18,0.556,3,4,0.75,1,3,4,6,1,0,6,1,41,-6,1
22018,201939,0021800745,"Jan 28, 2019",GSW @ IND,W,27,10,13,0.769,6,8,0.75,0,0,0.0,1,5,6,3,2,0,3,4,26,10,1
22018,201939,0021800732,"Jan 26, 2019",GSW @ BOS,W,38,7,15,0.467,6,12,0.5,4,4,1.0,0,3,3,3,0,0,1,2,24,4,1
22018,201939,0021800716,"Jan 24, 2019",GSW @ WAS,W,35,14,24,0.583,2,8,0.25,8,8,1.0,0,4,4,3,0,1,3,2,38,13,1
22018,201939,0021800701,"Jan 21, 2019",GSW @ LAL,W,30,3,12,0.25,2,10,0.2,3,3,1.0,1,4,5,12,1,0,0,3,11,27,1
22018,201939,0021800676,"Jan 18, 2019",GSW @ LAC,W,33,10,19,0.526,3,11,0.273,5,5,1.0,0,5,5,4,1,1,1,2,28,9,1
22018,201939,0021800663,"Jan 16, 2019",GSW vs. NOP,W,35,11,22,0.5,9,17,0.529,10,10,1.0,1,4,5,3,1,0,2,3,41,20,1
22018,201939,0021800655,"Jan 15, 2019",GSW @ DEN,W,30,10,18,0.556,8,13,0.615,3,3,1.0,1,5,6,4,0,0,3,2,31,25,1
22018,201939,0021800642,"Jan 13, 2019",GSW @ DAL,W,37,17,32,0.531,11,19,0.579,3,3,1.0,3,3,6,5,1,2,0,5,48,9,1
22018,201939,0021800629,"Jan 11, 2019",GSW vs. CHI,W,27,10,16,0.625,5,11,0.455,3,3,1.0,2,3,5,8,0,0,4,0,28,39,1
22018,201939,0021800605,"Jan 08, 2019",GSW vs. NYK,W,32,5,19,0.263,3,12,0.25,1,1,1.0,1,6,7,14,1,0,1,3,14,36,1
22018,201939,0021800583,"Jan 05, 2019",GSW @ SAC,W,38,14,26,0.538,10,20,0.5,4,4,1.0,0,5,5,2,2,0,6,2,42,12,1
22018,201939,0021800565,"Jan 03, 2019",GSW vs. HOU,L,40,14,27,0.519,5,15,0.333,2,3,0.667,0,3,3,6,0,0,5,4,35,3,1
22018,201939,0021800548,"Dec 31, 2018",GSW @ PHX,W,32,11,17,0.647,5,9,0.556,7,7,1.0,1,8,9,4,1,0,3,2,34,15,1
22018,201939,0021800534,"Dec 29, 2018",GSW @ POR,W,36,6,15,0.4,2,8,0.25,11,14,0.786,1,4,5,8,2,1,2,1,25,10,1
22018,201939,0021800516,"Dec 27, 2018",GSW vs. POR,L,42,11,26,0.423,6,15,0.4,1,3,0.333,1,4,5,7,2,2,7,1,29,-3,1
22018,201939,0021800500,"Dec 25, 2018",GSW vs. LAL,L,37,5,17,0.294,2,8,0.25,3,3,1.0,0,2,2,5,1,0,1,5,15,-9,1
22018,201939,0021800494,"Dec 23, 2018",GSW vs. LAC,W,36,12,22,0.545,6,15,0.4,12,13,0.923,3,3,6,2,1,0,0,4,42,8,1
22018,201939,0021800484,"Dec 22, 2018",GSW vs. DAL,W,39,7,22,0.318,6,17,0.353,2,3,0.667,2,3,5,5,2,0,3,5,22,-3,1
22018,201939,0021800464,"Dec 19, 2018",GSW @ UTA,L,37,12,21,0.571,5,9,0.556,3,3,1.0,1,2,3,3,3,1,4,4,32,-6,1
22018,201939,0021800449,"Dec 17, 2018",GSW vs. MEM,W,35,6,16,0.375,3,9,0.333,5,5,1.0,0,7,7,1,2,0,3,3,20,19,1
22018,201939,0021800428,"Dec 14, 2018",GSW @ SAC,W,36,11,23,0.478,5,14,0.357,8,8,1.0,1,6,7,6,3,0,1,2,35,18,1
22018,201939,0021800415,"Dec 12, 2018",GSW vs. TOR,L,33,3,12,0.25,2,8,0.25,2,2,1.0,1,2,3,3,1,0,4,1,10,-16,1
22018,201939,0021800400,"Dec 10, 2018",GSW vs. MIN,W,36,12,23,0.522,7,14,0.5,7,7,1.0,1,6,7,6,2,1,2,1,38,9,1
22018,201939,0021800377,"Dec 07, 2018",GSW @ MIL,W,36,7,17,0.412,4,9,0.444,2,2,1.0,0,4,4,8,1,0,3,3,20,9,1
22018,201939,0021800355,"Dec 05, 2018",GSW @ CLE,W,34,11,20,0.55,9,14,0.643,11,12,0.917,0,9,9,7,1,0,2,1,42,22,1
22018,201939,0021800344,"Dec 03, 2018",GSW @ ATL,W,29,10,17,0.588,6,10,0.6,4,4,1.0,0,3,3,2,1,1,3,4,30,22,1
22018,201939,0021800331,"Dec 01, 2018",GSW @ DET,L,36,10,21,0.476,3,9,0.333,4,4,1.0,0,5,5,3,2,0,7,4,27,-8,1
22018,201939,0021800166,"Nov 08, 2018",GSW vs. MIL,L,26,5,14,0.357,0,4,0.0,0,0,0.0,0,1,1,6,0,0,2,4,10,-26,1
22018,201939,0021800147,"Nov 05, 2018",GSW vs. MEM,W,32,6,17,0.353,3,6,0.5,4,4,1.0,2,3,5,7,1,1,5,1,19,26,1
22018,201939,0021800124,"Nov 02, 2018",GSW vs. MIN,W,35,11,24,0.458,4,12,0.333,2,2,1.0,1,8,9,7,0,2,4,3,28,6,1
22018,201939,0021800108,"Oct 31, 2018",GSW vs. NOP,W,37,12,20,0.6,7,11,0.636,6,7,0.857,0,2,2,9,2,0,5,3,37,19,1
22018,201939,0021800091,"Oct 29, 2018",GSW @ CHI,W,25,7,9,0.778,2,4,0.5,7,7,1.0,0,8,8,5,2,0,1,3,23,27,1
22018,201939,0021800083,"Oct 28, 2018",GSW @ BKN,W,36,11,26,0.423,7,15,0.467,6,7,0.857,1,6,7,3,1,0,2,1,35,11,1
22018,201939,0021800068,"Oct 26, 2018",GSW @ NYK,W,33,10,18,0.556,6,11,0.545,3,3,1.0,1,3,4,2,1,0,3,2,29,3,1
22018,201939,0021800062,"Oct 24, 2018",GSW vs. WAS,W,32,15,24,0.625,11,16,0.688,10,10,1.0,0,4,4,3,0,1,2,1,51,19,1
22018,201939,0021800047,"Oct 22, 2018",GSW vs. PHX,W,30,11,18,0.611,6,13,0.462,1,2,0.5,0,4,4,8,2,0,3,0,29,18,1
22018,201939,0021800038,"Oct 21, 2018",GSW @ DEN,L,39,10,23,0.435,6,16,0.375,4,4,1.0,0,4,4,6,0,0,2,4,30,3,1
22018,201939,0021800024,"Oct 19, 2018",GSW @ UTA,W,37,13,24,0.542,5,9,0.556,0,1,0.0,1,3,4,8,2,0,4,2,31,-3,1
22018,201939,0021800002,"Oct 16, 2018",GSW vs. OKC,W,37,11,20,0.55,5,9,0.556,5,5,1.0,0,8,8,9,1,0,3,4,32,15,1
22017,201939,0021701087,"Mar 23, 2018",GSW vs. ATL,W,25,10,18,0.556,3,8,0.375,6,6,1.0,1,6,7,1,0,1,1,1,29,9,1
22017,201939,0021700976,"Mar 08, 2018",GSW vs. SAS,W,2,0,1,0.0,0,0,0.0,2,2,1.0,0,0,0,0,0,0,0,0,2,-1,1
22017,201939,0021700963,"Mar 06, 2018",GSW vs. BKN,W,34,12,20,0.6,6,12,0.5,4,5,0.8,1,5,6,4,3,1,3,2,34,11,1
22017,201939,0021700928,"Mar 02, 2018",GSW @ ATL,W,23,8,15,0.533,4,9,0.444,8,8,1.0,0,1,1,3,2,0,0,0,28,2,1
22017,201939,0021700917,"Feb 28, 2018",GSW @ WAS,W,35,5,15,0.333,4,9,0.444,11,12,0.917,0,5,5,3,2,0,6,3,25,20,2
22017,201939,0021700900,"Feb 26, 2018",GSW @ NYK,W,30,8,16,0.5,4,9,0.444,1,1,1.0,0,5,5,5,0,0,3,1,21,25,1
22017,201939,0021700887,"Feb 24, 2018",GSW vs. OKC,W,30,8,19,0.421,5,12,0.417,0,0,0.0,1,8,9,6,3,0,2,2,21,24,1
22017,201939,0021700872,"Feb 22, 2018",GSW vs. LAC,W,37,14,19,0.737,8,11,0.727,8,8,1.0,1,5,6,10,2,0,4,4,44,8,1
22017,201939,0021700864,"Feb 14, 2018",GSW @ POR,L,34,6,17,0.353,3,10,0.3,2,2,1.0,2,2,4,6,3,0,7,4,17,-7,1
22017,201939,0021700846,"Feb 12, 2018",GSW vs. PHX,W,30,8,17,0.471,3,9,0.333,3,3,1.0,2,7,9,7,0,1,3,3,22,21,1
22017,201939,0021700831,"Feb 10, 2018",GSW vs. SAS,W,29,7,13,0.538,3,7,0.429,0,0,0.0,1,3,4,8,2,0,2,0,17,6,1
22017,201939,0021700815,"Feb 08, 2018",GSW vs. DAL,W,30,7,12,0.583,4,9,0.444,2,2,1.0,2,5,7,8,0,0,4,1,20,3,1
22017,201939,0021700803,"Feb 06, 2018",GSW vs. OKC,L,32,6,14,0.429,2,9,0.222,7,7,1.0,1,4,5,5,1,1,3,3,21,-14,1
22017,201939,0021700782,"Feb 03, 2018",GSW @ DEN,L,36,8,16,0.5,5,12,0.417,3,4,0.75,1,5,6,4,2,0,5,2,24,4,1
22017,201939,0021700774,"Feb 02, 2018",GSW @ SAC,W,36,7,17,0.412,3,10,0.3,6,6,1.0,1,4,5,6,2,0,6,3,23,14,1
22017,201939,0021700751,"Jan 30, 2018",GSW @ UTA,L,30,4,13,0.308,1,7,0.143,5,5,1.0,1,1,2,5,0,0,3,1,14,-17,1
22017,201939,0021700728,"Jan 27, 2018",GSW vs. BOS,W,37,16,24,0.667,8,13,0.615,9,10,0.9,0,4,4,5,2,0,1,2,49,6,1
22017,201939,0021700713,"Jan 25, 2018",GSW vs. MIN,W,37,9,14,0.643,5,9,0.556,2,3,0.667,2,3,5,9,3,0,2,2,25,20,1
22017,201939,0021700699,"Jan 23, 2018",GSW vs. NYK,W,33,9,19,0.474,8,15,0.533,6,6,1.0,0,6,6,7,0,0,1,2,32,4,1
22017,201939,0021700679,"Jan 20, 2018",GSW @ HOU,L,36,6,20,0.3,5,15,0.333,2,4,0.5,0,1,1,8,2,0,6,2,19,-11,2
22017,201939,0021700657,"Jan 17, 2018",GSW @ CHI,W,35,10,18,0.556,6,11,0.545,4,4,1.0,0,9,9,4,1,0,6,2,30,21,1
22017,201939,0021700646,"Jan 15, 2018",GSW @ CLE,W,33,8,15,0.533,4,8,0.5,3,4,0.75,1,3,4,8,2,0,3,3,23,13,1
22017,201939,0021700631,"Jan 13, 2018",GSW @ TOR,W,34,6,12,0.5,2,7,0.286,10,12,0.833,0,6,6,9,1,0,1,3,24,-5,1
22017,201939,0021700597,"Jan 08, 2018",GSW vs. DEN,W,35,9,17,0.529,5,10,0.5,9,10,0.9,1,3,4,9,2,0,6,3,32,3,1
22017,201939,0021700578,"Jan 06, 2018",GSW @ LAC,W,30,11,21,0.524,8,16,0.5,15,16,0.938,2,4,6,3,3,0,2,2,45,28,1
22017,201939,0021700566,"Jan 04, 2018",GSW @ HOU,W,37,10,20,0.5,4,10,0.4,5,6,0.833,0,9,9,5,1,0,3,3,29,3,1
22017,201939,0021700562,"Jan 03, 2018",GSW @ DAL,W,34,11,19,0.579,6,13,0.462,4,5,0.8,0,5,5,8,1,0,3,1,32,7,1
22017,201939,0021700535,"Dec 30, 2017",GSW vs. MEM,W,26,13,17,0.765,10,13,0.769,2,2,1.0,0,4,4,3,0,0,0,2,38,24,1
22017,201939,0021700346,"Dec 04, 2017",GSW @ NOP,W,34,9,19,0.474,5,11,0.455,8,9,0.889,2,3,5,11,1,0,2,5,31,-1,1
22017,201939,0021700335,"Dec 03, 2017",GSW @ MIA,W,30,11,16,0.688,5,9,0.556,3,4,0.75,0,2,2,3,2,0,0,1,30,20,1
22017,201939,0021700318,"Dec 01, 2017",GSW @ ORL,W,33,9,20,0.45,3,8,0.375,2,2,1.0,1,5,6,10,3,0,4,2,23,19,1
22017,201939,0021700312,"Nov 29, 2017",GSW @ LAL,W,39,9,20,0.45,3,9,0.333,7,8,0.875,0,5,5,7,0,0,5,4,28,4,1
22017,201939,0021700284,"Nov 25, 2017",GSW vs. NOP,W,36,9,25,0.36,3,13,0.231,6,6,1.0,0,4,4,6,1,0,1,2,27,5,1
22017,201939,0021700276,"Nov 24, 2017",GSW vs. CHI,W,27,10,18,0.556,4,11,0.364,9,9,1.0,0,7,7,4,2,0,2,2,33,39,1
22017,201939,0021700263,"Nov 22, 2017",GSW @ OKC,L,31,9,18,0.5,3,8,0.375,3,3,1.0,1,4,5,6,1,0,6,1,24,-17,2
22017,201939,0021700236,"Nov 19, 2017",GSW @ BKN,W,33,14,24,0.583,4,10,0.4,7,8,0.875,3,8,11,7,3,0,7,6,39,4,1
22017,201939,0021700231,"Nov 18, 2017",GSW @ PHI,W,35,11,22,0.5,4,9,0.444,9,9,1.0,0,5,5,5,0,1,2,1,35,3,1
22017,201939,0021700215,"Nov 16, 2017",GSW @ BOS,L,31,3,14,0.214,2,9,0.222,1,2,0.5,2,4,6,5,4,0,4,5,9,-14,1
22017,201939,0021700184,"Nov 11, 2017",GSW vs. PHI,W,30,5,12,0.417,3,8,0.375,9,9,1.0,0,4,4,9,1,0,2,0,22,29,1
22017,201939,0021700163,"Nov 08, 2017",GSW vs. MIN,W,30,7,16,0.438,2,7,0.286,6,6,1.0,0,8,8,8,2,1,5,2,22,16,1
22017,201939,0021700148,"Nov 06, 2017",GSW vs. MIA,W,34,5,19,0.263,2,9,0.222,4,5,0.8,0,5,5,4,2,0,1,3,16,25,1
22017,201939,0021700135,"Nov 04, 2017",GSW @ DEN,W,30,7,14,0.5,5,10,0.5,3,4,0.75,0,0,0,11,2,0,3,0,22,44,1
22017,201939,0021700117,"Nov 02, 2017",GSW @ SAS,W,32,7,13,0.538,3,4,0.75,4,4,1.0,1,7,8,5,3,0,2,2,21,16,2
22017,201939,0021700100,"Oct 30, 2017",GSW @ LAC,W,30,9,14,0.643,7,11,0.636,6,8,0.75,2,3,5,6,2,1,1,3,31,23,2
22017,201939,0021700091,"Oct 29, 2017",GSW vs. DET,L,35,11,17,0.647,3,7,0.429,2,3,0.667,1,5,6,8,1,0,5,3,27,12,1
22017,201939,0021700075,"Oct 27, 2017",GSW vs. WAS,W,36,7,19,0.368,3,13,0.231,3,3,1.0,0,5,5,8,2,0,2,2,20,-8,1
22017,201939,0021700063,"Oct 25, 2017",GSW vs. TOR,W,38,9,20,0.45,4,11,0.364,8,8,1.0,0,4,4,5,3,1,2,2,30,14,1
22017,201939,0021700045,"Oct 23, 2017",GSW @ DAL,W,31,7,15,0.467,2,10,0.2,13,13,1.0,2,0,2,8,4,0,6,1,29,22,1
22017,201939,0021700033,"Oct 21, 2017",GSW @ MEM,L,30,9,17,0.529,6,11,0.545,13,13,1.0,0,6,6,3,0,0,2,5,37,-6,1
22017,201939,0021700025,"Oct 20, 2017",GSW @ NOP,W,35,7,16,0.438,4,11,0.364,10,10,1.0,0,3,3,8,0,0,1,1,28,7,0
22017,201939,0021700002,"Oct 17, 2017",GSW vs. HOU,L,30,8,18,0.444,3,9,0.333,3,3,1.0,0,5,5,4,1,0,2,4,22,9,1
22016,201939,0021601229,"Apr 12, 2017",GSW vs. LAL,W,28,6,17,0.353,5,14,0.357,3,4,0.75,0,5,5,8,2,0,6,1,20,27,1
22016,201939,0021601211,"Apr 10, 2017",GSW vs. UTA,L,30,9,16,0.563,6,8,0.75,4,5,0.8,1,3,4,4,1,0,1,1,28,9,1
22016,201939,0021601171,"Apr 05, 2017",GSW @ PHX,W,35,15,25,0.6,8,12,0.667,4,7,0.571,0,4,4,11,2,2,3,0,42,25,1
22016,201939,0021601162,"Apr 04, 2017",GSW vs. MIN,W,30,7,18,0.389,3,8,0.375,2,4,0.5,0,3,3,9,3,2,3,2,19,13,1
22016,201939,0021601152,"Apr 02, 2017",GSW vs. WAS,W,36,15,22,0.682,9,14,0.643,3,3,1.0,0,1,1,8,1,0,1,3,42,26,1
22016,201939,0021601136,"Mar 31, 2017",GSW vs. HOU,W,35,8,18,0.444,4,9,0.444,4,5,0.8,3,4,7,5,2,0,2,4,24,14,1
22016,201939,0021601118,"Mar 29, 2017",GSW @ SAS,W,35,9,20,0.45,4,8,0.5,7,7,1.0,1,3,4,11,1,0,2,5,29,6,1
22016,201939,0021601108,"Mar 28, 2017",GSW @ HOU,W,33,11,22,0.5,3,11,0.273,7,10,0.7,2,8,10,7,2,0,6,5,32,9,1
22016,201939,0021601094,"Mar 26, 2017",GSW vs. MEM,W,36,8,18,0.444,5,12,0.417,0,0,0.0,0,1,1,11,4,0,5,1,21,8,1
22016,201939,0021601081,"Mar 24, 2017",GSW vs. SAC,W,33,9,18,0.5,5,11,0.455,4,4,1.0,1,6,7,12,6,0,3,0,27,28,1
22016,201939,0021601055,"Mar 21, 2017",GSW @ DAL,W,30,7,14,0.5,3,9,0.333,0,0,0.0,1,4,5,9,2,0,0,1,17,14,1
22016,201939,0021601049,"Mar 20, 2017",GSW @ OKC,W,30,8,17,0.471,7,12,0.583,0,0,0.0,0,4,4,6,0,0,5,3,23,16,1
22016,201939,0021601035,"Mar 18, 2017",GSW vs. MIL,W,30,9,13,0.692,6,8,0.75,4,4,1.0,0,4,4,4,1,1,3,3,28,18,1
22016,201939,0021601019,"Mar 16, 2017",GSW vs. ORL,W,28,8,15,0.533,2,7,0.286,7,7,1.0,0,1,1,9,3,0,2,1,25,24,1
22016,201939,0021601003,"Mar 14, 2017",GSW vs. PHI,W,37,8,23,0.348,5,13,0.385,8,8,1.0,2,4,6,5,3,0,5,3,29,3,1
22016,201939,0021600968,"Mar 10, 2017",GSW @ MIN,L,35,10,27,0.37,1,8,0.125,5,5,1.0,3,3,6,7,1,0,6,4,26,-5,1
22016,201939,0021600959,"Mar 08, 2017",GSW vs. BOS,L,35,8,16,0.5,2,9,0.222,5,5,1.0,3,2,5,6,0,1,4,4,23,-3,1
22016,201939,0021600937,"Mar 06, 2017",GSW @ ATL,W,35,8,20,0.4,6,15,0.4,2,3,0.667,1,3,4,9,0,0,2,4,24,5,1
22016,201939,0021600928,"Mar 05, 2017",GSW @ NYK,W,37,11,24,0.458,5,13,0.385,4,6,0.667,2,6,8,6,2,0,2,2,31,22,1
22016,201939,0021600906,"Mar 02, 2017",GSW @ CHI,L,35,10,27,0.37,2,11,0.182,1,1,1.0,1,5,6,5,5,0,4,4,23,-4,1
22016,201939,0021600889,"Feb 28, 2017",GSW @ WAS,L,34,9,20,0.45,2,9,0.222,5,6,0.833,4,3,7,4,2,0,5,3,25,-5,1
22016,201939,0021600883,"Feb 27, 2017",GSW @ PHI,W,35,7,23,0.304,0,11,0.0,5,5,1.0,2,2,4,6,2,0,4,2,19,8,1
22016,201939,0021600873,"Feb 25, 2017",GSW vs. BKN,W,35,9,21,0.429,5,10,0.5,4,4,1.0,1,4,5,5,3,0,4,2,27,17,2
22016,201939,0021600854,"Feb 23, 2017",GSW vs. LAC,W,32,10,16,0.625,6,10,0.6,9,10,0.9,1,6,7,5,4,0,4,5,35,26,1
22016,201939,0021600847,"Feb 15, 2017",GSW vs. SAC,W,30,4,14,0.286,2,8,0.25,3,4,0.75,0,6,6,9,0,2,3,2,13,23,1
22016,201939,0021600827,"Feb 13, 2017",GSW @ DEN,L,27,4,18,0.222,1,11,0.091,2,2,1.0,1,1,2,5,1,0,1,1,11,-24,1
22016,201939,0021600813,"Feb 11, 2017",GSW @ OKC,W,34,9,19,0.474,4,11,0.364,4,4,1.0,3,5,8,9,2,0,0,2,26,16,1
22016,201939,0021600803,"Feb 10, 2017",GSW @ MEM,W,35,6,13,0.462,2,6,0.333,4,5,0.8,0,4,4,5,0,0,3,3,18,15,1
22016,201939,0021600792,"Feb 08, 2017",GSW vs. CHI,W,28,5,11,0.455,1,4,0.25,2,2,1.0,0,1,1,6,1,0,2,4,13,20,1
22016,201939,0021600764,"Feb 04, 2017",GSW @ SAC,L,42,11,20,0.55,8,14,0.571,5,6,0.833,0,4,4,9,3,0,3,2,35,4,1
22016,201939,0021600745,"Feb 02, 2017",GSW @ LAC,W,37,11,23,0.478,3,10,0.3,4,4,1.0,1,2,3,11,3,0,4,1,29,13,1
22016,201939,0021600741,"Feb 01, 2017",GSW vs. CHA,W,30,14,20,0.7,11,15,0.733,0,0,0.0,1,4,5,8,3,0,1,2,39,25,1
22016,201939,0021600707,"Jan 28, 2017",GSW vs. LAC,W,29,15,23,0.652,9,15,0.6,4,4,1.0,0,9,9,6,0,0,2,1,43,42,1
22016,201939,0021600687,"Jan 25, 2017",GSW @ CHA,W,36,11,23,0.478,6,12,0.5,0,0,0.0,0,2,2,7,1,1,4,2,28,0,1
22016,201939,0021600668,"Jan 23, 2017",GSW @ MIA,L,37,7,19,0.368,3,9,0.333,4,5,0.8,0,9,9,8,0,1,4,2,21,1,1
22016,201939,0021600661,"Jan 22, 2017",GSW @ ORL,W,30,8,15,0.533,7,13,0.538,4,4,1.0,1,3,4,6,0,0,3,2,27,32,1
22016,201939,0021600646,"Jan 20, 2017",GSW @ HOU,W,33,8,18,0.444,5,11,0.455,3,5,0.6,0,1,1,7,1,0,1,1,24,15,1
22016,201939,0021600634,"Jan 18, 2017",GSW vs. OKC,W,34,9,19,0.474,2,6,0.333,4,4,1.0,0,4,4,8,3,0,3,0,24,19,1
22016,201939,0021600619,"Jan 16, 2017",GSW vs. CLE,W,31,7,20,0.35,5,12,0.417,1,2,0.5,0,2,2,11,4,0,3,2,20,23,1
22016,201939,0021600590,"Jan 12, 2017",GSW vs. DET,W,30,9,17,0.529,3,9,0.333,3,3,1.0,0,2,2,7,5,0,8,0,24,32,1
22016,201939,0021600578,"Jan 10, 2017",GSW vs. MIA,W,36,8,21,0.381,4,11,0.364,4,5,0.8,1,7,8,9,1,1,3,0,24,18,1
22016,201939,0021600566,"Jan 08, 2017",GSW @ SAC,W,37,11,22,0.5,5,11,0.455,3,3,1.0,2,2,4,6,2,0,4,3,30,14,1
22016,201939,0021600550,"Jan 06, 2017",GSW vs. MEM,L,42,15,27,0.556,5,13,0.385,5,5,1.0,0,3,3,6,1,1,4,2,40,-10,1
22016,201939,0021600534,"Jan 04, 2017",GSW vs. POR,W,36,12,25,0.48,5,13,0.385,6,8,0.75,1,6,7,5,1,0,5,1,35,6,1
22016,201939,0021600520,"Jan 02, 2017",GSW vs. DEN,W,35,8,18,0.444,3,9,0.333,3,3,1.0,0,3,3,5,0,0,3,2,22,7,1
22016,201939,0021600501,"Dec 30, 2016",GSW vs. DAL,W,30,5,12,0.417,3,6,0.5,1,1,1.0,0,4,4,5,1,0,1,2,14,14,1
22016,201939,0021600485,"Dec 28, 2016",GSW vs. TOR,W,36,9,18,0.5,3,6,0.5,7,7,1.0,1,6,7,7,0,0,2,3,28,27,1
22016,201939,0021600457,"Dec 25, 2016",GSW @ CLE,L,37,4,11,0.364,2,7,0.286,5,6,0.833,0,3,3,3,3,0,3,4,15,-1,1
22016,201939,0021600446,"Dec 23, 2016",GSW @ DET,W,35,7,16,0.438,5,10,0.5,6,6,1.0,0,3,3,8,2,0,5,1,25,6,1
22016,201939,0021600437,"Dec 22, 2016",GSW @ BKN,W,33,6,19,0.316,3,13,0.231,0,0,0.0,0,2,2,7,5,0,2,5,15,25,1
22016,201939,0021600427,"Dec 20, 2016",GSW vs. UTA,W,30,8,18,0.444,4,9,0.444,5,5,1.0,0,3,3,4,3,0,0,0,25,27,1
22016,201939,0021600405,"Dec 17, 2016",GSW vs. POR,W,27,6,11,0.545,5,8,0.625,2,2,1.0,0,3,3,6,0,0,3,3,19,21,1
22016,201939,0021600388,"Dec 15, 2016",GSW vs. NYK,W,34,3,14,0.214,2,8,0.25,0,0,0.0,1,9,10,8,1,0,3,0,8,20,1
22016,201939,0021600371,"Dec 13, 2016",GSW @ NOP,W,34,11,23,0.478,5,9,0.556,3,4,0.75,2,2,4,7,1,0,2,2,30,4,1
22016,201939,0021600358,"Dec 11, 2016",GSW @ MIN,W,32,6,13,0.462,2,5,0.4,8,8,1.0,1,3,4,9,1,0,0,3,22,-4,1
22016,201939,0021600351,"Dec 10, 2016",GSW @ MEM,L,31,4,14,0.286,3,11,0.273,6,6,1.0,2,6,8,3,0,0,4,3,17,-24,1
22016,201939,0021600335,"Dec 08, 2016",GSW @ UTA,W,36,7,16,0.438,3,9,0.333,9,9,1.0,0,5,5,2,2,0,3,2,26,10,1
22016,201939,0021600330,"Dec 07, 2016",GSW @ LAC,W,33,7,16,0.438,0,8,0.0,5,5,1.0,0,4,4,6,7,0,3,3,19,18,1
22016,201939,0021600314,"Dec 05, 2016",GSW vs. IND,W,29,4,10,0.4,2,7,0.286,3,4,0.75,0,4,4,11,2,1,0,4,13,24,1
22016,201939,0021600299,"Dec 03, 2016",GSW vs. PHX,W,30,10,15,0.667,5,7,0.714,6,6,1.0,0,2,2,1,1,0,3,2,31,15,1
22016,201939,0021600281,"Dec 01, 2016",GSW vs. HOU,L,38,9,22,0.409,4,13,0.308,6,6,1.0,1,2,3,5,3,1,5,6,28,10,1
22016,201939,0021600259,"Nov 28, 2016",GSW vs. ATL,W,38,6,17,0.353,4,11,0.364,9,11,0.818,0,3,3,3,2,0,3,2,25,6,1
22016,201939,0021600244,"Nov 26, 2016",GSW vs. MIN,W,37,13,19,0.684,4,8,0.5,4,4,1.0,1,7,8,6,1,0,6,4,34,16,1
22016,201939,0021600238,"Nov 25, 2016",GSW @ LAL,W,36,8,17,0.471,4,10,0.4,4,4,1.0,2,3,5,5,3,0,3,1,24,14,1
22016,201939,0021600223,"Nov 23, 2016",GSW vs. LAL,W,29,11,18,0.611,7,12,0.583,2,2,1.0,0,5,5,9,1,0,1,1,31,32,1
22016,201939,0021600202,"Nov 21, 2016",GSW @ IND,W,29,6,11,0.545,2,6,0.333,8,8,1.0,2,4,6,6,1,0,1,1,22,34,1
22016,201939,0021600191,"Nov 19, 2016",GSW @ MIL,W,35,7,21,0.333,1,11,0.091,5,5,1.0,0,5,5,5,1,0,3,4,20,1,1
22016,201939,0021600179,"Nov 18, 2016",GSW @ BOS,W,36,7,20,0.35,2,10,0.2,0,0,0.0,0,3,3,8,4,1,2,4,16,19,1
22016,201939,0021600165,"Nov 16, 2016",GSW @ TOR,W,37,10,19,0.526,3,9,0.333,12,13,0.923,2,1,3,7,1,0,3,3,35,5,1
22016,201939,0021600143,"Nov 13, 2016",GSW vs. PHX,W,37,9,17,0.529,5,9,0.556,7,7,1.0,0,6,6,6,2,0,3,2,30,22,1
22016,201939,0021600119,"Nov 10, 2016",GSW @ DEN,W,30,10,17,0.588,7,13,0.538,6,6,1.0,1,4,5,6,1,0,4,1,33,27,1
22016,201939,0021600116,"Nov 09, 2016",GSW vs. DAL,W,31,8,12,0.667,4,8,0.5,4,4,1.0,0,3,3,6,1,0,5,1,24,17,1
22016,201939,0021600099,"Nov 07, 2016",GSW vs. NOP,W,36,16,26,0.615,13,17,0.765,1,2,0.5,3,2,5,5,2,0,4,2,46,7,1
22016,201939,0021600078,"Nov 04, 2016",GSW @ LAL,L,31,5,17,0.294,0,10,0.0,3,3,1.0,0,8,8,10,2,1,2,3,13,-5,1
22016,201939,0021600069,"Nov 03, 2016",GSW vs. OKC,W,30,6,14,0.429,2,6,0.333,7,8,0.875,0,1,1,7,2,1,1,1,21,17,1
22016,201939,0021600054,"Nov 01, 2016",GSW @ POR,W,29,10,21,0.476,5,10,0.5,3,4,0.75,1,3,4,3,1,0,4,3,28,24,1
22016,201939,0021600036,"Oct 30, 2016",GSW @ PHX,W,34,9,17,0.529,5,8,0.625,5,5,1.0,0,1,1,3,0,0,1,5,28,2,1
22016,201939,0021600025,"Oct 28, 2016",GSW @ NOP,W,34,8,19,0.421,4,10,0.4,3,4,0.75,1,0,1,8,1,0,4,3,23,4,1
22016,201939,0021600003,"Oct 25, 2016",GSW vs. SAS,L,34,9,18,0.5,3,10,0.3,5,6,0.833,0,3,3,4,0,0,4,1,26,-9,1
22015,201939,0021501227,"Apr 13, 2016",GSW vs. MEM,W,30,15,24,0.625,10,19,0.526,6,6,1.0,1,3,4,6,2,0,2,2,46,19,1
22015,201939,0021501201,"Apr 10, 2016",GSW @ SAS,W,35,13,22,0.591,4,9,0.444,7,7,1.0,0,5,5,5,2,0,4,4,37,7,1
22015,201939,0021501190,"Apr 09, 2016",GSW @ MEM,W,34,7,22,0.318,3,14,0.214,0,0,0.0,0,9,9,8,1,0,2,1,17,10,1
22015,201939,0021501177,"Apr 07, 2016",GSW vs. SAS,W,36,11,19,0.579,3,7,0.429,2,2,1.0,0,5,5,9,2,0,3,2,27,14,1
22015,201939,0021501163,"Apr 05, 2016",GSW vs. MIN,L,43,7,25,0.28,4,14,0.286,3,3,1.0,2,4,6,15,3,0,3,4,21,3,1
22015,201939,0021501152,"Apr 03, 2016",GSW vs. POR,W,35,13,21,0.619,9,13,0.692,4,4,1.0,2,4,6,7,2,1,4,2,39,16,1
22015,201939,0021501136,"Apr 01, 2016",GSW vs. BOS,L,37,9,19,0.474,8,14,0.571,3,3,1.0,0,5,5,6,1,0,9,2,29,-1,1
22015,201939,0021501119,"Mar 30, 2016",GSW @ UTA,W,42,11,23,0.478,5,10,0.5,4,5,0.8,2,5,7,4,2,0,5,4,31,6,1
22015,201939,0021501112,"Mar 29, 2016",GSW vs. WAS,W,35,9,20,0.45,6,8,0.75,2,2,1.0,0,7,7,7,5,0,5,3,26,15,1
22015,201939,0021501094,"Mar 27, 2016",GSW vs. PHI,W,33,7,16,0.438,2,9,0.222,4,5,0.8,0,3,3,8,4,0,4,0,20,4,1
22015,201939,0021501080,"Mar 25, 2016",GSW vs. DAL,W,35,9,18,0.5,5,12,0.417,10,11,0.909,0,8,8,8,4,0,3,0,33,15,1
22015,201939,0021501066,"Mar 23, 2016",GSW vs. LAC,W,37,12,23,0.522,4,10,0.4,5,6,0.833,0,4,4,5,3,0,1,3,33,4,1
22015,201939,0021501050,"Mar 21, 2016",GSW @ MIN,W,35,6,17,0.353,2,9,0.222,5,6,0.833,3,4,7,11,3,1,5,4,19,0,1
22015,201939,0021501036,"Mar 19, 2016",GSW @ SAS,L,38,4,18,0.222,1,12,0.083,5,5,1.0,2,4,6,6,2,0,2,0,14,-10,1
22015,201939,0021501026,"Mar 18, 2016",GSW @ DAL,W,34,12,26,0.462,6,12,0.5,1,1,1.0,1,8,9,10,2,0,1,2,31,7,1
22015,201939,0021501011,"Mar 16, 2016",GSW vs. NYK,W,28,12,20,0.6,8,13,0.615,2,2,1.0,0,6,6,4,0,0,2,2,34,31,1
22015,201939,0021500996,"Mar 14, 2016",GSW vs. NOP,W,31,10,16,0.625,4,9,0.444,3,4,0.75,1,4,5,5,2,0,1,1,27,27,1
22015,201939,0021500981,"Mar 12, 2016",GSW vs. PHX,W,35,12,24,0.5,7,16,0.438,4,4,1.0,1,2,3,6,0,0,1,4,35,19,1
22015,201939,0021500971,"Mar 11, 2016",GSW vs. POR,W,29,13,23,0.565,7,14,0.5,1,2,0.5,0,3,3,4,2,0,3,2,34,14,1
22015,201939,0021500958,"Mar 09, 2016",GSW vs. UTA,W,32,4,12,0.333,3,9,0.333,1,2,0.5,0,3,3,10,3,0,3,2,12,12,1
22015,201939,0021500943,"Mar 07, 2016",GSW vs. ORL,W,37,14,24,0.583,7,13,0.538,6,6,1.0,1,12,13,3,4,0,5,3,41,21,1
22015,201939,0021500931,"Mar 06, 2016",GSW @ LAL,L,34,6,20,0.3,1,10,0.1,5,5,1.0,1,5,6,4,1,0,4,2,18,-8,1
22015,201939,0021500911,"Mar 03, 2016",GSW vs. OKC,W,37,12,25,0.48,5,15,0.333,4,5,0.8,1,3,4,4,1,1,1,2,33,6,1
22015,201939,0021500874,"Feb 27, 2016",GSW @ OKC,W,38,14,24,0.583,12,16,0.75,6,8,0.75,0,3,3,6,2,0,3,1,46,6,1
22015,201939,0021500855,"Feb 25, 2016",GSW @ ORL,W,34,20,27,0.741,10,15,0.667,1,1,1.0,0,7,7,8,0,1,5,1,51,11,1
22015,201939,0021500848,"Feb 24, 2016",GSW @ MIA,W,36,14,29,0.483,6,12,0.5,8,8,1.0,3,4,7,7,1,1,7,0,42,7,1
22015,201939,0021500836,"Feb 22, 2016",GSW @ ATL,W,36,14,22,0.636,5,11,0.455,3,3,1.0,1,5,6,8,3,0,2,2,36,13,1
22015,201939,0021500822,"Feb 20, 2016",GSW @ LAC,W,36,5,15,0.333,3,8,0.375,10,12,0.833,0,3,3,9,3,0,3,2,23,4,1
22015,201939,0021500815,"Feb 19, 2016",GSW @ POR,L,26,12,23,0.522,7,13,0.538,0,0,0.0,2,1,3,5,2,0,3,4,31,-18,1
22015,201939,0021500799,"Feb 10, 2016",GSW @ PHX,W,30,9,17,0.529,5,10,0.5,3,4,0.75,5,4,9,9,1,1,2,1,26,12,1
22015,201939,0021500788,"Feb 09, 2016",GSW vs. HOU,W,38,12,24,0.5,7,16,0.438,4,4,1.0,1,4,5,9,1,0,1,2,35,3,1
22015,201939,0021500769,"Feb 06, 2016",GSW vs. OKC,W,38,10,26,0.385,1,9,0.111,5,5,1.0,1,5,6,10,3,0,3,2,26,3,1
22015,201939,0021500739,"Feb 03, 2016",GSW @ WAS,W,36,19,28,0.679,11,15,0.733,2,3,0.667,1,6,7,2,3,0,7,3,51,20,1
22015,201939,0021500718,"Jan 31, 2016",GSW @ NYK,W,32,5,17,0.294,3,11,0.273,0,0,0.0,0,4,4,4,3,0,3,1,13,10,1
22015,201939,0021500707,"Jan 30, 2016",GSW @ PHI,W,34,9,19,0.474,5,11,0.455,0,0,0.0,2,3,5,6,1,2,8,3,23,17,1
22015,201939,0021500691,"Jan 27, 2016",GSW vs. DAL,W,32,4,11,0.364,3,7,0.429,3,3,1.0,1,1,2,9,3,1,0,2,14,26,1
22015,201939,0021500675,"Jan 25, 2016",GSW vs. SAS,W,28,12,20,0.6,6,9,0.667,7,7,1.0,1,1,2,3,5,0,1,0,37,23,1
22015,201939,0021500652,"Jan 22, 2016",GSW vs. IND,W,37,11,19,0.579,8,15,0.533,9,9,1.0,2,8,10,12,1,0,2,1,39,22,1
22015,201939,0021500634,"Jan 20, 2016",GSW @ CHI,W,34,8,18,0.444,3,9,0.333,6,6,1.0,1,6,7,11,2,1,2,2,25,36,1
22015,201939,0021500622,"Jan 18, 2016",GSW @ CLE,W,28,12,18,0.667,7,12,0.583,4,4,1.0,2,3,5,4,3,0,1,3,35,34,1
22015,201939,0021500605,"Jan 16, 2016",GSW @ DET,L,37,13,26,0.5,7,15,0.467,5,6,0.833,1,6,7,5,2,0,2,1,38,2,1
22015,201939,0021500592,"Jan 14, 2016",GSW vs. LAL,W,30,9,18,0.5,8,16,0.5,0,0,0.0,2,4,6,3,1,0,3,3,26,14,1
22015,201939,0021500583,"Jan 13, 2016",GSW @ DEN,L,40,13,25,0.52,5,12,0.417,7,7,1.0,2,3,5,9,3,1,8,1,38,-4,1
22015,201939,0021500568,"Jan 11, 2016",GSW vs. MIA,W,38,11,27,0.407,4,11,0.364,5,6,0.833,0,2,2,6,1,0,1,2,31,-3,1
22015,201939,0021500556,"Jan 09, 2016",GSW @ SAC,W,38,12,21,0.571,8,14,0.571,6,7,0.857,1,5,6,11,1,1,4,3,38,16,1
22015,201939,0021500548,"Jan 08, 2016",GSW @ POR,W,29,8,18,0.444,4,11,0.364,6,6,1.0,0,3,3,9,1,0,1,2,26,22,1
22015,201939,0021500524,"Jan 05, 2016",GSW @ LAL,W,26,6,13,0.462,4,8,0.5,1,1,1.0,1,0,1,6,3,0,3,2,17,28,1
22015,201939,0021500520,"Jan 04, 2016",GSW vs. CHA,W,32,12,21,0.571,5,10,0.5,1,1,1.0,0,3,3,4,2,0,2,4,30,1,1
22015,201939,0021500504,"Jan 02, 2016",GSW vs. DEN,W,14,2,6,0.333,1,5,0.2,0,0,0.0,0,1,1,4,2,0,2,1,5,12,1
22015,201939,0021500468,"Dec 28, 2015",GSW vs. SAC,W,30,7,16,0.438,6,13,0.462,3,4,0.75,0,14,14,10,2,0,2,3,23,24,1
22015,201939,0021500438,"Dec 25, 2015",GSW vs. CLE,W,37,6,15,0.4,1,4,0.25,6,6,1.0,1,6,7,7,2,0,3,3,19,15,1
22015,201939,0021500434,"Dec 23, 2015",GSW vs. UTA,W,34,5,14,0.357,2,8,0.25,4,4,1.0,1,4,5,9,3,0,3,2,16,21,1
22015,201939,0021500397,"Dec 18, 2015",GSW vs. MIL,W,39,7,14,0.5,2,6,0.333,10,11,0.909,2,8,10,9,2,0,6,2,26,13,1
22015,201939,0021500381,"Dec 16, 2015",GSW vs. PHX,W,30,10,14,0.714,2,5,0.4,3,5,0.6,0,2,2,7,1,0,3,4,25,37,1
22015,201939,0021500351,"Dec 12, 2015",GSW @ MIL,L,35,10,22,0.455,2,9,0.222,6,7,0.857,2,5,7,5,1,0,2,2,28,0,1
22015,201939,0021500336,"Dec 11, 2015",GSW @ BOS,W,47,9,27,0.333,6,13,0.462,14,14,1.0,3,8,11,8,2,0,8,4,38,15,1
22015,201939,0021500314,"Dec 08, 2015",GSW @ IND,W,36,11,23,0.478,3,10,0.3,4,6,0.667,0,7,7,10,3,0,4,1,29,18,1
22015,201939,0021500300,"Dec 06, 2015",GSW @ BKN,W,32,11,17,0.647,5,9,0.556,1,4,0.25,0,5,5,2,1,0,4,2,28,10,1
22015,201939,0021500290,"Dec 05, 2015",GSW @ TOR,W,38,14,24,0.583,9,15,0.6,7,9,0.778,1,1,2,7,0,0,3,4,44,15,1
22015,201939,0021500268,"Dec 02, 2015",GSW @ CHA,W,31,14,18,0.778,8,11,0.727,4,4,1.0,0,3,3,5,0,0,5,2,40,19,1
22015,201939,0021500259,"Nov 30, 2015",GSW @ UTA,W,37,9,20,0.45,4,8,0.5,4,4,1.0,2,4,6,5,2,0,2,2,26,12,1
22015,201939,0021500245,"Nov 28, 2015",GSW vs. SAC,W,30,4,7,0.571,3,6,0.5,8,8,1.0,0,4,4,6,3,0,1,1,19,19,1
22015,201939,0021500236,"Nov 27, 2015",GSW @ PHX,W,31,11,20,0.55,9,16,0.563,10,11,0.909,1,5,6,8,2,0,6,2,41,27,1
22015,201939,0021500214,"Nov 24, 2015",GSW vs. LAL,W,30,10,21,0.476,4,12,0.333,0,0,0.0,0,4,4,9,2,0,0,1,24,36,1
22015,201939,0021500200,"Nov 22, 2015",GSW @ DEN,W,28,8,16,0.5,3,8,0.375,0,0,0.0,0,4,4,7,3,0,4,0,19,11,1
22015,201939,0021500187,"Nov 20, 2015",GSW vs. CHI,W,36,9,20,0.45,3,11,0.273,6,6,1.0,1,4,5,4,4,0,6,2,27,11,1
22015,201939,0021500177,"Nov 19, 2015",GSW @ LAC,W,37,11,22,0.5,6,14,0.429,12,12,1.0,0,11,11,4,3,0,7,2,40,12,1
22015,201939,0021500164,"Nov 17, 2015",GSW vs. TOR,W,40,13,23,0.565,5,10,0.5,6,7,0.857,0,2,2,9,2,0,7,1,37,11,1
22015,201939,0021500144,"Nov 14, 2015",GSW vs. BKN,W,44,13,31,0.419,5,16,0.313,3,3,1.0,0,3,3,6,1,0,4,1,34,3,1
22015,201939,0021500125,"Nov 12, 2015",GSW @ MIN,W,38,15,25,0.6,8,13,0.615,8,8,1.0,0,5,5,4,2,0,3,3,46,21,1
22015,201939,0021500120,"Nov 11, 2015",GSW @ MEM,W,35,9,21,0.429,3,10,0.3,7,7,1.0,0,5,5,5,5,1,4,1,28,16,1
22015,201939,0021500104,"Nov 09, 2015",GSW vs. DET,W,37,7,18,0.389,3,7,0.429,5,6,0.833,1,4,5,5,3,0,5,1,22,12,1
22015,201939,0021500092,"Nov 07, 2015",GSW @ SAC,W,39,8,18,0.444,2,10,0.2,6,7,0.857,1,5,6,3,2,0,6,1,24,6,1
22015,201939,0021500083,"Nov 06, 2015",GSW vs. DEN,W,35,12,22,0.545,8,16,0.5,2,3,0.667,0,7,7,10,3,1,4,1,34,14,1
22015,201939,0021500069,"Nov 04, 2015",GSW vs. LAC,W,33,8,17,0.471,7,11,0.636,8,9,0.889,0,5,5,4,1,0,0,3,31,7,1
22015,201939,0021500051,"Nov 02, 2015",GSW vs. MEM,W,28,10,16,0.625,4,8,0.5,6,6,1.0,1,2,3,3,3,1,3,2,30,37,1
22015,201939,0021500035,"Oct 31, 2015",GSW @ NOP,W,36,17,27,0.63,8,14,0.571,11,11,1.0,0,4,4,9,4,0,2,3,53,16,1
22015,201939,0021500030,"Oct 30, 2015",GSW @ HOU,W,27,9,15,0.6,4,9,0.444,3,4,0.75,0,7,7,6,1,0,1,4,25,12,1
22015,201939,0021500003,"Oct 27, 2015",GSW vs. NOP,W,36,14,26,0.538,5,12,0.417,7,7,1.0,3,3,6,7,2,0,2,1,40,12,1
22014,201939,0021401229,"Apr 15, 2015",GSW vs. DEN,W,19,4,10,0.4,2,4,0.5,0,0,0.0,2,2,4,7,5,0,2,1,10,14,1
22014,201939,0021401212,"Apr 13, 2015",GSW vs. MEM,W,29,6,10,0.6,3,6,0.5,0,0,0.0,0,4,4,8,1,0,3,2,15,24,1
22014,201939,0021401192,"Apr 11, 2015",GSW vs. MIN,W,35,11,21,0.524,5,11,0.455,7,8,0.875,0,4,4,7,4,0,3,1,34,17,1
22014,201939,0021401174,"Apr 09, 2015",GSW vs. POR,W,35,17,23,0.739,8,13,0.615,3,3,1.0,1,1,2,10,0,0,4,2,45,21,1
22014,201939,0021401156,"Apr 07, 2015",GSW @ NOP,L,35,9,18,0.5,5,8,0.625,2,2,1.0,1,5,6,9,1,0,2,3,25,4,1
22014,201939,0021401150,"Apr 05, 2015",GSW @ SAS,L,30,9,17,0.529,5,10,0.5,1,2,0.5,0,4,4,6,1,0,4,2,24,-16,1
22014,201939,0021401142,"Apr 04, 2015",GSW @ DAL,W,27,4,12,0.333,1,4,0.25,2,3,0.667,2,2,4,3,1,0,1,1,11,9,1
22014,201939,0021401126,"Apr 02, 2015",GSW vs. PHX,W,34,10,22,0.455,6,11,0.545,2,2,1.0,1,7,8,5,0,0,6,3,28,-1,1
22014,201939,0021401111,"Mar 31, 2015",GSW @ LAC,W,36,8,15,0.533,4,6,0.667,7,7,1.0,1,0,1,4,1,0,3,3,27,-1,1
22014,201939,0021401089,"Mar 28, 2015",GSW @ MIL,W,30,8,13,0.615,6,9,0.667,3,3,1.0,0,4,4,6,1,0,6,4,25,-1,1
22014,201939,0021401082,"Mar 27, 2015",GSW @ MEM,W,34,12,22,0.545,8,12,0.667,6,6,1.0,1,2,3,10,3,1,4,3,38,26,1
22014,201939,0021401059,"Mar 24, 2015",GSW @ POR,W,35,13,22,0.591,5,9,0.556,2,2,1.0,0,2,2,10,1,0,2,2,33,12,1
22014,201939,0021401053,"Mar 23, 2015",GSW vs. WAS,W,28,8,14,0.571,5,8,0.625,3,3,1.0,1,4,5,6,2,0,2,1,24,30,1
22014,201939,0021401036,"Mar 21, 2015",GSW vs. UTA,W,32,8,18,0.444,3,6,0.5,5,5,1.0,1,2,3,3,3,0,0,0,24,12,1
22014,201939,0021401030,"Mar 20, 2015",GSW vs. NOP,W,27,4,17,0.235,2,10,0.2,6,6,1.0,0,2,2,11,0,0,3,0,16,11,1
22014,201939,0021401014,"Mar 18, 2015",GSW vs. ATL,W,30,4,11,0.364,2,6,0.333,6,6,1.0,1,3,4,12,0,0,4,1,16,16,1
22014,201939,0021400999,"Mar 16, 2015",GSW vs. LAL,W,33,5,14,0.357,2,6,0.333,7,7,1.0,0,4,4,9,3,0,6,2,19,-4,1
22014,201939,0021400981,"Mar 14, 2015",GSW vs. NYK,W,27,8,15,0.533,6,10,0.6,3,3,1.0,0,3,3,11,3,0,1,2,25,30,1
22014,201939,0021400960,"Mar 11, 2015",GSW vs. DET,W,34,4,15,0.267,1,7,0.143,0,0,0.0,1,4,5,11,1,0,3,1,9,8,1
22014,201939,0021400944,"Mar 09, 2015",GSW @ PHX,W,36,14,24,0.583,7,13,0.538,1,2,0.5,3,3,6,5,4,0,4,3,36,23,1
22014,201939,0021400932,"Mar 08, 2015",GSW vs. LAC,W,32,3,9,0.333,2,2,1.0,4,4,1.0,0,1,1,4,3,0,4,1,12,15,1
22014,201939,0021400922,"Mar 06, 2015",GSW vs. DAL,W,31,6,11,0.545,5,8,0.625,5,6,0.833,0,2,2,7,2,1,3,2,22,23,1
22014,201939,0021400907,"Mar 04, 2015",GSW vs. MIL,W,37,6,16,0.375,6,13,0.462,1,2,0.5,0,1,1,11,2,2,5,3,19,6,1
22014,201939,0021400886,"Mar 02, 2015",GSW @ BKN,L,29,8,16,0.5,6,12,0.5,4,4,1.0,0,2,2,7,1,0,4,4,26,1,1
22014,201939,0021400880,"Mar 01, 2015",GSW @ BOS,W,38,14,22,0.636,5,8,0.625,4,4,1.0,0,4,4,5,1,0,5,1,37,8,1
22014,201939,0021400861,"Feb 27, 2015",GSW @ TOR,W,25,8,13,0.615,3,4,0.75,3,3,1.0,3,3,6,5,2,0,2,0,22,33,1
22014,201939,0021400854,"Feb 26, 2015",GSW @ CLE,L,34,5,17,0.294,3,9,0.333,5,5,1.0,0,3,3,6,1,0,4,3,18,-10,1
22014,201939,0021400838,"Feb 24, 2015",GSW @ WAS,W,34,11,18,0.611,5,9,0.556,5,5,1.0,0,0,0,8,2,0,0,1,32,1,1
22014,201939,0021400814,"Feb 20, 2015",GSW vs. SAS,W,32,8,17,0.471,4,8,0.5,5,5,1.0,0,4,4,11,4,0,2,2,25,22,1
22014,201939,0021400793,"Feb 11, 2015",GSW @ MIN,W,36,9,23,0.391,2,10,0.2,5,5,1.0,2,3,5,8,3,0,3,1,25,0,1
22014,201939,0021400775,"Feb 09, 2015",GSW @ PHI,W,32,7,20,0.35,3,12,0.25,3,4,0.75,0,5,5,6,3,0,1,2,20,0,1
22014,201939,0021400760,"Feb 07, 2015",GSW @ NYK,W,31,8,18,0.444,5,9,0.556,1,3,0.333,2,4,6,0,2,0,3,0,22,21,1
22014,201939,0021400749,"Feb 06, 2015",GSW @ ATL,L,36,8,19,0.421,4,9,0.444,6,7,0.857,0,2,2,9,2,2,1,3,26,-5,1
22014,201939,0021400741,"Feb 04, 2015",GSW vs. DAL,W,37,16,26,0.615,10,16,0.625,9,11,0.818,0,4,4,4,1,0,3,3,51,0,1
22014,201939,0021400730,"Feb 03, 2015",GSW @ SAC,W,29,6,15,0.4,2,6,0.333,9,10,0.9,0,5,5,9,3,0,2,2,23,7,1
22014,201939,0021400715,"Jan 31, 2015",GSW vs. PHX,W,37,9,23,0.391,4,9,0.444,3,3,1.0,1,3,4,7,2,1,1,2,25,23,1
22014,201939,0021400703,"Jan 30, 2015",GSW @ UTA,L,34,10,22,0.455,5,11,0.455,7,9,0.778,1,6,7,6,3,0,2,1,32,-11,1
22014,201939,0021400679,"Jan 27, 2015",GSW vs. CHI,L,43,9,23,0.391,2,9,0.222,1,1,1.0,0,4,4,9,3,0,3,3,21,-3,1
22014,201939,0021400665,"Jan 25, 2015",GSW vs. BOS,W,33,6,16,0.375,1,5,0.2,9,9,1.0,0,4,4,11,2,0,3,1,22,6,1
22014,201939,0021400651,"Jan 23, 2015",GSW vs. SAC,W,29,3,11,0.273,2,7,0.286,2,2,1.0,1,3,4,11,2,0,6,0,10,20,1
22014,201939,0021400636,"Jan 21, 2015",GSW vs. HOU,W,34,7,12,0.583,3,5,0.6,5,6,0.833,2,1,3,10,1,0,6,3,22,23,1
22014,201939,0021400615,"Jan 19, 2015",GSW vs. DEN,W,25,7,13,0.538,2,5,0.4,4,4,1.0,1,0,1,8,1,2,1,2,20,18,1
22014,201939,0021400603,"Jan 17, 2015",GSW @ HOU,W,33,9,18,0.5,2,8,0.25,7,8,0.875,3,4,7,11,3,1,2,0,27,25,1
22014,201939,0021400593,"Jan 16, 2015",GSW @ OKC,L,31,6,13,0.462,2,6,0.333,5,5,1.0,0,3,3,6,2,0,6,2,19,-4,1
22014,201939,0021400582,"Jan 14, 2015",GSW vs. MIA,W,32,11,19,0.579,7,10,0.7,3,5,0.6,2,3,5,3,2,0,3,1,32,11,1
22014,201939,0021400571,"Jan 13, 2015",GSW @ UTA,W,29,10,16,0.625,4,9,0.444,3,3,1.0,0,2,2,11,0,0,2,2,27,17,1
22014,201939,0021400547,"Jan 09, 2015",GSW vs. CLE,W,35,8,15,0.533,3,8,0.375,4,4,1.0,0,1,1,10,2,0,1,1,23,10,1
22014,201939,0021400533,"Jan 07, 2015",GSW vs. IND,W,35,8,17,0.471,4,8,0.5,1,1,1.0,0,3,3,15,4,0,5,5,21,12,1
22014,201939,0021400518,"Jan 05, 2015",GSW vs. OKC,W,31,7,14,0.5,1,4,0.25,4,4,1.0,0,9,9,6,4,0,2,2,19,15,1
22014,201939,0021400493,"Jan 02, 2015",GSW vs. TOR,W,34,10,18,0.556,5,11,0.455,7,7,1.0,2,3,5,12,1,0,0,3,32,25,1
22014,201939,0021400474,"Dec 30, 2014",GSW vs. PHI,W,27,4,7,0.571,3,6,0.5,2,2,1.0,0,3,3,9,3,0,3,3,13,28,1
22014,201939,0021400452,"Dec 27, 2014",GSW vs. MIN,W,31,9,18,0.5,4,9,0.444,3,4,0.75,1,2,3,6,3,0,3,3,25,18,1
22014,201939,0021400431,"Dec 25, 2014",GSW @ LAC,L,36,5,12,0.417,1,5,0.2,3,4,0.75,2,7,9,7,2,0,5,3,14,-12,1
22014,201939,0021400426,"Dec 23, 2014",GSW @ LAL,L,30,10,14,0.714,2,5,0.4,0,0,0.0,0,2,2,6,3,0,7,0,22,-10,1
22014,201939,0021400415,"Dec 22, 2014",GSW vs. SAC,W,26,5,12,0.417,1,5,0.2,1,1,1.0,0,2,2,11,3,0,1,1,12,15,1
22014,201939,0021400382,"Dec 18, 2014",GSW vs. OKC,W,42,14,24,0.583,5,12,0.417,1,1,1.0,4,3,7,9,4,1,4,0,34,7,1
22014,201939,0021400365,"Dec 16, 2014",GSW @ MEM,L,39,9,25,0.36,1,10,0.1,0,0,0.0,0,7,7,6,4,0,3,2,19,16,1
22014,201939,0021400348,"Dec 14, 2014",GSW @ NOP,W,40,11,21,0.524,6,10,0.6,6,6,1.0,0,7,7,7,1,0,6,1,34,5,1
22014,201939,0021400340,"Dec 13, 2014",GSW @ DAL,W,37,9,22,0.409,3,11,0.273,8,9,0.889,0,3,3,8,2,0,1,1,29,13,1
22014,201939,0021400324,"Dec 10, 2014",GSW vs. HOU,W,37,8,15,0.533,3,5,0.6,1,1,1.0,1,6,7,7,0,0,4,3,20,16,1
22014,201939,0021400305,"Dec 08, 2014",GSW @ MIN,W,31,10,20,0.5,1,7,0.143,0,0,0.0,1,3,4,7,3,1,3,3,21,22,1
22014,201939,0021400289,"Dec 06, 2014",GSW @ CHI,W,36,5,14,0.357,1,5,0.2,8,9,0.889,1,5,6,7,1,0,3,2,19,7,1
22014,201939,0021400275,"Dec 04, 2014",GSW vs. NOP,W,31,8,17,0.471,3,6,0.5,0,0,0.0,0,3,3,11,4,1,2,0,19,11,1
22014,201939,0021400262,"Dec 02, 2014",GSW vs. ORL,W,36,8,17,0.471,3,9,0.333,3,3,1.0,1,3,4,5,0,0,4,2,22,8,1
22014,201939,0021400243,"Nov 30, 2014",GSW @ DET,W,28,5,9,0.556,1,3,0.333,5,6,0.833,1,2,3,10,1,0,1,2,16,11,1
22014,201939,0021400224,"Nov 28, 2014",GSW @ CHA,W,32,9,20,0.45,1,10,0.1,7,7,1.0,1,3,4,6,1,2,4,4,26,16,1
22014,201939,0021400212,"Nov 26, 2014",GSW @ ORL,W,24,9,13,0.692,6,8,0.75,4,5,0.8,1,4,5,8,0,0,1,1,28,22,1
22014,201939,0021400206,"Nov 25, 2014",GSW @ MIA,W,37,12,19,0.632,8,11,0.727,8,9,0.889,0,6,6,7,3,1,2,2,40,28,1
22014,201939,0021400196,"Nov 23, 2014",GSW @ OKC,W,38,5,15,0.333,2,6,0.333,3,4,0.75,0,6,6,6,1,0,1,0,15,2,1
22014,201939,0021400182,"Nov 21, 2014",GSW vs. UTA,W,25,3,9,0.333,2,6,0.333,0,0,0.0,0,5,5,10,2,0,4,2,8,23,1
22014,201939,0021400145,"Nov 16, 2014",GSW @ LAL,W,30,10,19,0.526,5,9,0.556,5,5,1.0,0,4,4,15,1,0,3,0,30,27,1
22014,201939,0021400140,"Nov 15, 2014",GSW vs. CHA,W,28,8,15,0.533,3,6,0.5,0,1,0.0,2,3,5,9,1,0,1,3,19,23,1
22014,201939,0021400121,"Nov 13, 2014",GSW vs. BKN,W,32,6,12,0.5,3,7,0.429,2,2,1.0,1,2,3,5,0,0,3,5,17,6,1
22014,201939,0021400108,"Nov 11, 2014",GSW vs. SAS,L,36,7,18,0.389,0,7,0.0,2,2,1.0,0,6,6,5,0,0,3,2,16,-18,1
22014,201939,0021400095,"Nov 09, 2014",GSW @ PHX,L,34,10,20,0.5,4,10,0.4,4,4,1.0,0,2,2,10,5,0,10,5,28,-6,1
22014,201939,0021400087,"Nov 08, 2014",GSW @ HOU,W,40,13,19,0.684,6,9,0.667,2,2,1.0,1,8,9,5,4,0,5,2,34,13,1
22014,201939,0021400068,"Nov 05, 2014",GSW vs. LAC,W,34,9,18,0.5,4,8,0.5,6,6,1.0,0,6,6,7,1,0,5,4,28,21,1
22014,201939,0021400042,"Nov 02, 2014",GSW @ POR,W,31,6,18,0.333,1,5,0.2,8,8,1.0,1,4,5,6,2,0,3,1,21,12,1
22014,201939,0021400038,"Nov 01, 2014",GSW vs. LAL,W,34,10,19,0.526,3,8,0.375,8,8,1.0,0,5,5,10,3,0,2,3,31,30,1
22014,201939,0021400014,"Oct 29, 2014",GSW @ SAC,W,37,7,17,0.412,2,9,0.222,8,9,0.889,1,9,10,5,6,0,4,5,24,20,1
22013,201939,0021301213,"Apr 14, 2014",GSW vs. MIN,W,42,10,21,0.476,7,13,0.538,5,5,1.0,1,4,5,15,3,0,5,4,32,10,1
22013,201939,0021301201,"Apr 13, 2014",GSW @ POR,L,45,16,29,0.552,7,14,0.5,8,8,1.0,1,0,1,5,4,0,4,3,47,6,1
22013,201939,0021301188,"Apr 11, 2014",GSW @ LAL,W,35,12,20,0.6,4,5,0.8,2,2,1.0,0,10,10,12,2,0,6,3,30,13,1
22013,201939,0021301175,"Apr 10, 2014",GSW vs. DEN,L,34,8,19,0.421,2,7,0.286,6,6,1.0,0,7,7,6,4,0,2,1,24,-3,1
22013,201939,0021301155,"Apr 06, 2014",GSW vs. UTA,W,29,12,18,0.667,5,10,0.5,2,2,1.0,0,1,1,16,3,0,5,2,31,31,1
22013,201939,0021301141,"Apr 04, 2014",GSW vs. SAC,W,29,5,12,0.417,2,5,0.4,1,1,1.0,1,1,2,5,1,0,1,2,13,28,1
22013,201939,0021301123,"Apr 02, 2014",GSW @ SAS,L,31,5,15,0.333,1,4,0.25,0,0,0.0,0,0,0,10,1,0,4,2,11,-19,1
22013,201939,0021301112,"Apr 01, 2014",GSW @ DAL,W,43,10,17,0.588,3,8,0.375,0,0,0.0,1,2,3,10,2,0,1,2,23,8,1
22013,201939,0021301098,"Mar 30, 2014",GSW vs. NYK,L,41,10,21,0.476,6,12,0.5,6,8,0.75,1,3,4,1,1,0,2,2,32,5,1
22013,201939,0021301086,"Mar 28, 2014",GSW vs. MEM,W,38,13,22,0.591,5,8,0.625,2,3,0.667,1,4,5,8,1,2,3,1,33,9,1
22013,201939,0021301038,"Mar 22, 2014",GSW vs. SAS,L,39,5,13,0.385,1,4,0.25,9,9,1.0,0,6,6,6,1,0,6,0,20,-7,1
22013,201939,0021301021,"Mar 20, 2014",GSW vs. MIL,W,38,9,14,0.643,3,5,0.6,10,10,1.0,1,2,3,10,1,0,4,2,31,13,1
22013,201939,0021301007,"Mar 18, 2014",GSW vs. ORL,W,32,9,13,0.692,3,6,0.5,2,2,1.0,1,2,3,5,0,0,3,1,23,21,1
22013,201939,0021300994,"Mar 16, 2014",GSW @ POR,W,40,11,24,0.458,6,12,0.5,9,9,1.0,0,4,4,5,1,0,5,4,37,-5,1
22013,201939,0021300980,"Mar 14, 2014",GSW vs. CLE,L,36,8,17,0.471,5,10,0.5,6,7,0.857,0,4,4,8,3,0,4,1,27,3,1
22013,201939,0021300967,"Mar 12, 2014",GSW @ LAC,L,29,5,11,0.455,2,5,0.4,1,1,1.0,1,4,5,11,1,0,4,3,13,2,1
22013,201939,0021300956,"Mar 11, 2014",GSW vs. DAL,W,22,4,12,0.333,1,5,0.2,1,1,1.0,0,2,2,4,3,0,3,1,10,-3,1
22013,201939,0021300942,"Mar 09, 2014",GSW vs. PHX,W,30,7,16,0.438,1,5,0.2,3,3,1.0,0,2,2,9,0,0,1,1,18,11,1
22013,201939,0021300927,"Mar 07, 2014",GSW vs. ATL,W,30,5,10,0.5,1,4,0.25,2,2,1.0,0,3,3,7,1,0,0,1,13,10,1
22013,201939,0021300907,"Mar 05, 2014",GSW @ BOS,W,22,6,10,0.6,1,4,0.25,1,1,1.0,0,3,3,4,1,0,0,3,14,28,1
22013,201939,0021300899,"Mar 04, 2014",GSW @ IND,W,32,7,18,0.389,2,5,0.4,3,3,1.0,1,7,8,6,2,0,4,5,19,-7,1
22013,201939,0021300884,"Mar 02, 2014",GSW @ TOR,L,43,13,27,0.481,4,11,0.364,4,6,0.667,1,3,4,7,1,0,6,3,34,-1,1
22013,201939,0021300869,"Feb 28, 2014",GSW @ NYK,W,30,9,19,0.474,5,11,0.455,4,4,1.0,2,9,11,11,0,1,4,2,27,19,1
22013,201939,0021300855,"Feb 26, 2014",GSW @ CHI,L,28,2,10,0.2,1,5,0.2,0,0,0.0,0,3,3,5,0,0,5,0,5,-12,1
22013,201939,0021300842,"Feb 24, 2014",GSW @ DET,W,36,6,15,0.4,3,9,0.333,4,5,0.8,3,5,8,9,0,0,4,0,19,-2,1
22013,201939,0021300832,"Feb 22, 2014",GSW vs. BKN,W,32,7,13,0.538,3,4,0.75,0,0,0.0,0,5,5,8,2,0,2,2,17,12,1
22013,201939,0021300814,"Feb 20, 2014",GSW vs. HOU,W,38,8,15,0.533,5,8,0.625,4,4,1.0,0,2,2,6,2,0,2,5,25,13,1
22013,201939,0021300810,"Feb 19, 2014",GSW @ SAC,W,36,5,14,0.357,1,4,0.25,2,3,0.667,0,1,1,8,1,0,0,2,13,12,1
22013,201939,0021300788,"Feb 12, 2014",GSW vs. MIA,L,39,8,14,0.571,4,4,1.0,9,9,1.0,1,4,5,7,1,0,5,3,29,4,1
22013,201939,0021300769,"Feb 10, 2014",GSW vs. PHI,W,27,7,11,0.636,6,9,0.667,3,3,1.0,2,3,5,8,1,0,7,3,23,34,1
22013,201939,0021300754,"Feb 08, 2014",GSW @ PHX,L,41,10,20,0.5,3,10,0.3,5,6,0.833,1,1,2,9,0,0,2,2,28,-15,1
22013,201939,0021300738,"Feb 06, 2014",GSW vs. CHI,W,43,13,19,0.684,4,6,0.667,4,4,1.0,0,3,3,9,1,0,2,3,34,12,1
22013,201939,0021300724,"Feb 04, 2014",GSW vs. CHA,L,38,8,18,0.444,1,7,0.143,0,0,0.0,1,2,3,11,0,0,2,2,17,-18,1
22013,201939,0021300696,"Jan 31, 2014",GSW @ UTA,W,38,14,26,0.538,8,13,0.615,8,9,0.889,0,2,2,4,0,0,2,0,44,15,1
22013,201939,0021300688,"Jan 30, 2014",GSW vs. LAC,W,34,8,10,0.8,4,4,1.0,2,2,1.0,0,4,4,7,1,1,3,3,22,23,1
22013,201939,0021300673,"Jan 28, 2014",GSW vs. WAS,L,38,8,23,0.348,2,7,0.286,5,6,0.833,0,2,2,4,4,0,6,5,23,-9,1
22013,201939,0021300660,"Jan 26, 2014",GSW vs. POR,W,35,13,23,0.565,5,8,0.625,7,10,0.7,1,6,7,8,2,0,2,1,38,12,1
22013,201939,0021300645,"Jan 24, 2014",GSW vs. MIN,L,37,12,21,0.571,6,10,0.6,3,3,1.0,1,2,3,15,1,0,5,3,33,-3,1
22013,201939,0021300615,"Jan 20, 2014",GSW vs. IND,L,41,9,20,0.45,3,11,0.273,3,4,0.75,0,3,3,9,0,0,2,2,24,-4,1
22013,201939,0021300599,"Jan 18, 2014",GSW @ NOP,W,38,10,22,0.455,2,9,0.222,6,6,1.0,1,5,6,8,4,0,0,2,28,15,1
22013,201939,0021300592,"Jan 17, 2014",GSW @ OKC,L,38,11,18,0.611,6,10,0.6,9,11,0.818,2,1,3,11,3,0,7,2,37,-10,1
22013,201939,0021300576,"Jan 15, 2014",GSW vs. DEN,L,40,7,19,0.368,4,13,0.308,6,7,0.857,0,5,5,7,0,0,2,4,24,4,1
22013,201939,0021300541,"Jan 10, 2014",GSW vs. BOS,W,40,7,18,0.389,3,8,0.375,2,3,0.667,1,6,7,4,1,0,4,1,19,5,1
22013,201939,0021300523,"Jan 08, 2014",GSW @ BKN,L,45,11,25,0.44,2,10,0.2,10,10,1.0,0,5,5,7,3,0,7,5,34,1,1
22013,201939,0021300515,"Jan 07, 2014",GSW @ MIL,W,36,5,18,0.278,2,11,0.182,3,4,0.75,0,0,0,6,1,0,7,2,15,11,1
22013,201939,0021300501,"Jan 05, 2014",GSW @ WAS,W,38,5,17,0.294,1,5,0.2,3,3,1.0,1,2,3,10,1,1,2,5,14,35,1
22013,201939,0021300483,"Jan 03, 2014",GSW @ ATL,W,35,7,15,0.467,1,7,0.143,7,8,0.875,0,8,8,9,5,0,9,5,22,12,1
22013,201939,0021300474,"Jan 02, 2014",GSW @ MIA,W,44,13,22,0.591,8,15,0.533,2,3,0.667,0,2,2,12,2,0,4,4,36,16,1
22013,201939,0021300462,"Dec 31, 2013",GSW @ ORL,W,30,4,10,0.4,1,5,0.2,0,0,0.0,0,5,5,8,0,0,6,1,9,21,1
22013,201939,0021300448,"Dec 29, 2013",GSW @ CLE,W,48,10,23,0.435,5,10,0.5,4,5,0.8,0,9,9,11,2,1,5,3,29,2,1
22013,201939,0021300435,"Dec 27, 2013",GSW vs. PHX,W,34,5,17,0.294,1,6,0.167,3,5,0.6,3,10,13,16,1,0,7,3,14,27,1
22013,201939,0021300422,"Dec 25, 2013",GSW vs. LAC,W,42,5,17,0.294,2,6,0.333,3,3,1.0,1,5,6,11,1,0,2,1,15,8,1
22013,201939,0021300415,"Dec 23, 2013",GSW @ DEN,W,35,5,14,0.357,2,3,0.667,2,4,0.5,0,3,3,7,2,1,2,4,14,8,1
22013,201939,0021300402,"Dec 21, 2013",GSW vs. LAL,W,33,5,15,0.333,4,9,0.444,4,4,1.0,1,5,6,10,3,0,1,2,18,26,1
22013,201939,0021300382,"Dec 19, 2013",GSW vs. SAS,L,40,12,28,0.429,6,16,0.375,0,0,0.0,0,2,2,15,4,0,5,1,30,-5,1
22013,201939,0021300368,"Dec 17, 2013",GSW vs. NOP,W,33,11,19,0.579,2,7,0.286,4,4,1.0,1,3,4,11,3,0,3,3,28,22,1
22013,201939,0021300355,"Dec 15, 2013",GSW @ PHX,L,42,8,17,0.471,4,7,0.571,10,11,0.909,0,6,6,7,3,0,6,2,30,-4,1
22013,201939,0021300341,"Dec 13, 2013",GSW vs. HOU,L,39,5,12,0.417,1,5,0.2,9,11,0.818,0,2,2,9,0,0,6,6,20,-18,1
22013,201939,0021300326,"Dec 11, 2013",GSW vs. DAL,W,44,13,25,0.52,6,11,0.545,1,1,1.0,0,4,4,10,3,0,8,3,33,5,1
22013,201939,0021300304,"Dec 09, 2013",GSW @ CHA,L,46,14,32,0.438,5,16,0.313,10,12,0.833,1,5,6,9,0,2,4,4,43,3,1
22013,201939,0021300293,"Dec 07, 2013",GSW @ MEM,W,45,7,16,0.438,2,7,0.286,6,7,0.857,1,5,6,15,0,1,1,4,22,21,1
22013,201939,0021300285,"Dec 06, 2013",GSW @ HOU,L,32,5,14,0.357,1,5,0.2,11,11,1.0,0,1,1,5,3,0,8,4,22,-12,1
22013,201939,0021300268,"Dec 03, 2013",GSW vs. TOR,W,43,8,15,0.533,3,7,0.429,8,10,0.8,0,3,3,10,5,1,3,1,27,16,1
22013,201939,0021300251,"Dec 01, 2013",GSW @ SAC,W,40,14,24,0.583,5,8,0.625,3,3,1.0,0,2,2,10,3,1,7,1,36,1,1
22013,201939,0021300235,"Nov 29, 2013",GSW @ OKC,L,45,13,26,0.5,4,10,0.4,2,3,0.667,2,9,11,5,0,0,3,4,32,7,1
22013,201939,0021300225,"Nov 27, 2013",GSW @ DAL,L,42,9,19,0.474,6,10,0.6,5,5,1.0,0,4,4,8,1,0,6,3,29,-3,1
22013,201939,0021300214,"Nov 26, 2013",GSW @ NOP,W,42,7,20,0.35,2,5,0.4,0,0,0.0,1,7,8,9,3,1,2,2,16,-2,1
22013,201939,0021300196,"Nov 23, 2013",GSW vs. POR,L,37,8,21,0.381,2,9,0.222,4,5,0.8,0,3,3,11,1,0,5,1,22,-6,1
22013,201939,0021300154,"Nov 18, 2013",GSW @ UTA,W,33,7,15,0.467,4,7,0.571,4,4,1.0,2,4,6,8,3,0,5,4,22,22,1
22013,201939,0021300145,"Nov 16, 2013",GSW vs. UTA,W,39,7,20,0.35,0,5,0.0,1,2,0.5,0,3,3,11,1,0,0,1,15,18,1
22013,201939,0021300124,"Nov 14, 2013",GSW vs. OKC,W,43,8,22,0.364,4,8,0.5,2,3,0.667,0,5,5,9,1,0,2,4,22,-4,1
22013,201939,0021300109,"Nov 12, 2013",GSW vs. DET,W,29,7,10,0.7,2,4,0.5,9,9,1.0,1,1,2,8,1,0,2,4,25,20,1
22013,201939,0021300091,"Nov 09, 2013",GSW @ MEM,L,34,7,18,0.389,4,10,0.4,4,4,1.0,1,1,2,5,3,0,3,1,22,-9,1
22013,201939,0021300067,"Nov 06, 2013",GSW @ MIN,W,24,2,8,0.25,0,3,0.0,1,2,0.5,0,1,1,7,1,0,1,1,5,3,1
22013,201939,0021300048,"Nov 04, 2013",GSW @ PHI,W,29,7,16,0.438,2,9,0.222,2,2,1.0,3,7,10,12,5,1,2,0,18,34,1
22013,201939,0021300040,"Nov 02, 2013",GSW vs. SAC,W,33,8,13,0.615,5,8,0.625,1,1,1.0,0,1,1,12,1,0,7,4,22,18,1
22013,201939,0021300019,"Oct 31, 2013",GSW @ LAC,L,38,14,23,0.609,9,14,0.643,1,1,1.0,0,3,3,9,0,0,11,3,38,-8,1
22013,201939,0021300017,"Oct 30, 2013",GSW vs. LAL,W,24,4,10,0.4,2,5,0.4,0,0,0.0,0,4,4,6,1,0,1,4,10,28,1
22012,201939,0021201230,"Apr 17, 2013",GSW @ POR,W,32,5,16,0.313,4,11,0.364,1,1,1.0,1,1,2,5,3,0,1,2,15,9,1
22012,201939,0021201212,"Apr 15, 2013",GSW vs. SAS,W,39,13,23,0.565,7,13,0.538,2,2,1.0,1,7,8,5,2,0,3,0,35,13,1
22012,201939,0021201189,"Apr 12, 2013",GSW @ LAL,L,44,17,31,0.548,9,15,0.6,4,4,1.0,3,3,6,9,3,0,1,3,47,3,1
22012,201939,0021201175,"Apr 11, 2013",GSW vs. OKC,L,35,9,18,0.5,3,6,0.5,1,1,1.0,0,3,3,7,2,0,4,0,22,-9,0
22012,201939,0021201163,"Apr 09, 2013",GSW vs. MIN,W,39,9,21,0.429,2,9,0.222,4,5,0.8,1,3,4,10,1,1,3,4,24,12,1
22012,201939,0021201151,"Apr 07, 2013",GSW vs. UTA,L,45,8,19,0.421,4,9,0.444,2,2,1.0,1,3,4,5,1,0,5,3,22,-5,1
22012,201939,0021201134,"Apr 05, 2013",GSW @ PHX,W,41,6,15,0.4,3,8,0.375,3,3,1.0,0,1,1,15,4,0,4,5,18,14,1
22012,201939,0021201122,"Apr 03, 2013",GSW vs. NOH,W,36,6,14,0.429,4,10,0.4,4,4,1.0,0,3,3,9,1,0,2,5,20,14,1
22012,201939,0021201094,"Mar 30, 2013",GSW vs. POR,W,37,14,22,0.636,7,12,0.583,4,4,1.0,2,3,5,6,1,0,3,2,39,15,1
22012,201939,0021201069,"Mar 27, 2013",GSW vs. SAC,L,46,5,18,0.278,2,9,0.222,5,6,0.833,2,3,5,12,4,0,3,3,17,1,1
22012,201939,0021201053,"Mar 25, 2013",GSW vs. LAL,W,43,9,24,0.375,3,9,0.333,4,7,0.571,0,7,7,10,0,0,2,4,25,3,1
22012,201939,0021201039,"Mar 23, 2013",GSW vs. WAS,W,32,13,18,0.722,6,10,0.6,3,4,0.75,0,2,2,8,2,0,3,2,35,9,1
22012,201939,0021201016,"Mar 20, 2013",GSW @ SAS,L,36,8,20,0.4,4,8,0.5,4,5,0.8,1,3,4,3,2,0,3,0,24,-12,1
22012,201939,0021201001,"Mar 18, 2013",GSW @ NOH,W,39,10,19,0.526,6,9,0.667,4,4,1.0,1,6,7,3,0,0,7,3,30,19,1
22012,201939,0021200988,"Mar 17, 2013",GSW @ HOU,W,45,12,22,0.545,5,11,0.455,0,0,0.0,0,5,5,11,2,1,3,1,29,22,1
22012,201939,0021200978,"Mar 15, 2013",GSW vs. CHI,L,30,2,13,0.154,0,5,0.0,4,4,1.0,0,0,0,4,0,0,1,2,8,-32,1
22012,201939,0021200966,"Mar 13, 2013",GSW vs. DET,W,43,11,17,0.647,5,7,0.714,4,4,1.0,1,1,2,8,1,0,4,0,31,15,0
22012,201939,0021200947,"Mar 11, 2013",GSW vs. NYK,W,37,9,18,0.5,6,10,0.6,2,2,1.0,1,5,6,3,1,0,2,1,26,26,1
22012,201939,0021200933,"Mar 09, 2013",GSW vs. MIL,L,39,7,18,0.389,2,6,0.333,0,0,0.0,1,1,2,10,0,0,4,4,16,-12,1
22012,201939,0021200926,"Mar 08, 2013",GSW vs. HOU,L,43,8,21,0.381,3,8,0.375,5,7,0.714,1,4,5,8,1,0,1,5,24,-9,0
22012,201939,0021200912,"Mar 06, 2013",GSW vs. SAC,W,34,3,11,0.273,2,5,0.4,5,5,1.0,1,4,5,8,2,0,6,4,13,-2,1
22012,201939,0021200895,"Mar 04, 2013",GSW vs. TOR,W,42,8,16,0.5,2,5,0.4,8,8,1.0,2,3,5,12,0,0,6,5,26,1,1
22012,201939,0021200876,"Mar 02, 2013",GSW @ PHI,L,42,11,20,0.55,3,9,0.333,5,7,0.714,0,3,3,9,3,0,4,2,30,2,1
22012,201939,0021200867,"Mar 01, 2013",GSW @ BOS,L,42,6,22,0.273,3,11,0.273,10,10,1.0,0,1,1,6,1,0,4,2,25,7,1
22012,201939,0021200853,"Feb 27, 2013",GSW @ NYK,L,48,18,28,0.643,11,13,0.846,7,7,1.0,0,6,6,7,3,0,4,3,54,-4,1
22012,201939,0021200844,"Feb 26, 2013",GSW @ IND,L,37,14,20,0.7,7,10,0.7,3,4,0.75,0,2,2,4,3,1,6,3,38,-12,1
22012,201939,0021200832,"Feb 24, 2013",GSW @ MIN,W,34,6,15,0.4,1,5,0.2,5,5,1.0,1,4,5,5,5,0,6,5,18,1,1
22012,201939,0021200822,"Feb 22, 2013",GSW vs. SAS,W,45,6,17,0.353,3,9,0.333,4,5,0.8,0,4,4,6,1,0,2,2,19,0,1
22012,201939,0021200808,"Feb 20, 2013",GSW vs. PHX,W,41,8,16,0.5,2,6,0.333,2,2,1.0,0,3,3,11,1,0,2,1,20,16,1
22012,201939,0021200795,"Feb 19, 2013",GSW @ UTA,L,38,12,22,0.545,4,9,0.444,1,1,1.0,2,3,5,4,1,0,4,3,29,-18,1
22012,201939,0021200774,"Feb 12, 2013",GSW vs. HOU,L,35,10,19,0.526,2,5,0.4,5,6,0.833,0,5,5,6,1,0,1,4,27,-3,1
22012,201939,0021200750,"Feb 09, 2013",GSW @ DAL,L,31,8,23,0.348,1,3,0.333,1,1,1.0,3,4,7,4,1,0,5,2,18,-22,1
22012,201939,0021200742,"Feb 08, 2013",GSW @ MEM,L,40,11,22,0.5,4,9,0.444,6,6,1.0,3,2,5,8,2,0,2,4,32,2,1
22012,201939,0021200729,"Feb 06, 2013",GSW @ OKC,L,36,5,20,0.25,2,7,0.286,2,2,1.0,3,5,8,11,1,0,6,3,14,-8,1
22012,201939,0021200718,"Feb 05, 2013",GSW @ HOU,L,28,3,12,0.25,1,5,0.2,0,0,0.0,0,4,4,9,0,1,2,2,7,-27,1
22012,201939,0021200704,"Feb 02, 2013",GSW vs. PHX,W,42,11,20,0.55,6,10,0.6,1,1,1.0,0,2,2,8,2,0,2,3,29,28,1
22012,201939,0021200659,"Jan 28, 2013",GSW @ TOR,W,26,7,12,0.583,1,3,0.333,2,2,1.0,1,0,1,5,1,0,2,1,17,0,1
22012,201939,0021200647,"Jan 26, 2013",GSW @ MIL,L,37,8,19,0.421,5,9,0.556,5,5,1.0,2,0,2,7,1,0,2,2,26,-8,1
22012,201939,0021200636,"Jan 25, 2013",GSW @ CHI,L,37,7,18,0.389,3,7,0.429,4,4,1.0,0,1,1,1,0,0,2,1,21,-15,1
22012,201939,0021200628,"Jan 23, 2013",GSW vs. OKC,W,42,11,27,0.407,3,14,0.214,6,6,1.0,1,2,3,7,4,0,2,1,31,8,1
22012,201939,0021200610,"Jan 21, 2013",GSW vs. LAC,W,37,9,14,0.643,6,8,0.75,4,4,1.0,0,3,3,6,0,0,2,4,28,7,1
22012,201939,0021200596,"Jan 19, 2013",GSW @ NOH,W,38,5,17,0.294,2,8,0.25,8,10,0.8,1,2,3,7,4,0,1,2,20,11,1
22012,201939,0021200553,"Jan 13, 2013",GSW @ DEN,L,41,11,18,0.611,7,9,0.778,0,0,0.0,0,0,0,7,1,0,1,4,29,-13,1
22012,201939,0021200540,"Jan 11, 2013",GSW vs. POR,W,44,7,22,0.318,3,8,0.375,5,5,1.0,0,3,3,12,3,1,1,1,22,-1,1
22012,201939,0021200526,"Jan 09, 2013",GSW vs. MEM,L,41,10,22,0.455,4,8,0.5,0,1,0.0,1,3,4,4,2,0,4,2,24,-12,1
22012,201939,0021200498,"Jan 05, 2013",GSW @ LAC,L,29,4,11,0.364,1,5,0.2,1,1,1.0,0,0,0,5,0,0,2,0,10,-31,1
22012,201939,0021200475,"Jan 02, 2013",GSW vs. LAC,W,43,11,16,0.688,6,8,0.75,3,4,0.75,1,5,6,8,2,0,4,3,31,25,1
22012,201939,0021200447,"Dec 29, 2012",GSW vs. BOS,W,35,8,13,0.615,4,5,0.8,2,2,1.0,1,3,4,9,3,2,5,3,22,19,1
22012,201939,0021200436,"Dec 28, 2012",GSW vs. PHI,W,39,5,11,0.455,1,4,0.25,0,0,0.0,0,5,5,6,1,0,4,3,11,7,1
22012,201939,0021200420,"Dec 26, 2012",GSW @ UTA,W,38,7,18,0.389,4,7,0.571,5,6,0.833,2,6,8,7,1,1,2,0,23,12,1
22012,201939,0021200398,"Dec 22, 2012",GSW vs. LAL,L,45,8,23,0.348,3,10,0.3,1,1,1.0,1,7,8,7,4,0,4,4,20,6,1
22012,201939,0021200389,"Dec 21, 2012",GSW vs. CHA,W,36,9,17,0.529,8,13,0.615,1,1,1.0,0,3,3,8,0,2,2,2,27,7,1
22012,201939,0021200375,"Dec 19, 2012",GSW @ SAC,L,42,11,24,0.458,7,12,0.583,3,3,1.0,0,6,6,4,1,1,4,6,32,0,1
22012,201939,0021200365,"Dec 18, 2012",GSW vs. NOH,W,39,5,13,0.385,1,3,0.333,2,2,1.0,2,3,5,3,0,0,2,2,13,3,1
22012,201939,0021200337,"Dec 15, 2012",GSW @ ATL,W,36,6,20,0.3,3,11,0.273,3,3,1.0,0,8,8,11,3,0,4,1,18,20,1
22012,201939,0021200330,"Dec 14, 2012",GSW @ ORL,L,43,8,19,0.421,2,5,0.4,7,8,0.875,1,2,3,3,0,0,1,0,25,-6,1
22012,201939,0021200314,"Dec 12, 2012",GSW @ MIA,W,42,4,10,0.4,1,3,0.333,0,0,0.0,0,3,3,7,2,0,6,0,9,9,1
22012,201939,0021200299,"Dec 10, 2012",GSW @ CHA,W,37,10,22,0.455,4,7,0.571,3,4,0.75,1,6,7,7,1,0,3,5,27,3,1
22012,201939,0021200283,"Dec 08, 2012",GSW @ WAS,W,35,7,15,0.467,2,8,0.25,6,7,0.857,1,2,3,5,0,0,4,1,22,-5,1
22012,201939,0021200272,"Dec 07, 2012",GSW @ BKN,W,43,10,19,0.526,5,9,0.556,3,3,1.0,1,3,4,5,2,0,0,1,28,8,1
22012,201939,0021200261,"Dec 05, 2012",GSW @ DET,W,37,7,15,0.467,4,6,0.667,4,4,1.0,0,3,3,10,4,0,1,2,22,10,1
22012,201939,0021200250,"Dec 03, 2012",GSW vs. ORL,L,44,9,21,0.429,3,6,0.5,4,5,0.8,1,4,5,11,2,0,1,0,25,-3,1
22012,201939,0021200242,"Dec 01, 2012",GSW vs. IND,W,37,7,14,0.5,3,5,0.6,3,3,1.0,0,1,1,11,2,0,4,4,20,6,1
22012,201939,0021200221,"Nov 29, 2012",GSW vs. DEN,W,45,7,17,0.412,4,7,0.571,2,2,1.0,1,3,4,10,4,0,3,4,20,2,1
22012,201939,0021200190,"Nov 24, 2012",GSW vs. MIN,W,39,7,19,0.368,5,10,0.5,1,1,1.0,0,2,2,6,1,0,3,3,20,22,1
22012,201939,0021200179,"Nov 23, 2012",GSW @ DEN,L,26,2,5,0.4,2,2,1.0,0,0,0.0,0,1,1,3,0,0,4,4,6,-18,1
22012,201939,0021200170,"Nov 21, 2012",GSW vs. BKN,W,42,7,13,0.538,2,4,0.5,9,10,0.9,0,6,6,4,0,0,2,2,25,9,1
22012,201939,0021200151,"Nov 19, 2012",GSW @ DAL,W,43,9,21,0.429,3,7,0.429,10,10,1.0,0,6,6,9,2,0,4,2,31,3,1
22012,201939,0021200143,"Nov 18, 2012",GSW @ OKC,L,33,9,17,0.529,4,8,0.5,0,0,0.0,1,1,2,6,0,0,3,2,22,-11,1
22012,201939,0021200126,"Nov 16, 2012",GSW @ MIN,W,29,7,12,0.583,0,3,0.0,3,3,1.0,2,2,4,6,1,1,3,6,17,19,1
22012,201939,0021200118,"Nov 14, 2012",GSW vs. ATL,W,33,4,12,0.333,0,5,0.0,4,4,1.0,0,1,1,7,3,0,4,3,12,1,1
22012,201939,0021200089,"Nov 10, 2012",GSW vs. DEN,L,37,7,17,0.412,3,6,0.5,2,2,1.0,0,5,5,3,3,0,4,5,19,-5,1
22012,201939,0021200080,"Nov 09, 2012",GSW @ LAL,L,30,6,16,0.375,2,6,0.333,4,4,1.0,0,3,3,5,1,0,0,0,18,-19,1
22012,201939,0021200065,"Nov 07, 2012",GSW vs. CLE,W,36,8,14,0.571,2,6,0.333,3,3,1.0,0,5,5,6,2,0,3,3,21,7,1
22012,201939,0021200048,"Nov 05, 2012",GSW @ SAC,L,39,3,15,0.2,2,6,0.333,4,5,0.8,1,5,6,8,1,0,3,2,12,0,1
22012,201939,0021200036,"Nov 03, 2012",GSW @ LAC,W,43,6,16,0.375,2,7,0.286,9,10,0.9,0,4,4,4,3,0,5,4,23,6,1
22012,201939,0021200026,"Nov 02, 2012",GSW vs. MEM,L,43,10,20,0.5,6,10,0.6,0,1,0.0,1,4,5,7,1,0,4,3,26,-7,1
22012,201939,0021200010,"Oct 31, 2012",GSW @ PHX,W,30,2,14,0.143,0,6,0.0,1,3,0.333,3,4,7,3,2,0,4,3,5,-2,1
22011,201939,0021100610,"Mar 11, 2012",GSW @ LAC,W,9,0,3,0.0,0,1,0.0,0,0,0.0,0,3,3,1,0,0,1,0,0,6,0
22011,201939,0021100602,"Mar 10, 2012",GSW vs. DAL,W,16,4,7,0.571,2,4,0.5,0,0,0.0,0,2,2,2,1,0,3,0,10,10,0
22011,201939,0021100581,"Mar 07, 2012",GSW vs. MEM,L,24,7,11,0.636,1,2,0.5,0,0,0.0,0,4,4,3,0,0,2,3,15,4,0
22011,201939,0021100555,"Mar 05, 2012",GSW @ WAS,W,9,5,7,0.714,2,3,0.667,0,0,0.0,0,1,1,1,1,0,0,1,12,10,0
22011,201939,0021100516,"Feb 29, 2012",GSW @ ATL,W,0,0,0,0.0,0,0,0.0,0,0,0.0,0,0,0,0,0,0,0,0,0,2,0
22011,201939,0021100496,"Feb 22, 2012",GSW @ PHX,W,10,3,7,0.429,1,3,0.333,2,2,1.0,0,0,0,2,2,0,1,1,9,13,0
22011,201939,0021100480,"Feb 20, 2012",GSW vs. LAC,W,33,3,6,0.5,3,5,0.6,2,2,1.0,0,3,3,6,0,1,3,3,11,16,0
22011,201939,0021100458,"Feb 18, 2012",GSW @ MEM,L,40,13,21,0.619,6,9,0.667,4,4,1.0,1,1,2,6,2,0,2,5,36,9,0
22011,201939,0021100453,"Feb 17, 2012",GSW @ OKC,L,28,4,13,0.308,3,5,0.6,0,0,0.0,1,1,2,4,0,0,4,2,11,-12,0
22011,201939,0021100440,"Feb 15, 2012",GSW vs. POR,L,38,3,10,0.3,0,2,0.0,2,2,1.0,1,2,3,8,2,2,2,2,8,7,0
22011,201939,0021100419,"Feb 13, 2012",GSW vs. PHX,W,32,3,10,0.3,1,4,0.25,2,2,1.0,2,5,7,5,1,0,2,2,9,2,0
22011,201939,0021100412,"Feb 12, 2012",GSW vs. HOU,W,34,5,14,0.357,3,6,0.5,1,1,1.0,0,0,0,5,2,0,2,4,14,4,0
22011,201939,0021100385,"Feb 09, 2012",GSW @ DEN,W,36,13,17,0.765,6,9,0.667,4,7,0.571,0,7,7,7,0,2,1,3,36,15,0
22011,201939,0021100372,"Feb 07, 2012",GSW vs. OKC,L,43,7,9,0.778,1,2,0.5,1,2,0.5,1,6,7,10,2,0,3,3,16,13,0
22011,201939,0021100353,"Feb 04, 2012",GSW @ SAC,L,29,4,14,0.286,3,8,0.375,0,0,0.0,2,0,2,9,4,0,5,1,11,-11,0
22011,201939,0021100331,"Feb 02, 2012",GSW vs. UTA,W,38,10,14,0.714,2,5,0.4,7,8,0.875,0,5,5,12,3,0,3,4,29,18,0
22011,201939,0021100314,"Jan 31, 2012",GSW vs. SAC,W,26,1,7,0.143,0,3,0.0,1,2,0.5,0,3,3,8,1,1,0,1,3,3,0
22011,201939,0021100284,"Jan 27, 2012",GSW vs. OKC,L,27,6,16,0.375,2,7,0.286,1,1,1.0,0,2,2,6,2,0,4,4,15,-9,0
22011,201939,0021100269,"Jan 25, 2012",GSW vs. POR,W,38,12,19,0.632,6,8,0.75,2,3,0.667,0,6,6,7,4,0,1,0,32,7,0
22011,201939,0021100251,"Jan 23, 2012",GSW vs. MEM,L,36,8,18,0.444,2,7,0.286,0,0,0.0,3,3,6,5,3,0,5,3,18,-7,0
22011,201939,0021100226,"Jan 20, 2012",GSW vs. IND,L,29,5,15,0.333,2,6,0.333,0,0,0.0,1,1,2,3,0,0,3,2,12,-4,0
22011,201939,0021100091,"Jan 04, 2012",GSW @ SAS,L,30,7,11,0.636,3,4,0.75,3,3,1.0,0,3,3,8,0,0,2,2,20,2,0
22011,201939,0021100066,"Jan 02, 2012",GSW @ PHX,L,23,4,8,0.5,2,3,0.667,0,0,0.0,0,2,2,2,1,0,2,5,10,-3,0
22011,201939,0021100056,"Dec 31, 2011",GSW vs. PHI,L,30,9,15,0.6,3,8,0.375,0,0,0.0,0,4,4,4,0,0,5,3,21,-22,0
22011,201939,0021100017,"Dec 26, 2011",GSW vs. CHI,W,37,7,12,0.583,1,3,0.333,6,7,0.857,1,6,7,10,6,0,4,4,21,11,0
22011,201939,0021100005,"Dec 25, 2011",GSW vs. LAC,L,33,2,12,0.167,0,4,0.0,0,1,0.0,2,3,5,4,2,2,5,4,4,-5,0
22010,201939,0021001227,"Apr 13, 2011",GSW vs. POR,W,24,7,11,0.636,2,4,0.5,2,2,1.0,0,3,3,9,0,0,1,4,18,16,0
22010,201939,0021001210,"Apr 11, 2011",GSW @ DEN,L,36,10,13,0.769,3,4,0.75,4,4,1.0,1,4,5,5,0,0,5,1,27,-8,0
22010,201939,0021001200,"Apr 10, 2011",GSW vs. SAC,L,32,11,17,0.647,3,6,0.5,2,2,1.0,3,3,6,8,1,0,3,4,27,1,0
22010,201939,0021001173,"Apr 06, 2011",GSW vs. LAL,W,42,8,23,0.348,2,6,0.333,2,2,1.0,2,4,6,5,2,0,2,3,20,2,0
22010,201939,0021001160,"Apr 05, 2011",GSW @ POR,W,42,10,21,0.476,3,5,0.6,5,6,0.833,1,7,8,4,2,1,2,2,28,20,0
22010,201939,0021001136,"Apr 02, 2011",GSW vs. DAL,W,32,3,8,0.375,1,3,0.333,5,5,1.0,0,4,4,8,2,0,3,5,12,9,0
22010,201939,0021001112,"Mar 30, 2011",GSW @ MEM,L,31,2,14,0.143,1,6,0.167,1,1,1.0,4,2,6,9,1,0,6,4,6,-21,0
22010,201939,0021001103,"Mar 29, 2011",GSW @ OKC,L,49,13,23,0.565,5,8,0.625,4,4,1.0,1,5,6,5,2,0,6,3,35,6,0
22010,201939,0021001093,"Mar 27, 2011",GSW vs. WAS,W,28,3,11,0.273,1,4,0.25,3,3,1.0,1,4,5,4,1,1,5,5,10,11,0
22010,201939,0021001079,"Mar 25, 2011",GSW vs. TOR,W,36,7,13,0.538,4,6,0.667,5,5,1.0,0,3,3,8,0,0,3,2,23,43,0
22010,201939,0021001062,"Mar 23, 2011",GSW @ HOU,L,30,7,16,0.438,2,3,0.667,0,0,0.0,3,3,6,6,1,0,4,4,16,-14,0
22010,201939,0021001049,"Mar 21, 2011",GSW @ SAS,L,20,3,8,0.375,1,2,0.5,1,1,1.0,0,0,0,2,0,0,1,4,8,-12,0
22010,201939,0021001042,"Mar 20, 2011",GSW @ DAL,L,31,4,12,0.333,1,3,0.333,2,3,0.667,1,5,6,6,0,0,2,4,11,-8,0
22010,201939,0021001026,"Mar 18, 2011",GSW @ PHX,L,35,6,13,0.462,2,5,0.4,1,1,1.0,1,1,2,5,0,0,2,3,15,-18,0
22010,201939,0021001012,"Mar 16, 2011",GSW vs. DAL,L,32,4,10,0.4,2,4,0.5,0,1,0.0,0,0,0,5,1,0,3,2,10,-10,0
22010,201939,0021000998,"Mar 14, 2011",GSW @ SAC,L,24,7,14,0.5,5,8,0.625,0,0,0.0,0,3,3,1,1,1,3,1,19,-12,0
22010,201939,0021000990,"Mar 13, 2011",GSW vs. MIN,W,38,8,15,0.533,4,6,0.667,4,4,1.0,1,8,9,6,2,0,1,2,24,18,0
22010,201939,0021000975,"Mar 11, 2011",GSW vs. ORL,W,40,8,19,0.421,4,10,0.4,2,2,1.0,0,4,4,12,3,0,5,4,22,1,0
22010,201939,0021000954,"Mar 09, 2011",GSW @ NJN,L,30,6,15,0.4,2,4,0.5,1,1,1.0,0,3,3,3,2,0,3,3,15,-13,0
22010,201939,0021000948,"Mar 08, 2011",GSW @ CLE,W,39,10,18,0.556,2,5,0.4,1,1,1.0,4,3,7,6,2,1,3,3,23,20,0
22010,201939,0021000935,"Mar 06, 2011",GSW @ PHI,L,35,8,16,0.5,1,3,0.333,5,5,1.0,0,1,1,7,0,2,4,3,22,6,0
22010,201939,0021000918,"Mar 04, 2011",GSW @ BOS,L,32,4,11,0.364,1,4,0.25,0,0,0.0,2,1,3,5,0,0,4,3,9,-8,0
22010,201939,0021000904,"Mar 02, 2011",GSW @ WAS,W,37,9,18,0.5,3,7,0.429,8,9,0.889,2,7,9,5,1,0,3,2,29,-8,0
22010,201939,0021000894,"Mar 01, 2011",GSW @ IND,L,35,7,17,0.412,4,8,0.5,2,2,1.0,1,5,6,7,0,1,5,5,20,-19,0
22010,201939,0021000882,"Feb 27, 2011",GSW @ MIN,L,45,13,21,0.619,5,7,0.714,2,2,1.0,1,10,11,2,2,0,2,1,33,4,0
22010,201939,0021000870,"Feb 25, 2011",GSW vs. ATL,L,30,2,7,0.286,0,2,0.0,3,3,1.0,1,1,2,5,0,0,3,1,7,-27,0
22010,201939,0021000845,"Feb 22, 2011",GSW vs. BOS,L,30,7,10,0.7,1,2,0.5,3,5,0.6,0,4,4,2,1,0,5,4,18,-15,0
22010,201939,0021000834,"Feb 16, 2011",GSW @ UTA,W,21,1,7,0.143,0,3,0.0,2,2,1.0,0,0,0,4,2,0,1,5,4,-6,0
22010,201939,0021000823,"Feb 15, 2011",GSW vs. NOH,W,24,5,5,1.0,3,3,1.0,1,1,1.0,0,0,0,8,1,0,3,3,14,13,0
22010,201939,0021000811,"Feb 13, 2011",GSW vs. OKC,W,38,10,18,0.556,2,5,0.4,1,1,1.0,0,2,2,13,2,0,0,2,23,17,0
22010,201939,0021000784,"Feb 10, 2011",GSW @ PHX,L,25,5,9,0.556,2,3,0.667,0,0,0.0,0,2,2,2,1,0,4,0,12,-26,0
22010,201939,0021000782,"Feb 09, 2011",GSW vs. DEN,W,29,5,9,0.556,1,3,0.333,2,2,1.0,0,1,1,2,0,0,3,4,13,-2,0
22010,201939,0021000765,"Feb 07, 2011",GSW vs. PHX,L,44,7,17,0.412,0,6,0.0,1,1,1.0,0,2,2,8,1,0,5,1,15,-12,0
22010,201939,0021000753,"Feb 05, 2011",GSW vs. CHI,W,44,9,15,0.6,2,4,0.5,3,3,1.0,1,5,6,8,1,0,2,1,23,14,0
22010,201939,0021000731,"Feb 03, 2011",GSW vs. MIL,W,34,6,11,0.545,2,4,0.5,2,2,1.0,1,4,5,5,1,1,7,2,16,4,0
22010,201939,0021000707,"Jan 30, 2011",GSW vs. UTA,W,35,10,18,0.556,3,8,0.375,4,4,1.0,1,5,6,7,2,1,2,2,27,13,0
22010,201939,0021000691,"Jan 28, 2011",GSW vs. CHA,L,43,8,12,0.667,4,5,0.8,7,7,1.0,0,3,3,5,2,0,3,5,27,-3,0
22010,201939,0021000677,"Jan 26, 2011",GSW vs. NOH,L,39,8,13,0.615,1,3,0.333,3,3,1.0,0,3,3,6,2,0,5,1,20,-4,0
22010,201939,0021000662,"Jan 24, 2011",GSW vs. SAS,L,36,6,15,0.4,2,5,0.4,0,0,0.0,1,5,6,5,0,1,4,4,14,-4,0
22010,201939,0021000651,"Jan 22, 2011",GSW @ LAC,L,41,12,23,0.522,3,9,0.333,5,5,1.0,2,4,6,8,1,1,2,5,32,9,0
22010,201939,0021000638,"Jan 21, 2011",GSW vs. SAC,W,44,12,21,0.571,3,7,0.429,7,7,1.0,1,2,3,3,4,0,4,2,34,9,0
22010,201939,0021000624,"Jan 19, 2011",GSW vs. IND,W,33,4,10,0.4,0,3,0.0,3,3,1.0,0,4,4,8,2,0,1,1,11,17,0
22010,201939,0021000607,"Jan 17, 2011",GSW vs. NJN,W,23,4,10,0.4,2,5,0.4,3,4,0.75,0,2,2,6,0,1,2,4,13,11,0
22010,201939,0021000585,"Jan 14, 2011",GSW vs. LAC,W,27,7,15,0.467,5,7,0.714,4,4,1.0,1,3,4,4,1,0,2,2,23,9,0
22010,201939,0021000571,"Jan 12, 2011",GSW vs. LAL,L,38,5,12,0.417,1,6,0.167,4,4,1.0,1,3,4,10,2,0,3,3,15,2,0
22010,201939,0021000545,"Jan 09, 2011",GSW @ LAC,L,26,2,13,0.154,0,6,0.0,4,5,0.8,0,5,5,4,1,0,2,4,8,-13,0
22010,201939,0021000534,"Jan 07, 2011",GSW vs. CLE,W,25,4,7,0.571,3,4,0.75,4,4,1.0,0,2,2,4,2,1,0,2,15,15,0
22010,201939,0021000518,"Jan 05, 2011",GSW @ NOH,W,40,6,11,0.545,1,3,0.333,8,8,1.0,1,2,3,5,4,0,2,3,21,8,0
22010,201939,0021000500,"Jan 03, 2011",GSW @ ORL,L,35,5,13,0.385,3,6,0.5,2,2,1.0,0,6,6,5,2,0,5,3,15,-13,0
22010,201939,0021000486,"Jan 01, 2011",GSW @ MIA,L,36,7,12,0.583,1,2,0.5,0,0,0.0,1,1,2,6,3,0,1,5,15,-12,0
22010,201939,0021000477,"Dec 31, 2010",GSW @ CHA,W,36,10,17,0.588,4,5,0.8,0,0,0.0,0,1,1,3,1,0,3,3,24,6,0
22010,201939,0021000462,"Dec 29, 2010",GSW @ ATL,L,29,4,13,0.308,0,3,0.0,1,1,1.0,1,4,5,12,0,0,3,2,9,-1,0
22010,201939,0021000454,"Dec 27, 2010",GSW vs. PHI,W,28,5,13,0.385,4,6,0.667,3,3,1.0,0,5,5,8,1,0,2,5,17,18,0
22010,201939,0021000437,"Dec 25, 2010",GSW vs. POR,W,29,2,15,0.133,0,5,0.0,0,0,0.0,1,3,4,11,0,0,2,2,4,7,0
22010,201939,0021000322,"Dec 08, 2010",GSW @ SAS,L,11,0,2,0.0,0,0,0.0,0,0,0.0,0,1,1,3,0,0,2,2,0,-15,0
22010,201939,0021000312,"Dec 07, 2010",GSW @ DAL,L,42,8,16,0.5,3,5,0.6,2,2,1.0,1,5,6,4,2,0,6,2,21,-2,0
22010,201939,0021000297,"Dec 05, 2010",GSW @ OKC,L,46,14,20,0.7,4,7,0.571,7,7,1.0,0,1,1,6,2,1,5,5,39,-9,0
22010,201939,0021000274,"Dec 02, 2010",GSW vs. PHX,L,34,4,10,0.4,1,3,0.333,0,0,0.0,1,0,1,7,4,0,4,4,9,-6,0
22010,201939,0021000260,"Nov 30, 2010",GSW vs. SAS,L,40,13,22,0.591,3,6,0.5,3,3,1.0,1,2,3,5,1,1,5,2,32,-14,0
22010,201939,0021000238,"Nov 27, 2010",GSW @ MIN,W,28,6,10,0.6,2,3,0.667,6,7,0.857,0,3,3,7,3,0,1,5,20,16,0
22010,201939,0021000232,"Nov 26, 2010",GSW @ MEM,L,30,8,13,0.615,4,5,0.8,6,6,1.0,0,2,2,4,1,0,3,5,26,-1,0
22010,201939,0021000217,"Nov 24, 2010",GSW @ HOU,L,36,8,19,0.421,0,2,0.0,5,5,1.0,0,4,4,6,4,0,1,6,21,-11,0
22010,201939,0021000201,"Nov 22, 2010",GSW vs. DEN,L,41,8,21,0.381,1,6,0.167,0,0,0.0,1,6,7,5,3,0,2,3,17,-19,0
22010,201939,0021000194,"Nov 21, 2010",GSW @ LAL,L,24,5,10,0.5,1,3,0.333,2,2,1.0,0,3,3,2,1,2,0,3,13,-26,0
22010,201939,0021000181,"Nov 19, 2010",GSW vs. NYK,L,42,9,21,0.429,3,6,0.5,8,9,0.889,0,5,5,8,1,0,4,4,29,-3,0
22010,201939,0021000149,"Nov 15, 2010",GSW vs. DET,W,30,7,14,0.5,2,3,0.667,5,5,1.0,0,5,5,4,2,0,3,6,21,15,0
22010,201939,0021000137,"Nov 13, 2010",GSW @ MIL,L,30,3,14,0.214,0,3,0.0,1,2,0.5,1,1,2,4,3,1,2,5,7,-12,0
22010,201939,0021000119,"Nov 11, 2010",GSW @ CHI,L,31,7,18,0.389,2,5,0.4,1,2,0.5,0,3,3,6,5,0,5,2,17,-13,0
22010,201939,0021000113,"Nov 10, 2010",GSW @ NYK,W,45,11,20,0.55,1,1,1.0,2,3,0.667,0,6,6,8,2,1,2,4,25,6,0
22010,201939,0021000097,"Nov 08, 2010",GSW @ TOR,W,36,12,21,0.571,2,4,0.5,8,8,1.0,2,3,5,4,3,0,5,2,34,13,0
22010,201939,0021000091,"Nov 07, 2010",GSW @ DET,L,29,3,12,0.25,0,3,0.0,4,4,1.0,1,3,4,6,2,0,2,4,10,-3,0
22010,201939,0021000078,"Nov 05, 2010",GSW vs. UTA,W,33,7,17,0.412,1,4,0.25,5,5,1.0,0,1,1,6,2,0,5,5,20,8,0
22010,201939,0021000029,"Oct 29, 2010",GSW vs. LAC,W,27,7,9,0.778,1,3,0.333,1,3,0.333,0,2,2,6,2,0,2,2,16,17,0
22010,201939,0021000015,"Oct 27, 2010",GSW vs. HOU,W,39,9,16,0.563,3,6,0.5,4,4,1.0,1,1,2,11,0,1,5,4,25,4,0
22009,201939,0020901229,"Apr 14, 2010",GSW @ POR,W,48,13,25,0.52,4,6,0.667,12,12,1.0,3,6,9,8,2,1,2,0,42,6,0
22009,201939,0020901214,"Apr 13, 2010",GSW vs. UTA,L,41,5,15,0.333,1,4,0.25,6,6,1.0,1,4,5,6,2,0,2,4,17,-14,0
22009,201939,0020901200,"Apr 11, 2010",GSW vs. OKC,W,35,9,16,0.563,3,6,0.5,4,6,0.667,1,6,7,7,1,0,4,2,25,3,0
22009,201939,0020901194,"Apr 10, 2010",GSW @ LAC,L,41,10,19,0.526,5,10,0.5,4,4,1.0,0,9,9,4,3,0,3,5,29,0,0
22009,201939,0020901163,"Apr 07, 2010",GSW @ MIN,W,44,12,22,0.545,3,5,0.6,0,0,0.0,2,6,8,14,7,0,4,4,27,5,0
22009,201939,0020901152,"Apr 06, 2010",GSW @ WAS,L,33,10,21,0.476,3,6,0.5,4,4,1.0,0,1,1,4,2,0,2,2,27,-21,0
22009,201939,0020901145,"Apr 04, 2010",GSW @ TOR,W,44,10,23,0.435,5,11,0.455,4,6,0.667,1,7,8,12,3,2,5,4,29,5,0
22009,201939,0020901130,"Apr 02, 2010",GSW vs. NYK,W,29,7,21,0.333,1,5,0.2,0,0,0.0,1,3,4,10,1,0,2,1,15,-4,0
22009,201939,0020901119,"Mar 31, 2010",GSW @ UTA,L,34,6,16,0.375,1,4,0.25,2,3,0.667,1,1,2,6,0,0,4,5,15,-14,0
22009,201939,0020901096,"Mar 28, 2010",GSW @ LAC,W,40,8,15,0.533,2,2,1.0,0,0,0.0,1,3,4,7,1,0,3,5,18,17,0
22009,201939,0020901086,"Mar 27, 2010",GSW vs. DAL,L,37,6,16,0.375,3,5,0.6,2,2,1.0,0,7,7,6,2,0,7,1,17,-5,0
22009,201939,0020901067,"Mar 24, 2010",GSW vs. MEM,W,40,12,19,0.632,4,6,0.667,2,2,1.0,1,4,5,11,4,0,7,3,30,27,0
22009,201939,0020901052,"Mar 22, 2010",GSW vs. PHX,L,34,6,15,0.4,2,5,0.4,0,0,0.0,1,3,4,8,4,0,1,4,14,-8,0
22009,201939,0020901032,"Mar 20, 2010",GSW @ MEM,L,25,4,10,0.4,1,3,0.333,0,0,0.0,0,4,4,6,0,1,2,2,9,-4,0
22009,201939,0020900995,"Mar 15, 2010",GSW vs. LAL,L,34,11,19,0.579,5,9,0.556,2,2,1.0,0,5,5,9,1,0,0,4,29,-8,0
22009,201939,0020900982,"Mar 13, 2010",GSW vs. TOR,W,42,13,21,0.619,5,8,0.625,4,4,1.0,2,4,6,10,4,1,2,1,35,6,0
22009,201939,0020900963,"Mar 11, 2010",GSW vs. POR,L,33,6,15,0.4,2,7,0.286,1,1,1.0,2,3,5,3,2,0,4,5,15,-10,0
22009,201939,0020900944,"Mar 08, 2010",GSW @ NOH,L,34,5,13,0.385,2,4,0.5,0,0,0.0,0,3,3,6,1,0,4,2,12,-14,0
22009,201939,0020900925,"Mar 06, 2010",GSW @ CHA,L,48,8,23,0.348,4,8,0.5,5,6,0.833,2,3,5,4,0,0,3,1,25,-11,0
22009,201939,0020900919,"Mar 05, 2010",GSW @ ATL,L,48,11,19,0.579,5,9,0.556,4,4,1.0,1,4,5,11,2,0,7,1,31,-5,0
22009,201939,0020900900,"Mar 03, 2010",GSW @ ORL,L,32,3,12,0.25,1,2,0.5,2,2,1.0,0,3,3,7,2,0,5,2,9,-25,0
22009,201939,0020900896,"Mar 02, 2010",GSW @ MIA,L,43,7,17,0.412,3,8,0.375,1,1,1.0,0,2,2,8,2,0,3,5,18,1,0
22009,201939,0020900877,"Feb 27, 2010",GSW vs. DET,W,48,11,25,0.44,3,6,0.5,2,3,0.667,1,4,5,4,1,0,5,4,27,7,0
22009,201939,0020900858,"Feb 25, 2010",GSW vs. DEN,L,42,11,19,0.579,2,5,0.4,6,6,1.0,1,6,7,13,2,1,2,1,30,-24,0
22009,201939,0020900844,"Feb 23, 2010",GSW vs. PHI,L,38,8,22,0.364,1,8,0.125,0,1,0.0,1,5,6,5,0,0,2,2,17,-17,0
22009,201939,0020900829,"Feb 21, 2010",GSW vs. ATL,W,45,13,18,0.722,1,3,0.333,5,5,1.0,2,7,9,3,1,0,5,3,32,5,0
22009,201939,0020900814,"Feb 19, 2010",GSW vs. UTA,L,39,4,9,0.444,3,6,0.5,2,2,1.0,1,5,6,7,3,0,10,1,13,0,0
22009,201939,0020900800,"Feb 17, 2010",GSW vs. SAC,W,40,10,15,0.667,1,4,0.25,3,3,1.0,1,5,6,15,3,0,3,2,24,36,0
22009,201939,0020900790,"Feb 16, 2010",GSW @ LAL,L,44,5,21,0.238,1,10,0.1,0,0,0.0,0,10,10,8,1,0,4,5,11,-4,0
22009,201939,0020900778,"Feb 10, 2010",GSW vs. LAC,W,46,11,22,0.5,7,11,0.636,7,8,0.875,0,10,10,13,3,0,6,4,36,35,0
22009,201939,0020900756,"Feb 08, 2010",GSW vs. DAL,L,48,9,20,0.45,1,5,0.2,6,6,1.0,0,2,2,9,2,0,3,4,25,-10,0
22009,201939,0020900751,"Feb 06, 2010",GSW vs. OKC,L,27,9,15,0.6,3,7,0.429,2,3,0.667,0,1,1,4,2,0,3,3,23,2,0
22009,201939,0020900724,"Feb 03, 2010",GSW @ DAL,L,27,1,6,0.167,0,2,0.0,4,4,1.0,0,0,0,3,0,0,3,2,6,-8,0
22009,201939,0020900717,"Feb 02, 2010",GSW @ HOU,L,30,6,18,0.333,2,5,0.4,0,0,0.0,1,1,2,4,1,0,0,1,14,-22,0
22009,201939,0020900703,"Jan 31, 2010",GSW @ OKC,L,36,4,10,0.4,2,2,1.0,4,4,1.0,2,2,4,5,1,0,5,2,14,-18,0
22009,201939,0020900688,"Jan 29, 2010",GSW vs. CHA,L,41,8,15,0.533,2,4,0.5,4,4,1.0,0,1,1,9,3,0,1,3,22,0,0
22009,201939,0020900673,"Jan 27, 2010",GSW vs. NOH,L,41,7,13,0.538,1,3,0.333,0,0,0.0,0,5,5,8,3,0,5,4,15,-5,0
22009,201939,0020900662,"Jan 26, 2010",GSW @ SAC,L,45,10,22,0.455,3,10,0.3,4,5,0.8,1,8,9,6,3,0,1,3,27,9,0
22009,201939,0020900644,"Jan 23, 2010",GSW @ PHX,L,40,10,25,0.4,4,9,0.444,1,1,1.0,0,5,5,2,0,0,1,4,25,-10,0
22009,201939,0020900634,"Jan 22, 2010",GSW vs. NJN,W,48,11,21,0.524,3,7,0.429,7,8,0.875,0,2,2,7,4,0,2,4,32,32,0
22009,201939,0020900619,"Jan 20, 2010",GSW vs. DEN,L,49,6,17,0.353,3,8,0.375,0,0,0.0,0,3,3,6,1,0,3,2,15,-2,0
22009,201939,0020900602,"Jan 18, 2010",GSW vs. CHI,W,43,9,18,0.5,5,8,0.625,3,3,1.0,2,8,10,6,1,1,5,4,26,21,0
22009,201939,0020900581,"Jan 15, 2010",GSW vs. MIL,L,48,7,17,0.412,1,4,0.25,3,3,1.0,0,6,6,4,6,1,4,6,18,-9,0
22009,201939,0020900568,"Jan 13, 2010",GSW vs. MIA,L,33,3,10,0.3,3,5,0.6,0,0,0.0,1,3,4,4,0,0,4,1,9,-12,0
22009,201939,0020900552,"Jan 11, 2010",GSW vs. CLE,L,36,8,15,0.533,1,2,0.5,4,5,0.8,0,7,7,5,1,1,2,4,21,1,0
22009,201939,0020900529,"Jan 08, 2010",GSW vs. SAC,W,34,5,10,0.5,1,2,0.5,1,2,0.5,0,3,3,4,1,0,2,3,12,5,0
22009,201939,0020900511,"Jan 06, 2010",GSW @ MIN,W,30,7,11,0.636,0,2,0.0,2,2,1.0,0,1,1,4,2,0,1,6,16,11,0
22009,201939,0020900503,"Jan 05, 2010",GSW @ DEN,L,40,10,13,0.769,6,6,1.0,0,0,0.0,0,5,5,6,3,0,2,3,26,-1,0
22009,201939,0020900487,"Jan 02, 2010",GSW @ POR,L,29,4,10,0.4,1,2,0.5,0,0,0.0,0,1,1,1,1,0,3,4,9,-6,0
22009,201939,0020900458,"Dec 29, 2009",GSW @ LAL,L,23,6,10,0.6,0,1,0.0,3,3,1.0,1,2,3,3,0,0,4,3,15,-7,0
22009,201939,0020900451,"Dec 28, 2009",GSW vs. BOS,W,11,0,4,0.0,0,1,0.0,0,1,0.0,0,2,2,0,1,0,1,3,0,-16,0
22009,201939,0020900438,"Dec 26, 2009",GSW vs. PHX,W,27,4,10,0.4,3,4,0.75,2,2,1.0,1,2,3,4,3,0,1,4,13,6,0
22009,201939,0020900419,"Dec 23, 2009",GSW @ NOH,L,47,6,13,0.462,3,5,0.6,2,2,1.0,0,10,10,7,2,0,2,5,17,-1,0
22009,201939,0020900409,"Dec 22, 2009",GSW @ MEM,L,41,6,15,0.4,2,6,0.333,0,0,0.0,1,6,7,8,0,0,4,2,14,-3,0
22009,201939,0020900383,"Dec 18, 2009",GSW vs. WAS,L,46,9,17,0.529,5,9,0.556,4,4,1.0,1,7,8,4,3,0,2,4,27,-10,0
22009,201939,0020900369,"Dec 16, 2009",GSW vs. SAS,L,25,4,11,0.364,0,2,0.0,0,0,0.0,1,3,4,3,4,0,1,5,8,-12,0
22009,201939,0020900345,"Dec 14, 2009",GSW @ PHI,L,36,5,13,0.385,1,4,0.25,3,4,0.75,0,4,4,4,4,1,4,5,14,-14,0
22009,201939,0020900332,"Dec 12, 2009",GSW @ DET,L,38,5,10,0.5,3,4,0.75,6,6,1.0,0,2,2,4,4,1,4,4,19,-11,0
22009,201939,0020900324,"Dec 11, 2009",GSW @ CHI,L,27,3,9,0.333,0,3,0.0,0,0,0.0,0,3,3,1,1,0,0,0,6,-8,0
22009,201939,0020900311,"Dec 09, 2009",GSW @ NJN,W,30,6,13,0.462,1,4,0.25,1,2,0.5,1,3,4,4,3,0,4,4,14,7,0
22009,201939,0020900298,"Dec 07, 2009",GSW @ OKC,L,36,9,14,0.643,2,4,0.5,2,2,1.0,0,4,4,2,4,0,5,5,22,-17,0
22009,201939,0020900289,"Dec 05, 2009",GSW vs. ORL,L,46,6,12,0.5,0,2,0.0,1,1,1.0,0,3,3,3,1,0,3,4,13,-8,0
22009,201939,0020900271,"Dec 03, 2009",GSW vs. HOU,L,32,4,8,0.5,1,3,0.333,2,2,1.0,1,4,5,2,2,1,4,3,11,-3,0
22009,201939,0020900256,"Dec 01, 2009",GSW @ DEN,L,41,4,14,0.286,2,6,0.333,0,0,0.0,1,3,4,6,2,2,1,2,10,-14,0
22009,201939,0020900252,"Nov 30, 2009",GSW vs. IND,W,20,2,5,0.4,1,2,0.5,2,2,1.0,0,2,2,4,3,0,2,2,7,-7,0
22009,201939,0020900238,"Nov 28, 2009",GSW vs. LAL,L,36,5,15,0.333,1,5,0.2,2,2,1.0,1,3,4,8,0,0,1,0,13,-23,0
22009,201939,0020900216,"Nov 25, 2009",GSW @ SAS,L,34,5,16,0.313,1,4,0.25,0,0,0.0,1,6,7,5,1,2,6,3,11,-7,0
22009,201939,0020900204,"Nov 24, 2009",GSW @ DAL,W,35,6,12,0.5,2,4,0.5,4,4,1.0,1,3,4,6,3,0,4,5,18,16,0
22009,201939,0020900181,"Nov 20, 2009",GSW vs. POR,W,46,3,9,0.333,2,3,0.667,4,5,0.8,0,6,6,8,1,1,1,6,12,18,0
22009,201939,0020900163,"Nov 18, 2009",GSW @ BOS,L,35,4,10,0.4,1,4,0.25,4,4,1.0,0,0,0,7,4,0,6,3,13,5,0
22009,201939,0020900150,"Nov 17, 2009",GSW @ CLE,L,41,6,10,0.6,2,6,0.333,0,1,0.0,0,5,5,7,0,0,3,2,14,-4,0
22009,201939,0020900141,"Nov 14, 2009",GSW @ MIL,L,26,6,9,0.667,2,2,1.0,0,0,0.0,1,3,4,2,2,1,1,5,14,2,0
22009,201939,0020900126,"Nov 13, 2009",GSW @ NYK,W,3,0,0,0.0,0,0,0.0,0,0,0.0,0,0,0,0,0,1,0,1,0,3,0
22009,201939,0020900109,"Nov 11, 2009",GSW @ IND,L,21,3,7,0.429,0,2,0.0,0,0,0.0,0,1,1,4,1,0,3,2,6,-13,0
22009,201939,0020900101,"Nov 09, 2009",GSW vs. MIN,W,30,2,8,0.25,1,2,0.5,3,4,0.75,0,2,2,5,1,0,2,1,8,28,0
22009,201939,0020900096,"Nov 08, 2009",GSW @ SAC,L,31,4,8,0.5,1,2,0.5,0,2,0.0,1,3,4,6,0,0,5,4,9,-5,0
22009,201939,0020900082,"Nov 06, 2009",GSW vs. LAC,L,22,1,5,0.2,0,1,0.0,3,4,0.75,0,1,1,3,0,0,0,6,5,-13,0
22009,201939,0020900069,"Nov 04, 2009",GSW vs. MEM,W,28,3,6,0.5,1,2,0.5,0,0,0.0,0,5,5,9,2,0,1,4,7,-4,0
22009,201939,0020900030,"Oct 30, 2009",GSW @ PHX,L,39,5,9,0.556,2,3,0.667,0,0,0.0,0,2,2,4,1,0,3,5,12,-19,0
22009,201939,0020900015,"Oct 28, 2009",GSW vs. HOU,L,36,7,12,0.583,0,1,0.0,0,0,0.0,1,1,2,7,4,0,2,2,14,7,0
