SEASON_ID,Player_ID,Game_ID,GAME_DATE,MATCHUP,WL,MIN,FGM,FGA,FG_PCT,FG3M,FG3A,FG3_PCT,FTM,FTA,FT_PCT,OREB,DREB,REB,AST,STL,BLK,TOV,PF,PTS,PLUS_MINUS,VIDEO_AVAILABLE
22025,201144,0022501178,"Apr 10, 2026",MIN @ HOU,W,24,3,3,1.0,3,3,1.0,0,0,0.0,0,1,1,4,1,0,0,2,9,17,1
22025,201144,0022501152,"Apr 07, 2026",MIN @ IND,W,21,3,6,0.5,2,4,0.5,0,0,0.0,2,0,2,3,3,0,3,3,8,15,1
22025,201144,0022501137,"Apr 05, 2026",MIN vs. CHA,L,22,3,6,0.5,3,5,0.6,2,2,1.0,0,2,2,0,1,1,2,3,11,-4,1
22025,201144,0022501115,"Apr 02, 2026",MIN @ DET,L,22,4,8,0.5,4,7,0.571,2,2,1.0,0,2,2,2,2,0,1,4,14,-12,1
22025,201144,0022501095,"Mar 30, 2026",MIN @ DAL,W,14,0,3,0.0,0,2,0.0,0,0,0.0,0,0,0,2,0,0,0,2,0,-4,1
22025,201144,0022501080,"Mar 28, 2026",MIN vs. DET,L,22,1,5,0.2,1,5,0.2,0,0,0.0,0,1,1,6,1,0,0,3,3,-8,1
22025,201144,0022501058,"Mar 25, 2026",MIN vs. HOU,W,29,2,6,0.333,1,5,0.2,0,0,0.0,1,4,5,6,1,1,1,2,5,2,1
22025,201144,0022501004,"Mar 18, 2026",MIN vs. UTA,W,7,0,1,0.0,0,1,0.0,0,0,0.0,0,0,0,4,0,0,0,0,0,2,1
22025,201144,0022500857,"Feb 26, 2026",MIN @ LAC,W,3,0,1,0.0,0,1,0.0,0,0,0.0,0,1,1,0,0,0,0,1,0,-4,1
22025,201144,0022500824,"Feb 22, 2026",MIN vs. PHI,L,15,0,2,0.0,0,2,0.0,0,0,0.0,0,1,1,4,0,1,0,0,0,-7,1
22025,201144,0022500714,"Feb 02, 2026",MIN @ MEM,L,14,0,3,0.0,0,2,0.0,0,0,0.0,0,1,1,2,0,0,0,1,0,-13,1
22025,201144,0022500700,"Jan 31, 2026",MIN @ MEM,W,18,0,1,0.0,0,1,0.0,0,0,0.0,0,3,3,2,2,2,1,0,0,18,1
22025,201144,0022500677,"Jan 28, 2026",MIN @ DAL,W,23,2,6,0.333,2,5,0.4,0,0,0.0,1,0,1,5,1,1,1,2,6,6,1
22025,201144,0022500663,"Jan 26, 2026",MIN vs. GSW,W,21,0,4,0.0,0,4,0.0,2,2,1.0,0,2,2,2,0,1,0,1,2,11,1
22025,201144,0022500644,"Jan 25, 2026",MIN vs. GSW,L,16,0,0,0.0,0,0,0.0,2,2,1.0,1,2,3,1,1,0,1,1,2,-14,1
22025,201144,0022500631,"Jan 22, 2026",MIN vs. CHI,L,14,1,5,0.2,1,4,0.25,0,0,0.0,0,3,3,2,0,0,1,0,3,-8,1
22025,201144,0022500616,"Jan 20, 2026",MIN @ UTA,L,16,0,3,0.0,0,2,0.0,0,0,0.0,0,1,1,2,1,0,0,2,0,-5,1
22025,201144,0022500598,"Jan 17, 2026",MIN @ SAS,L,21,0,4,0.0,0,2,0.0,0,0,0.0,0,2,2,3,0,0,1,3,0,-1,1
22025,201144,0022500591,"Jan 16, 2026",MIN @ HOU,L,26,2,8,0.25,1,5,0.2,1,2,0.5,1,0,1,1,1,0,1,0,6,8,1
22025,201144,0022500566,"Jan 13, 2026",MIN @ MIL,W,21,3,7,0.429,3,7,0.429,0,0,0.0,0,3,3,5,0,0,1,0,9,0,1
22025,201144,0022500552,"Jan 11, 2026",MIN vs. SAS,W,12,1,1,1.0,1,1,1.0,1,2,0.5,0,0,0,2,0,0,0,1,4,-6,1
22025,201144,0022500530,"Jan 08, 2026",MIN vs. CLE,W,14,1,2,0.5,1,2,0.5,0,0,0.0,0,1,1,2,0,0,1,1,3,-6,1
22025,201144,0022500513,"Jan 06, 2026",MIN vs. MIA,W,15,1,4,0.25,0,3,0.0,1,2,0.5,0,2,2,3,0,0,0,1,3,9,1
22025,201144,0022500498,"Jan 04, 2026",MIN @ WAS,W,13,2,4,0.5,2,4,0.5,1,1,1.0,2,0,2,3,0,0,1,0,7,10,1
22025,201144,0022500486,"Jan 03, 2026",MIN @ MIA,W,15,1,2,0.5,1,2,0.5,2,2,1.0,0,1,1,3,1,0,1,3,5,-3,1
22025,201144,0022500463,"Dec 31, 2025",MIN @ ATL,L,14,0,2,0.0,0,2,0.0,2,2,1.0,0,2,2,0,0,0,0,1,2,-19,1
22025,201144,0022500452,"Dec 29, 2025",MIN @ CHI,W,18,1,3,0.333,0,2,0.0,0,0,0.0,0,0,0,1,1,0,0,2,2,10,1
22025,201144,0022500013,"Dec 25, 2025",MIN @ DEN,L,10,0,1,0.0,0,1,0.0,0,0,0.0,0,0,0,2,1,1,0,0,0,-15,1
22025,201144,0022500416,"Dec 23, 2025",MIN vs. NYK,W,30,2,6,0.333,2,6,0.333,2,2,1.0,0,1,1,2,2,1,0,3,8,4,1
22025,201144,0022500400,"Dec 21, 2025",MIN vs. MIL,W,24,2,6,0.333,2,5,0.4,0,0,0.0,1,4,5,6,1,2,0,0,6,16,1
22025,201144,0022500365,"Dec 08, 2025",MIN vs. PHX,L,15,0,5,0.0,0,3,0.0,0,0,0.0,0,2,2,4,0,0,1,2,0,-7,1
22025,201144,0022500355,"Dec 06, 2025",MIN vs. LAC,W,18,1,2,0.5,1,2,0.5,2,2,1.0,1,1,2,0,1,0,0,2,5,14,1
22025,201144,0022500337,"Dec 04, 2025",MIN @ NOP,W,17,1,7,0.143,0,5,0.0,0,0,0.0,0,1,1,3,0,0,1,4,2,2,1
22025,201144,0022500321,"Dec 02, 2025",MIN @ NOP,W,13,1,5,0.2,0,4,0.0,3,3,1.0,0,1,1,1,1,0,0,0,5,-5,1
22025,201144,0022500306,"Nov 30, 2025",MIN vs. SAS,W,17,2,4,0.5,1,2,0.5,0,0,0.0,2,1,3,4,0,0,0,1,5,10,1
22025,201144,0022500293,"Nov 29, 2025",MIN vs. BOS,W,17,2,2,1.0,2,2,1.0,0,0,0.0,0,2,2,2,0,0,0,1,6,-5,1
22025,201144,0022500064,"Nov 26, 2025",MIN @ OKC,L,13,1,4,0.25,0,2,0.0,0,0,0.0,0,0,0,2,0,0,0,0,2,-17,1
22025,201144,0022500292,"Nov 24, 2025",MIN @ SAC,L,25,1,4,0.25,1,4,0.25,0,0,0.0,0,2,2,5,0,0,0,3,3,-3,1
22025,201144,0022500053,"Nov 21, 2025",MIN @ PHX,L,14,1,4,0.25,1,3,0.333,0,0,0.0,0,2,2,1,0,0,1,2,3,-6,1
22025,201144,0022500259,"Nov 19, 2025",MIN vs. WAS,W,27,1,4,0.25,1,3,0.333,7,9,0.778,1,0,1,6,1,0,0,1,10,-10,1
22025,201144,0022500246,"Nov 17, 2025",MIN vs. DAL,W,16,2,4,0.5,1,3,0.333,0,0,0.0,0,2,2,3,3,0,1,4,5,17,1
22025,201144,0022500232,"Nov 15, 2025",MIN vs. DEN,L,25,2,5,0.4,1,3,0.333,0,0,0.0,0,1,1,2,0,0,0,2,5,-4,1
22025,201144,0022500044,"Nov 14, 2025",MIN vs. SAC,W,18,2,5,0.4,2,5,0.4,0,0,0.0,0,1,1,3,1,0,0,2,6,8,1
22025,201144,0022500205,"Nov 10, 2025",MIN @ UTA,W,18,1,3,0.333,1,2,0.5,2,2,1.0,1,1,2,2,0,0,2,0,5,-13,1
22025,201144,0022500197,"Nov 09, 2025",MIN @ SAC,W,18,2,3,0.667,2,3,0.667,0,0,0.0,0,3,3,3,1,0,0,0,6,17,1
22025,201144,0022500036,"Nov 07, 2025",MIN vs. UTA,W,17,1,2,0.5,1,2,0.5,2,2,1.0,1,0,1,2,0,0,0,1,5,8,1
22025,201144,0022500175,"Nov 05, 2025",MIN @ NYK,L,18,2,2,1.0,2,2,1.0,2,2,1.0,0,0,0,6,0,0,1,0,8,-4,1
22025,201144,0022500156,"Nov 03, 2025",MIN @ BKN,W,24,3,5,0.6,2,4,0.5,1,1,1.0,0,3,3,7,0,0,2,2,9,10,1
22025,201144,0022500143,"Nov 01, 2025",MIN @ CHA,W,29,3,6,0.5,2,3,0.667,2,2,1.0,0,3,3,6,1,0,1,4,10,18,1
22025,201144,0022500136,"Oct 29, 2025",MIN vs. LAL,L,28,3,6,0.5,2,4,0.5,0,0,0.0,0,4,4,6,3,2,2,1,8,2,1
22025,201144,0022500008,"Oct 27, 2025",MIN vs. DEN,L,26,3,8,0.375,1,3,0.333,3,3,1.0,1,2,3,4,1,1,0,0,10,-2,1
22025,201144,0022500110,"Oct 26, 2025",MIN vs. IND,W,24,1,4,0.25,1,4,0.25,3,3,1.0,0,1,1,4,0,0,2,4,6,0,1
22025,201144,0022500019,"Oct 24, 2025",MIN @ LAL,L,9,0,3,0.0,0,1,0.0,0,0,0.0,1,1,2,1,0,0,2,4,0,-11,1
22025,201144,0022500089,"Oct 22, 2025",MIN @ POR,W,13,1,5,0.2,1,2,0.5,0,0,0.0,1,1,2,0,1,0,1,2,3,-3,1
22024,201144,0022401195,"Apr 13, 2025",MIN vs. UTA,W,15,0,3,0.0,0,2,0.0,0,0,0.0,0,2,2,2,0,0,0,1,0,3,1
22024,201144,0022401179,"Apr 11, 2025",MIN vs. BKN,W,14,1,2,0.5,0,1,0.0,0,0,0.0,0,4,4,4,1,0,0,1,2,6,1
22024,201144,0022401170,"Apr 10, 2025",MIN @ MEM,W,27,2,7,0.286,0,4,0.0,4,4,1.0,1,1,2,9,1,1,2,5,8,29,1
22024,201144,0022401152,"Apr 08, 2025",MIN @ MIL,L,28,2,6,0.333,1,3,0.333,0,0,0.0,1,3,4,3,0,0,0,0,5,-22,1
22024,201144,0022401130,"Apr 05, 2025",MIN @ PHI,W,25,3,7,0.429,2,4,0.5,0,0,0.0,0,4,4,4,0,0,2,1,8,17,1
22024,201144,0022401113,"Apr 03, 2025",MIN @ BKN,W,24,2,10,0.2,2,7,0.286,0,0,0.0,0,1,1,6,0,0,2,1,6,16,1
22024,201144,0022401102,"Apr 01, 2025",MIN @ DEN,W,36,3,8,0.375,3,7,0.429,0,0,0.0,1,0,1,8,1,0,1,4,9,-22,1
22024,201144,0022401084,"Mar 30, 2025",MIN vs. DET,W,30,5,9,0.556,2,2,1.0,5,7,0.714,1,1,2,2,1,0,0,3,17,24,1
22024,201144,0022401071,"Mar 28, 2025",MIN vs. PHX,W,30,5,10,0.5,3,7,0.429,0,0,0.0,0,3,3,4,2,1,2,1,13,23,1
22024,201144,0022401037,"Mar 24, 2025",MIN @ IND,L,22,3,5,0.6,1,2,0.5,0,0,0.0,0,4,4,5,1,1,2,0,7,-8,1
22024,201144,0022401016,"Mar 21, 2025",MIN vs. NOP,W,10,0,1,0.0,0,1,0.0,0,0,0.0,0,1,1,6,1,0,1,0,0,18,1
22024,201144,0022401001,"Mar 19, 2025",MIN vs. NOP,L,28,6,8,0.75,4,6,0.667,0,0,0.0,0,2,2,2,1,0,1,1,16,5,1
22024,201144,0022400986,"Mar 17, 2025",MIN vs. IND,L,32,2,3,0.667,2,2,1.0,3,4,0.75,0,3,3,5,2,0,1,3,9,24,1
22024,201144,0022400963,"Mar 14, 2025",MIN vs. ORL,W,24,3,6,0.5,3,5,0.6,0,0,0.0,0,1,1,3,0,0,0,1,9,20,1
22024,201144,0022400952,"Mar 12, 2025",MIN @ DEN,W,20,3,5,0.6,1,2,0.5,1,1,1.0,1,0,1,5,2,0,2,0,8,12,1
22024,201144,0022400925,"Mar 09, 2025",MIN vs. SAS,W,23,4,8,0.5,3,5,0.6,2,2,1.0,0,5,5,5,0,0,0,3,13,17,1
22024,201144,0022400907,"Mar 07, 2025",MIN @ MIA,W,25,6,9,0.667,3,5,0.6,0,0,0.0,1,1,2,2,2,1,2,0,15,0,1
22024,201144,0022400887,"Mar 04, 2025",MIN vs. PHI,W,25,4,6,0.667,3,5,0.6,1,1,1.0,1,6,7,6,0,0,2,1,12,20,1
22024,201144,0022400873,"Mar 02, 2025",MIN @ PHX,W,20,1,3,0.333,1,2,0.5,0,0,0.0,0,1,1,1,2,0,1,5,3,-5,1
22024,201144,0022400858,"Feb 28, 2025",MIN @ UTA,L,24,1,5,0.2,1,4,0.25,0,0,0.0,0,1,1,6,1,0,0,1,3,-16,1
22024,201144,0022400849,"Feb 27, 2025",MIN @ LAL,L,26,3,5,0.6,2,4,0.5,2,2,1.0,1,0,1,4,2,1,0,2,10,-17,1
22024,201144,0022400826,"Feb 24, 2025",MIN @ OKC,W,14,3,5,0.6,2,4,0.5,0,0,0.0,0,0,0,1,0,0,1,3,8,-8,1
22024,201144,0022400820,"Feb 23, 2025",MIN vs. OKC,L,31,3,6,0.5,3,6,0.5,0,0,0.0,0,2,2,5,0,0,1,3,9,7,1
22024,201144,0022400801,"Feb 21, 2025",MIN @ HOU,L,24,0,2,0.0,0,2,0.0,5,5,1.0,0,2,2,5,1,0,1,4,5,-1,1
22024,201144,0022400729,"Feb 06, 2025",MIN vs. HOU,W,29,6,8,0.75,4,4,1.0,0,0,0.0,0,3,3,5,1,1,1,1,16,12,1
22024,201144,0022400723,"Feb 05, 2025",MIN vs. CHI,W,26,2,10,0.2,2,7,0.286,2,2,1.0,2,3,5,9,0,0,0,0,8,21,1
22024,201144,0022400704,"Feb 03, 2025",MIN vs. SAC,L,27,2,8,0.25,1,3,0.333,0,0,0.0,1,2,3,9,0,0,0,2,5,5,1
22024,201144,0022400690,"Feb 01, 2025",MIN vs. WAS,L,34,5,12,0.417,2,7,0.286,4,4,1.0,0,3,3,5,0,0,2,2,16,-1,1
22024,201144,0022400672,"Jan 29, 2025",MIN @ PHX,W,30,2,4,0.5,2,3,0.667,0,0,0.0,0,0,0,6,0,0,2,2,6,-4,1
22024,201144,0022400656,"Jan 27, 2025",MIN vs. ATL,W,31,1,9,0.111,0,5,0.0,2,2,1.0,1,3,4,4,4,0,1,0,4,7,1
22024,201144,0022400634,"Jan 25, 2025",MIN vs. DEN,W,23,3,3,1.0,3,3,1.0,0,0,0.0,0,1,1,5,3,0,1,0,9,23,1
22024,201144,0022400614,"Jan 22, 2025",MIN @ DAL,W,32,6,9,0.667,4,6,0.667,2,2,1.0,1,4,5,8,2,0,0,3,18,19,1
22024,201144,0022400601,"Jan 20, 2025",MIN @ MEM,L,25,1,6,0.167,1,4,0.25,2,2,1.0,1,3,4,8,1,0,1,3,5,-7,1
22024,201144,0022400590,"Jan 18, 2025",MIN vs. CLE,L,23,3,7,0.429,3,6,0.5,0,0,0.0,1,2,3,3,0,0,1,1,9,-5,1
22024,201144,0022400578,"Jan 17, 2025",MIN @ NYK,W,25,5,9,0.556,3,5,0.6,0,0,0.0,0,0,0,2,1,0,1,1,13,16,1
22024,201144,0022400565,"Jan 15, 2025",MIN vs. GSW,L,19,0,3,0.0,0,2,0.0,1,2,0.5,0,0,0,3,0,1,0,1,1,-3,1
22024,201144,0022400548,"Jan 13, 2025",MIN @ WAS,W,20,1,3,0.333,1,2,0.5,4,5,0.8,0,5,5,4,0,1,1,2,7,4,1
22024,201144,0022400535,"Jan 11, 2025",MIN vs. MEM,L,15,1,4,0.25,1,3,0.333,0,0,0.0,0,0,0,2,0,0,1,0,3,0,1
22024,201144,0022400519,"Jan 09, 2025",MIN @ ORL,W,23,3,7,0.429,1,2,0.5,2,2,1.0,0,4,4,2,2,0,1,0,9,23,1
22024,201144,0022400505,"Jan 07, 2025",MIN @ NOP,W,25,2,4,0.5,1,3,0.333,3,4,0.75,1,3,4,6,0,0,1,1,8,-12,1
22024,201144,0022400500,"Jan 06, 2025",MIN vs. LAC,W,26,4,8,0.5,2,3,0.667,1,1,1.0,1,3,4,3,1,0,1,1,11,11,1
22024,201144,0022400479,"Jan 04, 2025",MIN @ DET,L,21,0,4,0.0,0,3,0.0,0,0,0.0,0,0,0,5,2,0,1,1,0,-18,1
22024,201144,0022400464,"Jan 02, 2025",MIN vs. BOS,L,19,2,4,0.5,1,2,0.5,0,0,0.0,1,1,2,3,0,0,1,0,5,1,1
22024,201144,0022400452,"Dec 31, 2024",MIN @ OKC,L,23,5,10,0.5,4,7,0.571,2,2,1.0,1,0,1,4,2,0,1,1,16,-2,1
22024,201144,0022400441,"Dec 29, 2024",MIN vs. SAS,W,23,1,5,0.2,1,4,0.25,2,2,1.0,0,2,2,3,0,0,0,3,5,-11,1
22024,201144,0022400422,"Dec 27, 2024",MIN @ HOU,W,24,1,5,0.2,1,4,0.25,0,0,0.0,1,1,2,2,2,0,0,0,3,-17,1
22024,201144,0022400406,"Dec 25, 2024",MIN @ DAL,W,26,4,9,0.444,1,5,0.2,1,1,1.0,0,2,2,3,1,0,0,2,10,1,1
22024,201144,0022400395,"Dec 23, 2024",MIN @ ATL,L,27,4,6,0.667,3,5,0.6,0,0,0.0,0,2,2,6,3,0,1,1,11,-8,1
22024,201144,0022400383,"Dec 21, 2024",MIN vs. GSW,L,25,1,6,0.167,1,5,0.2,0,0,0.0,0,2,2,5,1,0,2,4,3,-1,1
22024,201144,0022400367,"Dec 19, 2024",MIN vs. NYK,L,18,1,5,0.2,1,3,0.333,0,0,0.0,0,0,0,2,1,1,0,1,3,-19,1
22024,201144,0022401218,"Dec 15, 2024",MIN @ SAS,W,28,3,9,0.333,3,5,0.6,0,0,0.0,3,2,5,8,1,1,3,2,9,4,1
22024,201144,0022401210,"Dec 13, 2024",MIN vs. LAL,W,29,0,6,0.0,0,4,0.0,2,2,1.0,0,4,4,7,0,0,0,0,2,12,1
22024,201144,0022400355,"Dec 08, 2024",MIN @ GSW,L,25,3,7,0.429,3,6,0.5,3,3,1.0,1,1,2,3,1,0,0,2,12,-9,1
22024,201144,0022400338,"Dec 06, 2024",MIN @ GSW,W,27,5,12,0.417,3,9,0.333,0,0,0.0,0,4,4,4,3,1,3,2,13,12,1
22024,201144,0022400324,"Dec 04, 2024",MIN @ LAC,W,20,5,8,0.625,1,4,0.25,0,0,0.0,0,3,3,2,0,0,1,1,11,13,1
22024,201144,0022400318,"Dec 02, 2024",MIN vs. LAL,W,22,3,7,0.429,3,6,0.5,0,0,0.0,0,3,3,6,0,0,2,1,9,21,1
22024,201144,0022400044,"Nov 29, 2024",MIN vs. LAC,W,33,3,7,0.429,3,5,0.6,4,4,1.0,0,2,2,3,2,0,3,3,13,7,1
22024,201144,0022400294,"Nov 27, 2024",MIN vs. SAC,L,32,4,11,0.364,3,8,0.375,5,5,1.0,0,1,1,4,2,0,3,1,16,-11,1
22024,201144,0022400234,"Nov 17, 2024",MIN vs. PHX,W,30,1,2,0.5,1,1,1.0,0,1,0.0,0,4,4,3,2,0,1,0,3,14,1
22024,201144,0022400020,"Nov 15, 2024",MIN @ SAC,W,37,4,12,0.333,4,9,0.444,2,3,0.667,0,4,4,7,5,0,0,1,14,10,1
22024,201144,0022400008,"Nov 12, 2024",MIN @ POR,L,24,2,5,0.4,2,5,0.4,0,0,0.0,0,4,4,6,2,0,1,1,6,7,1
22024,201144,0022400206,"Nov 10, 2024",MIN vs. MIA,L,24,2,9,0.222,0,5,0.0,0,0,0.0,1,4,5,3,3,0,4,2,4,-16,1
22024,201144,0022400193,"Nov 08, 2024",MIN vs. POR,W,18,1,7,0.143,0,4,0.0,0,0,0.0,0,1,1,2,1,0,0,2,2,10,1
22024,201144,0022400181,"Nov 07, 2024",MIN @ CHI,W,26,5,9,0.556,3,6,0.5,1,1,1.0,0,2,2,11,0,0,0,2,14,7,1
22024,201144,0022400162,"Nov 04, 2024",MIN vs. CHA,W,23,4,8,0.5,3,5,0.6,0,0,0.0,1,4,5,4,0,1,0,0,11,20,1
22024,201144,0022400146,"Nov 02, 2024",MIN @ SAS,L,21,2,4,0.5,1,3,0.333,0,0,0.0,1,2,3,3,3,0,2,2,5,-12,1
22024,201144,0022400139,"Nov 01, 2024",MIN vs. DEN,W,26,2,7,0.286,2,5,0.4,3,4,0.75,0,0,0,5,1,0,1,4,9,10,1
22024,201144,0022400114,"Oct 29, 2024",MIN vs. DAL,L,22,2,6,0.333,2,4,0.5,3,3,1.0,1,3,4,6,0,0,2,4,9,0,1
22024,201144,0022400093,"Oct 26, 2024",MIN vs. TOR,W,26,2,9,0.222,2,6,0.333,4,4,1.0,1,2,3,6,4,1,1,1,10,17,1
22024,201144,0022400076,"Oct 24, 2024",MIN @ SAC,W,27,2,9,0.222,2,7,0.286,0,0,0.0,1,1,2,4,0,1,0,2,6,-6,1
22024,201144,0022400062,"Oct 22, 2024",MIN @ LAL,L,20,1,7,0.143,0,5,0.0,3,3,1.0,2,2,4,2,1,0,3,1,5,-22,1
22023,201144,0022301194,"Apr 14, 2024",MIN vs. PHX,L,27,5,7,0.714,4,5,0.8,3,3,1.0,1,3,4,2,1,2,3,1,17,-14,1
22023,201144,0022301178,"Apr 12, 2024",MIN vs. ATL,W,31,5,11,0.455,2,6,0.333,1,1,1.0,1,5,6,10,2,0,2,3,13,6,1
22023,201144,0022301164,"Apr 10, 2024",MIN @ DEN,L,30,7,12,0.583,5,9,0.556,0,0,0.0,1,3,4,2,1,0,3,0,19,-10,1
22023,201144,0022301152,"Apr 09, 2024",MIN vs. WAS,W,28,5,11,0.455,5,9,0.556,0,0,0.0,1,1,2,3,1,0,2,1,15,14,1
22023,201144,0022301143,"Apr 07, 2024",MIN @ LAL,W,26,2,8,0.25,1,5,0.2,2,2,1.0,1,3,4,6,2,0,4,3,7,14,1
22023,201144,0022301125,"Apr 05, 2024",MIN @ PHX,L,25,1,6,0.167,1,3,0.333,2,2,1.0,0,0,0,3,0,0,3,1,5,-27,1
22023,201144,0022301098,"Apr 02, 2024",MIN vs. HOU,W,30,4,7,0.571,3,4,0.75,3,3,1.0,0,2,2,6,3,0,4,2,14,5,1
22023,201144,0022301084,"Mar 31, 2024",MIN vs. CHI,L,29,7,11,0.636,5,9,0.556,0,0,0.0,0,1,1,7,4,0,1,2,19,-6,1
22023,201144,0022301071,"Mar 29, 2024",MIN @ DEN,W,32,8,12,0.667,5,6,0.833,2,2,1.0,0,3,3,8,0,0,2,3,23,6,1
22023,201144,0022301056,"Mar 27, 2024",MIN vs. DET,W,25,3,8,0.375,1,5,0.2,2,2,1.0,0,0,0,7,2,1,2,2,9,5,1
22023,201144,0022301031,"Mar 24, 2024",MIN vs. GSW,W,30,5,12,0.417,3,7,0.429,1,2,0.5,0,1,1,7,4,0,2,2,14,3,1
22023,201144,0022301014,"Mar 22, 2024",MIN vs. CLE,W,32,8,15,0.533,3,6,0.5,2,3,0.667,0,2,2,6,1,1,0,1,21,6,1
22023,201144,0022300995,"Mar 19, 2024",MIN vs. DEN,L,29,3,7,0.429,1,4,0.25,6,6,1.0,2,4,6,5,1,0,2,5,13,10,1
22023,201144,0022300987,"Mar 18, 2024",MIN @ UTA,W,27,2,8,0.25,0,5,0.0,0,0,0.0,0,1,1,2,2,1,1,2,4,15,1
22023,201144,0022300974,"Mar 16, 2024",MIN @ UTA,W,30,8,12,0.667,5,8,0.625,4,5,0.8,1,1,2,2,0,0,0,1,25,4,1
22023,201144,0022300944,"Mar 12, 2024",MIN @ LAC,W,27,9,15,0.6,5,8,0.625,0,0,0.0,2,1,3,3,1,0,1,0,23,4,1
22023,201144,0022300932,"Mar 10, 2024",MIN @ LAL,L,29,3,6,0.5,1,3,0.333,2,2,1.0,0,3,3,6,1,0,0,3,9,-24,1
22023,201144,0022300911,"Mar 08, 2024",MIN @ CLE,L,32,4,11,0.364,0,5,0.0,1,1,1.0,1,2,3,5,0,0,1,1,9,-10,1
22023,201144,0022300903,"Mar 07, 2024",MIN @ IND,W,30,2,9,0.222,1,6,0.167,0,0,0.0,1,4,5,4,2,0,2,1,5,0,1
22023,201144,0022300881,"Mar 04, 2024",MIN vs. POR,W,29,6,13,0.462,2,6,0.333,5,5,1.0,2,0,2,7,3,0,2,1,19,-3,1
22023,201144,0022300873,"Mar 03, 2024",MIN vs. LAC,L,28,0,4,0.0,0,3,0.0,0,0,0.0,1,6,7,5,0,0,3,2,0,8,1
22023,201144,0022300862,"Mar 01, 2024",MIN vs. SAC,L,36,4,8,0.5,1,3,0.333,5,6,0.833,0,3,3,8,2,0,3,3,14,-22,1
22023,201144,0022300845,"Feb 28, 2024",MIN vs. MEM,W,28,1,4,0.25,1,4,0.25,1,2,0.5,1,4,5,7,0,0,2,1,4,-8,1
22023,201144,0022300838,"Feb 27, 2024",MIN vs. SAS,W,20,6,10,0.6,4,6,0.667,0,0,0.0,0,0,0,1,1,0,0,1,16,9,1
22023,201144,0022300815,"Feb 24, 2024",MIN vs. BKN,W,30,5,10,0.5,4,8,0.5,0,0,0.0,0,3,3,3,1,0,1,1,14,4,1
22023,201144,0022300808,"Feb 23, 2024",MIN vs. MIL,L,28,4,8,0.5,1,2,0.5,0,0,0.0,2,0,2,2,2,0,3,0,9,0,1
22023,201144,0022300791,"Feb 15, 2024",MIN @ POR,W,22,3,6,0.5,2,4,0.5,4,4,1.0,2,2,4,3,1,0,0,1,12,6,1
22023,201144,0022300775,"Feb 13, 2024",MIN @ POR,W,26,2,7,0.286,1,5,0.2,2,2,1.0,1,3,4,6,2,3,2,2,7,6,1
22023,201144,0022300770,"Feb 12, 2024",MIN @ LAC,W,24,2,5,0.4,1,3,0.333,0,0,0.0,1,3,4,7,2,0,1,1,5,10,1
22023,201144,0022300738,"Feb 08, 2024",MIN @ MIL,W,31,6,8,0.75,6,7,0.857,0,0,0.0,0,5,5,9,0,0,1,2,18,6,1
22023,201144,0022300723,"Feb 06, 2024",MIN @ CHI,L,36,3,7,0.429,3,7,0.429,0,0,0.0,0,0,0,8,0,0,0,2,9,-9,1
22023,201144,0022300709,"Feb 04, 2024",MIN vs. HOU,W,24,2,6,0.333,1,2,0.5,3,4,0.75,0,3,3,9,1,0,2,2,8,17,1
22023,201144,0022300694,"Feb 02, 2024",MIN vs. ORL,L,28,1,9,0.111,1,6,0.167,1,1,1.0,0,5,5,9,3,0,1,3,4,-13,1
22023,201144,0022300680,"Jan 31, 2024",MIN vs. DAL,W,25,4,6,0.667,2,3,0.667,0,0,0.0,0,4,4,3,1,1,1,2,10,25,1
22023,201144,0022300629,"Jan 25, 2024",MIN @ BKN,W,33,3,6,0.5,2,4,0.5,2,2,1.0,0,2,2,4,2,1,1,1,10,1,1
22023,201144,0022300599,"Jan 20, 2024",MIN vs. OKC,L,29,1,11,0.091,1,9,0.111,0,0,0.0,0,3,3,4,0,1,3,3,3,-22,1
22023,201144,0022300582,"Jan 18, 2024",MIN vs. MEM,W,30,7,11,0.636,3,6,0.5,0,0,0.0,2,2,4,10,2,0,0,1,17,11,1
22023,201144,0022300569,"Jan 17, 2024",MIN @ DET,W,29,3,8,0.375,2,6,0.333,0,1,0.0,0,3,3,7,1,1,1,0,8,20,1
22023,201144,0022300553,"Jan 14, 2024",MIN vs. LAC,W,32,2,7,0.286,2,6,0.333,0,0,0.0,1,1,2,5,1,0,2,2,6,-4,1
22023,201144,0022300538,"Jan 12, 2024",MIN vs. POR,W,20,3,7,0.429,3,5,0.6,0,0,0.0,0,4,4,10,0,0,0,1,9,34,1
22023,201144,0022300513,"Jan 09, 2024",MIN @ ORL,W,31,3,8,0.375,3,6,0.5,2,2,1.0,0,3,3,10,2,0,1,3,11,23,1
22023,201144,0022300501,"Jan 07, 2024",MIN @ DAL,L,32,3,7,0.429,3,6,0.5,0,0,0.0,0,1,1,7,0,0,2,1,9,-1,1
22023,201144,0022300485,"Jan 05, 2024",MIN @ HOU,W,25,3,8,0.375,2,5,0.4,0,0,0.0,0,2,2,5,0,0,0,3,8,13,1
22023,201144,0022300471,"Jan 03, 2024",MIN vs. NOP,L,26,3,5,0.6,1,3,0.333,0,0,0.0,0,0,0,9,1,0,0,1,7,-14,1
22023,201144,0022300451,"Jan 01, 2024",MIN @ NYK,L,29,2,6,0.333,0,1,0.0,1,1,1.0,0,2,2,5,1,1,0,1,5,-11,1
22023,201144,0022300443,"Dec 30, 2023",MIN vs. LAL,W,33,4,11,0.364,4,9,0.444,3,4,0.75,1,3,4,7,1,0,1,2,15,3,1
22023,201144,0022300423,"Dec 28, 2023",MIN vs. DAL,W,28,3,7,0.429,2,4,0.5,2,2,1.0,1,1,2,6,0,1,1,5,10,15,1
22023,201144,0022300411,"Dec 26, 2023",MIN @ OKC,L,25,6,10,0.6,5,7,0.714,0,0,0.0,0,2,2,4,2,0,0,0,17,-10,1
22023,201144,0022300400,"Dec 23, 2023",MIN @ SAC,W,32,4,10,0.4,3,7,0.429,1,1,1.0,0,7,7,9,2,0,2,1,12,28,1
22023,201144,0022300380,"Dec 21, 2023",MIN vs. LAL,W,30,6,9,0.667,4,6,0.667,0,0,0.0,0,1,1,8,2,1,1,1,16,3,1
22023,201144,0022300367,"Dec 20, 2023",MIN @ PHI,L,26,3,7,0.429,1,4,0.25,2,2,1.0,0,0,0,4,0,0,2,1,9,1,1
22023,201144,0022300353,"Dec 18, 2023",MIN @ MIA,W,33,4,5,0.8,4,5,0.8,2,2,1.0,0,1,1,6,1,0,4,1,14,4,1
22023,201144,0022300338,"Dec 16, 2023",MIN vs. IND,W,24,2,5,0.4,1,3,0.333,0,0,0.0,0,2,2,9,1,0,0,0,5,21,1
22023,201144,0022300321,"Dec 14, 2023",MIN @ DAL,W,29,5,9,0.556,2,4,0.5,2,2,1.0,0,2,2,3,1,0,1,2,14,7,1
22023,201144,0022300301,"Dec 11, 2023",MIN @ NOP,L,27,6,11,0.545,4,7,0.571,1,2,0.5,1,4,5,7,0,0,3,1,17,-19,1
22023,201144,0022301221,"Dec 08, 2023",MIN @ MEM,W,32,6,11,0.545,2,3,0.667,5,5,1.0,0,4,4,7,0,0,2,1,19,25,1
22023,201144,0022301210,"Dec 06, 2023",MIN vs. SAS,W,33,5,13,0.385,4,10,0.4,4,4,1.0,0,4,4,4,3,0,1,3,18,9,1
22023,201144,0022300281,"Dec 02, 2023",MIN @ CHA,W,34,3,9,0.333,1,7,0.143,7,8,0.875,0,5,5,10,0,0,1,2,14,10,1
22023,201144,0022300270,"Nov 30, 2023",MIN vs. UTA,W,29,2,6,0.333,2,6,0.333,2,2,1.0,0,3,3,7,2,0,2,3,8,4,1
22023,201144,0022300058,"Nov 28, 2023",MIN vs. OKC,W,37,3,14,0.214,3,10,0.3,0,0,0.0,0,2,2,8,1,0,0,2,9,17,1
22023,201144,0022300249,"Nov 26, 2023",MIN @ MEM,W,32,6,11,0.545,6,9,0.667,0,0,0.0,0,4,4,10,1,0,2,1,18,8,1
22023,201144,0022300050,"Nov 24, 2023",MIN vs. SAC,L,30,2,7,0.286,2,3,0.667,0,0,0.0,1,2,3,9,1,0,1,1,6,-10,1
22023,201144,0022300232,"Nov 22, 2023",MIN vs. PHI,W,23,2,5,0.4,1,2,0.5,0,0,0.0,0,0,0,8,3,0,1,1,5,6,1
22023,201144,0022300221,"Nov 20, 2023",MIN vs. NYK,W,28,3,9,0.333,3,8,0.375,2,2,1.0,0,1,1,5,0,1,0,3,11,20,1
22023,201144,0022300203,"Nov 18, 2023",MIN @ NOP,W,30,2,8,0.25,1,5,0.2,0,0,0.0,0,3,3,5,1,0,3,1,5,-5,1
22023,201144,0022300197,"Nov 15, 2023",MIN @ PHX,L,22,5,8,0.625,1,3,0.333,3,3,1.0,1,1,2,3,0,0,0,0,14,-16,1
22023,201144,0022300025,"Nov 14, 2023",MIN @ GSW,W,31,4,6,0.667,3,4,0.75,2,2,1.0,0,2,2,8,2,0,1,1,13,12,1
22023,201144,0022300186,"Nov 12, 2023",MIN @ GSW,W,31,3,7,0.429,1,5,0.2,1,1,1.0,1,4,5,9,0,0,1,4,8,6,1
22023,201144,0022300013,"Nov 10, 2023",MIN @ SAS,W,31,3,7,0.429,1,3,0.333,4,4,1.0,2,1,3,6,0,0,4,3,11,4,1
22023,201144,0022300166,"Nov 08, 2023",MIN vs. NOP,W,21,4,5,0.8,4,5,0.8,0,0,0.0,0,4,4,4,1,0,0,2,12,16,1
22023,201144,0022300154,"Nov 06, 2023",MIN vs. BOS,W,36,3,5,0.6,2,3,0.667,0,0,0.0,0,2,2,3,2,0,0,1,8,-18,1
22023,201144,0022300138,"Nov 04, 2023",MIN vs. UTA,W,28,3,9,0.333,1,4,0.25,0,0,0.0,0,3,3,6,1,0,0,4,7,23,1
22023,201144,0022300123,"Nov 01, 2023",MIN vs. DEN,W,27,7,9,0.778,3,4,0.75,0,0,0.0,0,3,3,6,1,0,0,1,17,19,1
22023,201144,0022300104,"Oct 30, 2023",MIN @ ATL,L,28,2,9,0.222,2,6,0.333,0,0,0.0,1,1,2,3,0,0,0,3,6,-12,1
22023,201144,0022300093,"Oct 28, 2023",MIN vs. MIA,W,29,6,10,0.6,2,6,0.333,0,0,0.0,2,2,4,5,1,0,0,1,14,21,1
22023,201144,0022300069,"Oct 25, 2023",MIN @ TOR,L,31,4,9,0.444,1,4,0.25,2,2,1.0,1,3,4,3,1,1,1,1,11,-6,1
22022,201144,0022201225,"Apr 09, 2023",MIN vs. NOP,W,34,5,11,0.455,1,6,0.167,6,7,0.857,0,2,2,7,1,0,1,3,17,5,1
22022,201144,0022201214,"Apr 08, 2023",MIN @ SAS,W,24,6,9,0.667,5,7,0.714,3,4,0.75,0,1,1,5,0,0,2,2,20,15,1
22022,201144,0022201180,"Apr 04, 2023",MIN @ BKN,W,33,6,9,0.667,3,5,0.6,3,4,0.75,0,1,1,1,1,1,1,1,18,2,1
22022,201144,0022201166,"Apr 02, 2023",MIN vs. POR,L,35,2,8,0.25,2,6,0.333,5,5,1.0,1,3,4,6,0,0,1,2,11,-3,1
22022,201144,0022201157,"Mar 31, 2023",MIN vs. LAL,L,32,7,11,0.636,4,6,0.667,7,8,0.875,0,3,3,7,3,0,2,6,25,5,1
22022,201144,0022201144,"Mar 29, 2023",MIN @ PHX,L,32,3,13,0.231,1,7,0.143,0,0,0.0,3,6,9,4,1,0,1,3,7,-11,1
22022,201144,0022201128,"Mar 27, 2023",MIN @ SAC,W,28,6,8,0.75,1,2,0.5,3,4,0.75,0,2,2,3,1,0,0,3,16,8,1
22022,201144,0022201121,"Mar 26, 2023",MIN @ GSW,W,31,4,11,0.364,4,9,0.444,0,2,0.0,1,1,2,2,2,0,2,3,12,-4,1
22022,201144,0022201090,"Mar 22, 2023",MIN vs. ATL,W,30,4,11,0.364,2,5,0.4,3,3,1.0,0,3,3,6,0,0,0,1,13,10,1
22022,201144,0022201073,"Mar 20, 2023",MIN @ NYK,W,32,6,11,0.545,3,5,0.6,9,9,1.0,1,3,4,11,2,1,2,1,24,11,1
22022,201144,0022201058,"Mar 18, 2023",MIN @ TOR,L,26,4,8,0.5,0,4,0.0,4,4,1.0,0,2,2,3,1,0,1,2,12,-7,1
22022,201144,0022201050,"Mar 17, 2023",MIN @ CHI,L,46,9,14,0.643,8,12,0.667,2,2,1.0,0,5,5,6,3,0,1,1,28,-12,1
22022,201144,0022201039,"Mar 15, 2023",MIN vs. BOS,L,30,2,7,0.286,2,6,0.333,1,1,1.0,2,3,5,2,0,0,1,2,7,-1,1
22022,201144,0022201021,"Mar 13, 2023",MIN @ ATL,W,28,9,13,0.692,3,5,0.6,0,1,0.0,0,1,1,6,1,0,1,4,21,19,1
22022,201144,0022201001,"Mar 10, 2023",MIN vs. BKN,L,41,3,13,0.231,1,6,0.167,4,5,0.8,4,2,6,7,2,1,2,0,11,7,1
22022,201144,0022200980,"Mar 07, 2023",MIN vs. PHI,L,24,1,6,0.167,1,3,0.333,3,3,1.0,0,0,0,3,2,0,2,0,6,-14,1
22022,201144,0022200961,"Mar 04, 2023",MIN @ SAC,W,30,7,12,0.583,4,8,0.5,6,6,1.0,0,3,3,3,0,0,0,0,24,17,1
22022,201144,0022200955,"Mar 03, 2023",MIN @ LAL,W,31,6,11,0.545,2,6,0.333,0,0,0.0,0,6,6,3,0,0,1,2,14,-3,1
22022,201144,0022200932,"Feb 28, 2023",MIN @ LAC,W,29,2,8,0.25,2,5,0.4,0,0,0.0,1,4,5,7,3,0,1,0,6,3,1
22022,201144,0022200916,"Feb 26, 2023",MIN @ GSW,L,34,3,7,0.429,3,5,0.6,0,0,0.0,1,2,3,7,1,1,1,2,9,-2,1
22022,201144,0022200898,"Feb 24, 2023",MIN vs. CHA,L,31,6,13,0.462,2,7,0.286,1,1,1.0,0,2,2,3,0,0,1,2,15,-5,1
22022,201144,0022200884,"Feb 16, 2023",MIN vs. WAS,L,33,0,6,0.0,0,3,0.0,0,0,0.0,1,1,2,6,2,0,0,0,0,-3,1
22022,201144,0022200865,"Feb 13, 2023",MIN @ DAL,W,32,4,8,0.5,3,6,0.5,1,2,0.5,1,2,3,9,1,0,2,4,12,6,1
22022,201144,0022200841,"Feb 10, 2023",MIN @ MEM,L,26,3,7,0.429,1,4,0.25,2,2,1.0,0,1,1,3,2,0,3,1,9,-11,1
22022,201144,0022200813,"Feb 06, 2023",UTA vs. DAL,L,31,4,8,0.5,1,4,0.25,1,1,1.0,0,1,1,11,0,0,2,1,10,-10,1
22022,201144,0022200792,"Feb 03, 2023",UTA vs. ATL,L,30,7,9,0.778,2,4,0.5,4,6,0.667,0,2,2,8,1,0,5,3,20,-7,1
22022,201144,0022200776,"Feb 01, 2023",UTA vs. TOR,W,31,5,8,0.625,0,3,0.0,9,9,1.0,0,3,3,8,0,2,3,2,19,1,1
22022,201144,0022200750,"Jan 28, 2023",UTA vs. DAL,W,34,2,8,0.25,0,4,0.0,0,0,0.0,2,3,5,11,4,0,3,3,4,16,1
22022,201144,0022200727,"Jan 25, 2023",UTA @ POR,L,32,3,6,0.5,2,5,0.4,0,0,0.0,1,4,5,10,2,0,3,2,8,-4,1
22022,201144,0022200710,"Jan 23, 2023",UTA vs. CHA,W,27,5,12,0.417,4,8,0.5,0,0,0.0,0,3,3,3,1,1,0,2,14,19,1
22022,201144,0022200689,"Jan 20, 2023",UTA vs. BKN,L,32,2,8,0.25,1,4,0.25,4,4,1.0,0,5,5,9,1,0,1,3,9,-10,1
22022,201144,0022200675,"Jan 18, 2023",UTA vs. LAC,W,29,6,8,0.75,5,6,0.833,0,0,0.0,0,4,4,9,0,1,0,2,17,12,1
22022,201144,0022200662,"Jan 16, 2023",UTA @ MIN,W,30,5,8,0.625,3,6,0.5,1,1,1.0,1,7,8,6,0,0,0,0,14,9,1
22022,201144,0022200646,"Jan 14, 2023",UTA vs. PHI,L,29,3,9,0.333,2,7,0.286,6,7,0.857,1,0,1,8,1,0,0,1,14,-1,1
22022,201144,0022200614,"Jan 10, 2023",UTA vs. CLE,W,33,4,9,0.444,1,5,0.2,4,4,1.0,0,0,0,4,0,0,3,3,13,8,1
22022,201144,0022200600,"Jan 08, 2023",UTA @ MEM,L,28,3,9,0.333,0,2,0.0,1,1,1.0,0,0,0,8,1,0,3,2,7,-4,1
22022,201144,0022200592,"Jan 07, 2023",UTA @ CHI,L,28,3,9,0.333,3,5,0.6,0,0,0.0,0,2,2,7,0,0,1,1,9,-26,1
22022,201144,0022200578,"Jan 05, 2023",UTA @ HOU,W,32,3,10,0.3,1,5,0.2,2,2,1.0,1,3,4,11,0,0,0,1,9,18,1
22022,201144,0022200563,"Jan 03, 2023",UTA vs. SAC,L,33,6,10,0.6,2,4,0.5,4,5,0.8,0,1,1,7,3,0,1,2,18,11,1
22022,201144,0022200546,"Dec 31, 2022",UTA vs. MIA,L,31,2,7,0.286,1,4,0.25,4,4,1.0,0,4,4,8,0,0,4,3,9,-7,1
22022,201144,0022200537,"Dec 30, 2022",UTA @ SAC,L,30,4,11,0.364,4,8,0.5,5,6,0.833,1,1,2,8,1,0,3,5,17,-1,1
22022,201144,0022200521,"Dec 28, 2022",UTA @ GSW,L,32,2,11,0.182,1,8,0.125,0,0,0.0,0,2,2,10,1,0,3,5,5,0,1
22022,201144,0022200503,"Dec 26, 2022",UTA @ SAS,L,33,6,12,0.5,5,7,0.714,0,0,0.0,1,4,5,6,3,1,3,3,17,0,1
22022,201144,0022200478,"Dec 22, 2022",UTA vs. WAS,W,27,3,7,0.429,0,2,0.0,2,2,1.0,0,0,0,6,0,0,1,1,8,-8,1
22022,201144,0022200461,"Dec 20, 2022",UTA @ DET,W,26,3,7,0.429,1,5,0.2,0,1,0.0,1,2,3,7,1,0,0,2,7,9,1
22022,201144,0022200452,"Dec 19, 2022",UTA @ CLE,L,28,3,8,0.375,1,3,0.333,0,0,0.0,1,1,2,9,2,0,3,2,7,-10,1
22022,201144,0022200442,"Dec 17, 2022",UTA @ MIL,L,25,2,6,0.333,0,3,0.0,0,0,0.0,0,1,1,4,1,0,0,2,4,-9,1
22022,201144,0022200426,"Dec 15, 2022",UTA vs. NOP,W,32,1,8,0.125,0,4,0.0,2,6,0.333,0,2,2,6,0,0,2,3,4,5,1
22022,201144,0022200412,"Dec 13, 2022",UTA vs. NOP,W,29,2,8,0.25,2,7,0.286,1,1,1.0,0,0,0,6,1,0,3,3,7,12,1
22022,201144,0022200385,"Dec 09, 2022",UTA vs. MIN,L,25,6,11,0.545,3,7,0.429,2,2,1.0,0,1,1,6,0,0,2,2,17,-12,1
22022,201144,0022200238,"Nov 19, 2022",UTA @ POR,W,9,0,1,0.0,0,0,0.0,0,0,0.0,0,1,1,3,1,0,0,2,0,-12,1
22022,201144,0022200232,"Nov 18, 2022",UTA vs. PHX,W,30,4,9,0.444,4,5,0.8,1,2,0.5,1,3,4,10,1,1,2,5,13,-2,1
22022,201144,0022200208,"Nov 15, 2022",UTA vs. NYK,L,34,3,10,0.3,1,6,0.167,3,3,1.0,1,3,4,7,4,0,1,5,10,4,1
22022,201144,0022200195,"Nov 13, 2022",UTA @ PHI,L,32,1,7,0.143,1,4,0.25,0,0,0.0,0,1,1,8,0,0,3,2,3,-13,1
22022,201144,0022200185,"Nov 12, 2022",UTA @ WAS,L,30,1,8,0.125,0,5,0.0,1,1,1.0,0,3,3,10,1,0,2,1,3,-21,1
22022,201144,0022200162,"Nov 09, 2022",UTA @ ATL,W,29,2,6,0.333,0,2,0.0,3,4,0.75,0,1,1,13,0,0,1,2,7,-11,1
22022,201144,0022200157,"Nov 07, 2022",UTA vs. LAL,W,24,5,7,0.714,3,4,0.75,1,2,0.5,0,1,1,12,0,0,0,2,14,12,1
22022,201144,0022200143,"Nov 06, 2022",UTA @ LAC,W,33,7,13,0.538,2,6,0.333,1,1,1.0,1,6,7,4,2,0,1,0,17,11,1
22022,201144,0022200131,"Nov 04, 2022",UTA @ LAL,W,31,6,11,0.545,2,5,0.4,1,1,1.0,2,0,2,10,1,0,2,0,15,9,1
22022,201144,0022200115,"Nov 02, 2022",UTA @ DAL,L,33,3,8,0.375,1,4,0.25,4,4,1.0,0,1,1,8,1,0,3,1,11,4,1
22022,201144,0022200101,"Oct 31, 2022",UTA vs. MEM,W,30,5,9,0.556,5,7,0.714,0,0,0.0,0,2,2,5,1,0,0,2,15,15,1
22022,201144,0022200078,"Oct 28, 2022",UTA @ DEN,L,23,4,7,0.571,4,5,0.8,2,2,1.0,1,1,2,5,0,0,0,2,14,-4,1
22022,201144,0022200063,"Oct 26, 2022",UTA vs. HOU,W,28,4,11,0.364,3,8,0.375,2,4,0.5,0,3,3,5,1,0,3,5,13,6,1
22022,201144,0022200048,"Oct 24, 2022",UTA @ HOU,L,27,3,6,0.5,0,3,0.0,1,3,0.333,0,2,2,7,3,2,2,0,7,1,1
22022,201144,0022200040,"Oct 23, 2022",UTA @ NOP,W,36,3,12,0.25,1,6,0.167,0,0,0.0,0,2,2,8,0,1,1,1,7,-10,1
22022,201144,0022200025,"Oct 21, 2022",UTA @ MIN,W,36,4,15,0.267,3,9,0.333,1,2,0.5,1,2,3,11,2,0,1,5,12,13,1
22022,201144,0022200012,"Oct 19, 2022",UTA vs. DEN,W,32,3,8,0.375,2,4,0.5,5,5,1.0,0,2,2,8,2,1,3,0,13,16,1
22021,201144,0022101230,"Apr 10, 2022",UTA @ POR,W,26,6,13,0.462,1,3,0.333,1,2,0.5,0,2,2,5,3,0,1,2,14,16,1
22021,201144,0022101210,"Apr 08, 2022",UTA vs. PHX,L,34,4,13,0.308,3,9,0.333,2,4,0.5,0,2,2,8,1,1,2,4,13,-5,1
22021,201144,0022101187,"Apr 05, 2022",UTA vs. MEM,W,34,5,11,0.455,2,4,0.5,1,2,0.5,1,5,6,8,1,0,5,2,13,1,1
22021,201144,0022101165,"Apr 02, 2022",UTA @ GSW,L,36,10,18,0.556,5,11,0.455,1,1,1.0,2,3,5,8,1,0,0,3,26,13,1
22021,201144,0022101150,"Mar 31, 2022",UTA vs. LAL,W,30,7,9,0.778,4,6,0.667,0,0,0.0,1,1,2,4,0,0,3,3,18,14,1
22021,201144,0022101135,"Mar 29, 2022",UTA @ LAC,L,33,7,13,0.538,4,8,0.5,1,1,1.0,1,1,2,3,1,0,3,3,19,8,1
22021,201144,0022101121,"Mar 27, 2022",UTA @ DAL,L,26,6,9,0.667,0,2,0.0,2,5,0.4,0,0,0,7,0,0,0,3,14,-20,1
22021,201144,0022101100,"Mar 25, 2022",UTA @ CHA,L,32,4,8,0.5,3,6,0.5,0,0,0.0,1,1,2,6,3,0,1,1,11,4,1
22021,201144,0022101087,"Mar 23, 2022",UTA @ BOS,L,28,4,12,0.333,1,5,0.2,0,0,0.0,3,1,4,3,1,0,2,1,9,-11,1
22021,201144,0022101075,"Mar 21, 2022",UTA @ BKN,L,33,7,12,0.583,3,5,0.6,1,2,0.5,0,2,2,7,2,0,1,0,18,-10,1
22021,201144,0022101055,"Mar 18, 2022",UTA vs. LAC,W,23,2,12,0.167,1,6,0.167,3,4,0.75,1,3,4,4,1,0,0,3,8,27,1
22021,201144,0022101041,"Mar 16, 2022",UTA vs. CHI,W,27,4,11,0.364,3,5,0.6,3,4,0.75,0,2,2,7,1,1,3,1,14,4,1
22021,201144,0022101027,"Mar 14, 2022",UTA vs. MIL,L,32,10,13,0.769,6,9,0.667,3,4,0.75,0,2,2,7,2,0,1,4,29,3,1
22021,201144,0022101002,"Mar 11, 2022",UTA @ SAS,L,31,2,14,0.143,1,6,0.167,3,3,1.0,2,3,5,5,5,0,3,4,8,-2,1
22021,201144,0022100990,"Mar 09, 2022",UTA vs. POR,W,20,1,5,0.2,1,3,0.333,2,2,1.0,0,1,1,5,1,1,0,2,5,25,1
22021,201144,0022100972,"Mar 07, 2022",UTA @ DAL,L,26,1,7,0.143,0,1,0.0,1,1,1.0,0,3,3,4,0,0,1,1,3,-8,1
22021,201144,0022100950,"Mar 04, 2022",UTA @ NOP,L,24,1,8,0.125,0,4,0.0,0,0,0.0,0,1,1,2,3,0,3,1,2,-17,1
22021,201144,0022100935,"Mar 02, 2022",UTA @ HOU,W,34,4,10,0.4,3,6,0.5,4,6,0.667,1,3,4,8,4,0,1,4,15,-4,1
22021,201144,0022100913,"Feb 27, 2022",UTA @ PHX,W,27,5,13,0.385,2,8,0.25,1,2,0.5,0,2,2,3,1,1,4,1,13,-15,1
22021,201144,0022100903,"Feb 25, 2022",UTA vs. DAL,W,30,5,12,0.417,3,7,0.429,2,2,1.0,2,4,6,5,3,0,2,0,15,-6,1
22021,201144,0022100884,"Feb 16, 2022",UTA @ LAL,L,28,2,9,0.222,0,3,0.0,2,2,1.0,1,3,4,5,0,0,1,5,6,-25,1
22021,201144,0022100865,"Feb 14, 2022",UTA vs. HOU,W,23,1,8,0.125,0,6,0.0,0,0,0.0,1,2,3,10,4,1,0,2,2,18,1
22021,201144,0022100844,"Feb 11, 2022",UTA vs. ORL,W,25,3,10,0.3,2,6,0.333,0,0,0.0,0,3,3,5,0,2,3,2,8,-5,1
22021,201144,0022100828,"Feb 09, 2022",UTA vs. GSW,W,25,4,10,0.4,4,8,0.5,1,2,0.5,2,4,6,3,0,0,1,1,13,-1,1
22021,201144,0022100814,"Feb 07, 2022",UTA vs. NYK,W,30,5,17,0.294,2,10,0.2,6,6,1.0,0,3,3,7,0,1,1,4,18,16,1
22021,201144,0022100793,"Feb 04, 2022",UTA vs. BKN,W,23,5,10,0.5,2,5,0.4,2,2,1.0,0,3,3,3,3,1,2,2,14,19,1
22021,201144,0022100779,"Feb 02, 2022",UTA vs. DEN,W,28,6,14,0.429,3,5,0.6,2,2,1.0,1,0,1,5,4,1,1,2,17,0,1
22021,201144,0022100757,"Jan 30, 2022",UTA @ MIN,L,29,8,17,0.471,3,4,0.75,3,4,0.75,2,2,4,5,3,0,5,3,22,-10,1
22021,201144,0022100740,"Jan 28, 2022",UTA @ MEM,L,30,5,12,0.417,3,6,0.5,2,3,0.667,0,3,3,6,2,0,3,2,15,13,1
22021,201144,0022100731,"Jan 26, 2022",UTA vs. PHX,L,33,5,12,0.417,1,4,0.25,5,5,1.0,1,3,4,10,0,0,3,4,16,-4,1
22021,201144,0022100708,"Jan 23, 2022",UTA @ GSW,L,29,3,10,0.3,3,5,0.6,0,0,0.0,1,3,4,2,2,0,4,2,9,6,1
22021,201144,0022100693,"Jan 21, 2022",UTA vs. DET,W,30,5,12,0.417,1,7,0.143,8,8,1.0,0,4,4,4,1,0,1,1,19,-9,1
22021,201144,0022100677,"Jan 19, 2022",UTA vs. HOU,L,34,5,12,0.417,3,8,0.375,4,4,1.0,0,3,3,4,2,0,0,3,17,1,1
22021,201144,0022100665,"Jan 17, 2022",UTA @ LAL,L,28,6,12,0.5,5,9,0.556,3,4,0.75,1,0,1,4,0,0,2,0,20,1,1
22021,201144,0022100653,"Jan 16, 2022",UTA @ DEN,W,23,3,6,0.5,2,5,0.4,0,0,0.0,0,3,3,6,0,1,3,1,8,21,1
22021,201144,0022100624,"Jan 12, 2022",UTA vs. CLE,L,27,4,10,0.4,2,4,0.5,2,4,0.5,1,1,2,1,1,0,0,3,12,-5,1
22021,201144,0022100608,"Jan 10, 2022",UTA @ DET,L,32,4,11,0.364,2,6,0.333,3,4,0.75,2,3,5,8,0,0,1,1,13,10,1
22021,201144,0022100594,"Jan 08, 2022",UTA @ IND,L,31,3,6,0.5,1,4,0.25,2,2,1.0,1,4,5,7,2,0,2,1,9,9,1
22021,201144,0022100575,"Jan 05, 2022",UTA @ DEN,W,29,4,11,0.364,2,4,0.5,0,0,0.0,1,3,4,6,1,0,0,0,10,10,1
22021,201144,0022100557,"Jan 03, 2022",UTA @ NOP,W,30,7,15,0.467,4,6,0.667,4,4,1.0,2,6,8,7,0,1,1,2,22,24,1
22021,201144,0022100544,"Jan 01, 2022",UTA vs. GSW,L,28,4,13,0.308,2,6,0.333,2,4,0.5,2,3,5,3,1,0,3,1,12,0,1
22021,201144,0022100523,"Dec 29, 2021",UTA @ POR,W,30,5,13,0.385,1,6,0.167,4,4,1.0,1,0,1,6,1,0,2,2,15,15,1
22021,201144,0022100504,"Dec 27, 2021",UTA @ SAS,W,28,5,15,0.333,1,6,0.167,1,2,0.5,0,6,6,2,4,0,1,0,12,8,1
22021,201144,0022100492,"Dec 25, 2021",UTA vs. DAL,W,31,6,12,0.5,3,8,0.375,7,8,0.875,0,7,7,5,1,0,0,1,22,8,1
22021,201144,0022100484,"Dec 23, 2021",UTA vs. MIN,W,28,7,10,0.7,2,3,0.667,1,2,0.5,1,3,4,6,0,1,2,2,17,22,1
22021,201144,0022100461,"Dec 20, 2021",UTA vs. CHA,W,30,4,13,0.308,2,8,0.25,4,5,0.8,1,5,6,4,1,0,0,2,14,13,1
22021,201144,0022100437,"Dec 17, 2021",UTA vs. SAS,L,31,7,17,0.412,4,10,0.4,0,0,0.0,1,5,6,6,0,1,0,0,18,7,1
22021,201144,0022100425,"Dec 15, 2021",UTA vs. LAC,W,24,4,12,0.333,1,4,0.25,0,0,0.0,2,1,3,5,1,0,2,2,9,5,1
22021,201144,0022100392,"Dec 11, 2021",UTA @ WAS,W,26,4,11,0.364,1,6,0.167,2,3,0.667,0,4,4,8,1,0,1,2,11,10,1
22021,201144,0022100379,"Dec 09, 2021",UTA @ PHI,W,25,4,10,0.4,2,4,0.5,0,0,0.0,1,1,2,4,1,1,2,1,10,9,1
22021,201144,0022100374,"Dec 08, 2021",UTA @ MIN,W,24,4,8,0.5,2,4,0.5,0,0,0.0,0,2,2,5,1,0,2,2,10,6,1
22021,201144,0022100349,"Dec 05, 2021",UTA @ CLE,W,30,4,9,0.444,3,5,0.6,0,0,0.0,1,1,2,6,4,0,3,1,11,6,1
22021,201144,0022100339,"Dec 03, 2021",UTA vs. BOS,W,32,9,13,0.692,7,7,1.0,4,5,0.8,1,3,4,7,0,1,3,4,29,21,1
22021,201144,0022100312,"Nov 29, 2021",UTA vs. POR,W,26,1,4,0.25,0,2,0.0,0,0,0.0,0,0,0,6,0,0,1,2,2,21,1
22021,201144,0022100299,"Nov 27, 2021",UTA vs. NOP,W,24,8,12,0.667,4,7,0.571,0,0,0.0,0,1,1,2,1,0,0,3,20,13,1
22021,201144,0022100289,"Nov 26, 2021",UTA vs. NOP,L,31,4,10,0.4,0,4,0.0,4,4,1.0,0,4,4,5,1,1,3,2,12,-11,1
22021,201144,0022100276,"Nov 24, 2021",UTA @ OKC,W,29,6,12,0.5,4,10,0.4,2,2,1.0,1,0,1,4,1,0,1,1,18,-5,1
22021,201144,0022100261,"Nov 22, 2021",UTA vs. MEM,L,30,7,12,0.583,3,5,0.6,2,3,0.667,0,4,4,8,1,0,4,2,19,13,1
22021,201144,0022100247,"Nov 20, 2021",UTA @ SAC,W,26,7,10,0.7,3,4,0.75,0,0,0.0,0,1,1,2,0,0,2,1,17,1,1
22021,201144,0022100229,"Nov 18, 2021",UTA vs. TOR,W,28,2,4,0.5,1,2,0.5,0,0,0.0,0,1,1,7,2,1,2,3,5,33,1
22021,201144,0022100211,"Nov 16, 2021",UTA vs. PHI,W,25,5,8,0.625,2,4,0.5,1,2,0.5,1,1,2,7,0,0,1,2,13,21,1
22021,201144,0022100185,"Nov 13, 2021",UTA vs. MIA,L,27,2,7,0.286,2,5,0.4,0,0,0.0,0,1,1,8,0,0,1,0,6,-14,1
22021,201144,0022100172,"Nov 11, 2021",UTA vs. IND,L,27,2,6,0.333,1,4,0.25,1,2,0.5,1,2,3,8,2,0,2,4,6,-2,1
22021,201144,0022100156,"Nov 09, 2021",UTA vs. ATL,W,29,4,9,0.444,2,6,0.333,2,2,1.0,0,1,1,6,2,0,0,4,12,-2,1
22021,201144,0022100134,"Nov 06, 2021",UTA @ MIA,L,32,7,11,0.636,3,7,0.429,1,1,1.0,1,2,3,7,1,1,0,2,18,-3,1
22021,201144,0022100120,"Nov 04, 2021",UTA @ ATL,W,29,5,13,0.385,3,9,0.333,0,0,0.0,0,1,1,11,2,1,1,3,13,18,1
22021,201144,0022100105,"Nov 02, 2021",UTA vs. SAC,W,31,11,19,0.579,6,9,0.667,2,2,1.0,0,3,3,2,1,0,4,2,30,9,1
22021,201144,0022100091,"Oct 31, 2021",UTA @ MIL,W,30,6,11,0.545,4,7,0.571,4,4,1.0,0,3,3,2,0,0,2,1,20,-3,1
22021,201144,0022100068,"Oct 28, 2021",UTA @ HOU,W,24,2,7,0.286,1,5,0.2,1,2,0.5,0,2,2,4,1,0,2,0,6,2,1
22021,201144,0022100054,"Oct 26, 2021",UTA vs. DEN,W,30,6,9,0.667,3,5,0.6,0,0,0.0,0,2,2,5,1,1,2,0,15,12,1
22021,201144,0022100026,"Oct 22, 2021",UTA @ SAC,W,31,5,12,0.417,3,6,0.5,4,4,1.0,0,2,2,3,3,0,3,2,17,1,1
22021,201144,0022100011,"Oct 20, 2021",UTA vs. OKC,W,25,4,12,0.333,2,7,0.286,0,0,0.0,0,0,0,4,2,0,1,4,10,16,1
22020,201144,0022001077,"May 16, 2021",UTA @ SAC,W,22,4,10,0.4,3,3,1.0,0,0,0.0,1,5,6,9,3,0,1,2,11,28,1
22020,201144,0022001056,"May 14, 2021",UTA @ OKC,W,16,2,7,0.286,1,3,0.333,5,6,0.833,0,2,2,3,0,0,0,2,10,10,1
22020,201144,0022000923,"Apr 26, 2021",UTA @ MIN,L,32,10,19,0.526,3,9,0.333,3,5,0.6,2,7,9,7,0,1,4,0,26,0,1
22020,201144,0022000909,"Apr 24, 2021",UTA vs. MIN,L,30,5,15,0.333,3,9,0.333,5,5,1.0,0,2,2,7,4,0,4,2,18,-6,1
22020,201144,0022000887,"Apr 21, 2021",UTA @ HOU,W,25,4,12,0.333,1,6,0.167,2,2,1.0,0,5,5,13,2,0,1,2,11,46,1
22020,201144,0022000875,"Apr 19, 2021",UTA @ LAL,W,29,5,11,0.455,3,6,0.5,1,1,1.0,0,2,2,10,1,0,3,2,14,15,1
22020,201144,0022000844,"Apr 16, 2021",UTA vs. IND,W,32,3,9,0.333,1,3,0.333,3,4,0.75,0,0,0,10,1,1,4,2,10,11,1
22020,201144,0022000826,"Apr 13, 2021",UTA vs. OKC,W,34,5,13,0.385,3,6,0.5,2,2,1.0,0,2,2,14,2,1,0,3,15,17,1
22020,201144,0022000801,"Apr 10, 2021",UTA vs. SAC,W,32,8,14,0.571,5,10,0.5,5,5,1.0,2,4,6,4,1,0,3,1,26,7,1
22020,201144,0022000787,"Apr 08, 2021",UTA vs. POR,W,23,3,12,0.25,2,7,0.286,3,4,0.75,0,3,3,3,0,0,0,2,11,10,1
22020,201144,0022000783,"Apr 07, 2021",UTA @ PHX,L,35,5,16,0.313,1,7,0.143,0,0,0.0,0,1,1,4,1,0,2,5,11,-8,1
22020,201144,0022000764,"Apr 05, 2021",UTA @ DAL,L,31,8,13,0.615,6,10,0.6,6,6,1.0,2,1,3,7,1,0,0,3,28,1,1
22020,201144,0022000743,"Apr 02, 2021",UTA vs. CHI,W,32,5,13,0.385,3,8,0.375,0,0,0.0,0,2,2,5,1,1,1,1,13,3,1
22020,201144,0022000725,"Mar 31, 2021",UTA @ MEM,W,35,11,18,0.611,2,8,0.25,2,2,1.0,0,4,4,7,4,0,4,3,26,10,1
22020,201144,0022000715,"Mar 29, 2021",UTA vs. CLE,W,26,5,9,0.556,3,5,0.6,5,5,1.0,0,4,4,5,0,0,1,0,18,38,1
22020,201144,0022000691,"Mar 26, 2021",UTA vs. MEM,W,29,2,13,0.154,1,6,0.167,0,0,0.0,0,5,5,8,1,0,3,2,5,11,1
22020,201144,0022000676,"Mar 24, 2021",UTA vs. BKN,W,25,6,12,0.5,3,6,0.5,3,3,1.0,0,4,4,2,2,0,0,1,18,27,1
22020,201144,0022000656,"Mar 22, 2021",UTA @ CHI,W,29,5,12,0.417,3,5,0.6,2,2,1.0,0,3,3,4,1,0,2,2,15,18,1
22020,201144,0022000634,"Mar 19, 2021",UTA @ TOR,W,31,5,10,0.5,1,6,0.167,4,7,0.571,0,6,6,4,1,1,6,2,15,2,1
22020,201144,0022000609,"Mar 16, 2021",UTA @ BOS,W,33,6,12,0.5,3,8,0.375,2,2,1.0,0,1,1,5,0,1,2,1,17,9,1
22020,201144,0022000594,"Mar 14, 2021",UTA @ GSW,L,32,8,15,0.533,3,6,0.5,4,4,1.0,1,1,2,6,1,0,1,2,23,9,1
22020,201144,0022000584,"Mar 12, 2021",UTA vs. HOU,W,32,8,12,0.667,3,6,0.5,1,1,1.0,0,4,4,4,1,0,3,2,20,11,1
22020,201144,0022000545,"Mar 03, 2021",UTA @ PHI,L,35,6,13,0.462,3,3,1.0,3,3,1.0,0,2,2,2,0,0,0,4,18,-15,1
22020,201144,0022000533,"Mar 01, 2021",UTA @ NOP,L,28,4,12,0.333,2,6,0.333,0,0,0.0,1,2,3,8,2,0,1,2,10,-1,1
22020,201144,0022000507,"Feb 26, 2021",UTA @ MIA,L,33,6,15,0.4,2,7,0.286,0,0,0.0,1,1,2,7,2,0,2,3,14,-1,1
22020,201144,0022000497,"Feb 24, 2021",UTA vs. LAL,W,27,5,10,0.5,4,6,0.667,0,0,0.0,3,5,8,8,2,0,3,3,14,14,1
22020,201144,0022000478,"Feb 22, 2021",UTA vs. CHA,W,29,4,11,0.364,4,9,0.444,3,4,0.75,0,2,2,5,3,0,2,0,15,22,1
22020,201144,0022000457,"Feb 19, 2021",UTA @ LAC,L,25,5,11,0.455,2,5,0.4,4,4,1.0,0,0,0,0,1,1,0,2,16,-7,1
22020,201144,0022000342,"Feb 05, 2021",UTA @ CHA,W,20,6,11,0.545,4,7,0.571,0,0,0.0,0,4,4,2,1,0,2,0,16,19,1
22020,201144,0022000338,"Feb 04, 2021",UTA @ ATL,W,22,5,10,0.5,1,3,0.333,0,0,0.0,0,1,1,4,0,0,2,4,11,14,1
22020,201144,0022000325,"Feb 02, 2021",UTA vs. DET,W,32,7,15,0.467,2,6,0.333,4,4,1.0,1,3,4,5,1,0,2,0,20,-8,1
22020,201144,0022000306,"Jan 31, 2021",UTA @ DEN,L,28,2,10,0.2,1,6,0.167,7,7,1.0,1,2,3,8,0,0,1,1,12,-18,1
22020,201144,0022000297,"Jan 29, 2021",UTA vs. DAL,W,33,7,17,0.412,4,10,0.4,4,4,1.0,1,2,3,9,3,0,1,1,22,30,1
22020,201144,0022000282,"Jan 27, 2021",UTA vs. DAL,W,30,6,15,0.4,3,8,0.375,2,2,1.0,1,2,3,6,2,0,2,2,17,14,1
22020,201144,0022000270,"Jan 26, 2021",UTA vs. NYK,W,32,5,12,0.417,3,7,0.429,6,6,1.0,3,4,7,5,0,0,1,0,19,27,1
22020,201144,0022000242,"Jan 23, 2021",UTA vs. GSW,W,27,6,11,0.545,5,9,0.556,0,0,0.0,1,0,1,1,3,0,2,3,17,40,1
22020,201144,0022000227,"Jan 21, 2021",UTA vs. NOP,W,31,8,14,0.571,2,5,0.4,2,2,1.0,1,1,2,6,3,1,3,4,20,23,1
22020,201144,0022000214,"Jan 19, 2021",UTA vs. NOP,W,28,2,7,0.286,1,5,0.2,1,1,1.0,1,1,2,10,2,0,2,1,6,26,1
22020,201144,0022000200,"Jan 17, 2021",UTA @ DEN,W,31,6,13,0.462,2,7,0.286,0,4,0.0,0,3,3,8,1,0,1,2,14,17,1
22020,201144,0022000186,"Jan 15, 2021",UTA vs. ATL,W,27,5,10,0.5,2,4,0.5,3,4,0.75,2,2,4,8,4,0,2,2,15,30,1
22020,201144,0022000159,"Jan 12, 2021",UTA @ CLE,W,27,4,10,0.4,3,6,0.5,1,2,0.5,2,4,6,5,2,0,1,2,12,18,1
22020,201144,0022000141,"Jan 10, 2021",UTA @ DET,W,30,8,13,0.615,2,4,0.5,4,4,1.0,2,3,5,6,2,0,1,2,22,2,1
22020,201144,0022000129,"Jan 08, 2021",UTA @ MIL,W,29,6,12,0.5,5,10,0.5,0,0,0.0,0,3,3,10,0,0,2,0,17,-1,1
22020,201144,0022000112,"Jan 06, 2021",UTA @ NYK,L,29,3,14,0.214,0,6,0.0,3,4,0.75,1,3,4,6,1,0,3,2,9,-12,1
22020,201144,0022000102,"Jan 05, 2021",UTA @ BKN,L,27,3,10,0.3,2,5,0.4,0,2,0.0,2,1,3,5,1,0,2,1,8,-12,1
22020,201144,0022000089,"Jan 03, 2021",UTA @ SAS,W,27,6,11,0.545,3,6,0.5,0,0,0.0,0,0,0,4,1,0,4,2,15,22,1
22020,201144,0022000077,"Jan 01, 2021",UTA vs. LAC,W,34,11,20,0.55,7,14,0.5,4,4,1.0,1,1,2,7,1,0,2,0,33,24,1
22020,201144,0022000068,"Dec 31, 2020",UTA vs. PHX,L,35,5,13,0.385,4,8,0.5,2,2,1.0,0,5,5,4,2,0,2,2,16,-13,1
22020,201144,0022000043,"Dec 28, 2020",UTA @ OKC,W,32,8,15,0.533,2,6,0.333,2,2,1.0,3,7,10,9,1,1,2,3,20,1,1
22020,201144,0022000028,"Dec 26, 2020",UTA vs. MIN,L,34,6,13,0.462,2,7,0.286,6,8,0.75,0,6,6,4,1,0,4,5,20,9,1
22020,201144,0022000020,"Dec 23, 2020",UTA @ POR,W,30,6,15,0.4,4,7,0.571,2,3,0.667,0,3,3,2,0,0,2,3,18,14,1
22019,201144,0021901293,"Aug 10, 2020",UTA vs. DAL,L,16,3,7,0.429,3,4,0.75,0,0,0.0,2,0,2,2,1,0,1,0,9,9,1
22019,201144,0021901281,"Aug 08, 2020",UTA @ DEN,L,44,8,19,0.421,3,11,0.273,1,1,1.0,2,4,6,5,1,0,5,2,20,-2,1
22019,201144,0021901262,"Aug 05, 2020",UTA vs. MEM,W,34,6,13,0.462,4,9,0.444,7,7,1.0,1,4,5,7,1,0,2,5,23,16,1
22019,201144,0021901255,"Aug 03, 2020",UTA vs. LAL,L,34,8,17,0.471,3,9,0.333,5,5,1.0,0,2,2,8,0,0,3,2,24,3,1
22019,201144,0021901240,"Aug 01, 2020",UTA @ OKC,L,30,3,9,0.333,1,3,0.333,5,5,1.0,0,2,2,4,1,0,3,1,12,-12,1
22019,201144,0021901231,"Jul 30, 2020",UTA @ NOP,W,34,7,16,0.438,2,7,0.286,4,4,1.0,1,0,1,4,1,1,2,2,20,12,1
22019,201144,0021900959,"Mar 09, 2020",UTA vs. TOR,L,34,4,12,0.333,3,7,0.429,2,2,1.0,2,4,6,7,1,0,3,2,13,7,1
22019,201144,0021900941,"Mar 07, 2020",UTA @ DET,W,30,4,12,0.333,2,6,0.333,2,2,1.0,0,1,1,4,3,0,1,2,12,-12,1
22019,201144,0021900933,"Mar 06, 2020",UTA @ BOS,W,35,9,16,0.563,6,10,0.6,1,1,1.0,2,1,3,5,3,0,5,3,25,6,1
22019,201144,0021900921,"Mar 04, 2020",UTA @ NYK,W,27,6,9,0.667,2,4,0.5,3,4,0.75,1,1,2,6,0,0,1,0,17,5,1
22019,201144,0021900902,"Mar 02, 2020",UTA @ CLE,W,30,6,12,0.5,2,6,0.333,1,2,0.5,0,2,2,6,0,0,0,3,15,9,1
22019,201144,0021900885,"Feb 28, 2020",UTA vs. WAS,W,33,5,11,0.455,2,6,0.333,4,4,1.0,1,4,5,6,1,0,1,3,16,18,1
22019,201144,0021900872,"Feb 26, 2020",UTA vs. BOS,L,33,5,13,0.385,5,9,0.556,0,0,0.0,1,3,4,3,1,0,2,3,15,0,1
22019,201144,0021900855,"Feb 24, 2020",UTA vs. PHX,L,22,4,6,0.667,0,1,0.0,0,0,0.0,0,0,0,1,0,0,3,3,8,-10,1
22019,201144,0021900841,"Feb 22, 2020",UTA vs. HOU,L,34,5,15,0.333,1,6,0.167,2,2,1.0,1,6,7,7,0,0,1,2,13,-7,1
22019,201144,0021900790,"Feb 09, 2020",UTA @ HOU,W,34,8,16,0.5,2,5,0.4,2,3,0.667,0,5,5,6,0,0,2,4,20,9,1
22019,201144,0021900776,"Feb 07, 2020",UTA vs. POR,W,31,6,13,0.462,2,6,0.333,4,4,1.0,1,2,3,4,2,0,1,1,18,-3,1
22019,201144,0021900762,"Feb 05, 2020",UTA vs. DEN,L,34,6,13,0.462,5,9,0.556,4,6,0.667,1,7,8,5,1,0,2,4,21,1,1
22019,201144,0021900735,"Feb 01, 2020",UTA @ POR,L,30,9,20,0.45,4,6,0.667,0,0,0.0,1,3,4,4,0,0,1,0,22,-4,1
22019,201144,0021900711,"Jan 29, 2020",UTA @ SAS,L,21,3,8,0.375,1,5,0.2,5,7,0.714,0,0,0,1,0,0,1,3,12,-5,1
22019,201144,0021900698,"Jan 27, 2020",UTA vs. HOU,L,25,4,9,0.444,0,4,0.0,2,4,0.5,0,3,3,4,0,0,5,5,10,-12,1
22019,201144,0021900680,"Jan 25, 2020",UTA vs. DAL,W,19,3,9,0.333,0,2,0.0,0,0,0.0,0,4,4,1,0,0,0,2,6,-7,1
22019,201144,0021900665,"Jan 22, 2020",UTA @ GSW,W,19,4,10,0.4,0,4,0.0,0,0,0.0,0,1,1,1,1,0,0,2,8,11,1
22019,201144,0021900651,"Jan 20, 2020",UTA vs. IND,W,18,6,8,0.75,2,3,0.667,0,0,0.0,0,1,1,2,0,0,2,1,14,6,1
22019,201144,0021900636,"Jan 18, 2020",UTA vs. SAC,W,15,1,3,0.333,1,3,0.333,0,0,0.0,0,1,1,3,2,0,0,1,3,10,1
22019,201144,0021900405,"Dec 17, 2019",UTA vs. ORL,W,19,2,8,0.25,0,4,0.0,3,3,1.0,0,0,0,6,1,0,1,3,7,-9,1
22019,201144,0021900294,"Dec 02, 2019",UTA @ PHI,L,23,3,9,0.333,1,2,0.5,0,0,0.0,0,2,2,6,1,1,4,1,7,-15,1
22019,201144,0021900291,"Dec 01, 2019",UTA @ TOR,L,25,7,13,0.538,4,6,0.667,2,2,1.0,2,1,3,2,0,1,1,3,20,-6,1
22019,201144,0021900274,"Nov 29, 2019",UTA @ MEM,W,32,3,13,0.231,2,4,0.5,0,0,0.0,2,5,7,4,1,0,0,1,8,15,1
22019,201144,0021900256,"Nov 27, 2019",UTA @ IND,L,28,2,8,0.25,1,3,0.333,0,0,0.0,2,4,6,5,0,0,2,2,5,-18,1
22019,201144,0021900248,"Nov 25, 2019",UTA @ MIL,L,29,2,10,0.2,0,3,0.0,2,2,1.0,0,2,2,9,0,0,3,2,6,-9,1
22019,201144,0021900234,"Nov 23, 2019",UTA vs. NOP,W,30,2,9,0.222,1,4,0.25,6,7,0.857,1,3,4,5,1,0,1,3,11,4,1
22019,201144,0021900223,"Nov 22, 2019",UTA vs. GSW,W,31,9,14,0.643,4,5,0.8,5,6,0.833,0,4,4,4,1,0,1,1,27,-3,1
22019,201144,0021900210,"Nov 20, 2019",UTA @ MIN,W,31,6,12,0.5,2,4,0.5,2,2,1.0,1,5,6,8,1,0,0,2,16,28,1
22019,201144,0021900196,"Nov 18, 2019",UTA vs. MIN,L,34,6,15,0.4,1,4,0.25,2,3,0.667,1,5,6,6,0,0,1,3,15,-6,1
22019,201144,0021900170,"Nov 15, 2019",UTA @ MEM,L,35,5,19,0.263,2,8,0.25,3,5,0.6,1,3,4,3,1,0,1,1,15,7,1
22019,201144,0021900152,"Nov 12, 2019",UTA vs. BKN,W,30,6,15,0.4,0,5,0.0,6,9,0.667,0,4,4,5,0,0,2,1,18,-3,1
22019,201144,0021900144,"Nov 11, 2019",UTA @ GSW,W,31,6,11,0.545,5,8,0.625,5,5,1.0,1,0,1,7,0,0,0,1,22,15,1
22019,201144,0021900124,"Nov 08, 2019",UTA vs. MIL,W,32,7,15,0.467,5,9,0.556,1,2,0.5,1,2,3,3,0,0,2,4,20,-1,1
22019,201144,0021900110,"Nov 06, 2019",UTA vs. PHI,W,34,6,15,0.4,1,3,0.333,2,3,0.667,2,4,6,2,2,1,4,0,15,19,1
22019,201144,0021900090,"Nov 03, 2019",UTA @ LAC,L,35,2,10,0.2,0,2,0.0,4,5,0.8,0,1,1,1,0,0,5,3,8,3,1
22019,201144,0021900075,"Nov 01, 2019",UTA @ SAC,L,33,5,13,0.385,3,9,0.333,6,8,0.75,1,3,4,4,4,0,4,2,19,-5,1
22019,201144,0021900063,"Oct 30, 2019",UTA vs. LAC,W,32,11,17,0.647,5,8,0.625,2,2,1.0,0,1,1,5,2,0,2,3,29,1,2
22019,201144,0021900049,"Oct 28, 2019",UTA @ PHX,W,20,0,7,0.0,0,3,0.0,1,2,0.5,0,2,2,1,0,1,3,5,1,-3,1
22019,201144,0021900034,"Oct 26, 2019",UTA vs. SAC,W,24,5,11,0.455,2,6,0.333,0,0,0.0,0,3,3,8,0,0,2,1,12,26,1
22019,201144,0021900025,"Oct 25, 2019",UTA @ LAL,L,31,3,11,0.273,1,5,0.2,6,6,1.0,1,3,4,3,0,0,4,1,13,-14,1
22019,201144,0021900011,"Oct 23, 2019",UTA vs. OKC,W,27,1,16,0.063,0,6,0.0,3,4,0.75,0,0,0,5,1,0,2,5,5,1,1
22018,201144,0021801144,"Mar 30, 2019",MEM @ PHX,W,38,10,19,0.526,2,6,0.333,11,14,0.786,0,4,4,5,2,0,1,3,33,20,1
22018,201144,0021801118,"Mar 27, 2019",MEM vs. GSW,L,32,6,14,0.429,2,7,0.286,8,10,0.8,0,1,1,8,0,0,1,0,22,-24,1
22018,201144,0021801091,"Mar 23, 2019",MEM vs. MIN,L,35,7,17,0.412,2,6,0.333,7,8,0.875,0,3,3,3,2,0,3,0,23,-6,1
22018,201144,0021801070,"Mar 20, 2019",MEM vs. HOU,W,42,12,23,0.522,6,9,0.667,5,5,1.0,0,5,5,8,0,0,1,2,35,3,1
22018,201144,0021801035,"Mar 16, 2019",MEM @ WAS,L,34,8,15,0.533,3,7,0.429,9,11,0.818,0,3,3,12,0,0,1,3,28,1,1
22018,201144,0021801016,"Mar 13, 2019",MEM @ ATL,L,26,6,14,0.429,1,6,0.167,7,8,0.875,1,3,4,7,1,0,1,2,20,-21,1
22018,201144,0021800996,"Mar 10, 2019",MEM vs. ORL,W,35,8,18,0.444,1,4,0.25,9,10,0.9,0,5,5,8,1,0,0,2,26,18,1
22018,201144,0021800982,"Mar 08, 2019",MEM vs. UTA,W,32,11,18,0.611,3,7,0.429,3,3,1.0,0,3,3,11,2,0,3,1,28,8,1
22018,201144,0021800962,"Mar 05, 2019",MEM vs. POR,W,35,12,18,0.667,6,7,0.857,10,15,0.667,1,3,4,4,1,0,1,4,40,15,1
22018,201144,0021800939,"Mar 02, 2019",MEM @ DAL,W,23,3,10,0.3,1,3,0.333,5,5,1.0,0,1,1,2,0,0,1,4,12,1,1
22018,201144,0021800916,"Feb 27, 2019",MEM vs. CHI,L,35,7,21,0.333,3,7,0.429,4,4,1.0,0,4,4,6,2,2,4,5,21,1,1
22018,201144,0021800904,"Feb 25, 2019",MEM vs. LAL,W,32,10,17,0.588,3,6,0.5,7,8,0.875,2,0,2,5,1,0,2,0,30,-2,1
22018,201144,0021800885,"Feb 23, 2019",MEM @ CLE,L,30,5,12,0.417,0,3,0.0,8,8,1.0,0,5,5,2,3,0,3,1,18,-2,1
22018,201144,0021800879,"Feb 22, 2019",MEM vs. LAC,L,36,7,18,0.389,2,9,0.222,9,13,0.692,2,1,3,10,1,2,4,1,25,-2,1
22018,201144,0021800858,"Feb 13, 2019",MEM @ CHI,L,26,3,11,0.273,1,5,0.2,5,6,0.833,0,2,2,5,0,0,0,1,12,-23,1
22018,201144,0021800831,"Feb 09, 2019",MEM vs. NOP,W,32,3,11,0.273,0,6,0.0,5,5,1.0,2,4,6,9,0,0,1,2,11,1,1
22018,201144,0021800815,"Feb 07, 2019",MEM @ OKC,L,28,4,15,0.267,1,5,0.2,6,7,0.857,1,1,2,7,2,0,3,2,15,-23,1
22018,201144,0021800801,"Feb 05, 2019",MEM vs. MIN,W,34,8,22,0.364,6,11,0.545,3,4,0.75,1,2,3,9,3,0,2,2,25,20,1
22018,201144,0021800787,"Feb 03, 2019",MEM @ NYK,W,34,9,17,0.529,2,6,0.333,5,5,1.0,1,7,8,7,3,1,1,0,25,25,1
22018,201144,0021800760,"Jan 30, 2019",MEM @ MIN,L,42,11,20,0.55,3,5,0.6,1,1,1.0,1,4,5,8,2,0,1,2,26,5,1
22018,201144,0021800747,"Jan 28, 2019",MEM vs. DEN,L,37,8,16,0.5,3,9,0.333,4,6,0.667,0,4,4,11,1,0,3,0,23,-5,1
22018,201144,0021800731,"Jan 26, 2019",MEM vs. IND,W,32,8,13,0.615,2,6,0.333,4,6,0.667,1,3,4,11,2,0,4,2,22,3,1
22018,201144,0021800725,"Jan 25, 2019",MEM vs. SAC,L,34,6,15,0.4,2,4,0.5,2,3,0.667,0,6,6,9,2,1,4,2,16,2,1
22018,201144,0021800713,"Jan 23, 2019",MEM vs. CHA,L,36,10,17,0.588,2,5,0.4,9,9,1.0,0,2,2,1,1,0,3,3,31,-8,1
22018,201144,0021800697,"Jan 21, 2019",MEM vs. NOP,L,37,7,15,0.467,3,9,0.333,3,4,0.75,2,2,4,8,4,0,1,1,20,-3,1
22018,201144,0021800684,"Jan 19, 2019",MEM @ TOR,L,22,5,9,0.556,0,1,0.0,0,0,0.0,0,2,2,3,1,0,2,0,10,-13,1
22018,201144,0021800671,"Jan 18, 2019",MEM @ BOS,L,36,9,18,0.5,4,9,0.444,4,4,1.0,0,0,0,4,0,0,0,4,26,-5,1
22018,201144,0021800660,"Jan 16, 2019",MEM vs. MIL,L,23,5,14,0.357,1,3,0.333,3,3,1.0,0,2,2,3,1,0,1,3,14,-31,1
22018,201144,0021800646,"Jan 14, 2019",MEM @ HOU,L,33,5,10,0.5,1,4,0.25,3,3,1.0,0,7,7,7,1,0,5,1,14,-13,1
22018,201144,0021800631,"Jan 12, 2019",MEM @ MIA,L,35,7,15,0.467,3,5,0.6,5,6,0.833,2,0,2,7,3,0,2,3,22,-7,1
22018,201144,0021800611,"Jan 09, 2019",MEM vs. SAS,W,32,6,19,0.316,0,6,0.0,3,4,0.75,0,2,2,6,1,0,0,1,15,-2,1
22018,201144,0021800595,"Jan 07, 2019",MEM @ NOP,L,33,5,11,0.455,4,6,0.667,8,10,0.8,1,1,2,10,2,0,4,0,22,-16,1
22018,201144,0021800581,"Jan 05, 2019",MEM @ SAS,L,25,7,12,0.583,3,5,0.6,4,4,1.0,1,0,1,3,0,0,1,3,21,-9,1
22018,201144,0021800570,"Jan 04, 2019",MEM vs. BKN,L,38,10,20,0.5,3,6,0.5,8,9,0.889,0,3,3,2,4,0,2,2,31,-1,1
22018,201144,0021800560,"Jan 02, 2019",MEM vs. DET,L,28,0,8,0.0,0,1,0.0,0,0,0.0,0,3,3,1,0,0,3,0,0,-6,1
22018,201144,0021800544,"Dec 31, 2018",MEM @ HOU,L,37,7,18,0.389,0,4,0.0,5,6,0.833,1,5,6,5,1,0,1,2,19,-7,1
22018,201144,0021800531,"Dec 29, 2018",MEM vs. BOS,L,36,9,22,0.409,1,9,0.111,7,8,0.875,3,2,5,6,3,1,1,3,26,-3,1
22018,201144,0021800508,"Dec 26, 2018",MEM vs. CLE,W,33,6,16,0.375,0,5,0.0,3,3,1.0,0,2,2,8,2,0,2,1,15,9,1
22018,201144,0021800496,"Dec 23, 2018",MEM @ LAL,W,35,7,13,0.538,3,6,0.5,0,0,0.0,0,1,1,8,2,0,1,0,17,8,1
22018,201144,0021800477,"Dec 21, 2018",MEM @ SAC,L,32,8,18,0.444,7,11,0.636,0,0,0.0,1,6,7,5,1,1,2,1,23,0,1
22018,201144,0021800465,"Dec 19, 2018",MEM @ POR,L,37,7,19,0.368,5,10,0.5,4,5,0.8,1,3,4,6,0,1,3,0,23,6,1
22018,201144,0021800432,"Dec 15, 2018",MEM vs. HOU,L,37,8,17,0.471,1,6,0.167,5,5,1.0,0,2,2,6,0,0,0,0,22,-1,1
22018,201144,0021800425,"Dec 14, 2018",MEM vs. MIA,L,37,7,15,0.467,2,4,0.5,6,6,1.0,1,2,3,8,2,3,0,0,22,5,1
22018,201144,0021800410,"Dec 12, 2018",MEM vs. POR,W,32,9,18,0.5,2,4,0.5,3,4,0.75,1,5,6,6,1,0,2,0,23,19,1
22018,201144,0021800398,"Dec 10, 2018",MEM @ DEN,L,32,5,14,0.357,2,8,0.25,7,7,1.0,0,1,1,6,2,0,1,2,19,2,1
22018,201144,0021800384,"Dec 08, 2018",MEM vs. LAL,L,30,4,12,0.333,1,3,0.333,3,3,1.0,0,1,1,3,4,0,0,0,12,-5,1
22018,201144,0021800374,"Dec 07, 2018",MEM @ NOP,W,35,2,12,0.167,0,4,0.0,5,6,0.833,1,2,3,10,1,0,1,1,9,1,1
22018,201144,0021800360,"Dec 05, 2018",MEM vs. LAC,W,34,9,16,0.563,2,4,0.5,2,4,0.5,0,7,7,4,2,2,3,1,22,16,1
22018,201144,0021800340,"Dec 02, 2018",MEM @ PHI,L,33,6,17,0.353,3,6,0.5,6,7,0.857,0,2,2,5,1,1,1,1,21,-7,1
22018,201144,0021800323,"Nov 30, 2018",MEM @ BKN,W,46,13,25,0.52,2,7,0.286,9,9,1.0,0,5,5,10,0,1,3,3,37,9,1
22018,201144,0021800303,"Nov 27, 2018",MEM vs. TOR,L,35,7,19,0.368,2,7,0.286,4,6,0.667,3,2,5,6,3,2,3,4,20,0,1
22018,201144,0021800291,"Nov 25, 2018",MEM vs. NYK,L,39,8,24,0.333,2,10,0.2,5,6,0.833,1,3,4,11,1,0,0,1,23,-6,1
22018,201144,0021800266,"Nov 23, 2018",MEM @ LAC,L,30,6,10,0.6,3,6,0.5,4,4,1.0,0,3,3,11,0,0,6,6,19,8,1
22018,201144,0021800262,"Nov 21, 2018",MEM @ SAS,W,35,11,23,0.478,3,7,0.429,5,5,1.0,1,3,4,9,1,1,0,0,30,2,1
22018,201144,0021800244,"Nov 19, 2018",MEM vs. DAL,W,35,10,18,0.556,7,11,0.636,1,2,0.5,0,5,5,7,2,0,3,1,28,18,1
22018,201144,0021800234,"Nov 18, 2018",MEM @ MIN,W,35,5,12,0.417,2,5,0.4,6,6,1.0,0,1,1,8,0,0,2,1,18,21,1
22018,201144,0021800220,"Nov 16, 2018",MEM vs. SAC,W,34,7,16,0.438,1,4,0.25,4,8,0.5,0,3,3,6,0,0,4,2,19,9,1
22018,201144,0021800207,"Nov 14, 2018",MEM @ MIL,W,36,9,16,0.563,2,6,0.333,6,8,0.75,0,2,2,4,2,0,2,2,26,-7,1
22018,201144,0021800194,"Nov 12, 2018",MEM vs. UTA,L,36,7,16,0.438,3,8,0.375,7,7,1.0,0,4,4,3,0,0,2,4,24,0,1
22018,201144,0021800179,"Nov 10, 2018",MEM vs. PHI,W,42,12,24,0.5,4,10,0.4,4,6,0.667,0,4,4,6,2,1,1,3,32,19,1
22018,201144,0021800158,"Nov 07, 2018",MEM vs. DEN,W,36,2,9,0.222,0,2,0.0,0,0,0.0,0,3,3,8,1,0,2,2,4,4,1
22018,201144,0021800147,"Nov 05, 2018",MEM @ GSW,L,31,4,8,0.5,1,5,0.2,0,1,0.0,0,1,1,5,0,1,3,1,9,-21,1
22018,201144,0021800136,"Nov 04, 2018",MEM @ PHX,L,27,3,16,0.188,1,5,0.2,5,6,0.833,0,1,1,5,2,0,2,4,12,-15,1
22018,201144,0021800122,"Nov 02, 2018",MEM @ UTA,W,33,7,18,0.389,3,6,0.5,11,13,0.846,2,3,5,5,1,0,0,2,28,-6,1
22018,201144,0021800102,"Oct 30, 2018",MEM vs. WAS,W,35,6,18,0.333,2,8,0.25,5,7,0.714,0,3,3,7,1,1,2,2,19,20,1
22018,201144,0021800080,"Oct 27, 2018",MEM vs. PHX,W,28,6,13,0.462,0,4,0.0,6,6,1.0,0,0,0,7,2,0,3,2,18,11,1
22018,201144,0021800061,"Oct 24, 2018",MEM @ SAC,L,36,10,22,0.455,4,11,0.364,3,4,0.75,2,4,6,5,1,0,3,2,27,-17,1
22018,201144,0021800045,"Oct 22, 2018",MEM @ UTA,W,35,6,20,0.3,1,6,0.167,10,11,0.909,2,5,7,4,3,0,1,2,23,13,1
22018,201144,0021800020,"Oct 19, 2018",MEM vs. ATL,W,25,6,13,0.462,2,5,0.4,2,3,0.667,0,4,4,11,0,0,0,4,16,26,1
22018,201144,0021800005,"Oct 17, 2018",MEM @ IND,L,29,3,11,0.273,2,5,0.4,3,3,1.0,1,1,2,3,1,0,1,1,11,-11,1
22017,201144,0021700194,"Nov 13, 2017",MEM @ MIL,L,33,2,12,0.167,2,7,0.286,1,2,0.5,0,0,0,2,1,0,0,2,7,-13,2
22017,201144,0021700180,"Nov 11, 2017",MEM @ HOU,L,28,4,11,0.364,1,3,0.333,3,4,0.75,0,0,0,5,1,0,3,1,12,-14,1
22017,201144,0021700157,"Nov 07, 2017",MEM @ POR,W,31,6,15,0.4,2,4,0.5,6,6,1.0,0,0,0,6,2,1,3,4,20,6,1
22017,201144,0021700145,"Nov 05, 2017",MEM @ LAL,L,32,9,17,0.529,3,8,0.375,2,3,0.667,0,5,5,3,1,1,2,0,23,-6,1
22017,201144,0021700131,"Nov 04, 2017",MEM @ LAC,W,33,8,18,0.444,4,9,0.444,2,3,0.667,0,1,1,3,1,0,2,2,22,11,1
22017,201144,0021700096,"Oct 30, 2017",MEM vs. CHA,L,32,4,18,0.222,0,7,0.0,8,10,0.8,0,2,2,6,2,0,1,3,16,-10,2
22017,201144,0021700080,"Oct 28, 2017",MEM vs. HOU,W,26,4,10,0.4,0,3,0.0,0,0,0.0,0,3,3,3,0,1,0,1,8,-9,1
22017,201144,0021700066,"Oct 26, 2017",MEM vs. DAL,W,31,5,13,0.385,2,8,0.25,10,12,0.833,0,1,1,4,1,0,3,1,22,-3,1
22017,201144,0021700061,"Oct 25, 2017",MEM @ DAL,L,35,7,15,0.467,3,8,0.375,4,6,0.667,0,5,5,3,1,0,0,1,21,6,1
22017,201144,0021700043,"Oct 23, 2017",MEM @ HOU,W,28,3,10,0.3,2,5,0.4,9,9,1.0,0,3,3,4,0,0,2,3,17,6,1
22017,201144,0021700033,"Oct 21, 2017",MEM vs. GSW,W,32,3,14,0.214,1,6,0.167,3,4,0.75,0,2,2,7,0,0,1,3,10,2,1
22017,201144,0021700008,"Oct 18, 2017",MEM vs. NOP,W,33,9,15,0.6,4,9,0.444,5,7,0.714,0,5,5,3,2,0,1,3,27,8,1
22016,201144,0021601223,"Apr 12, 2017",MEM vs. DAL,L,17,5,9,0.556,2,5,0.4,3,4,0.75,0,2,2,2,1,0,0,0,15,11,1
22016,201144,0021601201,"Apr 09, 2017",MEM vs. DET,L,23,5,8,0.625,1,2,0.5,4,5,0.8,0,2,2,3,1,0,2,3,15,-5,1
22016,201144,0021601181,"Apr 07, 2017",MEM vs. NYK,W,34,12,17,0.706,7,11,0.636,0,0,0.0,0,3,3,6,1,0,3,0,31,14,1
22016,201144,0021601161,"Apr 04, 2017",MEM @ SAS,L,33,8,17,0.471,2,5,0.4,1,1,1.0,0,2,2,6,2,0,5,3,19,2,1
22016,201144,0021601143,"Apr 02, 2017",MEM @ LAL,L,36,6,17,0.353,4,11,0.364,4,4,1.0,0,3,3,12,1,1,0,3,20,4,1
22016,201144,0021601131,"Mar 31, 2017",MEM vs. DAL,W,34,8,15,0.533,2,6,0.333,10,11,0.909,0,5,5,6,1,1,3,3,28,12,1
22016,201144,0021601116,"Mar 29, 2017",MEM vs. IND,W,38,13,21,0.619,7,12,0.583,3,3,1.0,0,3,3,6,4,0,1,1,36,17,1
22016,201144,0021601101,"Mar 27, 2017",MEM @ SAC,L,40,8,23,0.348,1,7,0.143,5,6,0.833,1,2,3,9,0,0,2,1,22,1,1
22016,201144,0021601094,"Mar 26, 2017",MEM @ GSW,L,37,9,15,0.6,4,6,0.667,7,7,1.0,1,0,1,7,1,0,6,1,29,-5,1
22016,201144,0021601070,"Mar 23, 2017",MEM @ SAS,L,36,7,18,0.389,1,8,0.125,7,7,1.0,0,2,2,6,0,0,3,2,22,-6,1
22016,201144,0021601054,"Mar 21, 2017",MEM @ NOP,L,31,6,14,0.429,2,6,0.333,2,2,1.0,0,6,6,3,0,0,2,2,16,0,1
22016,201144,0021601033,"Mar 18, 2017",MEM vs. SAS,W,36,5,12,0.417,3,6,0.5,6,7,0.857,0,7,7,6,2,1,3,0,19,3,1
22016,201144,0021601017,"Mar 16, 2017",MEM @ ATL,W,33,8,20,0.4,1,5,0.2,5,6,0.833,2,2,4,12,1,0,1,1,22,14,1
22016,201144,0021601009,"Mar 15, 2017",MEM @ CHI,W,36,8,12,0.667,5,8,0.625,6,6,1.0,0,9,9,7,1,0,4,3,27,19,1
22016,201144,0021600993,"Mar 13, 2017",MEM vs. MIL,W,36,7,14,0.5,3,9,0.333,3,4,0.75,0,1,1,10,3,0,3,3,20,14,1
22016,201144,0021600981,"Mar 11, 2017",MEM vs. ATL,L,32,5,12,0.417,1,7,0.143,5,5,1.0,0,1,1,5,5,0,3,2,16,-18,1
22016,201144,0021600961,"Mar 09, 2017",MEM vs. LAC,L,36,3,14,0.214,0,4,0.0,7,7,1.0,0,3,3,4,1,0,2,2,13,-4,1
22016,201144,0021600939,"Mar 06, 2017",MEM vs. BKN,L,39,9,15,0.6,3,5,0.6,11,14,0.786,0,3,3,6,1,0,2,5,32,-7,1
22016,201144,0021600924,"Mar 04, 2017",MEM @ HOU,L,39,8,17,0.471,2,6,0.333,5,5,1.0,0,6,6,7,2,1,3,4,23,-10,1
22016,201144,0021600914,"Mar 03, 2017",MEM @ DAL,L,36,9,15,0.6,3,6,0.5,9,10,0.9,0,2,2,4,1,0,1,4,30,-4,1
22016,201144,0021600892,"Feb 28, 2017",MEM vs. PHX,W,39,10,19,0.526,3,6,0.5,6,8,0.75,1,2,3,8,0,0,0,2,29,25,1
22016,201144,0021600876,"Feb 26, 2017",MEM @ DEN,W,35,9,16,0.563,5,9,0.556,8,11,0.727,0,4,4,5,2,0,1,1,31,6,1
22016,201144,0021600857,"Feb 24, 2017",MEM @ IND,L,32,5,9,0.556,0,3,0.0,0,4,0.0,1,4,5,7,0,0,1,2,10,-14,1
22016,201144,0021600840,"Feb 15, 2017",MEM vs. NOP,L,33,5,16,0.313,3,10,0.3,4,6,0.667,0,2,2,4,0,1,4,1,17,1,1
22016,201144,0021600822,"Feb 13, 2017",MEM @ BKN,W,37,10,16,0.625,2,4,0.5,10,11,0.909,1,0,1,6,1,0,1,3,32,1,1
22016,201144,0021600803,"Feb 10, 2017",MEM vs. GSW,L,33,6,16,0.375,4,6,0.667,4,4,1.0,2,3,5,9,3,0,2,0,20,-15,1
22016,201144,0021600788,"Feb 08, 2017",MEM vs. PHX,W,31,7,10,0.7,4,5,0.8,5,5,1.0,0,0,0,5,2,0,4,3,23,8,1
22016,201144,0021600777,"Feb 06, 2017",MEM vs. SAS,W,35,3,10,0.3,1,2,0.5,5,5,1.0,0,2,2,9,2,1,2,0,12,23,1
22016,201144,0021600763,"Feb 04, 2017",MEM @ MIN,W,36,5,16,0.313,0,5,0.0,10,12,0.833,0,2,2,8,0,0,3,2,20,16,1
22016,201144,0021600750,"Feb 03, 2017",MEM @ OKC,L,34,7,16,0.438,1,5,0.2,3,5,0.6,0,1,1,2,3,0,2,0,18,-13,1
22016,201144,0021600737,"Feb 01, 2017",MEM @ DEN,W,27,7,14,0.5,2,7,0.286,2,2,1.0,1,3,4,5,1,0,1,1,18,5,1
22016,201144,0021600723,"Jan 30, 2017",MEM @ PHX,W,33,12,18,0.667,7,10,0.7,7,8,0.875,0,6,6,9,2,0,2,2,38,29,1
22016,201144,0021600708,"Jan 28, 2017",MEM @ UTA,W,28,9,14,0.643,3,7,0.429,2,2,1.0,0,3,3,3,2,0,0,2,23,10,1
22016,201144,0021600703,"Jan 27, 2017",MEM @ POR,L,36,5,16,0.313,3,8,0.375,4,5,0.8,1,2,3,10,1,0,4,0,17,12,1
22016,201144,0021600685,"Jan 25, 2017",MEM vs. TOR,W,36,4,16,0.25,1,4,0.25,2,2,1.0,1,2,3,5,1,0,1,1,11,4,1
22016,201144,0021600656,"Jan 21, 2017",MEM vs. HOU,L,35,6,17,0.353,3,8,0.375,0,0,0.0,1,3,4,6,0,0,1,1,15,-11,1
22016,201144,0021600644,"Jan 20, 2017",MEM vs. SAC,W,34,6,13,0.462,2,5,0.4,2,2,1.0,1,7,8,8,2,0,3,2,16,15,1
22016,201144,0021600628,"Jan 18, 2017",MEM @ WAS,L,31,5,13,0.385,2,5,0.4,8,9,0.889,1,2,3,6,0,0,5,2,20,6,1
22016,201144,0021600611,"Jan 15, 2017",MEM vs. CHI,L,37,9,17,0.529,3,9,0.333,7,7,1.0,0,5,5,8,2,0,2,3,28,3,1
22016,201144,0021600595,"Jan 13, 2017",MEM @ HOU,W,39,7,14,0.5,2,6,0.333,1,1,1.0,0,6,6,9,2,1,5,2,17,10,1
22016,201144,0021600581,"Jan 11, 2017",MEM @ OKC,L,36,8,20,0.4,3,7,0.429,3,5,0.6,2,2,4,6,3,0,2,2,22,-7,1
22016,201144,0021600564,"Jan 08, 2017",MEM vs. UTA,W,35,8,18,0.444,1,4,0.25,2,3,0.667,0,2,2,9,1,0,2,5,19,9,1
22016,201144,0021600550,"Jan 06, 2017",MEM @ GSW,W,41,10,19,0.526,3,9,0.333,4,5,0.8,0,4,4,12,1,0,2,1,27,8,1
22016,201144,0021600533,"Jan 04, 2017",MEM @ LAC,L,36,5,16,0.313,1,5,0.2,6,7,0.857,3,4,7,12,0,0,3,5,17,-8,1
22016,201144,0021600528,"Jan 03, 2017",MEM @ LAL,L,32,7,16,0.438,3,7,0.429,4,4,1.0,0,1,1,4,0,0,2,1,21,-11,1
22016,201144,0021600502,"Dec 31, 2016",MEM @ SAC,W,29,8,11,0.727,3,4,0.75,3,5,0.6,3,5,8,3,0,1,2,0,22,-5,1
22016,201144,0021600462,"Dec 26, 2016",MEM @ ORL,L,27,6,8,0.75,0,1,0.0,5,5,1.0,0,2,2,4,0,0,3,1,17,-20,1
22016,201144,0021600448,"Dec 23, 2016",MEM vs. HOU,W,29,9,17,0.529,3,6,0.5,3,4,0.75,0,3,3,5,1,0,0,1,24,-6,1
22016,201144,0021600431,"Dec 21, 2016",MEM @ DET,W,24,3,10,0.3,3,7,0.429,0,0,0.0,0,5,5,4,2,0,1,4,9,1,1
22016,201144,0021600424,"Dec 20, 2016",MEM vs. BOS,L,36,6,16,0.375,3,8,0.375,4,6,0.667,1,4,5,8,2,0,4,3,19,5,1
22016,201144,0021600407,"Dec 18, 2016",MEM vs. UTA,L,29,3,16,0.188,1,9,0.111,7,9,0.778,0,0,0,4,1,0,0,1,14,-24,1
22016,201144,0021600394,"Dec 16, 2016",MEM vs. SAC,L,29,2,7,0.286,0,3,0.0,4,5,0.8,0,3,3,6,2,1,3,1,8,-1,1
22016,201144,0021600257,"Nov 28, 2016",MEM vs. CHA,L,20,6,11,0.545,2,6,0.333,0,0,0.0,0,1,1,5,2,0,0,2,14,-8,1
22016,201144,0021600243,"Nov 26, 2016",MEM @ MIA,W,34,6,14,0.429,2,5,0.4,7,7,1.0,0,3,3,7,0,0,1,0,21,2,1
22016,201144,0021600233,"Nov 25, 2016",MEM vs. MIA,L,23,5,14,0.357,1,3,0.333,5,5,1.0,2,2,4,3,1,1,3,1,16,3,1
22016,201144,0021600212,"Nov 23, 2016",MEM @ PHI,W,45,7,20,0.35,3,7,0.429,8,10,0.8,0,9,9,9,2,0,4,2,25,11,1
22016,201144,0021600201,"Nov 21, 2016",MEM @ CHA,W,37,11,21,0.524,5,8,0.625,4,4,1.0,0,3,3,2,3,0,1,3,31,20,1
22016,201144,0021600190,"Nov 19, 2016",MEM vs. MIN,W,34,3,9,0.333,1,3,0.333,6,6,1.0,2,2,4,3,1,2,1,1,13,16,1
22016,201144,0021600180,"Nov 18, 2016",MEM @ DAL,W,29,2,7,0.286,1,3,0.333,3,3,1.0,0,4,4,3,1,2,2,2,8,9,1
22016,201144,0021600167,"Nov 16, 2016",MEM @ LAC,W,38,9,12,0.75,7,9,0.778,5,6,0.833,0,5,5,8,3,0,4,2,30,7,1
22016,201144,0021600151,"Nov 14, 2016",MEM @ UTA,W,31,7,14,0.5,2,5,0.4,2,2,1.0,0,3,3,7,1,0,0,0,18,4,1
22016,201144,0021600137,"Nov 12, 2016",MEM @ MIL,L,30,3,10,0.3,1,6,0.167,8,8,1.0,0,4,4,3,1,0,3,1,15,4,1
22016,201144,0021600102,"Nov 08, 2016",MEM vs. DEN,W,30,4,15,0.267,0,3,0.0,2,4,0.5,0,3,3,7,5,0,3,1,10,-2,1
22016,201144,0021600088,"Nov 06, 2016",MEM vs. POR,L,31,5,11,0.455,1,5,0.2,5,5,1.0,0,4,4,7,2,2,2,1,16,4,1
22016,201144,0021600074,"Nov 04, 2016",MEM vs. LAC,L,37,9,20,0.45,7,11,0.636,5,7,0.714,0,2,2,10,1,2,0,2,30,4,1
22016,201144,0021600060,"Nov 02, 2016",MEM vs. NOP,W,38,6,14,0.429,2,5,0.4,6,6,1.0,0,1,1,3,1,0,4,1,20,10,1
22016,201144,0021600039,"Oct 30, 2016",MEM vs. WAS,W,38,8,19,0.421,3,5,0.6,5,5,1.0,1,2,3,11,0,0,5,2,24,10,1
22016,201144,0021600028,"Oct 29, 2016",MEM @ NYK,L,24,4,9,0.444,0,1,0.0,3,4,0.75,2,3,5,5,0,0,4,2,11,-18,1
22016,201144,0021600009,"Oct 26, 2016",MEM vs. MIN,W,30,8,14,0.571,4,5,0.8,4,5,0.8,0,1,1,4,0,1,2,5,24,-3,1
22015,201144,0021500932,"Mar 06, 2016",MEM vs. PHX,L,30,7,13,0.538,3,5,0.6,5,6,0.833,0,1,1,4,2,0,1,2,22,-6,1
22015,201144,0021500918,"Mar 04, 2016",MEM vs. UTA,W,28,4,13,0.308,0,2,0.0,4,6,0.667,0,2,2,4,0,0,1,3,12,-7,1
22015,201144,0021500902,"Mar 02, 2016",MEM vs. SAC,W,34,9,12,0.75,3,3,1.0,3,4,0.75,0,2,2,5,3,1,1,1,24,11,1
22015,201144,0021500888,"Feb 29, 2016",MEM @ DEN,W,29,2,9,0.222,0,4,0.0,3,5,0.6,1,0,1,9,0,1,2,0,7,3,1
22015,201144,0021500875,"Feb 27, 2016",MEM @ PHX,L,30,6,16,0.375,1,3,0.333,6,7,0.857,1,0,1,8,1,0,2,3,19,0,1
22015,201144,0021500868,"Feb 26, 2016",MEM @ LAL,W,29,6,10,0.6,2,5,0.4,3,3,1.0,0,1,1,7,1,0,1,2,17,29,1
22015,201144,0021500851,"Feb 24, 2016",MEM vs. LAL,W,29,10,14,0.714,2,4,0.5,2,2,1.0,1,5,6,8,1,0,2,1,24,14,1
22015,201144,0021500829,"Feb 21, 2016",MEM @ TOR,L,35,2,12,0.167,0,4,0.0,4,5,0.8,1,4,5,4,0,0,1,0,8,-17,1
22015,201144,0021500810,"Feb 19, 2016",MEM vs. MIN,W,38,10,19,0.526,2,4,0.5,3,4,0.75,1,3,4,7,2,0,3,3,25,6,1
22015,201144,0021500793,"Feb 10, 2016",MEM @ BKN,W,29,7,13,0.538,3,4,0.75,3,3,1.0,1,3,4,5,1,0,1,0,20,17,1
22015,201144,0021500781,"Feb 08, 2016",MEM vs. POR,L,33,10,17,0.588,2,3,0.667,5,6,0.833,0,3,3,3,1,0,4,5,27,-8,1
22015,201144,0021500765,"Feb 06, 2016",MEM vs. DAL,L,34,6,12,0.5,2,5,0.4,2,4,0.5,0,4,4,7,0,0,2,3,16,2,1
22015,201144,0021500756,"Feb 05, 2016",MEM @ NYK,W,31,2,9,0.222,0,3,0.0,4,4,1.0,0,2,2,9,1,0,1,1,8,7,1
22015,201144,0021500724,"Feb 01, 2016",MEM @ NOP,W,28,5,7,0.714,1,2,0.5,6,6,1.0,0,4,4,10,1,1,1,1,17,23,1
22015,201144,0021500712,"Jan 30, 2016",MEM vs. SAC,W,30,3,6,0.5,0,0,0.0,2,4,0.5,0,4,4,7,1,0,2,3,8,1,1
22015,201144,0021500695,"Jan 28, 2016",MEM vs. MIL,W,24,1,8,0.125,0,5,0.0,3,3,1.0,0,1,1,9,1,0,1,1,5,17,1
22015,201144,0021500670,"Jan 25, 2016",MEM vs. ORL,W,39,4,13,0.308,1,3,0.333,3,4,0.75,1,5,6,9,2,1,1,1,12,11,1
22015,201144,0021500658,"Jan 23, 2016",MEM @ MIN,L,24,2,9,0.222,0,2,0.0,5,5,1.0,1,6,7,6,1,0,1,4,9,1,1
22015,201144,0021500642,"Jan 21, 2016",MEM @ DEN,W,27,5,9,0.556,2,3,0.667,8,10,0.8,1,2,3,2,1,0,0,3,20,-12,1
22015,201144,0021500618,"Jan 18, 2016",MEM vs. NOP,W,27,6,12,0.5,3,5,0.6,0,0,0.0,0,1,1,10,0,0,0,4,15,19,1
22015,201144,0021500519,"Jan 04, 2016",MEM @ POR,W,26,3,13,0.231,1,4,0.25,2,3,0.667,0,2,2,4,0,0,0,0,9,0,1
22015,201144,0021500503,"Jan 02, 2016",MEM @ UTA,L,41,5,16,0.313,2,6,0.333,3,6,0.5,1,3,4,4,1,1,1,1,15,8,1
22015,201144,0021500471,"Dec 29, 2015",MEM vs. MIA,W,38,5,12,0.417,1,2,0.5,5,5,1.0,0,3,3,5,0,0,1,1,16,11,1
22015,201144,0021500455,"Dec 27, 2015",MEM vs. LAL,W,24,7,11,0.636,1,3,0.333,4,4,1.0,0,4,4,5,4,0,0,0,19,26,1
22015,201144,0021500443,"Dec 26, 2015",MEM @ CHA,L,31,7,20,0.35,4,9,0.444,1,2,0.5,0,4,4,7,3,1,3,2,19,-7,1
22015,201144,0021500427,"Dec 23, 2015",MEM @ WAS,L,40,9,16,0.563,2,3,0.667,1,1,1.0,0,3,3,3,1,0,0,0,21,1,1
22015,201144,0021500419,"Dec 22, 2015",MEM @ PHI,W,32,6,13,0.462,1,3,0.333,5,6,0.833,0,1,1,6,1,0,2,2,18,5,1
22015,201144,0021500402,"Dec 19, 2015",MEM vs. IND,W,33,6,16,0.375,1,3,0.333,7,8,0.875,0,4,4,8,4,0,1,1,20,18,1
22015,201144,0021500394,"Dec 18, 2015",MEM @ DAL,L,35,6,12,0.5,1,2,0.5,7,7,1.0,1,3,4,2,1,0,2,2,20,-9,1
22015,201144,0021500377,"Dec 16, 2015",MEM @ CHI,L,34,3,14,0.214,1,8,0.125,1,2,0.5,1,6,7,2,1,1,1,2,8,-7,1
22015,201144,0021500362,"Dec 14, 2015",MEM vs. WAS,W,37,7,14,0.5,2,4,0.5,2,2,1.0,1,3,4,11,2,0,2,1,18,16,1
22015,201144,0021500354,"Dec 13, 2015",MEM @ MIA,L,26,4,11,0.364,1,3,0.333,0,0,0.0,0,1,1,4,4,1,2,4,9,3,1
22015,201144,0021500338,"Dec 11, 2015",MEM vs. CHA,L,30,4,8,0.5,2,4,0.5,6,7,0.857,1,2,3,4,0,2,0,2,16,-16,1
22015,201144,0021500322,"Dec 09, 2015",MEM @ DET,W,29,4,13,0.308,1,6,0.167,2,3,0.667,1,0,1,8,0,0,2,1,11,-5,1
22015,201144,0021500316,"Dec 08, 2015",MEM vs. OKC,L,22,0,7,0.0,0,3,0.0,0,0,0.0,0,0,0,6,1,0,1,1,0,-22,1
22015,201144,0021500299,"Dec 06, 2015",MEM vs. PHX,W,34,4,14,0.286,2,5,0.4,2,4,0.5,0,1,1,6,3,1,1,3,12,2,1
22015,201144,0021500280,"Dec 03, 2015",MEM vs. SAS,L,28,5,13,0.385,0,2,0.0,5,5,1.0,1,4,5,4,0,2,1,1,15,-8,2
22015,201144,0021500266,"Dec 01, 2015",MEM @ NOP,W,24,5,10,0.5,1,3,0.333,0,0,0.0,0,2,2,3,0,0,2,0,11,-13,1
22015,201144,0021500251,"Nov 29, 2015",MEM vs. PHI,W,37,6,14,0.429,1,2,0.5,7,8,0.875,0,4,4,5,1,2,5,2,20,9,1
22015,201144,0021500233,"Nov 27, 2015",MEM vs. ATL,L,38,4,13,0.308,2,6,0.333,6,6,1.0,0,1,1,9,0,0,3,1,16,-17,1
22015,201144,0021500220,"Nov 25, 2015",MEM @ HOU,W,33,7,9,0.778,1,2,0.5,4,4,1.0,0,1,1,5,0,0,2,2,19,1,1
22015,201144,0021500211,"Nov 24, 2015",MEM vs. DAL,W,30,8,17,0.471,1,4,0.25,4,4,1.0,2,1,3,6,1,0,0,3,21,14,1
22015,201144,0021500195,"Nov 21, 2015",MEM @ SAS,L,32,5,12,0.417,0,1,0.0,6,6,1.0,0,3,3,5,2,1,1,2,16,-6,1
22015,201144,0021500180,"Nov 20, 2015",MEM vs. HOU,W,34,10,17,0.588,3,6,0.5,3,4,0.75,0,3,3,5,3,0,2,5,26,9,1
22015,201144,0021500155,"Nov 16, 2015",MEM vs. OKC,W,31,8,13,0.615,4,5,0.8,2,3,0.667,1,3,4,9,2,0,0,1,22,-4,1
22015,201144,0021500146,"Nov 15, 2015",MEM @ MIN,W,33,7,14,0.5,4,6,0.667,2,4,0.5,0,0,0,7,2,0,1,0,20,5,1
22015,201144,0021500133,"Nov 13, 2015",MEM vs. POR,W,33,4,13,0.308,1,4,0.25,2,3,0.667,1,0,1,9,0,0,1,2,11,0,1
22015,201144,0021500120,"Nov 11, 2015",MEM vs. GSW,L,33,1,12,0.083,0,4,0.0,2,2,1.0,0,2,2,9,3,0,4,5,4,-3,1
22015,201144,0021500105,"Nov 09, 2015",MEM @ LAC,L,35,6,15,0.4,1,5,0.2,3,4,0.75,3,3,6,5,1,0,2,0,16,8,1
22015,201144,0021500091,"Nov 07, 2015",MEM @ UTA,L,40,8,25,0.32,3,10,0.3,1,1,1.0,0,4,4,5,1,0,4,4,20,-2,1
22015,201144,0021500074,"Nov 05, 2015",MEM @ POR,L,31,2,8,0.25,0,2,0.0,3,4,0.75,0,2,2,3,0,0,2,0,7,-19,1
22015,201144,0021500058,"Nov 03, 2015",MEM @ SAC,W,25,5,9,0.556,1,4,0.25,3,3,1.0,1,2,3,6,1,0,1,2,14,9,1
22015,201144,0021500051,"Nov 02, 2015",MEM @ GSW,L,26,2,8,0.25,0,2,0.0,6,7,0.857,0,2,2,5,1,0,0,1,10,-41,1
22015,201144,0021500036,"Oct 31, 2015",MEM vs. BKN,W,32,7,12,0.583,4,7,0.571,4,4,1.0,0,2,2,8,1,0,1,0,22,6,1
22015,201144,0021500018,"Oct 29, 2015",MEM @ IND,W,30,5,11,0.455,1,1,1.0,2,2,1.0,2,2,4,10,2,0,4,4,13,3,1
22015,201144,0021500011,"Oct 28, 2015",MEM vs. CLE,L,29,2,8,0.25,0,2,0.0,4,4,1.0,0,4,4,6,0,0,1,1,8,-18,1
22014,201144,0021401166,"Apr 08, 2015",MEM vs. NOP,W,33,4,9,0.444,2,3,0.667,0,0,0.0,0,2,2,4,0,0,2,3,10,21,1
22014,201144,0021401141,"Apr 04, 2015",MEM vs. WAS,L,32,5,15,0.333,0,5,0.0,4,4,1.0,0,0,0,8,0,1,2,0,14,-13,1
22014,201144,0021401132,"Apr 03, 2015",MEM vs. OKC,W,36,3,11,0.273,0,5,0.0,7,8,0.875,1,4,5,7,2,0,0,4,13,11,1
22014,201144,0021401105,"Mar 30, 2015",MEM vs. SAC,W,34,6,14,0.429,2,6,0.333,4,6,0.667,1,3,4,2,1,2,1,2,18,0,1
22014,201144,0021401098,"Mar 29, 2015",MEM @ SAS,L,35,2,11,0.182,2,5,0.4,0,0,0.0,0,1,1,9,3,0,1,3,6,-16,1
22014,201144,0021401082,"Mar 27, 2015",MEM vs. GSW,L,32,7,13,0.538,2,4,0.5,0,0,0.0,0,3,3,5,3,0,5,4,16,-26,1
22014,201144,0021401066,"Mar 25, 2015",MEM vs. CLE,L,26,4,7,0.571,2,3,0.667,0,0,0.0,0,1,1,5,0,1,3,1,10,-20,1
22014,201144,0021401050,"Mar 23, 2015",MEM @ NYK,W,26,3,10,0.3,1,2,0.5,0,0,0.0,0,1,1,4,0,0,2,1,7,18,1
22014,201144,0021401035,"Mar 21, 2015",MEM vs. POR,W,34,8,11,0.727,3,5,0.6,2,2,1.0,0,2,2,9,1,0,1,0,21,32,1
22014,201144,0021401027,"Mar 20, 2015",MEM @ DAL,W,26,4,9,0.444,2,3,0.667,4,5,0.8,0,0,0,3,0,0,3,4,14,9,1
22014,201144,0021400954,"Mar 11, 2015",MEM @ BOS,L,33,9,12,0.75,2,5,0.4,0,0,0.0,0,1,1,3,2,0,5,2,20,-5,1
22014,201144,0021400941,"Mar 09, 2015",MEM @ CHI,W,31,3,13,0.231,0,5,0.0,3,3,1.0,0,5,5,9,5,1,1,0,9,18,1
22014,201144,0021400923,"Mar 07, 2015",MEM @ NOP,L,31,5,9,0.556,3,6,0.5,4,4,1.0,1,3,4,3,1,0,1,2,17,-14,1
22014,201144,0021400918,"Mar 06, 2015",MEM vs. LAL,W,34,4,9,0.444,1,3,0.333,3,6,0.5,0,4,4,6,1,1,2,2,12,15,1
22014,201144,0021400901,"Mar 04, 2015",MEM @ HOU,W,33,6,9,0.667,1,2,0.5,4,4,1.0,0,2,2,6,1,0,3,2,17,-6,1
22014,201144,0021400894,"Mar 03, 2015",MEM vs. UTA,L,36,4,11,0.364,0,2,0.0,3,4,0.75,0,1,1,4,1,1,2,1,11,-7,1
22014,201144,0021400873,"Feb 28, 2015",MEM @ MIN,W,35,5,13,0.385,2,5,0.4,5,5,1.0,0,2,2,4,2,0,2,2,17,6,1
22014,201144,0021400864,"Feb 27, 2015",MEM vs. LAC,L,26,2,11,0.182,0,3,0.0,0,0,0.0,1,2,3,2,0,0,2,2,4,-26,1
22014,201144,0021400852,"Feb 25, 2015",MEM @ SAC,L,36,4,14,0.286,1,4,0.25,3,3,1.0,1,2,3,7,3,0,5,1,12,-5,1
22014,201144,0021400837,"Feb 23, 2015",MEM @ LAC,W,34,5,10,0.5,1,3,0.333,7,8,0.875,1,2,3,7,2,0,1,0,18,0,1
22014,201144,0021400828,"Feb 22, 2015",MEM @ POR,W,30,6,15,0.4,1,1,1.0,2,2,1.0,2,4,6,8,2,1,0,3,15,22,1
22014,201144,0021400795,"Feb 11, 2015",MEM @ OKC,L,18,2,7,0.286,0,3,0.0,4,4,1.0,0,1,1,0,1,0,0,2,8,-24,1
22014,201144,0021400786,"Feb 10, 2015",MEM vs. BKN,W,28,1,8,0.125,0,3,0.0,0,0,0.0,0,0,0,4,3,0,2,0,2,5,1
22014,201144,0021400767,"Feb 08, 2015",MEM vs. ATL,W,33,7,12,0.583,2,4,0.5,5,5,1.0,0,3,3,6,3,0,1,1,21,8,1
22014,201144,0021400754,"Feb 06, 2015",MEM @ MIN,L,36,6,13,0.462,1,5,0.2,2,3,0.667,0,4,4,7,1,0,3,1,15,5,1
22014,201144,0021400740,"Feb 04, 2015",MEM @ UTA,W,31,6,11,0.545,3,5,0.6,2,2,1.0,0,3,3,2,0,0,2,2,17,2,1
22014,201144,0021400725,"Feb 02, 2015",MEM @ PHX,W,28,9,15,0.6,1,5,0.2,4,5,0.8,0,1,1,1,2,0,3,5,23,-3,1
22014,201144,0021400710,"Jan 31, 2015",MEM vs. OKC,W,29,4,12,0.333,2,5,0.4,0,0,0.0,2,0,2,3,0,0,3,1,10,-1,1
22014,201144,0021400670,"Jan 26, 2015",MEM vs. ORL,W,22,2,8,0.25,1,4,0.25,0,0,0.0,0,1,1,0,1,0,2,0,5,4,1
22014,201144,0021400654,"Jan 24, 2015",MEM vs. PHI,W,21,3,8,0.375,1,2,0.5,2,2,1.0,1,1,2,1,1,0,2,3,9,12,1
22014,201144,0021400630,"Jan 21, 2015",MEM vs. TOR,W,29,4,11,0.364,1,3,0.333,3,4,0.75,1,3,4,2,0,0,4,3,12,7,1
22014,201144,0021400616,"Jan 19, 2015",MEM vs. DAL,L,30,7,16,0.438,2,8,0.25,6,7,0.857,0,1,1,4,0,0,1,3,22,-1,1
22014,201144,0021400576,"Jan 14, 2015",MEM @ BKN,W,24,3,10,0.3,0,3,0.0,0,0,0.0,0,1,1,2,0,2,2,3,6,17,1
22014,201144,0021400560,"Jan 11, 2015",MEM vs. PHX,W,42,9,18,0.5,4,7,0.571,3,3,1.0,0,7,7,8,1,0,7,1,25,22,1
22014,201144,0021400541,"Jan 09, 2015",MEM @ NOP,L,33,7,18,0.389,2,6,0.333,3,3,1.0,1,4,5,7,1,0,2,2,19,-8,1
22014,201144,0021400526,"Jan 07, 2015",MEM @ ATL,L,34,7,15,0.467,2,5,0.4,1,1,1.0,2,7,9,6,3,0,5,3,17,-17,1
22014,201144,0021400513,"Jan 05, 2015",MEM vs. NYK,W,27,9,12,0.75,2,3,0.667,2,2,1.0,2,5,7,7,2,0,1,0,22,26,1
22014,201144,0021400500,"Jan 03, 2015",MEM @ DEN,L,25,4,11,0.364,0,1,0.0,0,0,0.0,0,2,2,5,1,0,1,2,8,-13,1
22014,201144,0021400494,"Jan 02, 2015",MEM @ LAL,W,32,5,13,0.385,3,5,0.6,6,8,0.75,1,5,6,9,2,1,2,1,19,4,1
22014,201144,0021400468,"Dec 30, 2014",MEM vs. SAS,W,33,10,13,0.769,4,5,0.8,6,7,0.857,0,7,7,6,1,0,4,3,30,9,1
22014,201144,0021400446,"Dec 27, 2014",MEM @ MIA,W,32,7,12,0.583,4,6,0.667,6,7,0.857,0,1,1,3,2,0,3,3,24,7,1
22014,201144,0021400436,"Dec 26, 2014",MEM vs. HOU,L,37,4,15,0.267,2,5,0.4,1,2,0.5,1,3,4,7,2,0,2,3,11,-10,1
22014,201144,0021400412,"Dec 22, 2014",MEM vs. UTA,L,32,12,22,0.545,4,6,0.667,0,0,0.0,0,4,4,4,0,0,1,3,28,-10,1
22014,201144,0021400401,"Dec 21, 2014",MEM @ CLE,L,25,5,13,0.385,0,4,0.0,1,1,1.0,0,2,2,5,1,0,0,0,11,-8,1
22014,201144,0021400389,"Dec 19, 2014",MEM vs. CHI,L,32,7,18,0.389,1,5,0.2,6,7,0.857,0,3,3,2,0,1,2,2,21,-6,1
22014,201144,0021400375,"Dec 17, 2014",MEM @ SAS,W,47,5,19,0.263,2,7,0.286,2,2,1.0,0,8,8,10,2,0,3,3,14,10,1
22014,201144,0021400365,"Dec 16, 2014",MEM vs. GSW,W,32,6,18,0.333,0,4,0.0,5,5,1.0,0,0,0,5,4,0,3,4,17,-8,1
22014,201144,0021400345,"Dec 13, 2014",MEM @ PHI,W,42,13,22,0.591,5,9,0.556,5,8,0.625,1,2,3,9,0,0,4,3,36,-6,1
22014,201144,0021400334,"Dec 12, 2014",MEM vs. CHA,W,42,6,14,0.429,1,3,0.333,6,6,1.0,0,6,6,6,0,0,3,3,19,10,1
22014,201144,0021400310,"Dec 09, 2014",MEM vs. DAL,W,33,9,13,0.692,2,4,0.5,2,2,1.0,0,4,4,3,2,0,1,0,22,14,1
22014,201144,0021400296,"Dec 07, 2014",MEM vs. MIA,W,28,8,8,1.0,2,2,1.0,0,0,0.0,0,0,0,2,0,0,3,0,18,2,1
22014,201144,0021400282,"Dec 05, 2014",MEM vs. SAS,L,38,7,15,0.467,1,3,0.333,8,9,0.889,0,1,1,10,1,0,0,1,23,1,1
22014,201144,0021400268,"Dec 03, 2014",MEM @ HOU,L,27,5,9,0.556,1,4,0.25,4,4,1.0,1,1,2,6,3,0,5,2,15,-20,1
22014,201144,0021400244,"Nov 30, 2014",MEM @ SAC,W,31,4,11,0.364,1,3,0.333,1,2,0.5,1,2,3,6,1,0,3,3,10,5,1
22014,201144,0021400233,"Nov 28, 2014",MEM @ POR,W,38,8,17,0.471,0,1,0.0,5,5,1.0,2,8,10,9,0,0,1,1,21,21,1
22014,201144,0021400222,"Nov 26, 2014",MEM @ LAL,W,30,6,11,0.545,1,4,0.25,6,6,1.0,1,1,2,7,1,0,3,2,19,11,1
22014,201144,0021400193,"Nov 23, 2014",MEM vs. LAC,W,27,2,6,0.333,1,3,0.333,2,5,0.4,0,3,3,7,0,0,2,3,7,13,1
22014,201144,0021400176,"Nov 21, 2014",MEM vs. BOS,W,28,6,9,0.667,3,4,0.75,0,0,0.0,0,4,4,8,0,0,1,0,15,22,1
22014,201144,0021400166,"Nov 19, 2014",MEM @ TOR,L,42,7,17,0.412,1,1,1.0,4,4,1.0,1,9,10,5,1,0,2,4,19,3,1
22014,201144,0021400151,"Nov 17, 2014",MEM vs. HOU,W,23,6,10,0.6,1,3,0.333,6,6,1.0,1,1,2,6,2,0,1,1,19,19,1
22014,201144,0021400136,"Nov 15, 2014",MEM vs. DET,W,33,5,10,0.5,2,2,1.0,6,6,1.0,0,2,2,4,0,0,3,3,18,2,1
22014,201144,0021400118,"Nov 13, 2014",MEM vs. SAC,W,39,8,17,0.471,1,3,0.333,5,6,0.833,0,1,1,11,1,0,1,4,22,13,1
22014,201144,0021400104,"Nov 11, 2014",MEM vs. LAL,W,35,7,16,0.438,2,4,0.5,7,7,1.0,0,1,1,3,3,0,4,2,23,3,1
22014,201144,0021400088,"Nov 08, 2014",MEM @ MIL,L,29,2,8,0.25,0,1,0.0,3,4,0.75,0,0,0,4,2,0,3,2,7,5,1
22014,201144,0021400078,"Nov 07, 2014",MEM @ OKC,W,35,7,14,0.5,3,4,0.75,3,4,0.75,1,2,3,5,1,0,0,1,20,0,1
22014,201144,0021400065,"Nov 05, 2014",MEM @ PHX,W,29,9,14,0.643,3,4,0.75,3,5,0.6,0,1,1,11,2,0,1,2,24,12,1
22014,201144,0021400045,"Nov 03, 2014",MEM vs. NOP,W,30,2,10,0.2,0,1,0.0,7,7,1.0,0,3,3,5,2,2,2,2,11,19,1
22014,201144,0021400028,"Nov 01, 2014",MEM @ CHA,W,34,3,14,0.214,0,3,0.0,3,3,1.0,0,4,4,7,1,0,3,2,9,-4,1
22014,201144,0021400021,"Oct 31, 2014",MEM @ IND,W,33,6,19,0.316,3,8,0.375,2,3,0.667,0,2,2,4,1,0,4,2,17,11,1
22014,201144,0021400009,"Oct 29, 2014",MEM vs. MIN,W,34,7,14,0.5,1,4,0.25,1,3,0.333,1,0,1,6,1,0,1,3,16,15,1
22013,201144,0021301216,"Apr 16, 2014",MEM vs. DAL,W,42,8,16,0.5,1,5,0.2,5,7,0.714,0,4,4,5,2,0,3,4,22,8,1
22013,201144,0021301212,"Apr 14, 2014",MEM @ PHX,W,38,6,11,0.545,1,3,0.333,1,4,0.25,0,3,3,7,1,0,0,3,14,2,1
22013,201144,0021301203,"Apr 13, 2014",MEM @ LAL,W,34,9,12,0.75,2,3,0.667,4,4,1.0,0,1,1,8,2,0,1,2,24,14,1
22013,201144,0021301182,"Apr 11, 2014",MEM vs. PHI,W,23,0,3,0.0,0,1,0.0,2,2,1.0,0,4,4,8,1,0,3,0,2,14,1
22013,201144,0021301167,"Apr 09, 2014",MEM vs. MIA,W,41,10,18,0.556,3,7,0.429,3,4,0.75,1,2,3,6,2,0,3,2,26,9,1
22013,201144,0021301154,"Apr 06, 2014",MEM @ SAS,L,31,8,13,0.615,2,3,0.667,0,2,0.0,1,2,3,7,1,0,1,1,18,-11,1
22013,201144,0021301129,"Apr 04, 2014",MEM vs. DEN,W,35,5,14,0.357,1,7,0.143,10,11,0.909,0,5,5,4,2,0,1,4,21,8,1
22013,201144,0021301122,"Apr 02, 2014",MEM @ MIN,L,33,3,15,0.2,1,4,0.25,0,0,0.0,0,0,0,8,1,0,3,5,7,-6,1
22013,201144,0021301109,"Mar 31, 2014",MEM @ DEN,W,30,9,15,0.6,1,2,0.5,0,0,0.0,2,0,2,2,1,0,2,1,19,-7,1
22013,201144,0021301099,"Mar 30, 2014",MEM @ POR,L,38,6,19,0.316,2,6,0.333,2,4,0.5,2,3,5,9,3,0,1,0,16,-2,1
22013,201144,0021301086,"Mar 28, 2014",MEM @ GSW,L,35,8,17,0.471,2,7,0.286,2,3,0.667,1,2,3,6,0,0,1,1,20,-11,1
22013,201144,0021301070,"Mar 26, 2014",MEM @ UTA,W,33,7,14,0.5,1,2,0.5,4,4,1.0,1,0,1,6,1,0,2,2,19,7,1
22013,201144,0021301051,"Mar 24, 2014",MEM vs. MIN,W,30,9,12,0.75,3,5,0.6,2,5,0.4,1,4,5,6,2,0,3,1,23,27,1
22013,201144,0021301035,"Mar 22, 2014",MEM vs. IND,W,32,9,15,0.6,1,3,0.333,2,4,0.5,0,5,5,4,0,0,2,1,21,10,1
22013,201144,0021301027,"Mar 21, 2014",MEM @ MIA,L,34,4,12,0.333,0,3,0.0,4,5,0.8,2,2,4,6,3,0,3,2,12,-7,1
22013,201144,0021301011,"Mar 19, 2014",MEM vs. UTA,W,33,7,15,0.467,1,6,0.167,3,4,0.75,0,4,4,7,3,0,2,3,18,6,1
22013,201144,0021300985,"Mar 15, 2014",MEM @ PHI,W,23,5,9,0.556,2,5,0.4,7,8,0.875,0,4,4,4,1,0,2,1,19,16,1
22013,201144,0021300974,"Mar 14, 2014",MEM @ TOR,L,30,4,12,0.333,0,1,0.0,2,2,1.0,2,4,6,6,1,0,2,3,10,-14,1
22013,201144,0021300963,"Mar 12, 2014",MEM @ NOP,W,33,5,12,0.417,1,2,0.5,5,6,0.833,2,1,3,1,1,0,2,3,16,0,1
22013,201144,0021300953,"Mar 11, 2014",MEM vs. POR,W,29,7,14,0.5,2,3,0.667,1,1,1.0,0,4,4,4,2,0,0,2,17,4,1
22013,201144,0021300930,"Mar 08, 2014",MEM vs. CHA,W,30,7,18,0.389,5,7,0.714,1,2,0.5,0,3,3,4,2,0,2,1,20,15,1
22013,201144,0021300917,"Mar 07, 2014",MEM @ CHI,W,31,4,15,0.267,0,2,0.0,4,5,0.8,1,4,5,7,2,0,2,0,12,3,1
22013,201144,0021300908,"Mar 05, 2014",MEM @ BKN,L,21,0,8,0.0,0,2,0.0,2,2,1.0,0,3,3,3,0,0,6,1,2,-30,1
22013,201144,0021300890,"Mar 03, 2014",MEM @ WAS,W,34,7,14,0.5,2,4,0.5,4,4,1.0,0,3,3,7,1,0,4,3,20,-6,1
22013,201144,0021300879,"Mar 01, 2014",MEM vs. CLE,W,38,8,14,0.571,2,4,0.5,4,4,1.0,0,1,1,7,2,1,2,1,22,23,2
22013,201144,0021300868,"Feb 28, 2014",MEM @ OKC,L,26,1,10,0.1,1,3,0.333,3,3,1.0,1,1,2,9,1,0,5,1,6,-3,1
22013,201144,0021300857,"Feb 26, 2014",MEM vs. LAL,W,26,3,11,0.273,1,3,0.333,0,0,0.0,0,1,1,3,2,1,3,3,7,-6,1
22013,201144,0021300825,"Feb 22, 2014",MEM @ CHA,L,33,6,16,0.375,0,5,0.0,4,5,0.8,1,4,5,5,1,0,2,1,16,-5,1
22013,201144,0021300821,"Feb 21, 2014",MEM vs. LAC,W,35,3,10,0.3,1,2,0.5,2,2,1.0,0,2,2,6,1,0,1,5,9,9,1
22013,201144,0021300796,"Feb 18, 2014",MEM vs. NYK,W,31,6,15,0.4,0,2,0.0,10,12,0.833,1,4,5,3,1,1,4,1,22,3,1
22013,201144,0021300691,"Jan 31, 2014",MEM @ MIN,W,30,4,14,0.286,0,2,0.0,4,4,1.0,0,3,3,8,3,0,0,0,12,9,1
22013,201144,0021300684,"Jan 29, 2014",MEM @ SAC,W,34,8,13,0.615,2,4,0.5,9,9,1.0,1,2,3,10,2,0,4,2,27,10,1
22013,201144,0021300672,"Jan 28, 2014",MEM @ POR,W,35,8,14,0.571,2,4,0.5,1,2,0.5,0,3,3,7,1,0,2,1,19,7,1
22013,201144,0021300649,"Jan 25, 2014",MEM vs. HOU,W,30,6,13,0.462,3,6,0.5,2,3,0.667,1,2,3,4,1,0,1,1,17,16,1
22013,201144,0021300642,"Jan 24, 2014",MEM @ HOU,W,33,6,11,0.545,2,2,1.0,0,0,0.0,1,3,4,3,1,0,0,1,14,4,1
22013,201144,0021300611,"Jan 20, 2014",MEM vs. NOP,L,38,4,15,0.267,1,5,0.2,4,4,1.0,1,2,3,2,1,0,2,2,13,2,1
22013,201144,0021300588,"Jan 17, 2014",MEM vs. SAC,W,37,8,13,0.615,3,5,0.6,6,8,0.75,0,2,2,6,1,1,1,3,25,7,1
22013,201144,0021300570,"Jan 15, 2014",MEM @ MIL,W,35,6,13,0.462,2,6,0.333,1,2,0.5,1,6,7,5,1,1,2,3,15,1,1
22013,201144,0021300564,"Jan 14, 2014",MEM vs. OKC,W,37,7,18,0.389,2,7,0.286,3,3,1.0,0,3,3,7,2,0,1,2,19,10,1
22013,201144,0021300553,"Jan 12, 2014",MEM vs. ATL,W,39,7,15,0.467,0,1,0.0,7,7,1.0,0,4,4,13,4,0,2,2,21,20,1
22013,201144,0021300534,"Jan 10, 2014",MEM vs. PHX,W,39,11,19,0.579,3,7,0.429,6,6,1.0,0,0,0,7,0,0,0,2,31,-1,1
22013,201144,0021300514,"Jan 07, 2014",MEM vs. SAS,L,42,12,23,0.522,3,5,0.6,3,5,0.6,1,5,6,5,3,0,4,1,30,5,1
22013,201144,0021300498,"Jan 05, 2014",MEM @ DET,W,32,6,14,0.429,3,6,0.5,0,0,0.0,0,2,2,6,0,0,2,2,15,14,1
22013,201144,0021300487,"Jan 03, 2014",MEM @ DEN,L,36,8,15,0.533,3,5,0.6,4,5,0.8,0,0,0,8,4,0,2,1,23,8,1
22013,201144,0021300478,"Jan 02, 2014",MEM @ PHX,W,30,4,11,0.364,0,1,0.0,3,3,1.0,0,4,4,6,0,1,6,1,11,-9,1
22013,201144,0021300454,"Dec 30, 2013",MEM vs. CHI,L,37,9,19,0.474,0,2,0.0,8,10,0.8,3,3,6,9,6,0,1,2,26,5,1
22013,201144,0021300443,"Dec 28, 2013",MEM vs. DEN,W,31,5,14,0.357,1,5,0.2,3,4,0.75,3,3,6,4,2,0,2,2,14,18,1
22013,201144,0021300424,"Dec 26, 2013",MEM @ HOU,L,38,4,14,0.286,2,4,0.5,1,2,0.5,1,3,4,6,2,1,2,3,11,-2,1
22013,201144,0021300413,"Dec 23, 2013",MEM vs. UTA,W,37,2,11,0.182,2,5,0.4,0,0,0.0,0,3,3,5,4,0,2,3,6,-2,1
22013,201144,0021300392,"Dec 21, 2013",MEM @ NYK,W,34,4,18,0.222,0,4,0.0,1,1,1.0,0,1,1,8,0,0,2,1,9,3,1
22013,201144,0021300351,"Dec 15, 2013",MEM vs. MIN,L,37,12,20,0.6,4,8,0.5,0,1,0.0,0,5,5,3,0,1,4,2,28,-2,1
22013,201144,0021300335,"Dec 13, 2013",MEM @ NOP,L,35,6,16,0.375,2,6,0.333,4,6,0.667,0,1,1,7,0,0,0,1,18,-12,1
22013,201144,0021300320,"Dec 11, 2013",MEM vs. OKC,L,35,7,13,0.538,2,5,0.4,4,4,1.0,0,2,2,9,0,0,3,1,20,-19,1
22013,201144,0021300307,"Dec 09, 2013",MEM vs. ORL,W,35,5,16,0.313,2,5,0.4,1,3,0.333,0,3,3,7,1,0,2,3,13,0,1
22013,201144,0021300293,"Dec 07, 2013",MEM vs. GSW,L,30,4,12,0.333,0,0,0.0,4,4,1.0,0,0,0,2,1,1,2,1,12,-8,1
22013,201144,0021300278,"Dec 05, 2013",MEM vs. LAC,L,34,6,8,0.75,2,4,0.5,2,2,1.0,1,0,1,4,1,0,3,3,16,-22,1
22013,201144,0021300265,"Dec 03, 2013",MEM vs. PHX,W,37,6,15,0.4,1,4,0.25,5,5,1.0,0,2,2,14,0,0,2,3,18,29,1
22013,201144,0021300243,"Nov 30, 2013",MEM vs. BKN,L,35,7,14,0.5,0,1,0.0,2,4,0.5,0,1,1,10,1,0,2,0,16,1,1
22013,201144,0021300217,"Nov 27, 2013",MEM @ BOS,W,33,6,14,0.429,0,3,0.0,2,2,1.0,0,1,1,9,2,0,0,0,14,2,1
22013,201144,0021300206,"Nov 25, 2013",MEM vs. HOU,L,34,2,14,0.143,1,3,0.333,5,6,0.833,1,1,2,10,1,0,0,2,10,7,1
22013,201144,0021300181,"Nov 22, 2013",MEM vs. SAS,L,38,12,19,0.632,2,3,0.667,2,2,1.0,0,1,1,2,4,0,2,0,28,-12,1
22013,201144,0021300173,"Nov 20, 2013",MEM @ GSW,W,39,8,19,0.421,1,4,0.25,2,2,1.0,3,3,6,4,1,0,0,2,19,8,1
22013,201144,0021300155,"Nov 18, 2013",MEM @ LAC,W,29,6,11,0.545,2,4,0.5,1,2,0.5,0,2,2,5,0,0,1,3,15,2,1
22013,201144,0021300148,"Nov 17, 2013",MEM @ SAC,W,38,8,12,0.667,3,5,0.6,0,0,0.0,1,0,1,9,1,1,2,0,19,9,1
22013,201144,0021300134,"Nov 15, 2013",MEM @ LAL,W,34,4,15,0.267,1,5,0.2,2,2,1.0,1,1,2,7,1,1,2,1,11,3,1
22013,201144,0021300114,"Nov 13, 2013",MEM vs. TOR,L,35,12,19,0.632,4,10,0.4,1,3,0.333,0,0,0,5,3,0,3,2,29,-12,1
22013,201144,0021300099,"Nov 11, 2013",MEM @ IND,L,29,4,11,0.364,1,3,0.333,2,3,0.667,0,0,0,2,1,1,1,4,11,0,1
22013,201144,0021300091,"Nov 09, 2013",MEM vs. GSW,W,25,9,11,0.818,1,2,0.5,1,1,1.0,0,3,3,6,3,0,3,4,20,8,1
22013,201144,0021300065,"Nov 06, 2013",MEM vs. NOP,L,34,10,16,0.625,0,4,0.0,6,6,1.0,0,1,1,1,1,0,1,1,26,-25,1
22013,201144,0021300049,"Nov 04, 2013",MEM vs. BOS,W,33,5,14,0.357,1,3,0.333,4,4,1.0,0,2,2,8,0,0,2,2,15,7,1
22013,201144,0021300036,"Nov 02, 2013",MEM @ DAL,L,38,7,16,0.438,1,4,0.25,9,10,0.9,2,2,4,8,3,1,1,2,24,1,1
22013,201144,0021300026,"Nov 01, 2013",MEM vs. DET,W,36,7,12,0.583,1,4,0.25,7,7,1.0,0,5,5,4,2,0,5,6,22,0,1
22013,201144,0021300013,"Oct 30, 2013",MEM @ SAS,L,27,7,17,0.412,0,3,0.0,0,0,0.0,0,2,2,8,2,0,3,5,14,-9,1
22012,201144,0021201223,"Apr 17, 2013",MEM vs. UTA,W,32,5,11,0.455,1,2,0.5,3,4,0.75,1,2,3,5,0,1,2,1,14,18,1
22012,201144,0021201208,"Apr 15, 2013",MEM @ DAL,W,23,3,8,0.375,0,2,0.0,0,0,0.0,1,3,4,3,1,0,2,1,6,6,1
22012,201144,0021201192,"Apr 13, 2013",MEM vs. LAC,L,37,4,11,0.364,1,2,0.5,3,5,0.6,0,4,4,6,0,0,1,4,12,5,1
22012,201144,0021201184,"Apr 12, 2013",MEM @ HOU,W,36,4,14,0.286,0,3,0.0,4,6,0.667,0,7,7,5,2,0,1,3,12,15,1
22012,201144,0021201159,"Apr 09, 2013",MEM vs. CHA,W,36,8,13,0.615,0,3,0.0,4,5,0.8,0,2,2,7,2,1,0,1,20,25,0
22012,201144,0021201149,"Apr 07, 2013",MEM @ SAC,W,38,9,14,0.643,2,2,1.0,5,6,0.833,0,3,3,4,2,0,4,2,25,-2,1
22012,201144,0021201137,"Apr 05, 2013",MEM @ LAL,L,34,9,19,0.474,1,2,0.5,2,2,1.0,0,2,2,6,2,0,1,2,21,-7,1
22012,201144,0021201120,"Apr 03, 2013",MEM @ POR,W,31,7,11,0.636,3,5,0.6,3,6,0.5,0,2,2,5,1,0,1,0,20,17,1
22012,201144,0021201103,"Apr 01, 2013",MEM vs. SAS,W,36,11,17,0.647,1,3,0.333,0,1,0.0,1,2,3,2,0,0,4,4,23,11,1
22012,201144,0021201089,"Mar 30, 2013",MEM @ MIN,W,33,8,15,0.533,3,3,1.0,0,0,0.0,0,1,1,5,2,1,3,3,19,8,1
22012,201144,0021201079,"Mar 29, 2013",MEM vs. HOU,W,37,5,11,0.455,2,3,0.667,3,4,0.75,0,3,3,10,4,0,1,2,15,19,1
22012,201144,0021201061,"Mar 27, 2013",MEM @ NYK,L,39,6,16,0.375,2,8,0.25,12,14,0.857,1,3,4,6,1,0,2,1,26,-7,1
22012,201144,0021201048,"Mar 25, 2013",MEM @ WAS,L,40,7,14,0.5,1,4,0.25,8,8,1.0,1,3,4,7,3,0,6,2,23,-20,1
22012,201144,0021201036,"Mar 23, 2013",MEM vs. BOS,W,37,4,13,0.308,0,3,0.0,4,4,1.0,1,1,2,10,4,0,2,4,12,-2,1
22012,201144,0021201027,"Mar 22, 2013",MEM @ NOH,L,38,5,13,0.385,3,7,0.429,7,9,0.778,0,5,5,4,2,0,2,4,20,10,1
22012,201144,0021201012,"Mar 20, 2013",MEM vs. OKC,W,48,9,21,0.429,1,5,0.2,5,6,0.833,3,4,7,5,2,1,1,3,24,4,1
22012,201144,0021201000,"Mar 18, 2013",MEM vs. MIN,W,34,8,14,0.571,3,6,0.5,1,1,1.0,1,2,3,6,2,0,1,1,20,25,1
22012,201144,0021200983,"Mar 16, 2013",MEM @ UTA,L,37,6,18,0.333,0,2,0.0,1,2,0.5,0,4,4,4,1,1,1,2,13,-13,1
22012,201144,0021200977,"Mar 15, 2013",MEM @ DEN,L,39,4,13,0.308,1,4,0.25,2,2,1.0,3,3,6,3,2,0,7,4,11,-1,1
22012,201144,0021200965,"Mar 13, 2013",MEM @ LAC,W,40,5,11,0.455,2,6,0.333,5,6,0.833,1,2,3,11,1,1,1,2,17,8,1
22012,201144,0021200955,"Mar 12, 2013",MEM @ POR,W,35,4,12,0.333,0,3,0.0,6,8,0.75,0,4,4,15,4,0,3,4,14,-2,1
22012,201144,0021200930,"Mar 09, 2013",MEM vs. NOH,W,35,8,15,0.533,1,4,0.25,5,5,1.0,0,4,4,8,3,0,4,3,22,20,1
22012,201144,0021200920,"Mar 08, 2013",MEM @ CLE,W,34,6,10,0.6,1,2,0.5,4,5,0.8,0,0,0,11,5,1,3,2,17,21,1
22012,201144,0021200905,"Mar 06, 2013",MEM vs. POR,W,36,7,11,0.636,1,2,0.5,5,6,0.833,0,3,3,6,2,2,2,3,20,9,1
22012,201144,0021200883,"Mar 03, 2013",MEM @ ORL,W,25,5,9,0.556,2,5,0.4,1,1,1.0,0,2,2,4,1,1,1,3,13,23,0
22012,201144,0021200868,"Mar 01, 2013",MEM @ MIA,L,34,6,13,0.462,2,4,0.5,0,0,0.0,0,4,4,8,2,0,2,4,14,2,1
22012,201144,0021200855,"Feb 27, 2013",MEM vs. DAL,W,37,2,13,0.154,0,4,0.0,1,1,1.0,0,4,4,6,3,0,4,1,5,8,0
22012,201144,0021200831,"Feb 24, 2013",MEM @ BKN,W,37,4,10,0.4,0,1,0.0,2,2,1.0,0,2,2,7,3,0,0,3,10,6,1
22012,201144,0021200817,"Feb 22, 2013",MEM vs. ORL,W,35,4,11,0.364,2,7,0.286,4,4,1.0,0,2,2,7,2,0,4,3,14,10,1
22012,201144,0021200798,"Feb 20, 2013",MEM @ TOR,W,41,4,10,0.4,3,6,0.5,6,9,0.667,4,2,6,6,3,1,3,1,17,4,1
22012,201144,0021200792,"Feb 19, 2013",MEM @ DET,W,30,8,11,0.727,2,2,1.0,1,1,1.0,0,2,2,4,2,0,3,1,19,16,1
22012,201144,0021200771,"Feb 12, 2013",MEM vs. SAC,W,34,6,12,0.5,2,4,0.5,8,8,1.0,1,1,2,7,1,1,4,3,22,11,1
22012,201144,0021200757,"Feb 10, 2013",MEM vs. MIN,W,36,6,13,0.462,2,5,0.4,2,2,1.0,0,3,3,8,1,0,0,4,16,19,0
22012,201144,0021200742,"Feb 08, 2013",MEM vs. GSW,W,38,2,7,0.286,1,3,0.333,2,2,1.0,1,3,4,10,2,1,4,2,7,10,1
22012,201144,0021200725,"Feb 06, 2013",MEM @ ATL,L,34,6,12,0.5,2,5,0.4,3,3,1.0,0,1,1,8,1,0,2,0,17,-8,1
22012,201144,0021200717,"Feb 05, 2013",MEM vs. PHX,L,37,3,11,0.273,0,3,0.0,3,3,1.0,0,1,1,6,2,0,1,2,9,8,1
22012,201144,0021200691,"Feb 01, 2013",MEM vs. WAS,W,34,7,15,0.467,1,3,0.333,3,3,1.0,0,3,3,6,4,0,3,1,18,7,1
22012,201144,0021200682,"Jan 31, 2013",MEM @ OKC,L,38,7,19,0.368,3,9,0.333,0,0,0.0,1,2,3,4,3,0,1,3,17,-7,1
22012,201144,0021200655,"Jan 27, 2013",MEM vs. NOH,L,4,0,1,0.0,0,1,0.0,0,0,0.0,0,0,0,1,1,0,0,0,0,-4,1
22012,201144,0021200637,"Jan 25, 2013",MEM vs. BKN,W,22,6,7,0.857,2,3,0.667,0,0,0.0,0,1,1,4,1,0,1,2,14,13,1
22012,201144,0021200621,"Jan 23, 2013",MEM vs. LAL,W,33,9,14,0.643,1,2,0.5,0,0,0.0,1,2,3,6,2,0,0,2,19,12,1
22012,201144,0021200605,"Jan 21, 2013",MEM vs. IND,L,33,6,12,0.5,1,4,0.25,0,0,0.0,0,0,0,2,3,0,3,3,13,6,1
22012,201144,0021200595,"Jan 19, 2013",MEM @ CHI,W,47,5,11,0.455,0,2,0.0,3,5,0.6,0,0,0,9,3,3,3,2,13,4,1
22012,201144,0021200589,"Jan 18, 2013",MEM vs. SAC,W,37,7,16,0.438,2,5,0.4,3,4,0.75,0,5,5,4,1,0,3,2,19,10,1
22012,201144,0021200576,"Jan 16, 2013",MEM @ SAS,L,31,3,7,0.429,1,3,0.333,3,3,1.0,0,2,2,3,2,0,1,2,10,-22,1
22012,201144,0021200559,"Jan 14, 2013",MEM vs. LAC,L,30,2,11,0.182,1,5,0.2,0,0,0.0,0,0,0,1,2,0,3,3,5,-12,1
22012,201144,0021200547,"Jan 12, 2013",MEM @ DAL,L,23,2,5,0.4,1,1,1.0,2,2,1.0,0,1,1,4,1,0,0,0,7,-14,1
22012,201144,0021200535,"Jan 11, 2013",MEM vs. SAS,W,41,5,15,0.333,1,4,0.25,10,10,1.0,0,2,2,5,2,0,4,2,21,13,1
22012,201144,0021200526,"Jan 09, 2013",MEM @ GSW,W,39,6,12,0.5,1,4,0.25,3,4,0.75,0,2,2,4,3,0,5,2,16,11,1
22012,201144,0021200509,"Jan 07, 2013",MEM @ SAC,W,33,5,11,0.455,2,5,0.4,3,4,0.75,2,3,5,8,1,1,1,3,15,19,1
22012,201144,0021200502,"Jan 06, 2013",MEM @ PHX,W,32,3,10,0.3,0,2,0.0,1,2,0.5,0,0,0,9,4,0,1,0,7,12,1
22012,201144,0021200484,"Jan 04, 2013",MEM vs. POR,L,33,2,8,0.25,0,1,0.0,2,2,1.0,1,2,3,3,2,0,1,3,6,-2,1
22012,201144,0021200468,"Jan 02, 2013",MEM @ BOS,W,44,8,15,0.533,3,6,0.5,4,4,1.0,0,3,3,9,1,0,1,3,23,15,1
22012,201144,0021200452,"Dec 31, 2012",MEM @ IND,L,32,3,9,0.333,1,4,0.25,2,2,1.0,2,4,6,7,3,1,4,2,9,0,1
22012,201144,0021200442,"Dec 29, 2012",MEM vs. DEN,W,28,3,12,0.25,1,5,0.2,0,0,0.0,0,1,1,6,2,0,0,0,7,10,1
22012,201144,0021200416,"Dec 26, 2012",MEM vs. PHI,L,36,3,17,0.176,1,3,0.333,3,3,1.0,1,2,3,5,3,0,2,1,10,-10,1
22012,201144,0021200394,"Dec 22, 2012",MEM @ HOU,L,28,7,12,0.583,0,0,0.0,2,2,1.0,0,1,1,6,3,1,1,2,16,-10,1
22012,201144,0021200386,"Dec 21, 2012",MEM vs. DAL,W,37,2,10,0.2,0,2,0.0,5,6,0.833,0,2,2,11,4,0,1,3,9,19,1
22012,201144,0021200374,"Dec 19, 2012",MEM vs. MIL,W,31,4,8,0.5,0,2,0.0,3,5,0.6,0,0,0,6,2,0,2,2,11,1,1
22012,201144,0021200353,"Dec 17, 2012",MEM vs. CHI,W,32,6,12,0.5,1,4,0.25,4,5,0.8,0,4,4,4,2,0,2,1,17,-1,1
22012,201144,0021200345,"Dec 15, 2012",MEM @ UTA,W,38,4,11,0.364,2,4,0.5,2,3,0.667,1,3,4,8,1,0,2,0,12,19,1
22012,201144,0021200335,"Dec 14, 2012",MEM @ DEN,L,33,5,14,0.357,2,5,0.4,2,2,1.0,3,0,3,4,1,1,5,1,14,-7,1
22012,201144,0021200320,"Dec 12, 2012",MEM @ PHX,L,35,3,8,0.375,1,4,0.25,0,0,0.0,1,1,2,6,2,0,4,4,7,-1,0
22012,201144,0021200289,"Dec 08, 2012",MEM vs. ATL,L,35,4,10,0.4,2,4,0.5,2,3,0.667,1,0,1,3,1,0,6,1,12,-15,1
22012,201144,0021200275,"Dec 07, 2012",MEM @ NOH,W,36,2,11,0.182,1,4,0.25,2,2,1.0,0,5,5,9,5,0,1,2,7,22,1
22012,201144,0021200255,"Dec 04, 2012",MEM vs. PHX,W,42,2,9,0.222,1,3,0.333,6,8,0.75,1,4,5,1,2,0,3,4,11,20,1
22012,201144,0021200239,"Dec 01, 2012",MEM @ SAS,L,42,5,13,0.385,2,3,0.667,6,7,0.857,1,1,2,12,4,0,4,5,18,-6,1
22012,201144,0021200228,"Nov 30, 2012",MEM vs. DET,W,33,6,10,0.6,3,5,0.6,2,2,1.0,1,3,4,5,6,1,2,2,17,8,1
22012,201144,0021200216,"Nov 28, 2012",MEM vs. TOR,W,31,4,6,0.667,4,5,0.8,4,6,0.667,0,1,1,5,2,2,4,1,16,31,1
22012,201144,0021200177,"Nov 23, 2012",MEM vs. LAL,W,36,8,14,0.571,1,3,0.333,2,2,1.0,1,0,1,6,4,0,2,2,19,23,1
22012,201144,0021200150,"Nov 19, 2012",MEM vs. DEN,L,36,4,10,0.4,3,6,0.5,0,0,0.0,0,0,0,8,2,0,3,2,11,-7,1
22012,201144,0021200134,"Nov 17, 2012",MEM @ CHA,W,32,7,12,0.583,1,3,0.333,5,6,0.833,0,4,4,2,4,0,4,2,20,11,1
22012,201144,0021200127,"Nov 16, 2012",MEM vs. NYK,W,35,6,12,0.5,2,4,0.5,2,3,0.667,1,1,2,8,2,0,2,2,16,19,1
22012,201144,0021200113,"Nov 14, 2012",MEM @ OKC,W,35,4,12,0.333,0,2,0.0,0,0,0.0,2,3,5,7,0,0,2,1,8,-1,1
22012,201144,0021200092,"Nov 11, 2012",MEM vs. MIA,W,32,7,11,0.636,3,6,0.5,1,1,1.0,0,3,3,9,0,0,3,3,18,26,1
22012,201144,0021200073,"Nov 09, 2012",MEM vs. HOU,W,31,5,13,0.385,1,3,0.333,3,5,0.6,1,3,4,4,3,0,2,2,14,-4,1
22012,201144,0021200057,"Nov 07, 2012",MEM @ MIL,W,33,5,9,0.556,0,3,0.0,3,3,1.0,0,2,2,12,0,0,2,1,13,5,1
22012,201144,0021200045,"Nov 05, 2012",MEM vs. UTA,W,34,7,10,0.7,1,2,0.5,1,2,0.5,0,5,5,4,1,1,3,1,16,6,1
22012,201144,0021200026,"Nov 02, 2012",MEM @ GSW,W,34,5,9,0.556,3,5,0.6,8,8,1.0,0,3,3,7,5,0,3,3,21,14,1
22012,201144,0021200011,"Oct 31, 2012",MEM @ LAC,L,34,2,10,0.2,1,4,0.25,2,2,1.0,1,2,3,5,3,0,6,3,7,-4,1
22011,201144,0021100985,"Apr 26, 2012",MEM vs. ORL,W,32,0,5,0.0,0,0,0.0,0,0,0.0,0,1,1,3,1,0,1,1,0,14,0
22011,201144,0021100964,"Apr 23, 2012",MEM vs. CLE,W,24,4,8,0.5,2,3,0.667,2,2,1.0,0,3,3,3,1,0,1,5,12,6,0
22011,201144,0021100947,"Apr 21, 2012",MEM vs. POR,W,30,2,10,0.2,1,3,0.333,0,0,0.0,1,1,2,3,2,0,0,2,5,2,0
22011,201144,0021100937,"Apr 20, 2012",MEM @ CHA,W,37,7,10,0.7,1,1,1.0,5,6,0.833,0,2,2,7,3,0,2,2,20,0,0
22011,201144,0021100925,"Apr 18, 2012",MEM vs. NOH,W,30,8,11,0.727,2,4,0.5,2,3,0.667,0,2,2,5,1,0,1,2,20,27,0
22011,201144,0021100916,"Apr 17, 2012",MEM @ MIN,W,38,6,12,0.5,2,3,0.667,2,2,1.0,1,4,5,8,2,0,2,2,16,12,0
22011,201144,0021100900,"Apr 15, 2012",MEM @ NOH,L,29,1,8,0.125,1,2,0.5,2,2,1.0,2,3,5,3,0,0,2,2,5,-19,0
22011,201144,0021100889,"Apr 14, 2012",MEM vs. UTA,W,36,6,13,0.462,1,2,0.5,4,4,1.0,0,1,1,6,1,1,4,1,17,-2,0
22011,201144,0021100872,"Apr 12, 2012",MEM @ SAS,L,31,4,12,0.333,1,5,0.2,2,2,1.0,0,5,5,4,1,0,2,4,11,11,0
22011,201144,0021100862,"Apr 11, 2012",MEM vs. PHX,W,39,4,8,0.5,0,2,0.0,4,4,1.0,0,2,2,7,2,2,0,3,12,19,0
22011,201144,0021100846,"Apr 09, 2012",MEM vs. LAC,W,34,4,10,0.4,1,2,0.5,4,4,1.0,1,2,3,3,1,0,1,1,13,5,0
22011,201144,0021100829,"Apr 07, 2012",MEM vs. DAL,W,29,4,9,0.444,2,4,0.5,2,2,1.0,0,1,1,5,2,0,1,2,12,8,0
22011,201144,0021100819,"Apr 06, 2012",MEM @ MIA,W,35,5,8,0.625,3,4,0.75,2,2,1.0,0,1,1,4,3,0,2,1,15,4,0
22011,201144,0021100807,"Apr 04, 2012",MEM @ DAL,L,38,5,14,0.357,1,3,0.333,0,0,0.0,1,0,1,5,2,0,0,2,11,-16,0
22011,201144,0021100796,"Apr 03, 2012",MEM vs. GSW,W,29,7,11,0.636,3,4,0.75,1,2,0.5,0,5,5,2,1,0,2,2,18,-5,0
22011,201144,0021100764,"Mar 30, 2012",MEM @ HOU,L,26,3,8,0.375,0,2,0.0,1,2,0.5,1,0,1,0,0,0,2,3,7,-16,0
22011,201144,0021100738,"Mar 27, 2012",MEM vs. MIN,W,32,3,9,0.333,0,2,0.0,6,6,1.0,1,4,5,8,3,1,2,3,12,4,0
22011,201144,0021100726,"Mar 25, 2012",MEM @ LAL,W,33,6,13,0.462,1,2,0.5,0,0,0.0,2,1,3,8,1,0,2,2,13,-5,0
22011,201144,0021100710,"Mar 24, 2012",MEM @ LAC,L,22,4,6,0.667,1,1,1.0,0,0,0.0,1,2,3,9,2,0,2,4,9,1,0
22011,201144,0021100698,"Mar 22, 2012",MEM @ POR,L,36,5,16,0.313,1,2,0.5,2,3,0.667,0,2,2,4,1,0,1,3,13,2,0
22011,201144,0021100681,"Mar 20, 2012",MEM @ SAC,L,37,6,14,0.429,2,5,0.4,2,2,1.0,0,1,1,9,1,1,1,3,16,-10,0
22011,201144,0021100664,"Mar 18, 2012",MEM vs. WAS,W,35,8,18,0.444,1,3,0.333,0,0,0.0,0,2,2,6,3,0,2,1,17,7,0
22011,201144,0021100648,"Mar 16, 2012",MEM vs. TOR,L,45,1,7,0.143,0,3,0.0,6,9,0.667,1,2,3,10,2,1,3,5,8,-7,0
22011,201144,0021100621,"Mar 13, 2012",MEM vs. LAL,L,51,5,15,0.333,0,3,0.0,0,0,0.0,0,4,4,11,3,0,2,1,10,-4,0
22011,201144,0021100608,"Mar 11, 2012",MEM @ DEN,W,32,5,8,0.625,1,2,0.5,2,2,1.0,0,1,1,7,2,1,4,0,13,-1,0
22011,201144,0021100601,"Mar 10, 2012",MEM @ PHX,L,40,4,10,0.4,1,2,0.5,0,0,0.0,0,2,2,10,2,0,1,2,9,-10,0
22011,201144,0021100581,"Mar 07, 2012",MEM @ GSW,W,34,1,5,0.2,0,1,0.0,0,0,0.0,0,0,0,12,2,0,2,1,2,20,0
22011,201144,0021100542,"Mar 03, 2012",MEM vs. DET,W,38,5,11,0.455,0,2,0.0,0,0,0.0,0,0,0,12,5,0,1,2,10,21,0
22011,201144,0021100528,"Mar 02, 2012",MEM @ TOR,W,39,8,14,0.571,3,4,0.75,2,4,0.5,0,2,2,5,3,0,0,1,21,15,0
22011,201144,0021100518,"Feb 29, 2012",MEM vs. DAL,W,38,7,12,0.583,1,2,0.5,5,7,0.714,0,3,3,10,4,0,2,3,20,14,0
22011,201144,0021100484,"Feb 21, 2012",MEM vs. PHI,W,36,4,14,0.286,0,4,0.0,1,1,1.0,1,2,3,6,3,0,1,1,9,26,0
22011,201144,0021100473,"Feb 20, 2012",MEM @ HOU,L,40,7,13,0.538,2,4,0.5,0,0,0.0,0,3,3,3,2,1,4,5,16,5,0
22011,201144,0021100458,"Feb 18, 2012",MEM vs. GSW,W,35,4,9,0.444,1,3,0.333,6,7,0.857,0,0,0,6,2,0,4,2,15,5,0
22011,201144,0021100451,"Feb 17, 2012",MEM vs. DEN,W,38,6,11,0.545,1,4,0.25,3,3,1.0,0,2,2,7,5,0,3,0,16,4,0
22011,201144,0021100432,"Feb 15, 2012",MEM @ NJN,W,38,5,11,0.455,1,3,0.333,5,5,1.0,0,0,0,10,4,0,0,3,16,24,0
22011,201144,0021100424,"Feb 14, 2012",MEM vs. HOU,W,37,7,15,0.467,3,4,0.75,4,4,1.0,0,3,3,4,0,0,3,3,21,13,0
22011,201144,0021100413,"Feb 12, 2012",MEM vs. UTA,L,36,6,11,0.545,0,2,0.0,5,5,1.0,1,1,2,6,2,0,2,0,17,-6,0
22011,201144,0021100396,"Feb 10, 2012",MEM vs. IND,W,36,5,13,0.385,0,2,0.0,5,5,1.0,0,4,4,6,1,1,3,2,15,-1,0
22011,201144,0021100380,"Feb 08, 2012",MEM vs. MIN,W,35,1,8,0.125,0,0,0.0,0,0,0.0,0,4,4,7,4,0,2,1,2,3,0
22011,201144,0021100363,"Feb 06, 2012",MEM vs. SAS,L,41,5,12,0.417,1,1,1.0,8,10,0.8,2,4,6,8,1,0,2,2,19,-3,0
22011,201144,0021100355,"Feb 05, 2012",MEM @ BOS,L,34,2,8,0.25,0,3,0.0,0,0,0.0,0,3,3,4,1,0,3,0,4,-25,0
22011,201144,0021100339,"Feb 03, 2012",MEM @ OKC,L,38,4,14,0.286,2,5,0.4,1,1,1.0,0,2,2,5,3,0,1,3,11,-8,0
22011,201144,0021100326,"Feb 02, 2012",MEM @ ATL,W,40,7,13,0.538,0,0,0.0,1,2,0.5,1,2,3,6,4,0,3,2,15,21,0
22011,201144,0021100312,"Jan 31, 2012",MEM vs. DEN,W,45,3,11,0.273,1,3,0.333,4,4,1.0,1,1,2,6,4,0,2,4,11,11,0
22011,201144,0021100303,"Jan 30, 2012",MEM vs. SAS,L,37,5,14,0.357,2,3,0.667,3,4,0.75,1,1,2,3,0,0,3,2,15,-2,0
22011,201144,0021100290,"Jan 28, 2012",MEM @ PHX,L,38,6,13,0.462,0,1,0.0,3,4,0.75,0,3,3,10,0,0,2,2,15,-3,0
22011,201144,0021100271,"Jan 26, 2012",MEM @ LAC,L,34,2,10,0.2,0,3,0.0,0,0,0.0,0,5,5,7,4,1,3,6,4,-13,0
22011,201144,0021100256,"Jan 24, 2012",MEM @ POR,L,31,3,13,0.231,0,3,0.0,0,0,0.0,0,1,1,7,5,0,2,2,6,-16,0
22011,201144,0021100251,"Jan 23, 2012",MEM @ GSW,W,38,8,17,0.471,2,5,0.4,2,2,1.0,0,1,1,9,1,0,5,3,20,4,0
22011,201144,0021100233,"Jan 21, 2012",MEM vs. SAC,W,31,10,13,0.769,1,2,0.5,1,1,1.0,0,2,2,6,2,0,1,1,22,23,0
22011,201144,0021100221,"Jan 20, 2012",MEM @ DET,W,38,7,9,0.778,0,1,0.0,0,2,0.0,0,4,4,11,4,0,4,4,14,12,0
22011,201144,0021100209,"Jan 18, 2012",MEM @ NOH,W,42,6,11,0.545,4,7,0.571,2,2,1.0,0,2,2,10,2,1,2,0,18,5,0
22011,201144,0021100185,"Jan 16, 2012",MEM vs. CHI,W,36,9,13,0.692,1,2,0.5,1,1,1.0,2,5,7,8,4,0,5,3,20,21,0
22011,201144,0021100175,"Jan 14, 2012",MEM vs. NOH,W,42,5,12,0.417,1,2,0.5,6,7,0.857,0,1,1,7,2,0,2,2,17,23,0
22011,201144,0021100156,"Jan 12, 2012",MEM vs. NYK,W,33,3,9,0.333,0,0,0.0,3,4,0.75,0,1,1,7,1,0,1,1,9,12,0
22011,201144,0021100137,"Jan 10, 2012",MEM vs. OKC,L,42,6,13,0.462,0,2,0.0,3,3,1.0,0,5,5,10,3,0,1,1,15,0,0
22011,201144,0021100125,"Jan 08, 2012",MEM @ LAL,L,38,5,10,0.5,1,3,0.333,0,0,0.0,0,2,2,8,4,0,2,0,11,-7,0
22011,201144,0021100107,"Jan 06, 2012",MEM @ UTA,L,41,5,18,0.278,1,5,0.2,0,0,0.0,1,3,4,6,2,0,2,3,11,-6,0
22011,201144,0021100089,"Jan 04, 2012",MEM @ MIN,W,38,3,13,0.231,0,1,0.0,6,6,1.0,0,3,3,8,3,0,4,4,12,13,0
22011,201144,0021100078,"Jan 03, 2012",MEM vs. SAC,W,23,5,8,0.625,1,2,0.5,3,3,1.0,0,2,2,7,4,0,2,2,14,27,0
22011,201144,0021100027,"Dec 28, 2011",MEM vs. OKC,L,0,0,0,0.0,0,0,0.0,0,0,0.0,0,0,0,0,0,0,0,0,0,0,0
22011,201144,0021100013,"Dec 26, 2011",MEM @ SAS,L,32,4,10,0.4,1,1,1.0,2,2,1.0,0,3,3,7,2,0,3,3,11,-1,0
22010,201144,0021001214,"Apr 12, 2011",MEM @ POR,L,31,8,13,0.615,1,3,0.333,0,0,0.0,0,0,0,2,1,0,2,0,17,0,0
22010,201144,0021001197,"Apr 10, 2011",MEM vs. NOH,W,25,1,5,0.2,0,1,0.0,0,0,0.0,0,3,3,3,3,0,0,2,2,11,0
22010,201144,0021001183,"Apr 08, 2011",MEM vs. SAC,W,39,4,11,0.364,1,1,1.0,3,5,0.6,0,5,5,8,2,0,1,2,12,16,0
22010,201144,0021001157,"Apr 05, 2011",MEM vs. LAC,L,39,8,16,0.5,0,3,0.0,4,4,1.0,1,4,5,4,4,0,1,2,20,-1,0
22010,201144,0021001134,"Apr 02, 2011",MEM vs. MIN,W,34,2,11,0.182,1,3,0.333,0,0,0.0,1,2,3,9,3,0,5,2,5,17,0
22010,201144,0021001127,"Apr 01, 2011",MEM @ NOH,W,39,4,10,0.4,1,3,0.333,1,2,0.5,1,4,5,7,0,0,2,1,10,10,0
22010,201144,0021001112,"Mar 30, 2011",MEM vs. GSW,W,37,8,13,0.615,2,3,0.667,2,4,0.5,0,4,4,7,1,0,0,0,20,22,0
22010,201144,0021001090,"Mar 27, 2011",MEM vs. SAS,W,34,4,8,0.5,0,1,0.0,4,7,0.571,1,2,3,4,1,2,3,4,12,10,0
22010,201144,0021001074,"Mar 25, 2011",MEM @ CHI,L,40,5,16,0.313,0,4,0.0,2,4,0.5,0,1,1,6,3,0,0,1,12,0,0
22010,201144,0021001057,"Mar 23, 2011",MEM @ BOS,W,37,1,9,0.111,1,3,0.333,6,8,0.75,0,2,2,5,1,0,5,0,9,-9,0
22010,201144,0021001048,"Mar 21, 2011",MEM vs. UTA,W,35,5,13,0.385,1,3,0.333,0,0,0.0,0,0,0,11,1,0,1,1,11,20,0
22010,201144,0021001031,"Mar 19, 2011",MEM vs. IND,W,36,8,18,0.444,0,3,0.0,1,2,0.5,1,2,3,9,4,0,1,3,17,23,0
22010,201144,0021001015,"Mar 17, 2011",MEM @ NYK,L,33,6,12,0.5,2,3,0.667,2,2,1.0,1,3,4,6,0,0,2,3,16,-2,0
22010,201144,0021000994,"Mar 14, 2011",MEM vs. LAC,W,28,5,12,0.417,2,3,0.667,1,2,0.5,1,3,4,5,2,0,2,4,13,7,0
22010,201144,0021000976,"Mar 12, 2011",MEM @ MIA,L,35,1,11,0.091,0,2,0.0,0,0,0.0,2,2,4,10,2,0,4,2,2,-29,0
22010,201144,0021000958,"Mar 09, 2011",MEM vs. NYK,L,39,7,13,0.538,2,3,0.667,4,4,1.0,0,0,0,6,5,0,2,0,20,-7,0
22010,201144,0021000944,"Mar 07, 2011",MEM vs. OKC,W,39,9,20,0.45,0,5,0.0,2,2,1.0,0,2,2,9,2,1,0,1,20,13,0
22010,201144,0021000938,"Mar 06, 2011",MEM @ DAL,W,35,7,15,0.467,1,2,0.5,2,2,1.0,1,2,3,10,1,0,1,4,17,1,0
22010,201144,0021000920,"Mar 04, 2011",MEM vs. NOH,L,25,5,7,0.714,2,4,0.5,0,0,0.0,1,0,1,3,1,0,2,4,12,-1,0
22010,201144,0021000898,"Mar 01, 2011",MEM vs. SAS,W,34,7,11,0.636,0,0,0.0,4,4,1.0,0,4,4,9,3,1,2,0,18,10,0
22010,201144,0021000886,"Feb 27, 2011",MEM @ SAS,L,38,9,17,0.529,1,3,0.333,0,0,0.0,0,3,3,1,1,1,2,5,19,5,0
22010,201144,0021000875,"Feb 26, 2011",MEM vs. SAC,W,25,3,8,0.375,0,0,0.0,2,2,1.0,0,3,3,4,0,1,2,2,8,20,0
22010,201144,0021000853,"Feb 23, 2011",MEM @ MIN,W,37,5,15,0.333,3,6,0.5,9,12,0.75,1,4,5,9,1,1,2,3,22,14,0
22010,201144,0021000844,"Feb 22, 2011",MEM @ DEN,L,30,4,6,0.667,2,2,1.0,0,0,0.0,0,1,1,3,0,1,4,1,10,-20,0
22010,201144,0021000820,"Feb 15, 2011",MEM vs. PHI,W,37,9,17,0.529,4,7,0.571,0,1,0.0,0,2,2,3,5,2,1,2,22,0,0
22010,201144,0021000809,"Feb 13, 2011",MEM vs. DEN,W,36,7,11,0.636,1,1,1.0,2,2,1.0,0,0,0,5,3,0,2,2,17,8,0
22010,201144,0021000794,"Feb 11, 2011",MEM vs. MIL,W,39,8,19,0.421,3,5,0.6,4,6,0.667,1,4,5,8,3,0,3,3,23,2,0
22010,201144,0021000771,"Feb 08, 2011",MEM @ OKC,W,36,4,12,0.333,1,3,0.333,4,6,0.667,0,4,4,4,2,0,3,4,13,9,0
22010,201144,0021000759,"Feb 07, 2011",MEM vs. LAL,L,39,5,12,0.417,1,2,0.5,2,3,0.667,0,3,3,4,3,0,2,0,13,-8,0
22010,201144,0021000749,"Feb 05, 2011",MEM @ HOU,L,41,2,16,0.125,0,5,0.0,2,3,0.667,2,1,3,5,2,0,2,2,6,-6,0
22010,201144,0021000741,"Feb 04, 2011",MEM vs. CLE,W,38,7,13,0.538,2,4,0.5,5,6,0.833,0,2,2,8,1,0,1,4,21,1,0
22010,201144,0021000724,"Feb 02, 2011",MEM @ MIN,W,36,3,12,0.25,3,5,0.6,0,0,0.0,0,5,5,9,3,0,2,1,9,25,0
22010,201144,0021000711,"Jan 31, 2011",MEM vs. ORL,W,38,9,14,0.643,4,6,0.667,4,5,0.8,0,2,2,11,2,0,3,3,26,-2,0
22010,201144,0021000694,"Jan 29, 2011",MEM vs. WAS,W,40,6,12,0.5,2,2,1.0,1,2,0.5,0,3,3,12,0,0,1,2,15,13,0
22010,201144,0021000682,"Jan 28, 2011",MEM @ PHI,W,38,6,15,0.4,0,1,0.0,1,2,0.5,0,5,5,4,1,0,1,0,13,6,0
22010,201144,0021000669,"Jan 26, 2011",MEM @ NJN,L,39,7,13,0.538,1,4,0.25,1,2,0.5,1,4,5,5,0,0,2,3,16,4,0
22010,201144,0021000656,"Jan 24, 2011",MEM @ TOR,W,36,5,9,0.556,0,1,0.0,3,6,0.5,2,5,7,4,1,1,2,3,13,-5,0
22010,201144,0021000649,"Jan 22, 2011",MEM @ MIL,W,38,3,11,0.273,1,3,0.333,1,2,0.5,0,5,5,2,1,2,1,1,8,19,0
22010,201144,0021000635,"Jan 21, 2011",MEM vs. HOU,W,35,7,11,0.636,0,0,0.0,3,5,0.6,0,2,2,5,2,0,3,1,17,2,0
22010,201144,0021000618,"Jan 19, 2011",MEM @ NOH,L,39,9,11,0.818,1,2,0.5,3,4,0.75,0,2,2,5,0,0,4,3,22,3,0
22010,201144,0021000600,"Jan 17, 2011",MEM vs. CHI,L,29,2,6,0.333,0,0,0.0,1,1,1.0,0,2,2,6,2,0,1,2,5,-10,0
22010,201144,0021000592,"Jan 15, 2011",MEM vs. DAL,W,29,3,6,0.5,0,0,0.0,2,2,1.0,0,4,4,6,0,0,0,3,8,23,0
22010,201144,0021000565,"Jan 12, 2011",MEM @ DET,W,33,4,10,0.4,0,2,0.0,0,0,0.0,0,2,2,9,0,0,2,3,8,1,0
22010,201144,0021000551,"Jan 10, 2011",MEM @ CHA,L,37,6,17,0.353,1,3,0.333,0,0,0.0,0,1,1,7,2,0,1,4,13,-4,0
22010,201144,0021000541,"Jan 08, 2011",MEM @ OKC,L,28,3,10,0.3,0,3,0.0,4,4,1.0,0,1,1,4,0,0,1,3,10,-12,0
22010,201144,0021000530,"Jan 07, 2011",MEM vs. UTA,W,24,4,8,0.5,0,0,0.0,2,3,0.667,1,2,3,4,2,0,1,4,10,1,0
22010,201144,0021000508,"Jan 04, 2011",MEM vs. OKC,W,43,4,11,0.364,0,2,0.0,1,2,0.5,1,4,5,9,0,1,4,3,9,8,0
22010,201144,0021000498,"Jan 02, 2011",MEM @ LAL,W,32,4,7,0.571,1,1,1.0,3,4,0.75,0,5,5,6,1,0,0,2,12,18,0
22010,201144,0021000491,"Jan 01, 2011",MEM @ UTA,L,38,6,14,0.429,1,7,0.143,4,4,1.0,1,3,4,7,2,0,4,5,17,-3,0
22010,201144,0021000471,"Dec 29, 2010",MEM @ SAC,L,34,2,6,0.333,0,0,0.0,1,2,0.5,1,3,4,7,1,0,3,3,5,-1,0
22010,201144,0021000447,"Dec 27, 2010",MEM vs. TOR,W,39,4,7,0.571,1,1,1.0,3,6,0.5,0,0,0,6,2,0,3,0,12,12,0
22010,201144,0021000441,"Dec 26, 2010",MEM @ IND,W,39,2,7,0.286,0,1,0.0,0,1,0.0,0,6,6,10,2,1,1,2,4,27,0
22010,201144,0021000418,"Dec 21, 2010",MEM vs. NJN,L,33,5,12,0.417,1,2,0.5,2,3,0.667,0,1,1,8,1,0,0,4,13,-1,0
22010,201144,0021000397,"Dec 18, 2010",MEM @ SAS,L,39,6,12,0.5,1,2,0.5,0,0,0.0,1,1,2,8,1,0,4,3,13,-2,0
22010,201144,0021000389,"Dec 17, 2010",MEM @ HOU,L,23,2,5,0.4,1,1,1.0,2,2,1.0,0,4,4,3,0,0,1,2,7,-14,0
22010,201144,0021000372,"Dec 15, 2010",MEM vs. CHA,W,30,2,6,0.333,0,2,0.0,2,2,1.0,0,3,3,9,4,0,3,2,6,17,0
22010,201144,0021000357,"Dec 13, 2010",MEM vs. POR,W,33,3,9,0.333,1,3,0.333,4,4,1.0,0,5,5,3,2,0,3,2,11,-4,0
22010,201144,0021000341,"Dec 11, 2010",MEM @ LAC,W,35,3,14,0.214,1,4,0.25,0,0,0.0,1,0,1,8,2,0,0,1,7,8,0
22010,201144,0021000323,"Dec 08, 2010",MEM @ PHX,W,44,5,13,0.385,0,0,0.0,1,2,0.5,0,0,0,14,3,1,3,0,11,14,0
22010,201144,0021000307,"Dec 06, 2010",MEM @ UTA,L,38,5,10,0.5,0,1,0.0,9,10,0.9,0,2,2,5,0,0,3,2,19,-8,0
22010,201144,0021000299,"Dec 05, 2010",MEM @ DEN,L,41,8,12,0.667,2,2,1.0,1,2,0.5,1,4,5,9,0,0,2,3,19,7,0
22010,201144,0021000281,"Dec 03, 2010",MEM vs. HOU,L,36,7,16,0.438,0,3,0.0,5,6,0.833,0,1,1,8,3,0,2,2,19,-15,0
22010,201144,0021000261,"Dec 01, 2010",MEM @ ATL,L,39,10,13,0.769,0,2,0.0,2,2,1.0,0,2,2,9,1,0,4,4,22,-2,0
22010,201144,0021000258,"Nov 30, 2010",MEM vs. LAL,W,35,10,13,0.769,4,5,0.8,4,6,0.667,0,3,3,3,2,0,2,1,28,2,0
22010,201144,0021000236,"Nov 27, 2010",MEM @ CLE,L,31,3,9,0.333,1,3,0.333,4,6,0.667,0,1,1,5,2,0,1,1,11,-16,0
22010,201144,0021000232,"Nov 26, 2010",MEM vs. GSW,W,35,4,8,0.5,2,3,0.667,4,4,1.0,0,3,3,5,0,0,4,4,14,5,0
22010,201144,0021000214,"Nov 24, 2010",MEM vs. DET,W,32,6,10,0.6,0,2,0.0,2,2,1.0,0,1,1,7,3,0,2,2,14,27,0
22010,201144,0021000185,"Nov 20, 2010",MEM vs. MIA,W,36,6,12,0.5,1,2,0.5,3,4,0.75,1,4,5,6,0,0,1,1,16,5,0
22010,201144,0021000174,"Nov 19, 2010",MEM @ WAS,L,29,5,13,0.385,2,4,0.5,0,0,0.0,0,0,0,6,4,0,4,4,12,-4,0
22010,201144,0021000154,"Nov 16, 2010",MEM vs. POR,L,31,5,14,0.357,2,5,0.4,4,4,1.0,0,2,2,6,0,0,3,1,16,0,0
22010,201144,0021000145,"Nov 15, 2010",MEM @ ORL,L,36,5,11,0.455,1,2,0.5,0,0,0.0,1,2,3,8,1,0,2,3,11,-3,0
22010,201144,0021000135,"Nov 13, 2010",MEM vs. BOS,L,38,3,10,0.3,1,4,0.25,6,6,1.0,0,1,1,4,2,0,6,3,13,-4,0
22010,201144,0021000114,"Nov 10, 2010",MEM vs. DAL,L,37,4,11,0.364,1,3,0.333,0,0,0.0,0,4,4,5,1,1,3,2,9,-13,0
22010,201144,0021000099,"Nov 08, 2010",MEM vs. PHX,W,36,6,16,0.375,1,4,0.25,3,4,0.75,0,2,2,6,4,0,3,2,16,5,0
22010,201144,0021000088,"Nov 06, 2010",MEM @ SAC,W,36,7,17,0.412,0,4,0.0,0,0,0.0,0,3,3,5,1,1,2,4,14,11,0
22010,201144,0021000076,"Nov 05, 2010",MEM @ PHX,L,47,7,15,0.467,0,2,0.0,2,6,0.333,0,4,4,7,5,0,5,5,16,-5,0
22010,201144,0021000063,"Nov 03, 2010",MEM @ GSW,L,44,6,13,0.462,1,5,0.2,5,7,0.714,0,7,7,13,3,0,3,2,18,-6,0
22010,201144,0021000053,"Nov 02, 2010",MEM @ LAL,L,34,6,11,0.545,3,4,0.75,1,3,0.333,1,4,5,8,3,0,1,0,16,-1,0
22010,201144,0021000036,"Oct 30, 2010",MEM vs. MIN,W,38,5,15,0.333,1,5,0.2,3,4,0.75,2,5,7,11,7,0,3,1,14,27,0
22010,201144,0021000028,"Oct 29, 2010",MEM @ DAL,W,37,3,11,0.273,0,1,0.0,2,4,0.5,1,4,5,6,4,0,4,3,8,8,0
22010,201144,0021000008,"Oct 27, 2010",MEM vs. ATL,L,36,9,15,0.6,1,2,0.5,4,4,1.0,1,4,5,8,0,0,2,3,23,-1,0
22009,201144,0020901224,"Apr 14, 2010",MEM @ OKC,L,36,5,12,0.417,0,2,0.0,6,7,0.857,0,3,3,5,0,0,2,3,16,-5,0
22009,201144,0020901209,"Apr 12, 2010",MEM @ DEN,L,28,8,13,0.615,2,4,0.5,4,5,0.8,0,1,1,3,0,0,2,2,22,-28,0
22009,201144,0020901190,"Apr 10, 2010",MEM vs. PHI,L,39,9,15,0.6,1,4,0.25,4,6,0.667,0,2,2,4,4,0,3,4,23,-17,0
22009,201144,0020901185,"Apr 09, 2010",MEM @ SAS,W,35,6,12,0.5,0,0,0.0,2,3,0.667,0,1,1,9,1,0,1,1,14,11,0
22009,201144,0020901167,"Apr 07, 2010",MEM @ DAL,L,38,7,18,0.389,0,4,0.0,3,4,0.75,0,1,1,7,2,0,2,0,17,-10,0
22009,201144,0020901155,"Apr 06, 2010",MEM vs. HOU,L,30,6,13,0.462,1,2,0.5,2,2,1.0,0,3,3,3,1,0,0,3,15,-19,0
22009,201144,0020901144,"Apr 04, 2010",MEM @ ORL,L,36,6,11,0.545,0,2,0.0,2,2,1.0,1,1,2,4,1,0,2,0,14,-15,0
22009,201144,0020901128,"Apr 02, 2010",MEM vs. NOH,W,31,6,14,0.429,0,1,0.0,3,6,0.5,1,5,6,3,0,0,3,4,15,-6,0
22009,201144,0020901114,"Mar 31, 2010",MEM vs. DAL,L,42,11,18,0.611,1,5,0.2,2,5,0.4,0,6,6,5,2,0,0,1,25,3,0
22009,201144,0020901088,"Mar 28, 2010",MEM @ MIL,L,40,7,19,0.368,0,2,0.0,4,4,1.0,1,2,3,10,4,0,3,3,18,5,0
22009,201144,0020901067,"Mar 24, 2010",MEM @ GSW,L,41,9,20,0.45,1,3,0.333,2,2,1.0,1,2,3,9,2,0,5,1,21,-3,0
22009,201144,0020901051,"Mar 22, 2010",MEM @ SAC,W,38,5,13,0.385,2,4,0.5,0,0,0.0,0,3,3,7,2,0,1,1,12,31,0
22009,201144,0020901032,"Mar 20, 2010",MEM vs. GSW,W,26,6,12,0.5,1,3,0.333,2,2,1.0,1,1,2,4,2,1,1,2,15,20,0
22009,201144,0020901012,"Mar 17, 2010",MEM @ HOU,L,29,5,11,0.455,0,1,0.0,1,2,0.5,2,1,3,3,1,0,2,6,11,-4,0
22009,201144,0020901001,"Mar 16, 2010",MEM vs. CHI,W,34,6,9,0.667,2,3,0.667,5,7,0.714,1,2,3,10,5,0,3,2,19,17,0
22009,201144,0020900978,"Mar 13, 2010",MEM vs. DEN,L,27,3,10,0.3,0,3,0.0,0,0,0.0,0,0,0,2,0,0,1,3,6,-14,0
22009,201144,0020900969,"Mar 12, 2010",MEM vs. NYK,W,35,4,8,0.5,0,0,0.0,10,11,0.909,0,5,5,6,1,0,1,3,18,12,0
22009,201144,0020900954,"Mar 10, 2010",MEM @ BOS,W,29,5,9,0.556,2,3,0.667,0,0,0.0,1,5,6,6,0,0,3,3,12,10,0
22009,201144,0020900942,"Mar 08, 2010",MEM vs. NJN,W,35,9,18,0.5,2,5,0.4,1,2,0.5,0,1,1,4,1,0,2,2,21,-9,0
22009,201144,0020900929,"Mar 06, 2010",MEM vs. SAS,L,27,4,8,0.5,0,2,0.0,1,1,1.0,1,0,1,4,2,0,1,3,9,3,0
22009,201144,0020900911,"Mar 04, 2010",MEM @ CHI,W,41,6,15,0.4,0,2,0.0,2,2,1.0,1,0,1,8,1,0,2,2,14,10,0
22009,201144,0020900905,"Mar 03, 2010",MEM @ NOH,W,35,11,18,0.611,1,4,0.25,3,5,0.6,1,2,3,7,5,0,2,5,26,9,0
22009,201144,0020900890,"Mar 01, 2010",MEM vs. POR,L,33,5,8,0.625,2,4,0.5,1,2,0.5,0,3,3,5,2,0,7,3,13,-4,0
22009,201144,0020900874,"Feb 27, 2010",MEM @ NYK,W,38,7,11,0.636,2,3,0.667,2,4,0.5,0,3,3,5,1,0,0,1,18,20,0
22009,201144,0020900863,"Feb 26, 2010",MEM vs. CHA,L,31,4,8,0.5,3,3,1.0,2,2,1.0,0,2,2,3,1,0,2,1,13,-2,0
22009,201144,0020900847,"Feb 24, 2010",MEM @ WAS,W,30,0,6,0.0,0,1,0.0,2,2,1.0,0,0,0,6,0,0,3,1,2,-7,0
22009,201144,0020900841,"Feb 23, 2010",MEM vs. LAL,L,33,2,8,0.25,1,3,0.333,2,2,1.0,0,2,2,5,2,0,2,3,7,2,0
22009,201144,0020900826,"Feb 21, 2010",MEM @ NJN,W,30,3,12,0.25,1,3,0.333,1,2,0.5,2,1,3,6,2,0,3,3,8,2,0
22009,201144,0020900808,"Feb 19, 2010",MEM vs. MIA,L,45,3,9,0.333,1,3,0.333,3,4,0.75,1,5,6,7,2,1,5,6,10,-7,0
22009,201144,0020900793,"Feb 17, 2010",MEM @ TOR,W,40,6,12,0.5,1,2,0.5,0,0,0.0,0,7,7,8,1,1,0,0,13,29,0
22009,201144,0020900785,"Feb 16, 2010",MEM vs. PHX,L,35,3,12,0.25,1,3,0.333,3,4,0.75,0,1,1,11,3,0,0,3,10,-11,0
22009,201144,0020900764,"Feb 09, 2010",MEM vs. ATL,L,32,5,9,0.556,2,3,0.667,0,0,0.0,0,0,0,7,2,1,4,2,12,-6,0
22009,201144,0020900746,"Feb 06, 2010",MEM @ MIN,L,32,6,11,0.545,2,3,0.667,0,0,0.0,0,1,1,6,0,0,4,3,14,-5,0
22009,201144,0020900736,"Feb 05, 2010",MEM vs. HOU,L,29,2,8,0.25,0,2,0.0,0,0,0.0,0,3,3,5,4,1,2,2,4,-14,0
22009,201144,0020900711,"Feb 02, 2010",MEM @ CLE,L,20,1,6,0.167,0,4,0.0,1,2,0.5,1,1,2,0,1,0,2,0,3,-18,0
22009,201144,0020900706,"Feb 01, 2010",MEM vs. LAL,W,28,3,9,0.333,0,1,0.0,1,4,0.25,0,1,1,4,1,0,0,0,7,-1,0
22009,201144,0020900690,"Jan 30, 2010",MEM vs. NOH,L,35,4,16,0.25,0,4,0.0,2,2,1.0,2,2,4,5,2,0,0,6,10,8,0
22009,201144,0020900686,"Jan 29, 2010",MEM @ SAS,L,38,3,9,0.333,0,0,0.0,6,7,0.857,0,2,2,8,2,0,4,1,12,-3,0
22009,201144,0020900666,"Jan 27, 2010",MEM @ DET,W,36,5,11,0.455,2,3,0.667,2,2,1.0,0,2,2,6,0,0,2,2,14,12,0
22009,201144,0020900652,"Jan 25, 2010",MEM vs. ORL,W,36,6,10,0.6,2,3,0.667,0,0,0.0,0,1,1,7,2,0,3,1,14,12,0
22009,201144,0020900630,"Jan 22, 2010",MEM vs. OKC,W,36,4,8,0.5,4,5,0.8,2,2,1.0,0,2,2,4,2,1,4,1,14,-2,0
22009,201144,0020900616,"Jan 20, 2010",MEM @ NOH,L,23,4,9,0.444,2,5,0.4,2,2,1.0,0,5,5,2,3,0,2,4,12,3,0
22009,201144,0020900603,"Jan 18, 2010",MEM vs. PHX,W,37,2,7,0.286,1,2,0.5,0,0,0.0,0,5,5,9,2,0,3,3,5,5,0
22009,201144,0020900588,"Jan 16, 2010",MEM vs. SAS,W,34,4,9,0.444,2,2,1.0,0,0,0.0,0,2,2,3,0,0,2,2,10,0,0
22009,201144,0020900576,"Jan 15, 2010",MEM vs. MIN,W,30,7,10,0.7,4,5,0.8,0,0,0.0,0,0,0,8,0,0,1,0,18,32,0
22009,201144,0020900555,"Jan 12, 2010",MEM vs. LAC,W,31,5,11,0.455,2,2,1.0,1,1,1.0,1,2,3,5,0,1,2,3,13,5,0
22009,201144,0020900521,"Jan 08, 2010",MEM vs. UTA,W,33,3,9,0.333,0,3,0.0,2,3,0.667,2,1,3,5,2,0,5,3,8,3,0
22009,201144,0020900515,"Jan 06, 2010",MEM @ UTA,L,24,3,9,0.333,1,2,0.5,0,0,0.0,0,2,2,4,0,0,2,0,7,-14,0
22009,201144,0020900504,"Jan 05, 2010",MEM @ POR,W,28,3,8,0.375,1,2,0.5,0,1,0.0,0,2,2,5,1,0,4,6,7,6,0
22009,201144,0020900485,"Jan 02, 2010",MEM @ PHX,W,22,2,3,0.667,1,2,0.5,1,4,0.25,0,3,3,7,1,0,0,2,6,13,0
22009,201144,0020900460,"Dec 30, 2009",MEM @ IND,W,38,5,13,0.385,2,3,0.667,1,2,0.5,0,0,0,7,3,0,1,2,13,2,0
22009,201144,0020900447,"Dec 28, 2009",MEM vs. WAS,W,40,9,15,0.6,1,4,0.25,3,4,0.75,0,4,4,5,0,1,0,3,22,-4,0
22009,201144,0020900429,"Dec 26, 2009",MEM @ DAL,L,32,2,10,0.2,0,2,0.0,2,2,1.0,0,1,1,0,1,0,1,5,6,-13,0
22009,201144,0020900409,"Dec 22, 2009",MEM vs. GSW,W,39,5,15,0.333,1,2,0.5,0,0,0.0,0,1,1,6,2,0,1,1,11,5,0
22009,201144,0020900394,"Dec 20, 2009",MEM vs. DEN,W,33,4,11,0.364,0,1,0.0,3,4,0.75,1,2,3,5,2,0,4,0,11,1,0
22009,201144,0020900377,"Dec 18, 2009",MEM vs. IND,W,36,7,11,0.636,5,6,0.833,0,2,0.0,2,3,5,8,0,0,3,2,19,22,0
22009,201144,0020900358,"Dec 16, 2009",MEM @ ATL,L,31,6,8,0.75,0,0,0.0,0,0,0.0,0,2,2,5,1,0,1,1,12,-6,0
22009,201144,0020900346,"Dec 14, 2009",MEM vs. BOS,L,35,5,9,0.556,0,2,0.0,1,1,1.0,0,2,2,4,2,0,1,2,11,-12,0
22009,201144,0020900341,"Dec 13, 2009",MEM @ MIA,W,25,3,4,0.75,0,0,0.0,2,2,1.0,0,1,1,4,1,0,1,1,8,21,0
22009,201144,0020900326,"Dec 11, 2009",MEM vs. OKC,L,38,8,16,0.5,2,5,0.4,2,2,1.0,1,1,2,8,3,0,1,1,20,1,0
22009,201144,0020900304,"Dec 08, 2009",MEM vs. CLE,W,39,3,8,0.375,1,3,0.333,5,6,0.833,0,3,3,5,1,0,3,1,12,1,0
22009,201144,0020900276,"Dec 04, 2009",MEM vs. DAL,W,31,4,8,0.5,2,4,0.5,0,0,0.0,0,2,2,3,1,0,2,1,10,10,0
22009,201144,0020900265,"Dec 02, 2009",MEM @ MIN,W,33,8,12,0.667,4,7,0.571,0,0,0.0,0,2,2,3,2,1,0,1,20,-5,0
22009,201144,0020900240,"Nov 29, 2009",MEM @ LAC,L,19,5,9,0.556,1,5,0.2,0,0,0.0,0,1,1,2,0,0,1,2,11,-7,0
22009,201144,0020900232,"Nov 27, 2009",MEM @ POR,W,22,2,7,0.286,0,0,0.0,0,0,0.0,0,1,1,3,2,1,1,1,4,5,0
22009,201144,0020900217,"Nov 25, 2009",MEM @ PHX,L,26,3,8,0.375,0,1,0.0,2,2,1.0,0,2,2,3,0,0,2,2,8,-13,0
22009,201144,0020900198,"Nov 23, 2009",MEM vs. SAC,W,26,3,8,0.375,0,2,0.0,5,6,0.833,1,2,3,7,1,1,2,3,11,23,0
22009,201144,0020900185,"Nov 21, 2009",MEM vs. MIL,L,30,4,9,0.444,1,2,0.5,2,2,1.0,0,1,1,5,2,0,2,3,11,-10,0
22009,201144,0020900174,"Nov 20, 2009",MEM @ PHI,W,24,1,6,0.167,0,1,0.0,2,4,0.5,1,3,4,6,1,0,3,2,4,2,0
22009,201144,0020900164,"Nov 18, 2009",MEM vs. LAC,W,15,0,4,0.0,0,1,0.0,1,2,0.5,0,2,2,2,0,0,2,5,1,3,0
22009,201144,0020900140,"Nov 14, 2009",MEM vs. MIN,W,31,4,8,0.5,0,3,0.0,2,2,1.0,0,0,0,7,1,0,2,2,10,7,0
22009,201144,0020900118,"Nov 11, 2009",MEM @ HOU,L,17,1,6,0.167,0,1,0.0,0,0,0.0,0,3,3,3,1,0,2,2,2,-17,0
22009,201144,0020900106,"Nov 10, 2009",MEM vs. POR,L,31,3,10,0.3,1,3,0.333,0,0,0.0,0,0,0,4,0,0,0,2,7,-18,0
22009,201144,0020900091,"Nov 07, 2009",MEM @ LAC,L,32,6,13,0.462,1,2,0.5,3,5,0.6,0,0,0,6,1,1,6,1,16,7,0
22009,201144,0020900083,"Nov 06, 2009",MEM @ LAL,L,27,3,7,0.429,1,2,0.5,0,0,0.0,0,0,0,4,1,0,0,1,7,-6,0
22009,201144,0020900069,"Nov 04, 2009",MEM @ GSW,L,30,3,10,0.3,1,3,0.333,1,1,1.0,1,5,6,6,0,0,5,3,8,-17,0
22009,201144,0020900049,"Nov 02, 2009",MEM @ SAC,L,36,5,11,0.455,1,2,0.5,2,2,1.0,1,2,3,6,1,0,2,4,13,-6,0
22009,201144,0020900043,"Nov 01, 2009",MEM @ DEN,L,29,4,9,0.444,2,5,0.4,1,2,0.5,0,2,2,6,2,0,4,4,11,2,0
22009,201144,0020900025,"Oct 30, 2009",MEM vs. TOR,W,37,3,7,0.429,0,1,0.0,4,4,1.0,1,5,6,10,0,0,5,1,10,13,0
22009,201144,0020900010,"Oct 28, 2009",MEM vs. DET,L,32,1,4,0.25,1,2,0.5,0,0,0.0,0,0,0,3,1,0,2,3,3,-15,0
22008,201144,0020801222,"Apr 15, 2009",MEM vs. ATL,W,45,5,10,0.5,1,3,0.333,1,2,0.5,1,4,5,7,3,1,2,3,12,4,0
22008,201144,0020801211,"Apr 13, 2009",MEM @ PHX,L,38,5,14,0.357,1,5,0.2,1,2,0.5,1,1,2,6,7,0,0,4,12,-9,0
22008,201144,0020801201,"Apr 12, 2009",MEM @ LAL,L,36,2,12,0.167,1,7,0.143,1,1,1.0,0,7,7,4,0,0,3,2,6,-18,0
22008,201144,0020801181,"Apr 10, 2009",MEM vs. PHX,W,36,7,11,0.636,3,6,0.5,0,0,0.0,0,2,2,6,2,0,4,3,17,24,0
22008,201144,0020801164,"Apr 08, 2009",MEM @ ORL,L,42,7,11,0.636,1,2,0.5,2,2,1.0,0,2,2,1,1,0,2,2,17,0,0
22008,201144,0020801156,"Apr 07, 2009",MEM vs. POR,L,40,5,10,0.5,2,5,0.4,0,0,0.0,0,2,2,8,2,0,2,3,12,-5,0
22008,201144,0020801140,"Apr 04, 2009",MEM @ MIL,W,41,6,11,0.545,4,6,0.667,1,2,0.5,0,6,6,9,2,0,3,3,17,-2,0
22008,201144,0020801128,"Apr 03, 2009",MEM vs. DAL,W,38,10,16,0.625,4,5,0.8,1,2,0.5,0,2,2,5,2,0,0,2,25,1,0
22008,201144,0020801116,"Apr 01, 2009",MEM vs. WAS,W,42,6,11,0.545,4,6,0.667,6,6,1.0,0,5,5,6,3,2,2,2,22,12,0
22008,201144,0020801103,"Mar 30, 2009",MEM @ GSW,W,36,7,16,0.438,3,7,0.429,4,4,1.0,1,5,6,6,4,0,2,2,21,-13,0
22008,201144,0020801090,"Mar 28, 2009",MEM @ POR,L,35,0,8,0.0,0,1,0.0,2,2,1.0,2,4,6,3,0,0,2,0,2,-22,0
22008,201144,0020801082,"Mar 27, 2009",MEM @ SAC,W,37,7,13,0.538,3,5,0.6,3,4,0.75,0,6,6,5,1,1,1,3,20,18,0
22008,201144,0020801051,"Mar 23, 2009",MEM @ MIA,L,35,4,10,0.4,0,2,0.0,3,3,1.0,0,4,4,5,1,0,5,1,11,-13,0
22008,201144,0020801037,"Mar 21, 2009",MEM vs. BOS,L,29,5,9,0.556,0,2,0.0,2,2,1.0,0,4,4,3,1,0,2,0,12,-10,0
22008,201144,0020801028,"Mar 20, 2009",MEM @ NOH,L,34,2,9,0.222,1,3,0.333,2,2,1.0,0,4,4,3,0,0,2,3,7,-27,0
22008,201144,0020801013,"Mar 18, 2009",MEM vs. DEN,L,39,4,11,0.364,0,2,0.0,0,0,0.0,0,1,1,10,1,0,0,3,8,-2,0
22008,201144,0020800997,"Mar 16, 2009",MEM vs. POR,L,36,8,14,0.571,3,4,0.75,1,2,0.5,2,3,5,2,2,0,3,1,20,-7,0
22008,201144,0020800987,"Mar 15, 2009",MEM @ DET,W,40,6,11,0.545,3,5,0.6,5,5,1.0,0,3,3,3,1,0,7,2,20,3,0
22008,201144,0020800973,"Mar 13, 2009",MEM @ BOS,L,38,4,10,0.4,2,4,0.5,2,2,1.0,0,2,2,9,3,0,2,0,12,-9,0
22008,201144,0020800961,"Mar 11, 2009",MEM @ MIN,L,39,7,12,0.583,0,3,0.0,3,4,0.75,1,0,1,5,0,0,1,1,17,-14,0
22008,201144,0020800940,"Mar 08, 2009",MEM @ HOU,L,38,5,14,0.357,3,4,0.75,2,2,1.0,0,1,1,7,2,0,1,1,15,-12,0
22008,201144,0020800930,"Mar 07, 2009",MEM vs. PHI,L,44,14,21,0.667,2,6,0.333,1,1,1.0,0,4,4,9,1,1,4,3,31,-2,0
22008,201144,0020800914,"Mar 04, 2009",MEM @ LAC,W,2,0,0,0.0,0,0,0.0,0,0,0.0,0,0,0,1,0,0,0,1,0,-1,0
22008,201144,0020800904,"Mar 03, 2009",MEM @ LAL,L,37,4,13,0.308,1,3,0.333,4,4,1.0,1,4,5,6,0,0,2,1,13,-2,0
22008,201144,0020800878,"Feb 28, 2009",MEM vs. OKC,L,34,7,15,0.467,0,2,0.0,3,4,0.75,0,6,6,4,1,0,3,6,17,-4,0
22008,201144,0020800850,"Feb 25, 2009",MEM @ IND,L,36,5,11,0.455,1,2,0.5,2,4,0.5,0,1,1,8,3,0,2,4,13,-8,0
22008,201144,0020800842,"Feb 24, 2009",MEM @ CLE,L,35,4,10,0.4,3,5,0.6,1,2,0.5,0,2,2,7,2,0,1,2,12,-11,0
22008,201144,0020800813,"Feb 20, 2009",MEM vs. SAC,L,39,3,13,0.231,1,6,0.167,9,10,0.9,1,9,10,7,3,0,2,4,16,-8,0
22008,201144,0020800805,"Feb 18, 2009",MEM @ POR,L,39,7,12,0.583,1,1,1.0,0,0,0.0,0,4,4,10,0,0,2,3,15,-12,0
22008,201144,0020800796,"Feb 17, 2009",MEM @ UTA,L,30,5,9,0.556,2,3,0.667,1,1,1.0,1,3,4,4,2,0,3,2,13,-9,0
22008,201144,0020800776,"Feb 11, 2009",MEM @ PHI,L,37,6,14,0.429,0,2,0.0,1,1,1.0,0,7,7,3,0,0,6,3,13,-6,0
22008,201144,0020800762,"Feb 09, 2009",MEM vs. NOH,W,39,6,14,0.429,1,3,0.333,5,7,0.714,1,3,4,8,1,1,4,3,18,10,0
22008,201144,0020800746,"Feb 07, 2009",MEM vs. TOR,W,42,5,15,0.333,0,3,0.0,5,7,0.714,1,5,6,8,0,0,1,2,15,14,0
22008,201144,0020800737,"Feb 06, 2009",MEM vs. LAC,L,32,6,11,0.545,1,4,0.25,5,6,0.833,0,2,2,3,2,0,3,4,18,-25,0
22008,201144,0020800725,"Feb 04, 2009",MEM vs. HOU,W,37,4,10,0.4,2,5,0.4,0,0,0.0,1,8,9,7,0,0,1,1,10,4,0
22008,201144,0020800707,"Feb 02, 2009",MEM @ WAS,W,35,4,10,0.4,1,2,0.5,5,5,1.0,0,2,2,5,3,0,1,2,14,10,0
22008,201144,0020800695,"Jan 31, 2009",MEM vs. LAL,L,35,5,9,0.556,3,3,1.0,0,2,0.0,0,3,3,7,2,0,3,2,13,-10,0
22008,201144,0020800674,"Jan 28, 2009",MEM @ OKC,L,40,6,13,0.462,1,4,0.25,2,4,0.5,0,5,5,9,1,0,2,1,15,-3,0
22008,201144,0020800664,"Jan 27, 2009",MEM vs. DEN,L,28,2,9,0.222,0,2,0.0,2,2,1.0,0,2,2,4,0,0,4,2,6,-27,0
22008,201144,0020800642,"Jan 24, 2009",MEM vs. NJN,L,33,3,6,0.5,2,2,1.0,0,0,0.0,0,4,4,2,2,0,1,2,8,-9,0
22008,201144,0020800634,"Jan 23, 2009",MEM @ NYK,L,30,5,8,0.625,4,5,0.8,4,4,1.0,0,6,6,4,2,0,1,1,18,3,0
22008,201144,0020800617,"Jan 21, 2009",MEM @ CHA,L,30,2,5,0.4,1,2,0.5,0,0,0.0,0,0,0,5,2,0,4,1,5,-23,0
22008,201144,0020800609,"Jan 19, 2009",MEM vs. DET,L,32,4,5,0.8,0,0,0.0,2,2,1.0,0,3,3,5,0,0,1,2,10,2,0
22008,201144,0020800584,"Jan 16, 2009",MEM vs. UTA,L,29,2,6,0.333,1,3,0.333,10,12,0.833,0,0,0,2,1,0,1,0,15,10,0
22008,201144,0020800560,"Jan 13, 2009",MEM vs. CLE,L,18,1,4,0.25,1,2,0.5,0,0,0.0,0,2,2,0,0,0,0,2,3,-3,0
22008,201144,0020800530,"Jan 09, 2009",MEM @ TOR,L,12,0,3,0.0,0,0,0.0,0,0,0.0,0,2,2,4,0,0,2,0,0,-5,0
22008,201144,0020800518,"Jan 07, 2009",MEM @ NJN,L,25,3,6,0.5,0,1,0.0,0,0,0.0,1,3,4,2,2,0,3,0,6,-3,0
22008,201144,0020800509,"Jan 06, 2009",MEM vs. MIN,L,20,0,3,0.0,0,1,0.0,3,4,0.75,0,5,5,1,0,0,1,2,3,3,0
22008,201144,0020800498,"Jan 04, 2009",MEM vs. DAL,W,23,1,4,0.25,0,1,0.0,4,4,1.0,1,1,2,1,1,0,1,3,6,10,0
22008,201144,0020800480,"Jan 02, 2009",MEM vs. SAS,L,17,1,2,0.5,0,0,0.0,7,8,0.875,0,2,2,0,0,0,1,2,9,-2,0
22008,201144,0020800461,"Dec 30, 2008",MEM vs. PHX,L,19,0,5,0.0,0,2,0.0,2,2,1.0,0,3,3,0,0,0,0,4,2,-5,0
22008,201144,0020800453,"Dec 29, 2008",MEM @ MIN,L,19,1,4,0.25,0,1,0.0,2,2,1.0,0,3,3,1,0,0,2,0,4,0,0
22008,201144,0020800442,"Dec 27, 2008",MEM @ SAS,L,33,4,9,0.444,1,2,0.5,2,2,1.0,1,4,5,2,0,0,0,3,11,-4,0
22008,201144,0020800430,"Dec 26, 2008",MEM vs. IND,W,27,5,5,1.0,0,0,0.0,2,3,0.667,0,1,1,4,3,0,3,2,12,5,0
22008,201144,0020800418,"Dec 23, 2008",MEM @ DAL,L,23,4,12,0.333,0,2,0.0,0,0,0.0,0,2,2,3,0,0,1,0,8,-19,0
22008,201144,0020800405,"Dec 22, 2008",MEM vs. LAL,L,25,3,7,0.429,1,3,0.333,3,3,1.0,0,1,1,0,1,0,1,1,10,3,0
22008,201144,0020800384,"Dec 19, 2008",MEM vs. CHA,L,29,2,7,0.286,1,3,0.333,2,2,1.0,0,3,3,1,1,0,1,1,7,-7,0
22008,201144,0020800361,"Dec 16, 2008",MEM vs. NOH,L,18,2,5,0.4,1,2,0.5,1,2,0.5,0,0,0,4,1,0,0,3,6,-14,0
22008,201144,0020800348,"Dec 14, 2008",MEM vs. MIA,W,29,3,9,0.333,2,4,0.5,4,5,0.8,0,4,4,3,0,0,1,0,12,3,0
22008,201144,0020800331,"Dec 12, 2008",MEM vs. CHI,W,27,3,11,0.273,1,3,0.333,2,3,0.667,1,9,10,7,0,0,1,0,9,11,0
22008,201144,0020800317,"Dec 10, 2008",MEM @ OKC,W,19,5,8,0.625,1,3,0.333,5,6,0.833,0,2,2,1,0,0,2,0,16,5,0
22008,201144,0020800302,"Dec 08, 2008",MEM vs. HOU,W,24,4,6,0.667,1,2,0.5,1,1,1.0,0,3,3,1,0,0,0,0,10,10,0
22008,201144,0020800291,"Dec 06, 2008",MEM @ NOH,L,25,2,6,0.333,1,3,0.333,1,2,0.5,0,0,0,2,1,0,0,2,6,-2,0
22008,201144,0020800283,"Dec 05, 2008",MEM vs. LAC,W,24,4,7,0.571,2,2,1.0,0,0,0.0,0,3,3,4,0,0,1,0,10,9,0
22008,201144,0020800263,"Dec 03, 2008",MEM @ ATL,L,31,4,8,0.5,2,3,0.667,0,0,0.0,0,2,2,4,0,0,0,1,10,-12,0
22008,201144,0020800240,"Nov 29, 2008",MEM vs. OKC,L,31,3,3,1.0,1,1,1.0,1,1,1.0,0,2,2,6,0,0,3,0,8,5,0
22008,201144,0020800232,"Nov 28, 2008",MEM @ SAS,L,30,6,7,0.857,1,1,1.0,0,0,0.0,0,2,2,4,1,0,0,3,13,-6,0
22008,201144,0020800219,"Nov 26, 2008",MEM @ UTA,L,18,3,6,0.5,1,2,0.5,0,0,0.0,1,1,2,3,0,0,1,2,7,-3,0
22008,201144,0020800201,"Nov 24, 2008",MEM vs. SAS,L,30,1,6,0.167,0,0,0.0,0,0,0.0,1,3,4,2,1,0,0,1,2,-1,0
22008,201144,0020800190,"Nov 22, 2008",MEM vs. UTA,L,29,6,9,0.667,2,3,0.667,0,0,0.0,1,0,1,8,1,1,0,1,14,6,0
22008,201144,0020800177,"Nov 21, 2008",MEM @ DAL,L,32,6,12,0.5,0,0,0.0,2,4,0.5,0,2,2,0,0,0,3,1,14,-16,0
22008,201144,0020800155,"Nov 18, 2008",MEM vs. SAC,W,25,4,8,0.5,0,1,0.0,1,2,0.5,0,4,4,7,0,0,2,1,9,15,0
22008,201144,0020800126,"Nov 14, 2008",MEM vs. MIL,L,34,3,9,0.333,0,2,0.0,1,1,1.0,0,7,7,4,3,1,1,2,7,-7,0
22008,201144,0020800110,"Nov 12, 2008",MEM vs. NYK,L,22,2,7,0.286,0,3,0.0,2,2,1.0,2,5,7,2,0,0,2,2,6,-12,0
22008,201144,0020800097,"Nov 10, 2008",MEM @ PHX,L,25,0,6,0.0,0,1,0.0,0,0,0.0,0,2,2,2,3,0,2,1,0,-12,0
22008,201144,0020800090,"Nov 09, 2008",MEM @ DEN,L,20,2,6,0.333,0,0,0.0,0,0,0.0,1,4,5,4,0,0,3,4,4,-10,0
22008,201144,0020800077,"Nov 07, 2008",MEM @ GSW,W,32,4,7,0.571,0,1,0.0,2,2,1.0,0,2,2,6,1,0,2,3,10,7,0
22008,201144,0020800061,"Nov 05, 2008",MEM @ SAC,L,17,1,3,0.333,0,1,0.0,2,3,0.667,0,0,0,6,1,0,2,2,4,-5,0
22008,201144,0020800045,"Nov 03, 2008",MEM vs. GSW,W,29,1,6,0.167,0,0,0.0,1,2,0.5,0,3,3,7,1,0,0,0,3,7,0
22008,201144,0020800034,"Nov 01, 2008",MEM @ CHI,L,18,2,5,0.4,0,0,0.0,2,2,1.0,1,2,3,2,1,0,2,0,6,-8,0
22008,201144,0020800023,"Oct 31, 2008",MEM vs. ORL,W,25,3,9,0.333,1,4,0.25,0,0,0.0,0,2,2,2,0,0,1,2,7,-9,0
22008,201144,0020800012,"Oct 29, 2008",MEM @ HOU,L,32,3,8,0.375,0,2,0.0,2,2,1.0,0,4,4,3,1,0,0,2,8,-16,0
22007,201144,0020701228,"Apr 16, 2008",MEM @ DEN,L,23,5,11,0.455,2,4,0.5,0,0,0.0,0,3,3,6,1,0,1,5,12,6,0
22007,201144,0020701215,"Apr 15, 2008",MEM @ POR,L,35,4,11,0.364,1,5,0.2,4,6,0.667,3,4,7,8,0,0,2,2,13,-21,0
22007,201144,0020701191,"Apr 12, 2008",MEM vs. MIN,L,32,8,14,0.571,2,4,0.5,7,7,1.0,0,2,2,5,2,0,0,2,25,1,0
22007,201144,0020701182,"Apr 11, 2008",MEM @ MIA,W,35,5,10,0.5,3,5,0.6,2,4,0.5,1,6,7,3,2,0,2,2,15,-6,0
22007,201144,0020701158,"Apr 08, 2008",MEM vs. PHX,L,36,7,12,0.583,3,4,0.75,2,3,0.667,0,7,7,5,0,0,2,6,19,-20,0
22007,201144,0020701148,"Apr 06, 2008",MEM @ MIN,W,23,2,9,0.222,0,2,0.0,0,0,0.0,0,4,4,3,2,1,2,1,4,8,0
22007,201144,0020701130,"Apr 04, 2008",MEM vs. GSW,L,20,4,12,0.333,0,1,0.0,0,0,0.0,0,2,2,2,1,0,1,1,8,-23,0
22007,201144,0020701118,"Apr 02, 2008",MEM vs. NYK,W,20,8,10,0.8,2,4,0.5,0,0,0.0,0,3,3,2,0,0,0,2,18,15,0
22007,201144,0020701101,"Mar 31, 2008",MEM vs. ATL,L,17,1,5,0.2,0,0,0.0,0,0,0.0,1,0,1,1,0,0,2,2,2,-25,0
22007,201144,0020701089,"Mar 29, 2008",MEM @ LAC,L,32,6,12,0.5,1,3,0.333,4,4,1.0,0,1,1,5,0,0,4,2,17,-10,0
22007,201144,0020701082,"Mar 28, 2008",MEM @ LAL,W,24,1,6,0.167,0,2,0.0,4,4,1.0,0,3,3,5,0,0,2,3,6,11,0
22007,201144,0020701067,"Mar 26, 2008",MEM @ SAC,L,23,4,9,0.444,0,2,0.0,1,2,0.5,0,2,2,3,0,0,2,2,9,-8,0
22007,201144,0020701048,"Mar 24, 2008",MEM vs. DEN,L,24,1,5,0.2,0,0,0.0,1,2,0.5,1,5,6,4,1,0,1,2,3,-20,0
22007,201144,0020701032,"Mar 22, 2008",MEM vs. SAC,W,27,4,6,0.667,1,1,1.0,1,2,0.5,1,1,2,6,1,0,3,3,10,11,0
22007,201144,0020701022,"Mar 21, 2008",MEM @ NYK,W,30,5,8,0.625,1,1,1.0,0,0,0.0,0,3,3,6,1,0,3,2,11,15,0
22007,201144,0020701013,"Mar 19, 2008",MEM @ MIN,L,27,3,10,0.3,0,1,0.0,3,4,0.75,0,3,3,0,1,0,1,3,9,-9,0
22007,201144,0020700994,"Mar 17, 2008",MEM vs. CHA,W,27,3,8,0.375,0,1,0.0,2,4,0.5,0,3,3,5,0,0,1,0,8,14,0
22007,201144,0020700983,"Mar 15, 2008",MEM @ GSW,L,28,2,5,0.4,0,0,0.0,1,2,0.5,0,2,2,2,1,0,2,3,5,-13,0
22007,201144,0020700961,"Mar 12, 2008",MEM @ DEN,L,27,2,13,0.154,0,1,0.0,0,0,0.0,0,2,2,3,0,0,4,1,4,-3,0
22007,201144,0020700950,"Mar 11, 2008",MEM @ PHX,L,23,5,13,0.385,0,1,0.0,0,0,0.0,1,4,5,4,0,0,1,2,10,-6,0
22007,201144,0020700929,"Mar 08, 2008",MEM vs. BOS,L,24,5,8,0.625,1,1,1.0,0,0,0.0,1,0,1,3,0,0,3,1,11,-17,0
22007,201144,0020700903,"Mar 05, 2008",MEM vs. NJN,W,13,0,2,0.0,0,0,0.0,1,2,0.5,0,1,1,1,0,0,2,4,1,3,0
22007,201144,0020700893,"Mar 04, 2008",MEM @ CHI,L,16,0,6,0.0,0,0,0.0,0,0,0.0,0,1,1,1,1,0,1,0,0,-15,0
22007,201144,0020700871,"Mar 01, 2008",MEM vs. UTA,L,28,3,6,0.5,0,1,0.0,0,0,0.0,0,0,0,3,0,0,2,0,6,-12,0
22007,201144,0020700864,"Feb 29, 2008",MEM @ HOU,L,17,3,9,0.333,1,2,0.5,2,2,1.0,0,1,1,1,2,0,0,0,9,-20,0
22007,201144,0020700840,"Feb 26, 2008",MEM vs. PHX,L,31,7,15,0.467,0,3,0.0,1,1,1.0,0,2,2,11,2,0,3,4,15,-10,0
22007,201144,0020700826,"Feb 24, 2008",MEM @ CLE,L,20,4,7,0.571,0,0,0.0,2,5,0.4,0,1,1,4,2,0,0,1,10,-8,0
22007,201144,0020700810,"Feb 22, 2008",MEM vs. DAL,L,31,4,13,0.308,1,3,0.333,2,2,1.0,0,0,0,4,0,0,2,0,11,-2,0
22007,201144,0020700798,"Feb 20, 2008",MEM @ LAC,L,32,5,10,0.5,1,1,1.0,5,6,0.833,1,2,3,2,1,0,3,1,16,-9,0
22007,201144,0020700788,"Feb 19, 2008",MEM @ SEA,L,31,3,9,0.333,0,0,0.0,2,2,1.0,0,4,4,9,2,0,1,2,8,-12,0
22007,201144,0020700765,"Feb 13, 2008",MEM @ PHI,L,9,0,3,0.0,0,0,0.0,0,0,0.0,0,0,0,1,1,0,0,0,0,-20,0
22007,201144,0020700762,"Feb 12, 2008",MEM vs. SAC,W,31,5,7,0.714,0,0,0.0,1,2,0.5,1,1,2,4,2,0,1,3,11,7,0
22007,201144,0020700739,"Feb 09, 2008",MEM @ NOH,L,33,6,11,0.545,0,2,0.0,4,4,1.0,1,3,4,4,1,0,4,4,16,-7,0
22007,201144,0020700733,"Feb 08, 2008",MEM @ DAL,L,34,2,8,0.25,0,1,0.0,4,5,0.8,0,4,4,5,0,0,0,0,8,-9,0
22007,201144,0020700626,"Jan 25, 2008",MEM @ WAS,L,14,2,4,0.5,0,0,0.0,3,4,0.75,1,0,1,1,0,0,2,1,7,-17,0
22007,201144,0020700614,"Jan 23, 2008",MEM vs. ORL,L,37,5,13,0.385,0,3,0.0,3,5,0.6,0,3,3,5,1,0,1,2,13,-25,0
22007,201144,0020700604,"Jan 21, 2008",MEM vs. CHI,W,33,4,5,0.8,0,1,0.0,2,2,1.0,0,2,2,10,1,0,2,1,10,13,0
22007,201144,0020700584,"Jan 19, 2008",MEM @ CHA,L,37,3,10,0.3,0,2,0.0,2,2,1.0,0,4,4,3,0,1,1,1,8,-20,0
22007,201144,0020700578,"Jan 18, 2008",MEM vs. SEA,W,30,3,8,0.375,1,3,0.333,0,0,0.0,0,3,3,8,1,0,0,1,7,28,0
22007,201144,0020700558,"Jan 15, 2008",MEM vs. CLE,L,39,7,10,0.7,2,3,0.667,4,6,0.667,0,1,1,7,2,0,4,1,20,-9,0
22007,201144,0020700546,"Jan 13, 2008",MEM @ LAL,L,24,4,12,0.333,2,5,0.4,0,0,0.0,1,3,4,7,1,0,2,2,10,2,0
22007,201144,0020700532,"Jan 11, 2008",MEM @ GSW,L,19,2,6,0.333,0,1,0.0,1,1,1.0,1,1,2,1,0,0,1,0,5,-26,0
22007,201144,0020700521,"Jan 10, 2008",MEM @ SAC,L,30,5,9,0.556,2,5,0.4,3,4,0.75,0,1,1,3,1,0,4,1,15,-18,0
22007,201144,0020700504,"Jan 08, 2008",MEM vs. LAL,L,38,5,15,0.333,1,2,0.5,0,0,0.0,2,3,5,6,2,0,2,2,11,-5,0
22007,201144,0020700494,"Jan 06, 2008",MEM vs. MIA,W,35,4,8,0.5,0,1,0.0,3,4,0.75,1,4,5,7,2,0,4,0,11,10,0
22007,201144,0020700475,"Jan 04, 2008",MEM @ BOS,L,35,4,9,0.444,1,3,0.333,1,2,0.5,0,2,2,4,1,0,2,1,10,5,0
22007,201144,0020700461,"Jan 02, 2008",MEM @ IND,W,35,3,7,0.429,0,2,0.0,1,2,0.5,0,6,6,8,3,0,1,2,7,23,0
22007,201144,0020700446,"Dec 30, 2007",MEM @ SAS,L,20,2,4,0.5,0,0,0.0,2,5,0.4,0,3,3,0,0,0,1,1,6,-9,0
22007,201144,0020700138,"Nov 17, 2007",MEM @ DAL,L,5,1,2,0.5,0,1,0.0,0,0,0.0,1,0,1,1,0,0,0,0,2,-5,0
22007,201144,0020700110,"Nov 14, 2007",MEM @ MIL,L,18,2,3,0.667,0,0,0.0,2,2,1.0,0,1,1,6,0,0,1,0,6,9,0
22007,201144,0020700083,"Nov 10, 2007",MEM @ UTA,L,23,2,5,0.4,0,0,0.0,6,8,0.75,1,1,2,9,0,0,2,1,10,-10,0
22007,201144,0020700075,"Nov 09, 2007",MEM @ POR,L,17,3,4,0.75,1,1,1.0,1,1,1.0,1,0,1,4,1,0,1,1,8,-13,0
22007,201144,0020700061,"Nov 07, 2007",MEM @ SEA,W,9,1,5,0.2,0,2,0.0,0,0,0.0,0,0,0,1,1,0,0,1,2,-5,0
