SEASON_ID,Player_ID,Game_ID,GAME_DATE,MATCHUP,WL,MIN,FGM,FGA,FG_PCT,FG3M,FG3A,FG3_PCT,FTM,FTA,FT_PCT,OREB,DREB,REB,AST,STL,BLK,TOV,PF,PTS,PLUS_MINUS,VIDEO_AVAILABLE
22025,201572,0022501199,"Apr 12, 2026",LAC vs. GSW,W,23,3,8,0.375,1,4,0.25,0,0,0.0,3,5,8,0,1,0,1,4,7,-6,1
22025,201572,0022501183,"Apr 10, 2026",LAC @ POR,L,36,8,15,0.533,5,11,0.455,0,0,0.0,2,4,6,1,0,0,2,3,21,-6,1
22025,201572,0022501163,"Apr 08, 2026",LAC vs. OKC,L,30,6,12,0.5,3,5,0.6,1,3,0.333,1,5,6,3,0,0,1,4,16,-29,1
22025,201572,0022501156,"Apr 07, 2026",LAC vs. DAL,W,25,4,8,0.5,1,3,0.333,0,1,0.0,3,8,11,3,0,4,1,3,9,10,1
22025,201572,0022501141,"Apr 05, 2026",LAC @ SAC,W,19,2,5,0.4,1,3,0.333,4,4,1.0,0,2,2,0,0,0,1,2,9,15,1
22025,201572,0022501119,"Apr 02, 2026",LAC vs. SAS,L,24,3,12,0.25,0,4,0.0,0,0,0.0,1,5,6,3,0,1,0,4,6,-12,1
22025,201572,0022501104,"Mar 31, 2026",LAC vs. POR,L,36,7,16,0.438,2,8,0.25,2,2,1.0,3,4,7,2,0,3,1,3,18,-11,1
22025,201572,0022501082,"Mar 29, 2026",LAC @ MIL,W,25,2,3,0.667,0,1,0.0,4,5,0.8,0,7,7,1,3,2,0,2,8,23,1
22025,201572,0022501066,"Mar 27, 2026",LAC @ IND,W,33,6,11,0.545,3,6,0.5,1,1,1.0,2,7,9,4,0,2,1,3,16,10,1
22025,201572,0022501062,"Mar 25, 2026",LAC vs. TOR,W,25,5,10,0.5,3,6,0.5,1,1,1.0,0,5,5,0,2,5,1,2,14,10,1
22025,201572,0022501046,"Mar 23, 2026",LAC vs. MIL,W,22,7,9,0.778,5,6,0.833,0,0,0.0,0,3,3,3,1,2,1,4,19,28,1
22025,201572,0022501029,"Mar 21, 2026",LAC @ DAL,W,35,4,8,0.5,2,6,0.333,0,2,0.0,1,8,9,2,0,2,2,1,10,1,1
22025,201572,0022501012,"Mar 19, 2026",LAC @ NOP,L,29,2,9,0.222,0,3,0.0,2,6,0.333,2,1,3,2,0,1,3,5,6,-8,1
22025,201572,0022501005,"Mar 18, 2026",LAC @ NOP,L,31,5,12,0.417,0,3,0.0,1,2,0.5,3,2,5,4,0,0,0,1,11,-14,1
22025,201572,0022500990,"Mar 16, 2026",LAC vs. SAS,L,24,1,2,0.5,1,1,1.0,0,0,0.0,0,1,1,1,1,2,0,1,3,-15,1
22025,201572,0022500975,"Mar 14, 2026",LAC vs. SAC,L,22,0,2,0.0,0,1,0.0,0,0,0.0,0,0,0,2,1,2,0,1,0,-13,1
22025,201572,0022500968,"Mar 13, 2026",LAC vs. CHI,W,31,5,10,0.5,1,4,0.25,0,0,0.0,0,7,7,2,0,5,0,3,11,4,1
22025,201572,0022500952,"Mar 11, 2026",LAC vs. MIN,W,24,1,2,0.5,1,2,0.5,0,0,0.0,0,3,3,0,0,1,1,3,3,17,1
22025,201572,0022500935,"Mar 09, 2026",LAC vs. NYK,W,30,5,8,0.625,3,5,0.6,3,3,1.0,1,3,4,3,0,1,0,1,16,23,1
22025,201572,0022500918,"Mar 07, 2026",LAC @ MEM,W,12,2,4,0.5,0,1,0.0,0,1,0.0,0,1,1,0,0,0,0,1,4,-1,1
22025,201572,0022500913,"Mar 06, 2026",LAC @ SAS,L,34,11,19,0.579,4,8,0.5,0,0,0.0,1,5,6,2,4,0,2,1,26,0,1
22025,201572,0022500898,"Mar 04, 2026",LAC vs. IND,W,21,7,12,0.583,1,3,0.333,2,3,0.667,3,0,3,2,0,0,0,2,17,5,1
22025,201572,0022500882,"Mar 02, 2026",LAC @ GSW,W,24,3,8,0.375,0,4,0.0,0,0,0.0,1,3,4,2,0,0,0,3,6,7,1
22025,201572,0022500877,"Mar 01, 2026",LAC vs. NOP,W,26,6,9,0.667,4,6,0.667,0,0,0.0,0,7,7,3,1,0,1,4,16,15,1
22025,201572,0022500857,"Feb 26, 2026",LAC vs. MIN,L,32,2,12,0.167,2,7,0.286,2,2,1.0,0,6,6,2,2,0,3,2,8,0,1
22025,201572,0022500827,"Feb 22, 2026",LAC vs. ORL,L,22,3,6,0.5,1,1,1.0,3,3,1.0,0,4,4,1,1,0,0,4,10,-4,1
22025,201572,0022500809,"Feb 20, 2026",LAC @ LAL,L,35,7,12,0.583,1,3,0.333,1,1,1.0,3,7,10,1,2,3,0,2,16,0,1
22025,201572,0022500801,"Feb 19, 2026",LAC vs. DEN,W,31,4,10,0.4,0,4,0.0,0,0,0.0,1,5,6,2,1,1,1,4,8,-3,1
22025,201572,0022500782,"Feb 11, 2026",LAC @ HOU,W,37,6,10,0.6,3,7,0.429,0,0,0.0,0,1,1,3,2,2,1,1,15,2,1
22025,201572,0022500772,"Feb 10, 2026",LAC @ HOU,L,29,3,6,0.5,1,2,0.5,0,0,0.0,0,2,2,0,1,1,2,3,7,-8,1
22025,201572,0022500760,"Feb 08, 2026",LAC @ MIN,W,26,2,5,0.4,1,3,0.333,0,0,0.0,0,2,2,2,0,2,1,1,5,18,1
22025,201572,0022500746,"Feb 06, 2026",LAC @ SAC,W,36,5,12,0.417,2,3,0.667,3,4,0.75,1,8,9,2,1,3,1,2,15,12,1
22025,201572,0022500732,"Feb 04, 2026",LAC vs. CLE,L,23,2,6,0.333,1,4,0.25,0,0,0.0,1,1,2,1,1,0,0,1,5,-17,1
22025,201572,0022500715,"Feb 02, 2026",LAC vs. PHI,L,20,5,11,0.455,3,6,0.5,0,0,0.0,0,1,1,1,0,1,1,5,13,-18,1
22025,201572,0022500709,"Feb 01, 2026",LAC @ PHX,W,21,3,7,0.429,1,2,0.5,1,1,1.0,1,0,1,3,0,1,0,3,8,19,1
22025,201572,0022500695,"Jan 30, 2026",LAC @ DEN,L,16,0,0,0.0,0,0,0.0,0,0,0.0,0,3,3,0,2,1,1,4,0,-10,1
22025,201572,0022500670,"Jan 27, 2026",LAC @ UTA,W,20,4,7,0.571,3,6,0.5,3,3,1.0,0,5,5,0,0,1,0,0,14,13,1
22025,201572,0022500656,"Jan 25, 2026",LAC vs. BKN,W,18,1,3,0.333,1,3,0.333,0,0,0.0,0,3,3,2,0,2,1,1,3,31,1
22025,201572,0022500633,"Jan 22, 2026",LAC vs. LAL,W,15,4,6,0.667,2,4,0.5,0,0,0.0,0,2,2,2,0,0,1,2,10,-9,1
22025,201572,0022500614,"Jan 20, 2026",LAC @ CHI,L,14,0,3,0.0,0,2,0.0,0,0,0.0,0,1,1,0,0,3,3,1,0,-11,1
22025,201572,0022500608,"Jan 19, 2026",LAC @ WAS,W,20,2,7,0.286,0,5,0.0,2,2,1.0,0,2,2,0,4,1,0,0,6,3,1
22025,201572,0022500590,"Jan 16, 2026",LAC @ TOR,W,13,1,4,0.25,1,3,0.333,0,0,0.0,1,0,1,0,0,0,1,3,3,-2,1
22025,201572,0022500577,"Jan 14, 2026",LAC vs. WAS,W,21,4,10,0.4,1,6,0.167,2,2,1.0,2,2,4,1,0,1,0,1,11,-5,1
22025,201572,0022500563,"Jan 12, 2026",LAC vs. CHA,W,20,3,6,0.5,3,6,0.5,0,0,0.0,0,4,4,1,1,0,1,2,9,7,1
22025,201572,0022500544,"Jan 10, 2026",LAC @ DET,W,12,0,4,0.0,0,4,0.0,0,0,0.0,0,3,3,0,0,0,0,2,0,-6,1
22025,201572,0022500535,"Jan 09, 2026",LAC @ BKN,W,21,1,3,0.333,0,2,0.0,1,1,1.0,0,5,5,3,2,2,0,2,3,9,1
22025,201572,0022500522,"Jan 07, 2026",LAC @ NYK,L,16,2,8,0.25,2,8,0.25,0,0,0.0,0,0,0,0,0,1,0,0,6,-3,1
22025,201572,0022500508,"Jan 05, 2026",LAC vs. GSW,W,15,0,4,0.0,0,4,0.0,0,0,0.0,0,3,3,3,1,2,0,1,0,8,1
22025,201572,0022500493,"Jan 03, 2026",LAC vs. BOS,L,13,2,6,0.333,2,5,0.4,0,0,0.0,0,1,1,0,0,0,1,0,6,-17,1
22025,201572,0022500475,"Jan 01, 2026",LAC vs. UTA,W,20,1,12,0.083,1,12,0.083,0,0,0.0,0,2,2,1,1,1,0,1,3,2,1
22025,201572,0022500461,"Dec 30, 2025",LAC vs. SAC,W,23,2,9,0.222,2,4,0.5,2,2,1.0,1,5,6,3,1,1,1,1,8,14,1
22025,201572,0022500445,"Dec 28, 2025",LAC vs. DET,W,36,3,7,0.429,1,4,0.25,0,0,0.0,2,5,7,2,2,1,2,3,7,13,1
22025,201572,0022500431,"Dec 26, 2025",LAC @ POR,W,33,9,16,0.563,9,14,0.643,4,4,1.0,0,5,5,1,0,2,1,2,31,4,1
22025,201572,0022500422,"Dec 23, 2025",LAC vs. HOU,W,27,1,5,0.2,1,4,0.25,2,2,1.0,1,5,6,4,0,2,0,2,5,13,1
22025,201572,0022500395,"Dec 20, 2025",LAC vs. LAL,W,25,4,7,0.571,3,6,0.5,0,0,0.0,0,5,5,0,0,2,4,3,11,7,1
22025,201572,0022500369,"Dec 18, 2025",LAC @ OKC,L,15,2,4,0.5,1,1,1.0,1,2,0.5,2,3,5,2,0,1,1,1,6,-5,1
22025,201572,0022501205,"Dec 11, 2025",LAC @ HOU,L,13,0,1,0.0,0,0,0.0,0,0,0.0,0,0,0,0,1,1,0,1,0,-11,1
22025,201572,0022500355,"Dec 06, 2025",LAC @ MIN,L,10,1,5,0.2,1,4,0.25,0,0,0.0,0,0,0,0,0,1,1,3,3,-5,1
22025,201572,0022500278,"Nov 23, 2025",LAC @ CLE,L,11,0,2,0.0,0,1,0.0,0,0,0.0,0,1,1,0,0,0,0,1,0,-24,1
22025,201572,0022500268,"Nov 22, 2025",LAC @ CHA,W,15,4,10,0.4,3,7,0.429,0,0,0.0,0,1,1,1,0,1,0,2,11,7,1
22025,201572,0022500264,"Nov 20, 2025",LAC @ ORL,L,6,1,4,0.25,1,2,0.5,0,0,0.0,0,0,0,0,0,2,0,2,3,-7,1
22025,201572,0022500243,"Nov 17, 2025",LAC @ PHI,L,14,2,5,0.4,1,3,0.333,1,1,1.0,0,1,1,0,0,0,1,2,6,5,1
22025,201572,0022500233,"Nov 16, 2025",LAC @ BOS,L,14,1,2,0.5,1,2,0.5,2,2,1.0,0,2,2,3,1,1,0,2,5,11,1
22025,201572,0022500046,"Nov 14, 2025",LAC @ DAL,W,10,0,1,0.0,0,1,0.0,0,0,0.0,0,3,3,0,0,0,0,1,0,-13,1
22025,201572,0022500224,"Nov 12, 2025",LAC vs. DEN,L,16,4,7,0.571,2,4,0.5,0,0,0.0,0,1,1,1,0,1,1,4,10,-2,1
22025,201572,0022500206,"Nov 10, 2025",LAC vs. ATL,L,17,2,5,0.4,2,4,0.5,3,4,0.75,0,0,0,2,0,1,3,2,9,-4,1
22025,201572,0022500190,"Nov 08, 2025",LAC vs. PHX,L,13,4,5,0.8,0,1,0.0,0,0,0.0,0,0,0,0,0,2,0,1,8,-1,1
22025,201572,0022500182,"Nov 06, 2025",LAC @ PHX,L,18,3,6,0.5,0,3,0.0,0,0,0.0,0,3,3,0,1,0,2,2,6,0,1
22025,201572,0022500170,"Nov 04, 2025",LAC vs. OKC,L,16,4,7,0.571,4,4,1.0,0,0,0.0,1,1,2,0,0,0,2,2,12,-29,1
22025,201572,0022500164,"Nov 03, 2025",LAC vs. MIA,L,15,2,7,0.286,1,6,0.167,0,0,0.0,0,1,1,0,1,0,0,1,5,5,1
22025,201572,0022500027,"Oct 31, 2025",LAC vs. NOP,W,14,1,5,0.2,0,3,0.0,1,2,0.5,1,2,3,0,1,1,1,0,3,0,1
22025,201572,0022500127,"Oct 28, 2025",LAC @ GSW,L,19,1,6,0.167,0,4,0.0,1,2,0.5,0,2,2,1,0,0,0,0,3,-6,1
22025,201572,0022500112,"Oct 26, 2025",LAC vs. POR,W,13,2,5,0.4,1,4,0.25,0,0,0.0,0,3,3,0,0,3,0,2,5,1,1
22025,201572,0022500099,"Oct 24, 2025",LAC vs. PHX,W,18,2,5,0.4,2,4,0.5,0,0,0.0,1,6,7,1,0,2,1,2,6,11,1
22025,201572,0022500087,"Oct 22, 2025",LAC @ UTA,L,17,5,12,0.417,5,11,0.455,0,0,0.0,1,2,3,0,1,0,2,3,15,-6,1
22024,201572,0022401171,"Apr 11, 2025",MIL @ DET,W,25,5,11,0.455,1,3,0.333,4,4,1.0,1,6,7,1,0,3,0,1,15,-10,1
22024,201572,0022401161,"Apr 10, 2025",MIL vs. NOP,W,23,1,5,0.2,1,4,0.25,0,0,0.0,0,1,1,1,0,1,2,0,3,7,1
22024,201572,0022401152,"Apr 08, 2025",MIL vs. MIN,W,28,4,9,0.444,2,5,0.4,0,0,0.0,0,2,2,1,0,0,2,2,10,-18,1
22024,201572,0022400617,"Apr 06, 2025",MIL @ NOP,W,34,8,16,0.5,2,6,0.333,2,2,1.0,5,7,12,3,0,4,0,0,20,8,1
22024,201572,0022401131,"Apr 05, 2025",MIL @ MIA,W,30,7,11,0.636,1,4,0.25,2,2,1.0,0,5,5,0,0,1,1,4,17,-1,1
22024,201572,0022401115,"Apr 03, 2025",MIL @ PHI,W,31,7,11,0.636,2,3,0.667,1,3,0.333,2,1,3,1,0,3,0,4,17,9,1
22024,201572,0022401101,"Apr 01, 2025",MIL vs. PHX,W,38,10,13,0.769,2,3,0.667,0,0,0.0,0,6,6,6,0,1,4,4,22,15,1
22024,201572,0022401083,"Mar 30, 2025",MIL vs. ATL,L,30,2,4,0.5,0,2,0.0,1,2,0.5,0,1,1,1,1,1,1,1,5,-11,1
22024,201572,0022401070,"Mar 28, 2025",MIL vs. NYK,L,34,3,5,0.6,1,2,0.5,0,2,0.0,2,3,5,6,0,2,2,2,7,-8,1
22024,201572,0022401057,"Mar 26, 2025",MIL @ DEN,L,38,12,17,0.706,2,5,0.4,0,0,0.0,5,2,7,3,1,3,1,3,26,-14,1
22024,201572,0022401043,"Mar 24, 2025",MIL @ PHX,L,42,8,14,0.571,2,6,0.333,5,6,0.833,4,6,10,3,2,0,1,0,23,5,1
22024,201572,0022401027,"Mar 22, 2025",MIL @ SAC,W,36,8,15,0.533,3,6,0.5,2,3,0.667,2,1,3,2,1,1,1,2,21,5,1
22024,201572,0022400996,"Mar 20, 2025",MIL @ LAL,W,32,4,8,0.5,1,3,0.333,2,2,1.0,3,4,7,0,0,2,1,3,11,17,1
22024,201572,0022401012,"Mar 18, 2025",MIL @ GSW,L,33,7,10,0.7,2,4,0.5,0,0,0.0,1,3,4,1,1,0,0,0,16,-6,1
22024,201572,0022400982,"Mar 16, 2025",MIL vs. OKC,L,33,3,8,0.375,0,3,0.0,2,2,1.0,2,3,5,0,1,2,2,3,8,-11,1
22024,201572,0022400972,"Mar 15, 2025",MIL vs. IND,W,33,4,5,0.8,1,1,1.0,1,1,1.0,0,2,2,1,0,0,4,2,10,-5,1
22024,201572,0022400955,"Mar 13, 2025",MIL vs. LAL,W,30,8,9,0.889,3,4,0.75,4,5,0.8,1,3,4,5,1,4,0,3,23,22,1
22024,201572,0022400942,"Mar 11, 2025",MIL @ IND,L,36,9,11,0.818,2,4,0.5,3,3,1.0,2,5,7,1,1,0,1,1,23,16,1
22024,201572,0022400922,"Mar 09, 2025",MIL vs. CLE,L,30,2,5,0.4,1,4,0.25,2,2,1.0,4,5,9,0,0,2,3,4,7,-6,1
22024,201572,0022400917,"Mar 08, 2025",MIL vs. ORL,L,27,3,4,0.75,2,2,1.0,0,0,0.0,0,2,2,0,1,1,1,3,8,-11,1
22024,201572,0022400897,"Mar 05, 2025",MIL vs. DAL,W,23,1,1,1.0,0,0,0.0,0,0,0.0,0,2,2,1,0,2,0,1,2,28,1
22024,201572,0022400884,"Mar 04, 2025",MIL @ ATL,W,33,5,14,0.357,1,5,0.2,2,2,1.0,4,9,13,3,1,1,1,1,13,7,1
22024,201572,0022400865,"Mar 01, 2025",MIL @ DAL,W,29,6,10,0.6,1,3,0.333,0,0,0.0,4,2,6,3,0,2,0,2,13,20,1
22024,201572,0022400846,"Feb 27, 2025",MIL vs. DEN,W,37,7,16,0.438,1,6,0.167,7,8,0.875,1,3,4,3,0,1,1,4,22,6,1
22024,201572,0022400831,"Feb 25, 2025",MIL @ HOU,L,35,4,10,0.4,1,6,0.167,3,3,1.0,1,7,8,3,1,3,0,3,12,6,1
22024,201572,0022400817,"Feb 23, 2025",MIL vs. MIA,W,34,6,11,0.545,2,7,0.286,3,3,1.0,2,2,4,1,0,2,0,2,17,2,1
22024,201572,0022400799,"Feb 21, 2025",MIL @ WAS,W,30,5,8,0.625,2,4,0.5,6,8,0.75,2,7,9,2,1,2,1,2,18,1,1
22024,201572,0022400793,"Feb 20, 2025",MIL vs. LAC,W,31,8,14,0.571,4,7,0.571,2,2,1.0,4,3,7,2,1,4,2,1,22,-3,1
22024,201572,0022400776,"Feb 12, 2025",MIL @ MIN,W,27,3,5,0.6,1,2,0.5,4,4,1.0,0,7,7,2,0,1,0,1,11,4,1
22024,201572,0022400760,"Feb 10, 2025",MIL vs. GSW,L,25,2,4,0.5,0,1,0.0,2,2,1.0,1,3,4,3,0,3,2,3,6,-8,1
22024,201572,0022400754,"Feb 09, 2025",MIL vs. PHI,W,24,6,14,0.429,2,5,0.4,1,1,1.0,7,1,8,0,0,2,0,1,15,3,1
22024,201572,0022400736,"Feb 07, 2025",MIL @ ATL,L,35,7,15,0.467,1,5,0.2,1,1,1.0,0,2,2,2,1,2,2,3,16,-4,1
22024,201572,0022400717,"Feb 05, 2025",MIL @ CHA,W,30,4,8,0.5,4,7,0.571,2,2,1.0,0,3,3,0,0,0,1,2,14,13,1
22024,201572,0022400699,"Feb 02, 2025",MIL vs. MEM,L,32,6,15,0.4,3,7,0.429,0,0,0.0,1,1,2,2,1,2,1,5,15,-20,1
22024,201572,0022400684,"Jan 31, 2025",MIL @ SAS,L,24,3,8,0.375,0,3,0.0,0,0,0.0,3,2,5,3,0,1,1,2,6,-19,1
22024,201572,0022400662,"Jan 28, 2025",MIL @ POR,L,35,4,12,0.333,3,9,0.333,0,0,0.0,0,3,3,3,1,1,1,2,11,-7,1
22024,201572,0022400658,"Jan 27, 2025",MIL @ UTA,W,35,4,8,0.5,1,4,0.25,1,1,1.0,2,4,6,1,0,3,0,3,10,23,1
22024,201572,0022400646,"Jan 25, 2025",MIL @ LAC,L,41,4,10,0.4,3,7,0.429,2,2,1.0,2,2,4,1,0,3,0,2,13,0,1
22024,201572,0022400624,"Jan 23, 2025",MIL vs. MIA,W,35,4,11,0.364,1,4,0.25,2,2,1.0,1,2,3,1,1,3,1,1,11,17,1
22024,201572,0022400594,"Jan 19, 2025",MIL vs. PHI,W,36,4,8,0.5,2,3,0.667,2,2,1.0,1,6,7,3,0,2,0,2,12,5,1
22024,201572,0022400580,"Jan 17, 2025",MIL vs. TOR,W,34,3,7,0.429,1,3,0.333,2,2,1.0,2,5,7,5,0,2,2,3,9,10,1
22024,201572,0022400564,"Jan 15, 2025",MIL vs. ORL,W,31,5,7,0.714,0,1,0.0,3,3,1.0,0,5,5,2,0,5,1,5,13,16,1
22024,201572,0022400558,"Jan 14, 2025",MIL vs. SAC,W,33,8,15,0.533,3,7,0.429,2,3,0.667,0,5,5,2,1,0,0,3,21,8,1
22024,201572,0022400539,"Jan 12, 2025",MIL @ NYK,L,23,2,7,0.286,1,5,0.2,0,0,0.0,0,1,1,3,0,1,0,0,5,-22,1
22024,201572,0022400526,"Jan 10, 2025",MIL @ ORL,W,34,2,5,0.4,1,3,0.333,3,4,0.75,0,3,3,0,0,3,1,1,8,-3,1
22024,201572,0022400516,"Jan 08, 2025",MIL vs. SAS,W,35,8,17,0.471,5,11,0.455,1,1,1.0,2,5,7,1,1,2,0,3,22,7,1
22024,201572,0022400497,"Jan 06, 2025",MIL @ TOR,W,32,6,10,0.6,4,8,0.5,0,0,0.0,0,4,4,4,1,2,4,1,16,22,1
22024,201572,0022400483,"Jan 04, 2025",MIL vs. POR,L,23,2,9,0.222,1,6,0.167,0,0,0.0,1,5,6,0,1,1,1,0,5,1,1
22024,201572,0022400465,"Jan 02, 2025",MIL vs. BKN,L,23,3,4,0.75,0,1,0.0,1,2,0.5,1,2,3,1,0,1,1,2,7,-8,1
22024,201572,0022400450,"Dec 31, 2024",MIL @ IND,W,24,7,11,0.636,0,3,0.0,2,2,1.0,1,4,5,3,0,0,1,0,16,-14,1
22024,201572,0022400430,"Dec 28, 2024",MIL @ CHI,L,38,9,22,0.409,3,11,0.273,1,1,1.0,1,6,7,3,0,3,0,2,22,-4,1
22024,201572,0022400415,"Dec 26, 2024",MIL vs. BKN,L,34,8,12,0.667,4,5,0.8,0,0,0.0,2,5,7,2,2,2,1,2,20,-8,1
22024,201572,0022400398,"Dec 23, 2024",MIL @ CHI,W,36,7,12,0.583,3,6,0.5,4,4,1.0,1,1,2,1,0,0,0,1,21,14,1
22024,201572,0022400382,"Dec 21, 2024",MIL vs. WAS,W,31,6,14,0.429,2,5,0.4,0,0,0.0,0,1,1,1,0,0,1,0,14,18,1
22024,201572,0022400374,"Dec 20, 2024",MIL @ CLE,L,24,4,6,0.667,2,3,0.667,0,0,0.0,2,4,6,1,0,2,1,1,10,-21,1
22024,201572,0022401229,"Dec 14, 2024",MIL vs. ATL,W,33,7,10,0.7,2,5,0.4,0,0,0.0,0,3,3,1,0,2,1,2,16,21,1
22024,201572,0022401201,"Dec 10, 2024",MIL vs. ORL,W,28,3,7,0.429,1,3,0.333,0,0,0.0,0,6,6,0,0,0,2,2,7,-8,1
22024,201572,0022400348,"Dec 08, 2024",MIL @ BKN,W,26,1,4,0.25,0,2,0.0,1,2,0.5,1,2,3,0,0,0,2,4,3,-12,1
22024,201572,0022400335,"Dec 06, 2024",MIL @ BOS,L,38,2,6,0.333,1,2,0.5,0,0,0.0,3,2,5,0,0,0,1,3,5,-14,1
22024,201572,0022400323,"Dec 04, 2024",MIL vs. ATL,L,35,2,5,0.4,1,4,0.25,0,0,0.0,2,4,6,2,1,3,0,2,5,-9,1
22024,201572,0022400052,"Dec 03, 2024",MIL @ DET,W,33,2,5,0.4,1,4,0.25,0,1,0.0,2,4,6,1,1,3,0,2,5,25,1
22024,201572,0022400302,"Nov 30, 2024",MIL vs. WAS,W,35,7,14,0.5,4,10,0.4,0,0,0.0,0,0,0,3,0,3,1,3,18,6,1
22024,201572,0022400036,"Nov 26, 2024",MIL @ MIA,W,30,5,6,0.833,3,3,1.0,0,0,0.0,0,2,2,3,0,3,1,0,13,11,1
22024,201572,0022400268,"Nov 23, 2024",MIL vs. CHA,W,38,4,9,0.444,3,7,0.429,2,2,1.0,1,7,8,2,1,3,1,4,13,2,1
22024,201572,0022400029,"Nov 22, 2024",MIL vs. IND,W,33,4,8,0.5,1,3,0.333,2,2,1.0,3,2,5,3,1,1,2,4,11,3,1
22024,201572,0022400253,"Nov 20, 2024",MIL vs. CHI,W,35,9,12,0.75,2,5,0.4,1,2,0.5,1,4,5,3,3,1,0,0,21,17,1
22024,201572,0022400248,"Nov 18, 2024",MIL vs. HOU,W,40,11,15,0.733,5,8,0.625,0,1,0.0,1,9,10,1,3,4,0,1,27,14,1
22024,201572,0022400229,"Nov 16, 2024",MIL @ CHA,L,30,2,7,0.286,1,5,0.2,0,0,0.0,0,3,3,1,1,1,1,4,5,1,1
22024,201572,0022400223,"Nov 13, 2024",MIL vs. DET,W,40,9,17,0.529,5,8,0.625,6,8,0.75,3,5,8,0,3,5,2,3,29,-8,1
22024,201572,0022400005,"Nov 12, 2024",MIL vs. TOR,W,37,5,14,0.357,2,10,0.2,1,1,1.0,2,5,7,3,2,3,0,4,13,18,1
22024,201572,0022400202,"Nov 10, 2024",MIL vs. BOS,L,29,2,6,0.333,2,5,0.4,0,0,0.0,0,1,1,3,0,3,0,3,6,-10,1
22024,201572,0022400189,"Nov 08, 2024",MIL @ NYK,L,24,3,5,0.6,0,1,0.0,1,2,0.5,2,1,3,1,0,0,2,1,7,-16,1
22024,201572,0022400182,"Nov 07, 2024",MIL vs. UTA,W,32,0,2,0.0,0,2,0.0,1,2,0.5,1,4,5,2,2,1,2,2,1,19,1
22024,201572,0022400154,"Nov 04, 2024",MIL @ CLE,L,36,6,12,0.5,1,5,0.2,0,0,0.0,1,5,6,0,4,2,1,1,13,-2,1
22024,201572,0022400145,"Nov 02, 2024",MIL vs. CLE,L,35,2,7,0.286,2,7,0.286,0,0,0.0,2,4,6,2,0,2,3,2,6,10,1
22024,201572,0022400128,"Oct 31, 2024",MIL @ MEM,L,24,4,8,0.5,3,6,0.5,1,2,0.5,0,3,3,1,0,0,0,4,12,-35,1
22024,201572,0022400104,"Oct 28, 2024",MIL @ BOS,L,32,5,14,0.357,0,4,0.0,3,3,1.0,4,2,6,0,2,4,0,3,13,1,1
22024,201572,0022400098,"Oct 27, 2024",MIL @ BKN,L,29,6,9,0.667,3,5,0.6,0,0,0.0,0,4,4,0,2,0,1,1,15,-2,1
22024,201572,0022400083,"Oct 25, 2024",MIL vs. CHI,L,29,2,10,0.2,1,6,0.167,2,2,1.0,0,4,4,1,0,3,2,3,7,-9,1
22024,201572,0022400066,"Oct 23, 2024",MIL @ PHI,W,36,3,11,0.273,1,6,0.167,3,4,0.75,1,7,8,6,0,6,4,4,10,18,1
22023,201572,0022301191,"Apr 14, 2024",MIL @ ORL,L,28,4,9,0.444,1,3,0.333,2,2,1.0,2,1,3,0,0,2,1,4,11,-17,1
22023,201572,0022301179,"Apr 12, 2024",MIL @ OKC,L,23,7,14,0.5,2,7,0.286,2,2,1.0,2,0,2,1,0,1,0,2,18,-9,1
22023,201572,0022301162,"Apr 10, 2024",MIL vs. ORL,W,31,4,10,0.4,2,6,0.333,0,1,0.0,2,2,4,4,1,3,1,0,10,12,1
22023,201572,0022301148,"Apr 09, 2024",MIL vs. BOS,W,28,5,9,0.556,5,8,0.625,0,0,0.0,1,5,6,0,0,2,0,0,15,9,1
22023,201572,0022301139,"Apr 07, 2024",MIL vs. NYK,L,29,4,8,0.5,2,6,0.333,3,4,0.75,1,4,5,1,0,3,3,2,13,-9,1
22023,201572,0022301122,"Apr 05, 2024",MIL vs. TOR,L,20,6,12,0.5,1,4,0.25,2,3,0.667,2,2,4,1,0,2,1,2,15,-16,1
22023,201572,0022301107,"Apr 03, 2024",MIL vs. MEM,L,38,9,14,0.643,5,7,0.714,2,3,0.667,5,5,10,1,0,0,5,5,25,-12,1
22023,201572,0022301095,"Apr 02, 2024",MIL @ WAS,L,26,3,9,0.333,0,4,0.0,0,0,0.0,1,1,2,1,1,3,0,1,6,-7,1
22023,201572,0022301076,"Mar 30, 2024",MIL @ ATL,W,33,3,3,1.0,1,1,1.0,6,6,1.0,0,3,3,0,0,2,3,4,13,10,1
22023,201572,0022301061,"Mar 28, 2024",MIL @ NOP,L,37,2,5,0.4,1,4,0.25,2,3,0.667,0,5,5,1,0,3,2,5,7,1,1
22023,201572,0022301045,"Mar 26, 2024",MIL vs. LAL,L,33,4,7,0.571,1,4,0.25,0,0,0.0,1,5,6,1,1,0,0,2,9,4,1
22023,201572,0022301030,"Mar 24, 2024",MIL vs. OKC,W,23,5,11,0.455,2,5,0.4,2,3,0.667,1,2,3,2,1,1,0,1,14,14,1
22023,201572,0022301007,"Mar 21, 2024",MIL vs. BKN,W,28,7,9,0.778,3,5,0.6,0,0,0.0,1,4,5,0,0,0,1,2,17,-14,1
22023,201572,0022300998,"Mar 20, 2024",MIL @ BOS,L,21,2,5,0.4,2,4,0.5,2,2,1.0,0,2,2,4,0,2,2,4,8,-7,1
22023,201572,0022300976,"Mar 17, 2024",MIL vs. PHX,W,18,4,8,0.5,2,5,0.4,0,0,0.0,3,4,7,3,1,1,1,1,10,-4,1
22023,201572,0022300958,"Mar 14, 2024",MIL vs. PHI,W,37,7,12,0.583,5,10,0.5,0,0,0.0,0,7,7,5,1,2,2,3,19,23,1
22023,201572,0022300945,"Mar 12, 2024",MIL @ SAC,L,26,2,7,0.286,1,4,0.25,2,2,1.0,3,1,4,0,0,1,2,1,7,-21,1
22023,201572,0022300924,"Mar 10, 2024",MIL @ LAC,W,31,2,4,0.5,1,2,0.5,2,2,1.0,2,4,6,1,0,2,1,2,7,-5,1
22023,201572,0022300915,"Mar 08, 2024",MIL @ LAL,L,32,4,6,0.667,3,3,1.0,0,0,0.0,0,3,3,1,0,1,0,2,11,13,1
22023,201572,0022300899,"Mar 06, 2024",MIL @ GSW,L,28,4,11,0.364,1,4,0.25,0,0,0.0,2,2,4,0,1,0,0,1,9,-12,1
22023,201572,0022300880,"Mar 04, 2024",MIL vs. LAC,W,31,1,4,0.25,1,2,0.5,3,6,0.5,1,5,6,3,0,2,0,3,6,3,1
22023,201572,0022300864,"Mar 01, 2024",MIL @ CHI,W,29,4,8,0.5,4,8,0.5,0,0,0.0,2,1,3,1,0,0,1,2,12,19,1
22023,201572,0022300849,"Feb 29, 2024",MIL @ CHA,W,25,3,9,0.333,3,7,0.429,2,2,1.0,0,3,3,4,0,3,0,2,11,17,1
22023,201572,0022300840,"Feb 27, 2024",MIL vs. CHA,W,23,0,2,0.0,0,2,0.0,0,0,0.0,0,1,1,1,2,2,0,0,0,33,1
22023,201572,0022300817,"Feb 25, 2024",MIL @ PHI,W,32,4,9,0.444,1,4,0.25,2,2,1.0,2,5,7,3,0,5,2,2,11,33,1
22023,201572,0022300808,"Feb 23, 2024",MIL @ MIN,W,31,6,12,0.5,4,10,0.4,0,0,0.0,1,2,3,1,1,1,1,2,16,14,1
22023,201572,0022300790,"Feb 15, 2024",MIL @ MEM,L,35,5,14,0.357,2,9,0.222,2,2,1.0,2,9,11,2,2,4,1,2,14,8,1
22023,201572,0022300773,"Feb 13, 2024",MIL vs. MIA,L,23,3,9,0.333,1,6,0.167,0,0,0.0,0,3,3,0,0,1,2,2,7,-2,1
22023,201572,0022300767,"Feb 12, 2024",MIL vs. DEN,W,29,3,9,0.333,3,7,0.429,0,0,0.0,1,4,5,3,0,3,1,2,9,12,1
22023,201572,0022300745,"Feb 09, 2024",MIL vs. CHA,W,27,4,9,0.444,1,5,0.2,2,2,1.0,2,5,7,2,0,3,1,2,11,34,1
22023,201572,0022300738,"Feb 08, 2024",MIL vs. MIN,L,26,5,8,0.625,2,4,0.5,0,0,0.0,1,4,5,2,1,2,0,1,12,-21,1
22023,201572,0022300683,"Jan 31, 2024",MIL @ POR,L,36,7,14,0.5,4,10,0.4,1,1,1.0,0,4,4,3,1,2,0,1,19,1,1
22023,201572,0022300667,"Jan 29, 2024",MIL @ DEN,L,34,7,13,0.538,5,9,0.556,0,0,0.0,1,1,2,2,0,2,1,4,19,5,1
22023,201572,0022300648,"Jan 27, 2024",MIL vs. NOP,W,35,8,11,0.727,6,9,0.667,2,2,1.0,0,3,3,0,1,0,2,2,24,29,1
22023,201572,0022300639,"Jan 26, 2024",MIL vs. CLE,L,35,4,14,0.286,0,4,0.0,3,3,1.0,5,7,12,0,1,2,2,3,11,-21,1
22023,201572,0022300624,"Jan 24, 2024",MIL vs. CLE,W,35,3,7,0.429,0,1,0.0,2,2,1.0,5,4,9,3,1,1,1,1,8,13,1
22023,201572,0022300606,"Jan 22, 2024",MIL @ DET,W,35,6,9,0.667,1,2,0.5,2,2,1.0,5,6,11,3,0,4,3,4,15,19,1
22023,201572,0022300592,"Jan 20, 2024",MIL @ DET,W,37,7,13,0.538,1,4,0.25,4,5,0.8,2,8,10,4,1,3,0,1,19,14,1
22023,201572,0022300572,"Jan 17, 2024",MIL @ CLE,L,25,5,7,0.714,1,3,0.333,0,0,0.0,0,4,4,1,1,3,2,2,11,-34,1
22023,201572,0022300552,"Jan 14, 2024",MIL vs. SAC,W,40,7,15,0.467,3,6,0.5,0,0,0.0,1,8,9,3,0,3,0,2,17,5,1
22023,201572,0022300545,"Jan 13, 2024",MIL vs. GSW,W,34,5,9,0.556,1,5,0.2,0,0,0.0,2,6,8,6,0,2,1,1,11,7,1
22023,201572,0022300528,"Jan 11, 2024",MIL vs. BOS,W,28,6,8,0.75,2,4,0.5,1,2,0.5,1,4,5,3,0,2,1,3,15,20,1
22023,201572,0022300510,"Jan 08, 2024",MIL vs. UTA,L,38,5,11,0.455,3,6,0.5,0,0,0.0,1,5,6,3,0,2,0,2,13,-9,1
22023,201572,0022300496,"Jan 06, 2024",MIL @ HOU,L,31,3,9,0.333,1,6,0.167,0,0,0.0,0,5,5,0,1,1,0,2,7,11,1
22023,201572,0022300477,"Jan 04, 2024",MIL @ SAS,W,33,4,10,0.4,1,5,0.2,0,0,0.0,0,4,4,1,0,3,4,4,9,8,1
22023,201572,0022300466,"Jan 03, 2024",MIL @ IND,L,28,6,11,0.545,2,4,0.5,2,3,0.667,3,2,5,1,0,0,2,3,16,-22,1
22023,201572,0022300454,"Jan 01, 2024",MIL vs. IND,L,38,8,17,0.471,2,6,0.333,3,4,0.75,1,4,5,1,0,4,0,3,21,6,1
22023,201572,0022300433,"Dec 29, 2023",MIL @ CLE,W,36,4,10,0.4,1,3,0.333,0,0,0.0,3,7,10,2,0,6,0,3,9,9,1
22023,201572,0022300417,"Dec 27, 2023",MIL @ BKN,W,25,1,7,0.143,0,6,0.0,0,0,0.0,2,4,6,2,0,3,0,3,2,-3,1
22023,201572,0022300401,"Dec 25, 2023",MIL @ NYK,L,27,5,9,0.556,2,6,0.333,2,2,1.0,2,4,6,1,1,2,0,2,14,-6,1
22023,201572,0022300388,"Dec 23, 2023",MIL @ NYK,W,35,1,7,0.143,0,2,0.0,3,4,0.75,1,2,3,1,0,1,0,3,5,15,1
22023,201572,0022300378,"Dec 21, 2023",MIL vs. ORL,W,37,5,7,0.714,2,4,0.5,2,2,1.0,0,7,7,0,2,2,2,5,14,17,1
22023,201572,0022300361,"Dec 19, 2023",MIL vs. SAS,W,32,6,14,0.429,0,5,0.0,2,2,1.0,5,0,5,1,0,6,0,3,14,13,1
22023,201572,0022300346,"Dec 17, 2023",MIL vs. HOU,W,31,6,13,0.462,3,8,0.375,3,3,1.0,1,5,6,0,0,1,0,2,18,6,1
22023,201572,0022300334,"Dec 16, 2023",MIL vs. DET,W,26,2,3,0.667,1,2,0.5,0,0,0.0,0,1,1,1,0,5,2,3,5,23,1
22023,201572,0022300315,"Dec 13, 2023",MIL vs. IND,W,33,1,6,0.167,0,2,0.0,4,4,1.0,2,1,3,1,0,6,1,5,6,1,1
22023,201572,0022300300,"Dec 11, 2023",MIL vs. CHI,W,40,6,11,0.545,2,6,0.333,5,6,0.833,2,1,3,3,1,3,1,4,19,-1,1
22023,201572,0022301229,"Dec 07, 2023",MIL vs. IND,L,37,7,17,0.412,3,10,0.3,1,3,0.333,2,4,6,2,0,4,1,5,18,-3,1
22023,201572,0022301201,"Dec 05, 2023",MIL vs. NYK,W,34,4,8,0.5,1,4,0.25,0,0,0.0,2,6,8,3,3,3,0,4,9,28,1
22023,201572,0022300286,"Dec 02, 2023",MIL vs. ATL,W,33,3,7,0.429,1,4,0.25,4,6,0.667,1,1,2,4,0,4,2,2,11,2,1
22023,201572,0022300269,"Nov 30, 2023",MIL @ CHI,L,39,7,12,0.583,6,10,0.6,0,0,0.0,0,4,4,0,0,0,1,5,20,2,1
22023,201572,0022300056,"Nov 28, 2023",MIL @ MIA,W,32,5,10,0.5,0,4,0.0,2,2,1.0,1,3,4,4,0,1,2,4,12,9,1
22023,201572,0022300245,"Nov 26, 2023",MIL vs. POR,W,31,4,11,0.364,2,6,0.333,0,0,0.0,1,5,6,3,3,4,0,3,10,3,1
22023,201572,0022300049,"Nov 24, 2023",MIL vs. WAS,W,32,14,17,0.824,4,7,0.571,7,7,1.0,0,6,6,1,2,3,1,2,39,8,1
22023,201572,0022300228,"Nov 22, 2023",MIL @ BOS,L,34,12,18,0.667,2,5,0.4,2,3,0.667,5,2,7,1,1,1,0,3,28,7,1
22023,201572,0022300219,"Nov 20, 2023",MIL @ WAS,W,32,7,12,0.583,1,4,0.25,1,1,1.0,4,5,9,1,0,5,1,0,16,13,1
22023,201572,0022300205,"Nov 18, 2023",MIL vs. DAL,W,34,3,8,0.375,1,6,0.167,5,5,1.0,0,3,3,0,1,2,0,1,12,8,1
22023,201572,0022300027,"Nov 17, 2023",MIL @ CHA,W,33,7,8,0.875,1,2,0.5,0,0,0.0,2,5,7,2,0,6,1,3,15,30,1
22023,201572,0022300195,"Nov 15, 2023",MIL @ TOR,W,33,4,10,0.4,1,3,0.333,1,1,1.0,2,6,8,4,1,7,0,2,10,26,1
22023,201572,0022300190,"Nov 13, 2023",MIL vs. CHI,W,29,4,8,0.5,2,6,0.333,1,3,0.333,0,5,5,0,0,3,2,3,11,-10,1
22023,201572,0022300173,"Nov 11, 2023",MIL @ ORL,L,21,3,7,0.429,2,5,0.4,1,2,0.5,0,3,3,1,1,2,1,1,9,-7,1
22023,201572,0022300171,"Nov 09, 2023",MIL @ IND,L,29,1,7,0.143,0,4,0.0,0,0,0.0,0,1,1,0,2,3,0,2,2,-15,1
22023,201572,0022300165,"Nov 08, 2023",MIL vs. DET,W,26,5,8,0.625,4,6,0.667,0,0,0.0,0,6,6,0,0,4,3,4,14,4,1
22023,201572,0022300149,"Nov 06, 2023",MIL @ BKN,W,27,2,6,0.333,0,3,0.0,0,0,0.0,4,3,7,2,0,0,0,3,4,-15,1
22023,201572,0022300002,"Nov 03, 2023",MIL vs. NYK,W,36,4,15,0.267,4,10,0.4,1,2,0.5,0,5,5,0,1,9,1,2,13,1,1
22023,201572,0022300116,"Nov 01, 2023",MIL @ TOR,L,17,1,8,0.125,0,4,0.0,4,4,1.0,2,1,3,0,2,1,0,0,6,-22,1
22023,201572,0022300107,"Oct 30, 2023",MIL vs. MIA,W,29,5,9,0.556,1,4,0.25,0,0,0.0,3,4,7,3,1,1,2,3,11,-10,1
22023,201572,0022300097,"Oct 29, 2023",MIL vs. ATL,L,20,5,11,0.455,2,5,0.4,1,1,1.0,1,2,3,1,1,0,0,0,13,-22,1
22023,201572,0022300075,"Oct 26, 2023",MIL vs. PHI,W,29,5,7,0.714,3,4,0.75,0,0,0.0,1,1,2,0,0,0,2,4,13,11,1
22022,201572,0022201193,"Apr 05, 2023",MIL vs. CHI,W,37,10,19,0.526,0,2,0.0,6,8,0.75,3,4,7,1,0,1,1,2,26,23,1
22022,201572,0022201179,"Apr 04, 2023",MIL @ WAS,W,30,8,11,0.727,4,7,0.571,0,0,0.0,0,0,0,1,1,5,2,4,20,18,1
22022,201572,0022201174,"Apr 02, 2023",MIL vs. PHI,W,31,9,13,0.692,1,2,0.5,2,2,1.0,3,3,6,0,0,0,0,2,21,12,1
22022,201572,0022201146,"Mar 30, 2023",MIL vs. BOS,L,20,3,6,0.5,0,1,0.0,2,2,1.0,3,2,5,0,0,0,2,1,8,-16,1
22022,201572,0022201136,"Mar 29, 2023",MIL @ IND,W,31,9,14,0.643,0,2,0.0,3,3,1.0,3,5,8,1,0,3,1,4,21,22,1
22022,201572,0022201122,"Mar 27, 2023",MIL @ DET,W,35,8,11,0.727,0,1,0.0,8,10,0.8,5,9,14,2,1,2,1,3,24,12,1
22022,201572,0022201109,"Mar 25, 2023",MIL @ DEN,L,19,5,9,0.556,1,4,0.25,2,2,1.0,1,1,2,1,0,1,0,4,13,-7,1
22022,201572,0022201102,"Mar 24, 2023",MIL @ UTA,W,26,8,15,0.533,1,3,0.333,0,0,0.0,3,11,14,2,0,7,1,3,17,36,1
22022,201572,0022201089,"Mar 22, 2023",MIL vs. SAS,W,25,3,6,0.5,1,3,0.333,4,4,1.0,0,2,2,0,0,2,2,5,11,17,1
22022,201572,0022201068,"Mar 19, 2023",MIL vs. TOR,W,31,9,15,0.6,1,6,0.167,7,7,1.0,1,4,5,2,1,2,1,3,26,11,1
22022,201572,0022201033,"Mar 14, 2023",MIL @ PHX,W,34,10,14,0.714,1,5,0.2,0,1,0.0,2,8,10,1,2,1,0,2,21,12,1
22022,201572,0022201026,"Mar 13, 2023",MIL @ SAC,W,37,9,14,0.643,4,6,0.667,1,2,0.5,1,7,8,4,0,3,1,4,23,21,1
22022,201572,0022201012,"Mar 11, 2023",MIL @ GSW,L,38,8,16,0.5,1,6,0.167,2,2,1.0,1,6,7,1,1,5,2,1,19,-12,1
22022,201572,0022200995,"Mar 09, 2023",MIL vs. BKN,W,36,10,20,0.5,3,7,0.429,1,2,0.5,5,5,10,3,1,9,2,3,24,-1,1
22022,201572,0022200978,"Mar 07, 2023",MIL @ ORL,W,34,9,14,0.643,0,1,0.0,8,9,0.889,2,4,6,1,1,3,5,3,26,15,1
22022,201572,0022200973,"Mar 05, 2023",MIL @ WAS,W,27,6,14,0.429,3,6,0.5,0,1,0.0,1,5,6,1,1,3,2,3,15,-9,1
22022,201572,0022200960,"Mar 04, 2023",MIL vs. PHI,L,33,10,16,0.625,3,5,0.6,3,4,0.75,2,4,6,4,0,1,1,4,26,11,1
22022,201572,0022200939,"Mar 01, 2023",MIL vs. ORL,W,27,6,9,0.667,4,5,0.8,2,3,0.667,1,2,3,2,1,0,2,1,18,25,1
22022,201572,0022200924,"Feb 28, 2023",MIL @ BKN,W,28,6,13,0.462,1,4,0.25,0,0,0.0,4,6,10,1,0,2,1,2,13,-6,1
22022,201572,0022200910,"Feb 26, 2023",MIL vs. PHX,W,36,9,17,0.529,2,8,0.25,2,4,0.5,2,11,13,0,0,4,1,0,22,8,1
22022,201572,0022200897,"Feb 24, 2023",MIL vs. MIA,W,27,7,12,0.583,1,2,0.5,2,2,1.0,3,4,7,1,0,0,2,4,17,20,1
22022,201572,0022200883,"Feb 16, 2023",MIL @ CHI,W,33,13,18,0.722,3,6,0.5,4,7,0.571,2,5,7,2,0,4,0,3,33,28,1
22022,201572,0022200869,"Feb 14, 2023",MIL vs. BOS,W,25,0,3,0.0,0,3,0.0,4,4,1.0,1,1,2,1,0,0,3,3,4,-5,1
22022,201572,0022200845,"Feb 10, 2023",MIL @ LAC,W,32,9,13,0.692,4,6,0.667,0,0,0.0,2,13,15,1,1,3,1,1,22,22,1
22022,201572,0022200834,"Feb 09, 2023",MIL @ LAL,W,33,3,8,0.375,1,3,0.333,2,2,1.0,6,4,10,3,0,3,1,3,9,13,1
22022,201572,0022200815,"Feb 06, 2023",MIL @ POR,W,32,9,12,0.75,2,5,0.4,7,9,0.778,1,8,9,0,1,0,0,3,27,17,1
22022,201572,0022200797,"Feb 04, 2023",MIL vs. MIA,W,33,4,11,0.364,0,3,0.0,1,4,0.25,2,4,6,0,0,3,0,4,9,6,1
22022,201572,0022200784,"Feb 02, 2023",MIL vs. LAC,W,23,3,5,0.6,0,2,0.0,0,0,0.0,2,3,5,0,0,0,1,2,6,-32,1
22022,201572,0022200767,"Jan 31, 2023",MIL vs. CHA,W,28,3,10,0.3,0,3,0.0,2,2,1.0,0,11,11,2,0,5,2,6,8,7,1
22022,201572,0022200755,"Jan 29, 2023",MIL vs. NOP,W,32,6,12,0.5,0,4,0.0,3,4,0.75,2,6,8,3,1,2,1,2,15,26,1
22022,201572,0022200736,"Jan 27, 2023",MIL @ IND,W,24,5,8,0.625,3,6,0.5,2,2,1.0,1,5,6,2,1,1,3,4,15,12,1
22022,201572,0022200723,"Jan 25, 2023",MIL vs. DEN,W,32,2,11,0.182,0,3,0.0,1,1,1.0,1,3,4,2,0,4,1,3,5,14,1
22022,201572,0022200706,"Jan 23, 2023",MIL @ DET,W,24,8,12,0.667,2,6,0.333,3,4,0.75,1,3,4,1,0,2,0,1,21,15,1
22022,201572,0022200695,"Jan 21, 2023",MIL @ CLE,L,34,5,14,0.357,0,6,0.0,0,0,0.0,0,5,5,0,0,4,3,4,10,4,1
22022,201572,0022200665,"Jan 17, 2023",MIL vs. TOR,W,29,7,12,0.583,3,5,0.6,2,2,1.0,0,1,1,1,0,2,1,3,19,9,1
22022,201572,0022200657,"Jan 16, 2023",MIL vs. IND,W,34,8,11,0.727,3,5,0.6,0,0,0.0,2,4,6,1,0,1,2,1,19,12,1
22022,201572,0022200641,"Jan 14, 2023",MIL @ MIA,L,33,5,10,0.5,3,5,0.6,0,0,0.0,1,3,4,1,0,2,2,4,13,-13,1
22022,201572,0022200628,"Jan 12, 2023",MIL @ MIA,L,32,2,12,0.167,2,7,0.286,0,0,0.0,1,2,3,2,1,0,0,1,6,-7,1
22022,201572,0022200620,"Jan 11, 2023",MIL @ ATL,W,32,8,13,0.615,4,6,0.667,0,1,0.0,4,8,12,1,1,2,1,2,20,4,1
22022,201572,0022200607,"Jan 09, 2023",MIL @ NYK,W,33,7,16,0.438,3,9,0.333,0,1,0.0,4,3,7,2,1,3,3,3,17,-3,1
22022,201572,0022200583,"Jan 06, 2023",MIL vs. CHA,L,19,3,5,0.6,1,3,0.333,2,2,1.0,3,1,4,1,0,0,0,1,9,-11,1
22022,201572,0022200569,"Jan 04, 2023",MIL @ TOR,W,38,4,11,0.364,1,3,0.333,0,1,0.0,3,16,19,2,0,2,2,5,9,17,1
22022,201572,0022200561,"Jan 03, 2023",MIL vs. WAS,W,28,10,13,0.769,1,2,0.5,0,0,0.0,6,6,12,3,1,6,1,3,21,-7,1
22022,201572,0022200548,"Jan 01, 2023",MIL vs. WAS,L,24,3,10,0.3,1,3,0.333,1,1,1.0,4,6,10,0,1,1,2,2,8,-21,1
22022,201572,0022200533,"Dec 30, 2022",MIL vs. MIN,W,26,5,11,0.455,0,3,0.0,3,4,0.75,2,4,6,0,0,4,3,6,13,6,1
22022,201572,0022200519,"Dec 28, 2022",MIL @ CHI,L,37,5,12,0.417,0,4,0.0,4,5,0.8,2,4,6,1,1,4,1,4,14,-9,1
22022,201572,0022200495,"Dec 25, 2022",MIL @ BOS,L,32,7,8,0.875,1,2,0.5,1,2,0.5,3,2,5,1,1,1,2,1,16,-3,1
22022,201572,0022200483,"Dec 23, 2022",MIL @ BKN,L,30,10,16,0.625,2,5,0.4,1,2,0.5,2,3,5,0,1,0,1,1,23,-27,1
22022,201572,0022200466,"Dec 21, 2022",MIL @ CLE,L,28,5,7,0.714,2,3,0.667,2,3,0.667,2,4,6,2,2,1,5,3,14,-13,1
22022,201572,0022200457,"Dec 19, 2022",MIL @ NOP,W,35,12,17,0.706,4,9,0.444,2,2,1.0,3,5,8,3,0,1,2,4,30,8,1
22022,201572,0022200442,"Dec 17, 2022",MIL vs. UTA,W,26,8,15,0.533,1,3,0.333,1,3,0.333,3,5,8,1,0,3,1,0,18,11,1
22022,201572,0022200425,"Dec 15, 2022",MIL @ MEM,L,18,1,6,0.167,0,4,0.0,2,2,1.0,2,1,3,1,0,0,0,2,4,-23,1
22022,201572,0022200410,"Dec 13, 2022",MIL vs. GSW,W,28,3,5,0.6,1,2,0.5,0,0,0.0,0,7,7,2,0,2,1,4,7,19,1
22022,201572,0022200401,"Dec 11, 2022",MIL @ HOU,L,33,2,8,0.25,1,4,0.25,2,2,1.0,2,1,3,0,0,3,1,2,7,5,1
22022,201572,0022200386,"Dec 09, 2022",MIL @ DAL,W,29,1,4,0.25,0,1,0.0,2,2,1.0,0,6,6,0,0,3,1,2,4,-6,1
22022,201572,0022200369,"Dec 07, 2022",MIL vs. SAC,W,34,6,15,0.4,2,7,0.286,3,3,1.0,6,3,9,3,0,1,0,3,17,16,1
22022,201572,0022200339,"Dec 03, 2022",MIL @ CHA,W,32,4,11,0.364,3,5,0.6,3,3,1.0,1,5,6,3,0,6,3,4,14,6,1
22022,201572,0022200331,"Dec 02, 2022",MIL vs. LAL,L,32,4,7,0.571,3,5,0.6,2,2,1.0,2,5,7,1,0,3,1,1,13,-6,1
22022,201572,0022200316,"Nov 30, 2022",MIL @ NYK,W,34,2,8,0.25,1,5,0.2,4,4,1.0,0,6,6,1,0,2,0,1,9,1,1
22022,201572,0022200298,"Nov 27, 2022",MIL vs. DAL,W,23,5,7,0.714,2,3,0.667,1,1,1.0,0,4,4,2,1,4,2,5,13,-1,1
22022,201572,0022200280,"Nov 25, 2022",MIL vs. CLE,W,28,3,3,1.0,2,2,1.0,0,0,0.0,0,4,4,0,0,6,0,0,8,20,1
22022,201572,0022200267,"Nov 23, 2022",MIL vs. CHI,L,32,8,16,0.5,3,7,0.429,1,3,0.333,1,6,7,0,1,1,0,0,20,-6,1
22022,201572,0022200251,"Nov 21, 2022",MIL vs. POR,W,30,6,12,0.5,2,5,0.4,0,0,0.0,2,2,4,2,1,5,1,1,14,-2,1
22022,201572,0022200226,"Nov 18, 2022",MIL @ PHI,L,34,5,12,0.417,2,5,0.4,3,4,0.75,1,3,4,2,1,4,0,2,15,-5,1
22022,201572,0022200216,"Nov 16, 2022",MIL vs. CLE,W,30,10,13,0.769,7,9,0.778,2,2,1.0,1,4,5,1,1,3,1,2,29,22,1
22022,201572,0022200204,"Nov 14, 2022",MIL vs. ATL,L,33,3,8,0.375,0,4,0.0,6,7,0.857,1,4,5,1,0,0,1,2,12,-3,1
22022,201572,0022200180,"Nov 11, 2022",MIL @ SAS,L,30,6,14,0.429,3,7,0.429,4,5,0.8,1,2,3,2,1,2,5,4,19,-17,1
22022,201572,0022200168,"Nov 09, 2022",MIL @ OKC,W,46,11,23,0.478,1,6,0.167,1,2,0.5,4,9,13,1,1,5,1,0,24,10,1
22022,201572,0022200149,"Nov 07, 2022",MIL @ ATL,L,28,4,9,0.444,3,7,0.429,0,0,0.0,1,1,2,0,0,2,1,2,11,-18,1
22022,201572,0022200136,"Nov 05, 2022",MIL vs. OKC,W,24,10,16,0.625,4,9,0.444,1,1,1.0,2,1,3,1,1,1,3,3,25,13,1
22022,201572,0022200129,"Nov 04, 2022",MIL @ MIN,W,33,2,6,0.333,2,4,0.5,1,2,0.5,3,5,8,0,0,1,2,4,7,-2,1
22022,201572,0022200113,"Nov 02, 2022",MIL vs. DET,W,27,5,8,0.625,0,2,0.0,1,1,1.0,2,5,7,2,1,1,3,1,11,29,1
22022,201572,0022200100,"Oct 31, 2022",MIL vs. DET,W,34,10,16,0.625,2,5,0.4,2,2,1.0,4,5,9,0,0,2,1,4,24,12,1
22022,201572,0022200085,"Oct 29, 2022",MIL vs. ATL,W,34,8,12,0.667,5,8,0.625,0,0,0.0,1,5,6,0,1,2,1,2,21,16,1
22022,201572,0022200075,"Oct 28, 2022",MIL vs. NYK,W,33,5,13,0.385,0,6,0.0,4,4,1.0,4,7,11,2,1,3,0,4,14,1,1
22022,201572,0022200060,"Oct 26, 2022",MIL vs. BKN,W,28,3,10,0.3,1,5,0.2,0,0,0.0,3,3,6,1,0,6,2,2,7,21,1
22022,201572,0022200033,"Oct 22, 2022",MIL vs. HOU,W,29,3,7,0.429,3,6,0.5,0,0,0.0,0,5,5,2,2,5,1,3,9,4,1
22022,201572,0022200015,"Oct 20, 2022",MIL @ PHI,W,31,6,16,0.375,4,12,0.333,1,2,0.5,1,3,4,1,0,2,0,2,17,0,1
22021,201572,0022101203,"Apr 08, 2022",MIL @ DET,W,21,7,11,0.636,3,4,0.75,0,0,0.0,2,2,4,0,0,1,1,2,17,21,1
22021,201572,0022101198,"Apr 07, 2022",MIL vs. BOS,W,24,7,16,0.438,1,4,0.25,0,0,0.0,3,4,7,0,0,1,0,1,15,-8,1
22021,201572,0022101183,"Apr 05, 2022",MIL @ CHI,W,29,9,14,0.643,1,4,0.25,9,9,1.0,1,6,7,0,2,3,1,1,28,18,1
22021,201572,0022101167,"Apr 03, 2022",MIL vs. DAL,L,22,6,13,0.462,2,4,0.5,0,0,0.0,1,2,3,0,2,0,0,3,14,1,1
22021,201572,0022101148,"Mar 31, 2022",MIL @ BKN,W,21,2,7,0.286,0,3,0.0,1,2,0.5,0,3,3,0,0,1,2,1,5,-9,1
22021,201572,0022101131,"Mar 29, 2022",MIL @ PHI,W,29,6,14,0.429,4,9,0.444,1,1,1.0,1,2,3,0,0,0,2,4,17,-3,1
22021,201572,0022101112,"Mar 26, 2022",MIL @ MEM,L,22,4,9,0.444,2,5,0.4,0,0,0.0,2,4,6,0,2,1,0,4,10,-11,1
22021,201572,0022101097,"Mar 24, 2022",MIL vs. WAS,W,28,5,11,0.455,0,4,0.0,3,4,0.75,1,1,2,2,0,1,3,2,13,1,1
22021,201572,0022101082,"Mar 22, 2022",MIL vs. CHI,W,24,4,9,0.444,2,4,0.5,0,0,0.0,2,4,6,2,0,2,2,2,10,7,1
22021,201572,0022101058,"Mar 19, 2022",MIL @ MIN,L,20,6,10,0.6,0,2,0.0,3,3,1.0,3,1,4,1,0,2,0,3,15,-18,1
22021,201572,0022101043,"Mar 16, 2022",MIL @ SAC,W,15,1,4,0.25,1,3,0.333,0,0,0.0,0,2,2,0,0,0,0,4,3,-5,1
22021,201572,0022101027,"Mar 14, 2022",MIL @ UTA,W,15,1,4,0.25,1,3,0.333,3,4,0.75,1,0,1,1,1,0,1,4,6,-1,1
22021,201572,0022100001,"Oct 19, 2021",MIL vs. BKN,W,28,3,9,0.333,2,4,0.5,0,0,0.0,2,3,5,0,1,3,0,3,8,0,1
22020,201572,0022001062,"May 15, 2021",MIL vs. MIA,W,27,9,10,0.9,0,0,0.0,0,0,0.0,1,5,6,0,0,1,1,0,18,8,1
22020,201572,0022001048,"May 13, 2021",MIL @ IND,W,30,9,15,0.6,0,1,0.0,3,4,0.75,4,4,8,0,0,1,3,3,21,13,1
22020,201572,0022001038,"May 11, 2021",MIL vs. ORL,W,27,7,14,0.5,1,5,0.2,2,3,0.667,2,4,6,0,1,0,0,1,17,15,1
22020,201572,0022001029,"May 10, 2021",MIL @ SAS,L,23,4,10,0.4,1,5,0.2,3,4,0.75,2,1,3,0,0,2,0,0,12,-11,1
22020,201572,0022001006,"May 07, 2021",MIL vs. HOU,W,24,7,8,0.875,1,2,0.5,9,10,0.9,3,4,7,1,0,2,1,3,24,20,1
22020,201572,0022000235,"May 05, 2021",MIL vs. WAS,W,26,4,7,0.571,1,1,1.0,2,3,0.667,2,6,8,1,0,2,1,5,11,-2,1
22020,201572,0022000985,"May 04, 2021",MIL vs. BKN,W,24,3,8,0.375,0,1,0.0,2,2,1.0,2,0,2,0,1,1,0,3,8,10,1
22020,201572,0022000967,"May 02, 2021",MIL vs. BKN,W,25,2,7,0.286,0,3,0.0,0,0,0.0,2,4,6,0,1,5,2,2,4,-2,1
22020,201572,0022000954,"Apr 30, 2021",MIL @ CHI,W,34,9,15,0.6,0,1,0.0,4,5,0.8,1,1,2,3,0,4,1,3,22,30,1
22020,201572,0022000945,"Apr 29, 2021",MIL @ HOU,L,31,7,11,0.636,0,1,0.0,1,1,1.0,2,2,4,1,0,1,3,5,15,-18,1
22020,201572,0022000928,"Apr 27, 2021",MIL @ CHA,W,27,9,12,0.75,0,2,0.0,4,4,1.0,2,2,4,2,2,0,1,5,22,2,1
22020,201572,0022000913,"Apr 25, 2021",MIL @ ATL,L,29,4,9,0.444,1,4,0.25,2,3,0.667,0,1,1,0,0,3,0,1,11,-12,1
22020,201572,0022000905,"Apr 24, 2021",MIL vs. PHI,W,18,2,7,0.286,1,4,0.25,0,0,0.0,1,1,2,1,0,2,0,1,5,2,1
22020,201572,0022000894,"Apr 22, 2021",MIL vs. PHI,W,23,6,10,0.6,4,7,0.571,0,0,0.0,0,4,4,1,0,2,1,2,16,20,1
22020,201572,0022000873,"Apr 19, 2021",MIL vs. PHX,L,33,3,8,0.375,1,3,0.333,0,0,0.0,1,4,5,0,1,1,0,0,7,0,1
22020,201572,0022000859,"Apr 17, 2021",MIL vs. MEM,L,29,5,13,0.385,4,9,0.444,3,3,1.0,0,3,3,0,0,1,1,3,17,-3,1
22020,201572,0022000840,"Apr 15, 2021",MIL @ ATL,W,31,7,10,0.7,3,6,0.5,2,3,0.667,3,9,12,0,0,1,3,3,19,-4,1
22020,201572,0022000834,"Apr 14, 2021",MIL @ MIN,W,23,6,9,0.667,2,4,0.5,4,4,1.0,1,7,8,0,2,2,0,3,18,29,1
22020,201572,0022000808,"Apr 11, 2021",MIL @ ORL,W,22,3,9,0.333,1,3,0.333,2,2,1.0,1,3,4,1,0,0,0,1,9,14,1
22020,201572,0022000786,"Apr 08, 2021",MIL @ DAL,L,31,7,11,0.636,2,3,0.667,0,0,0.0,2,2,4,1,1,0,0,2,16,-11,1
22020,201572,0022000774,"Apr 06, 2021",MIL @ GSW,L,33,3,9,0.333,0,4,0.0,3,3,1.0,1,2,3,2,0,2,0,2,9,-5,1
22020,201572,0022000754,"Apr 03, 2021",MIL @ SAC,W,31,11,13,0.846,2,4,0.5,2,2,1.0,1,3,4,0,1,2,0,3,26,6,1
22020,201572,0022000745,"Apr 02, 2021",MIL @ POR,W,24,3,6,0.5,3,6,0.5,0,0,0.0,1,2,3,0,0,0,0,3,9,13,1
22020,201572,0022000729,"Mar 31, 2021",MIL @ LAL,W,31,2,3,0.667,0,1,0.0,0,0,0.0,1,4,5,3,0,4,0,2,4,15,1
22020,201572,0022000717,"Mar 29, 2021",MIL @ LAC,L,22,2,4,0.5,1,2,0.5,2,2,1.0,0,1,1,1,0,2,1,2,7,-14,1
22020,201572,0022000695,"Mar 27, 2021",MIL vs. NYK,L,30,6,11,0.545,0,1,0.0,0,0,0.0,4,6,10,1,4,2,5,3,12,2,1
22020,201572,0022000685,"Mar 26, 2021",MIL vs. BOS,L,19,2,10,0.2,2,6,0.333,0,0,0.0,4,2,6,0,0,1,0,0,6,-10,1
22020,201572,0022000669,"Mar 24, 2021",MIL vs. BOS,W,31,7,14,0.5,1,5,0.2,2,2,1.0,4,1,5,0,3,1,2,1,17,7,1
22020,201572,0022000659,"Mar 22, 2021",MIL vs. IND,W,19,6,13,0.462,0,2,0.0,6,7,0.857,0,2,2,1,0,0,1,4,18,15,1
22020,201572,0022000643,"Mar 20, 2021",MIL vs. SAS,W,27,3,8,0.375,1,5,0.2,4,4,1.0,0,4,4,0,1,0,1,1,11,4,1
22020,201572,0022000618,"Mar 17, 2021",MIL @ PHI,W,37,5,11,0.455,3,6,0.5,1,2,0.5,3,4,7,2,1,1,2,1,14,11,1
22020,201572,0022000603,"Mar 15, 2021",MIL @ WAS,W,33,8,12,0.667,0,3,0.0,6,6,1.0,1,6,7,2,1,4,1,1,22,12,1
22020,201572,0022000589,"Mar 13, 2021",MIL @ WAS,W,27,4,10,0.4,2,7,0.286,1,2,0.5,1,4,5,2,0,0,1,3,11,-12,1
22020,201572,0022000573,"Mar 11, 2021",MIL vs. NYK,W,25,6,11,0.545,2,6,0.333,0,0,0.0,2,1,3,2,1,5,0,1,14,26,1
22020,201572,0022000555,"Mar 04, 2021",MIL @ MEM,W,27,5,11,0.455,2,7,0.286,0,0,0.0,1,5,6,1,2,2,1,5,12,-3,1
22020,201572,0022000540,"Mar 02, 2021",MIL vs. DEN,L,25,4,8,0.5,0,2,0.0,4,4,1.0,2,3,5,0,0,0,2,2,12,-7,1
22020,201572,0022000520,"Feb 28, 2021",MIL vs. LAC,W,31,3,8,0.375,2,6,0.333,2,2,1.0,0,3,3,1,1,1,1,2,10,9,1
22020,201572,0022000503,"Feb 25, 2021",MIL vs. NOP,W,35,5,8,0.625,1,3,0.333,1,3,0.333,0,5,5,1,0,3,0,2,12,5,1
22020,201572,0022000486,"Feb 23, 2021",MIL vs. MIN,W,25,6,11,0.545,2,5,0.4,1,1,1.0,1,4,5,0,1,0,2,3,15,6,1
22020,201572,0022000471,"Feb 21, 2021",MIL vs. SAC,W,24,2,4,0.5,1,3,0.333,1,2,0.5,0,8,8,0,0,1,1,4,6,7,1
22020,201572,0022000453,"Feb 19, 2021",MIL vs. OKC,W,28,3,8,0.375,0,1,0.0,1,2,0.5,1,4,5,2,1,2,2,3,7,17,1
22020,201572,0022000445,"Feb 18, 2021",MIL vs. TOR,L,20,4,7,0.571,1,3,0.333,3,3,1.0,2,2,4,0,1,2,1,1,12,-11,1
22020,201572,0022000430,"Feb 16, 2021",MIL vs. TOR,L,29,2,5,0.4,1,2,0.5,4,4,1.0,1,4,5,0,0,0,2,2,9,-17,1
22020,201572,0022000415,"Feb 14, 2021",MIL @ OKC,L,20,1,4,0.25,0,1,0.0,0,0,0.0,2,0,2,0,0,1,0,0,2,-11,1
22020,201572,0022000402,"Feb 12, 2021",MIL @ UTA,L,26,8,18,0.444,3,9,0.333,4,6,0.667,1,5,6,0,0,2,1,3,23,-14,1
22020,201572,0022000389,"Feb 10, 2021",MIL @ PHX,L,31,3,6,0.5,2,4,0.5,2,2,1.0,3,3,6,2,0,0,0,3,10,14,1
22020,201572,0022000373,"Feb 08, 2021",MIL @ DEN,W,28,5,10,0.5,2,4,0.5,1,1,1.0,4,3,7,1,0,0,1,5,13,2,1
22020,201572,0022000357,"Feb 06, 2021",MIL @ CLE,W,28,3,10,0.3,1,6,0.167,0,0,0.0,2,3,5,0,2,1,0,2,7,13,1
22020,201572,0022000346,"Feb 05, 2021",MIL @ CLE,W,29,5,9,0.556,0,2,0.0,3,3,1.0,1,5,6,0,1,2,2,1,13,3,1
22020,201572,0022000329,"Feb 03, 2021",MIL vs. IND,W,23,4,8,0.5,3,5,0.6,0,0,0.0,1,5,6,1,0,1,0,2,11,17,1
22020,201572,0022000316,"Feb 01, 2021",MIL vs. POR,W,17,3,5,0.6,1,3,0.333,0,0,0.0,0,2,2,0,0,1,1,2,7,17,1
22020,201572,0022000299,"Jan 30, 2021",MIL @ CHA,L,27,4,9,0.444,1,4,0.25,0,0,0.0,0,4,4,1,1,2,2,1,9,-6,1
22020,201572,0022000293,"Jan 29, 2021",MIL @ NOP,L,32,5,8,0.625,2,5,0.4,4,6,0.667,1,2,3,0,0,1,2,2,16,3,1
22020,201572,0022000277,"Jan 27, 2021",MIL @ TOR,W,32,8,11,0.727,2,3,0.667,2,2,1.0,3,4,7,0,0,1,0,1,20,8,1
22020,201572,0022000254,"Jan 24, 2021",MIL vs. ATL,W,26,4,6,0.667,1,2,0.5,3,3,1.0,1,2,3,0,0,0,1,0,12,12,1
22020,201572,0022000226,"Jan 21, 2021",MIL vs. LAL,L,33,6,12,0.5,1,4,0.25,0,0,0.0,2,2,4,0,0,2,0,2,13,-12,1
22020,201572,0022000209,"Jan 18, 2021",MIL @ BKN,L,34,5,11,0.455,2,8,0.25,3,4,0.75,1,6,7,0,1,2,1,2,15,-12,1
22020,201572,0022000182,"Jan 15, 2021",MIL vs. DAL,W,34,4,12,0.333,2,5,0.4,1,2,0.5,1,10,11,1,0,1,0,0,11,10,1
22020,201572,0022000165,"Jan 13, 2021",MIL @ DET,W,30,3,8,0.375,3,7,0.429,0,0,0.0,1,10,11,1,0,4,2,2,9,11,1
22020,201572,0022000151,"Jan 11, 2021",MIL @ ORL,W,28,2,6,0.333,1,4,0.25,1,1,1.0,2,1,3,3,3,1,0,1,6,14,1
22020,201572,0022000137,"Jan 09, 2021",MIL vs. CLE,W,35,3,11,0.273,0,5,0.0,1,2,0.5,2,6,8,0,0,2,0,3,7,14,1
22020,201572,0022000129,"Jan 08, 2021",MIL vs. UTA,L,32,4,12,0.333,4,12,0.333,0,0,0.0,0,3,3,0,1,2,1,1,12,-7,1
22020,201572,0022000113,"Jan 06, 2021",MIL vs. DET,W,28,6,9,0.667,4,7,0.571,1,1,1.0,1,3,4,5,0,2,0,1,17,13,1
22020,201572,0022000099,"Jan 04, 2021",MIL vs. DET,W,30,3,7,0.429,2,6,0.333,0,0,0.0,0,7,7,1,1,2,3,4,8,7,1
22020,201572,0022000073,"Jan 01, 2021",MIL vs. CHI,W,16,3,7,0.429,3,6,0.5,0,0,0.0,0,3,3,1,0,1,0,3,9,13,1
22020,201572,0022000058,"Dec 30, 2020",MIL @ MIA,L,26,3,11,0.273,1,3,0.333,0,0,0.0,6,2,8,0,2,1,0,3,7,-5,1
22020,201572,0022000051,"Dec 29, 2020",MIL @ MIA,W,18,4,5,0.8,3,4,0.75,3,3,1.0,0,2,2,0,0,0,1,1,14,22,1
22020,201572,0022000036,"Dec 27, 2020",MIL @ NYK,L,21,2,7,0.286,0,4,0.0,2,2,1.0,2,0,2,0,1,2,0,3,6,-25,1
22020,201572,0022000006,"Dec 25, 2020",MIL vs. GSW,W,20,3,6,0.5,0,1,0.0,2,2,1.0,2,2,4,0,0,1,2,1,8,14,1
22020,201572,0022000003,"Dec 23, 2020",MIL @ BOS,L,29,3,4,0.75,1,2,0.5,0,0,0.0,2,1,3,0,0,2,0,3,7,22,1
22019,201572,0021901311,"Aug 13, 2020",MIL @ MEM,L,20,6,14,0.429,2,8,0.25,5,5,1.0,4,5,9,1,0,1,0,1,19,-20,1
22019,201572,0021901303,"Aug 11, 2020",MIL @ WAS,W,23,9,11,0.818,5,5,1.0,1,1,1.0,1,2,3,0,0,0,2,2,24,14,1
22019,201572,0021901294,"Aug 10, 2020",MIL vs. TOR,L,25,4,11,0.364,1,5,0.2,3,3,1.0,0,1,1,1,0,1,1,1,12,-4,1
22019,201572,0021901284,"Aug 08, 2020",MIL @ DAL,L,35,12,27,0.444,6,12,0.5,4,5,0.8,3,4,7,0,0,2,0,3,34,4,1
22019,201572,0021901269,"Aug 06, 2020",MIL vs. MIA,W,32,4,9,0.444,2,4,0.5,7,7,1.0,1,3,4,0,2,2,1,3,17,35,1
22019,201572,0021901248,"Aug 02, 2020",MIL @ HOU,L,31,9,18,0.5,0,2,0.0,5,6,0.833,6,6,12,2,0,2,1,2,23,6,1
22019,201572,0021901236,"Jul 31, 2020",MIL vs. BOS,W,29,4,10,0.4,2,5,0.4,4,4,1.0,1,3,4,0,1,6,2,4,14,13,1
22019,201572,0021900950,"Mar 08, 2020",MIL @ PHX,L,27,8,14,0.571,1,4,0.25,1,1,1.0,0,2,2,2,1,2,2,2,18,-20,1
22019,201572,0021900939,"Mar 06, 2020",MIL @ LAL,L,29,4,5,0.8,3,4,0.75,2,4,0.5,0,5,5,1,0,0,2,6,13,2,1
22019,201572,0021900924,"Mar 04, 2020",MIL vs. IND,W,25,1,6,0.167,1,5,0.2,0,0,0.0,1,4,5,1,2,1,1,2,3,21,1
22019,201572,0021900906,"Mar 02, 2020",MIL @ MIA,L,28,8,16,0.5,2,4,0.5,3,5,0.6,3,3,6,0,0,2,1,5,21,-9,1
22019,201572,0021900895,"Mar 01, 2020",MIL @ CHA,W,26,4,11,0.364,1,5,0.2,7,9,0.778,2,5,7,0,0,3,0,2,16,16,1
22019,201572,0021900882,"Feb 28, 2020",MIL vs. OKC,W,18,2,11,0.182,0,4,0.0,1,1,1.0,1,1,2,0,1,1,2,3,5,4,1
22019,201572,0021900858,"Feb 25, 2020",MIL @ TOR,W,28,5,13,0.385,2,6,0.333,3,4,0.75,1,2,3,0,2,5,2,3,15,-2,1
22019,201572,0021900840,"Feb 22, 2020",MIL vs. PHI,W,25,4,10,0.4,1,5,0.2,0,0,0.0,2,5,7,5,0,0,1,2,9,27,1
22019,201572,0021900820,"Feb 20, 2020",MIL @ DET,W,24,4,9,0.444,1,5,0.2,9,10,0.9,0,2,2,1,0,0,1,1,18,23,1
22019,201572,0021900810,"Feb 12, 2020",MIL @ IND,L,31,3,9,0.333,1,3,0.333,5,6,0.833,1,3,4,3,3,4,4,4,12,-19,1
22019,201572,0021900797,"Feb 10, 2020",MIL vs. SAC,W,25,7,12,0.583,2,4,0.5,4,6,0.667,1,1,2,2,0,3,3,2,20,10,1
22019,201572,0021900777,"Feb 08, 2020",MIL @ ORL,W,32,9,13,0.692,5,5,1.0,0,2,0.0,0,6,6,1,0,0,0,3,23,27,1
22019,201572,0021900766,"Feb 06, 2020",MIL vs. PHI,W,25,2,6,0.333,0,3,0.0,0,0,0.0,0,2,2,2,0,3,0,4,4,1,1
22019,201572,0021900751,"Feb 04, 2020",MIL @ NOP,W,34,6,10,0.6,0,4,0.0,0,0,0.0,0,5,5,2,2,2,2,4,12,22,1
22019,201572,0021900739,"Feb 02, 2020",MIL vs. PHX,W,33,7,16,0.438,1,6,0.167,2,2,1.0,2,2,4,1,0,8,0,4,17,6,1
22019,201572,0021900724,"Jan 31, 2020",MIL vs. DEN,L,24,4,11,0.364,0,5,0.0,0,0,0.0,0,2,2,1,1,2,1,3,8,-7,1
22019,201572,0021900705,"Jan 28, 2020",MIL vs. WAS,W,32,4,6,0.667,1,2,0.5,0,0,0.0,1,2,3,5,0,1,1,1,9,31,1
22019,201572,0021900669,"Jan 24, 2020",MIL @ CHA,W,25,5,12,0.417,2,7,0.286,0,0,0.0,0,2,2,1,0,2,2,1,12,5,1
22019,201572,0021900647,"Jan 20, 2020",MIL vs. CHI,W,27,3,10,0.3,1,6,0.167,0,1,0.0,0,3,3,2,1,3,0,2,7,10,1
22019,201572,0021900627,"Jan 18, 2020",MIL @ BKN,W,26,5,12,0.417,1,6,0.167,1,1,1.0,1,5,6,4,0,5,1,1,12,6,1
22019,201572,0021900615,"Jan 16, 2020",MIL vs. BOS,W,30,6,10,0.6,3,5,0.6,1,1,1.0,0,3,3,1,0,4,0,2,16,6,1
22019,201572,0021900601,"Jan 14, 2020",MIL vs. NYK,W,22,2,3,0.667,1,2,0.5,2,2,1.0,0,2,2,3,1,2,0,2,7,16,1
22019,201572,0021900583,"Jan 11, 2020",MIL @ POR,W,26,1,5,0.2,0,2,0.0,0,0,0.0,1,8,9,0,1,0,0,1,2,15,1
22019,201572,0021900575,"Jan 10, 2020",MIL @ SAC,W,20,4,10,0.4,0,5,0.0,0,0,0.0,1,0,1,1,0,1,0,0,8,4,1
22019,201572,0021900562,"Jan 08, 2020",MIL @ GSW,W,28,5,10,0.5,2,6,0.333,0,0,0.0,0,3,3,2,3,2,1,1,12,3,1
22019,201572,0021900546,"Jan 06, 2020",MIL @ SAS,L,22,3,6,0.5,2,3,0.667,0,0,0.0,0,3,3,0,0,1,1,1,8,-12,1
22019,201572,0021900531,"Jan 04, 2020",MIL vs. SAS,W,25,3,6,0.5,1,3,0.333,3,4,0.75,0,6,6,0,0,7,0,6,10,3,1
22019,201572,0021900506,"Jan 01, 2020",MIL vs. MIN,W,31,5,12,0.417,0,5,0.0,1,3,0.333,0,4,4,3,1,6,3,4,11,1,1
22019,201572,0021900493,"Dec 30, 2019",MIL @ CHI,W,27,5,9,0.556,1,4,0.25,0,0,0.0,2,2,4,1,1,2,0,3,11,14,1
22019,201572,0021900480,"Dec 28, 2019",MIL vs. ORL,W,27,5,16,0.313,0,6,0.0,0,0,0.0,2,1,3,1,3,3,3,2,10,0,1
22019,201572,0021900469,"Dec 27, 2019",MIL @ ATL,W,23,8,14,0.571,2,4,0.5,1,2,0.5,0,2,2,5,0,3,2,0,19,27,1
22019,201572,0021900456,"Dec 25, 2019",MIL @ PHI,L,33,4,8,0.5,3,5,0.6,0,0,0.0,1,4,5,1,0,1,0,2,11,5,1
22019,201572,0021900441,"Dec 22, 2019",MIL vs. IND,W,27,6,11,0.545,3,6,0.5,2,2,1.0,2,6,8,2,0,2,0,0,17,26,1
22019,201572,0021900434,"Dec 21, 2019",MIL @ NYK,W,27,5,11,0.455,4,8,0.5,0,0,0.0,1,6,7,0,0,7,0,3,14,27,1
22019,201572,0021900417,"Dec 19, 2019",MIL vs. LAL,W,33,3,8,0.375,0,3,0.0,4,4,1.0,0,4,4,2,4,3,1,4,10,2,1
22019,201572,0021900398,"Dec 16, 2019",MIL vs. DAL,L,20,1,8,0.125,0,4,0.0,1,1,1.0,1,4,5,2,0,0,1,1,3,-9,1
22019,201572,0021900385,"Dec 14, 2019",MIL vs. CLE,W,27,1,4,0.25,1,3,0.333,2,2,1.0,0,4,4,2,0,2,0,4,5,8,1
22019,201572,0021900376,"Dec 13, 2019",MIL @ MEM,W,24,4,8,0.5,1,4,0.25,1,2,0.5,1,9,10,2,0,3,1,4,10,-2,1
22019,201572,0021900364,"Dec 11, 2019",MIL vs. NOP,W,25,3,10,0.3,2,4,0.5,1,2,0.5,2,3,5,3,0,1,2,5,9,17,1
22019,201572,0021900347,"Dec 09, 2019",MIL vs. ORL,W,24,3,7,0.429,3,5,0.6,0,0,0.0,1,2,3,0,1,0,0,0,9,3,1
22019,201572,0021900327,"Dec 06, 2019",MIL vs. LAC,W,25,2,12,0.167,0,5,0.0,2,2,1.0,0,3,3,0,0,3,0,2,6,9,1
22019,201572,0021900307,"Dec 04, 2019",MIL @ DET,W,18,1,3,0.333,1,2,0.5,2,2,1.0,0,6,6,0,1,3,2,2,5,3,1
22019,201572,0021900270,"Nov 29, 2019",MIL @ CLE,W,26,4,8,0.5,0,3,0.0,0,0,0.0,0,7,7,3,1,1,0,1,8,0,1
22019,201572,0021900261,"Nov 27, 2019",MIL vs. ATL,W,24,3,8,0.375,3,7,0.429,2,2,1.0,0,3,3,2,0,1,0,4,11,10,1
22019,201572,0021900248,"Nov 25, 2019",MIL vs. UTA,W,33,1,9,0.111,1,7,0.143,2,2,1.0,0,7,7,2,1,4,2,0,5,10,1
22019,201572,0021900233,"Nov 23, 2019",MIL vs. DET,W,24,3,5,0.6,1,3,0.333,0,0,0.0,0,5,5,1,0,4,1,1,7,17,1
22019,201572,0021900213,"Nov 21, 2019",MIL vs. POR,W,30,4,7,0.571,2,5,0.4,0,0,0.0,0,0,0,3,1,2,1,1,10,1,1
22019,201572,0021900204,"Nov 20, 2019",MIL @ ATL,W,24,3,8,0.375,2,4,0.5,4,4,1.0,1,4,5,1,2,2,0,2,12,17,1
22019,201572,0021900192,"Nov 18, 2019",MIL @ CHI,W,31,5,11,0.455,1,5,0.2,8,9,0.889,1,9,10,2,2,5,1,3,19,11,1
22019,201572,0021900176,"Nov 16, 2019",MIL @ IND,W,27,6,10,0.6,1,2,0.5,2,2,1.0,1,7,8,0,1,5,0,1,15,8,1
22019,201572,0021900163,"Nov 14, 2019",MIL vs. CHI,W,21,6,14,0.429,1,7,0.143,0,0,0.0,3,3,6,0,0,0,3,3,13,-4,1
22019,201572,0021900135,"Nov 10, 2019",MIL @ OKC,W,31,6,11,0.545,3,7,0.429,0,0,0.0,0,4,4,0,0,2,1,5,15,14,1
22019,201572,0021900124,"Nov 08, 2019",MIL @ UTA,L,17,2,6,0.333,1,5,0.2,0,0,0.0,1,3,4,1,1,0,0,5,5,6,1
22019,201572,0021900111,"Nov 06, 2019",MIL @ LAC,W,32,4,12,0.333,0,3,0.0,3,4,0.75,3,9,12,3,1,6,3,2,11,9,1
22019,201572,0021900094,"Nov 04, 2019",MIL @ MIN,W,26,4,6,0.667,1,3,0.333,0,0,0.0,1,1,2,2,1,3,0,3,9,18,1
22019,201572,0021900082,"Nov 02, 2019",MIL vs. TOR,W,26,4,11,0.364,3,7,0.429,0,0,0.0,0,4,4,2,0,1,1,2,11,12,1
22019,201572,0021900071,"Nov 01, 2019",MIL @ ORL,W,25,1,7,0.143,1,6,0.167,0,0,0.0,0,0,0,1,0,0,0,2,3,18,1
22019,201572,0021900058,"Oct 30, 2019",MIL @ BOS,L,27,2,8,0.25,1,5,0.2,5,6,0.833,0,3,3,2,0,2,4,3,10,-5,1
22019,201572,0021900046,"Oct 28, 2019",MIL vs. CLE,W,28,5,9,0.556,3,7,0.429,3,3,1.0,0,5,5,1,3,2,1,2,16,6,1
22019,201572,0021900026,"Oct 26, 2019",MIL vs. MIA,L,35,2,9,0.222,2,8,0.25,6,6,1.0,0,7,7,1,0,1,2,1,12,4,1
22019,201572,0021900015,"Oct 24, 2019",MIL @ HOU,W,27,4,9,0.444,1,3,0.333,2,2,1.0,0,2,2,3,0,5,0,2,11,5,1
22018,201572,0021801202,"Apr 07, 2019",MIL vs. ATL,W,24,3,9,0.333,0,5,0.0,2,2,1.0,0,7,7,1,0,4,2,3,8,14,1
22018,201572,0021801193,"Apr 06, 2019",MIL vs. BKN,L,30,2,8,0.25,1,3,0.333,2,2,1.0,2,6,8,1,0,3,0,3,7,-2,1
22018,201572,0021801177,"Apr 04, 2019",MIL @ PHI,W,31,4,12,0.333,1,7,0.143,0,0,0.0,2,5,7,2,1,1,0,4,9,6,1
22018,201572,0021801154,"Apr 01, 2019",MIL @ BKN,W,33,5,11,0.455,1,5,0.2,3,3,1.0,0,2,2,2,2,4,1,2,14,12,1
22018,201572,0021801145,"Mar 31, 2019",MIL @ ATL,L,27,5,12,0.417,3,8,0.375,6,6,1.0,0,6,6,3,1,0,2,3,19,3,1
22018,201572,0021801127,"Mar 28, 2019",MIL vs. LAC,W,31,4,8,0.5,2,5,0.4,2,4,0.5,0,9,9,2,0,1,0,3,12,-3,1
22018,201572,0021801111,"Mar 26, 2019",MIL vs. HOU,W,30,5,8,0.625,3,5,0.6,0,0,0.0,0,8,8,1,0,0,1,2,13,7,1
22018,201572,0021801096,"Mar 24, 2019",MIL vs. CLE,W,27,5,9,0.556,4,7,0.571,0,0,0.0,0,6,6,1,1,1,1,0,14,6,1
22018,201572,0021801085,"Mar 22, 2019",MIL vs. MIA,W,28,3,8,0.375,2,6,0.333,2,4,0.5,0,8,8,3,0,2,1,2,10,11,1
22018,201572,0021801065,"Mar 20, 2019",MIL @ CLE,L,37,7,11,0.636,3,5,0.6,2,2,1.0,0,4,4,4,1,2,0,1,19,1,1
22018,201572,0021801061,"Mar 19, 2019",MIL vs. LAL,W,35,8,14,0.571,5,11,0.455,7,10,0.7,2,7,9,3,3,4,4,5,28,8,1
22018,201572,0021801043,"Mar 17, 2019",MIL vs. PHI,L,33,4,11,0.364,3,9,0.333,3,4,0.75,0,4,4,1,1,4,3,5,14,-2,2
22018,201572,0021801029,"Mar 15, 2019",MIL @ MIA,W,30,1,6,0.167,0,1,0.0,0,0,0.0,0,6,6,2,1,3,0,0,2,13,2
22018,201572,0021801010,"Mar 12, 2019",MIL @ NOP,W,30,5,10,0.5,1,5,0.2,2,2,1.0,0,8,8,2,0,2,0,3,13,24,1
22018,201572,0021800999,"Mar 10, 2019",MIL @ SAS,L,33,2,6,0.333,1,3,0.333,6,6,1.0,0,10,10,0,1,1,1,2,11,13,1
22018,201572,0021800990,"Mar 09, 2019",MIL vs. CHA,W,30,7,11,0.636,1,5,0.2,10,10,1.0,2,6,8,2,2,0,2,3,25,15,1
22018,201572,0021800975,"Mar 07, 2019",MIL vs. IND,W,31,5,8,0.625,3,4,0.75,0,0,0.0,2,4,6,0,1,4,1,2,13,-3,1
22018,201572,0021800955,"Mar 04, 2019",MIL @ PHX,L,32,3,11,0.273,2,9,0.222,2,2,1.0,1,3,4,0,1,0,1,2,10,2,1
22018,201572,0021800943,"Mar 02, 2019",MIL @ UTA,L,30,6,8,0.75,4,4,1.0,0,0,0.0,1,7,8,0,1,7,1,3,16,16,1
22018,201572,0021800934,"Mar 01, 2019",MIL @ LAL,W,20,4,8,0.5,3,6,0.5,0,0,0.0,0,3,3,0,0,1,2,1,11,0,1
22018,201572,0021800920,"Feb 27, 2019",MIL @ SAC,W,37,3,15,0.2,1,6,0.167,0,0,0.0,0,5,5,3,0,6,0,3,7,3,1
22018,201572,0021800902,"Feb 25, 2019",MIL @ CHI,W,27,5,12,0.417,0,7,0.0,3,3,1.0,0,4,4,1,1,5,0,4,13,4,1
22018,201572,0021800891,"Feb 23, 2019",MIL vs. MIN,W,32,7,13,0.538,3,8,0.375,2,2,1.0,0,7,7,1,1,4,1,3,19,18,1
22018,201572,0021800870,"Feb 21, 2019",MIL vs. BOS,W,34,4,11,0.364,2,7,0.286,0,0,0.0,0,8,8,1,0,2,1,2,10,1,1
22018,201572,0021800854,"Feb 13, 2019",MIL @ IND,W,35,3,11,0.273,3,10,0.3,0,0,0.0,1,5,6,1,3,1,2,2,9,13,1
22018,201572,0021800843,"Feb 11, 2019",MIL @ CHI,W,30,3,11,0.273,1,8,0.125,0,0,0.0,0,5,5,3,1,3,1,4,7,-5,1
22018,201572,0021800833,"Feb 09, 2019",MIL vs. ORL,L,26,4,12,0.333,0,6,0.0,1,1,1.0,0,5,5,0,2,3,1,3,9,-18,1
22018,201572,0021800821,"Feb 08, 2019",MIL @ DAL,W,27,8,14,0.571,2,6,0.333,2,2,1.0,0,6,6,2,0,1,2,2,20,16,1
22018,201572,0021800806,"Feb 06, 2019",MIL vs. WAS,W,22,4,6,0.667,1,3,0.333,2,2,1.0,0,4,4,2,1,1,1,4,11,0,1
22018,201572,0021800792,"Feb 04, 2019",MIL @ BKN,W,22,3,7,0.429,2,5,0.4,0,0,0.0,1,4,5,2,1,1,1,1,8,15,1
22018,201572,0021800778,"Feb 02, 2019",MIL @ WAS,W,27,7,9,0.778,3,5,0.6,4,4,1.0,0,6,6,1,2,2,1,1,21,31,1
22018,201572,0021800766,"Jan 31, 2019",MIL @ TOR,W,33,5,13,0.385,1,8,0.125,0,1,0.0,0,6,6,0,0,3,1,4,11,18,1
22018,201572,0021800750,"Jan 29, 2019",MIL @ DET,W,34,6,10,0.6,2,6,0.333,0,0,0.0,0,6,6,1,0,3,1,4,14,-4,1
22018,201572,0021800738,"Jan 27, 2019",MIL @ OKC,L,30,6,7,0.857,5,6,0.833,2,3,0.667,0,4,4,2,1,2,1,3,19,0,1
22018,201572,0021800727,"Jan 25, 2019",MIL vs. CHA,W,24,3,6,0.5,2,4,0.5,0,0,0.0,0,4,4,2,0,1,1,0,8,0,1
22018,201572,0021800694,"Jan 21, 2019",MIL vs. DAL,W,34,6,10,0.6,4,7,0.571,0,0,0.0,0,10,10,0,0,5,1,3,16,14,1
22018,201572,0021800682,"Jan 19, 2019",MIL @ ORL,W,27,3,9,0.333,2,7,0.286,0,0,0.0,0,4,4,1,0,6,0,1,8,3,1
22018,201572,0021800660,"Jan 16, 2019",MIL @ MEM,W,25,4,7,0.571,1,2,0.5,0,0,0.0,1,3,4,1,0,2,1,1,9,27,1
22018,201572,0021800654,"Jan 15, 2019",MIL vs. MIA,W,25,4,7,0.571,3,6,0.5,0,0,0.0,0,3,3,0,0,3,0,3,11,14,1
22018,201572,0021800640,"Jan 13, 2019",MIL @ ATL,W,26,4,6,0.667,1,3,0.333,0,0,0.0,1,1,2,1,0,0,1,6,9,4,1
22018,201572,0021800622,"Jan 11, 2019",MIL @ WAS,L,31,5,9,0.556,3,6,0.5,0,0,0.0,1,2,3,3,0,5,1,2,13,0,1
22018,201572,0021800610,"Jan 09, 2019",MIL @ HOU,W,33,3,7,0.429,1,4,0.25,0,0,0.0,0,3,3,1,2,4,2,5,7,6,1
22018,201572,0021800594,"Jan 07, 2019",MIL vs. UTA,W,31,5,6,0.833,3,4,0.75,2,2,1.0,1,7,8,1,0,3,1,0,15,12,1
22018,201572,0021800580,"Jan 05, 2019",MIL vs. TOR,L,24,2,6,0.333,1,4,0.25,0,0,0.0,0,2,2,0,0,0,1,3,5,-15,1
22018,201572,0021800572,"Jan 04, 2019",MIL vs. ATL,W,22,3,9,0.333,2,6,0.333,2,4,0.5,0,2,2,0,1,1,1,2,10,17,1
22018,201572,0021800550,"Jan 01, 2019",MIL vs. DET,W,30,7,13,0.538,7,12,0.583,4,5,0.8,0,3,3,0,0,2,1,0,25,16,1
22018,201572,0021800527,"Dec 29, 2018",MIL vs. BKN,W,29,8,17,0.471,7,15,0.467,1,1,1.0,0,2,2,0,1,1,0,2,24,13,1
22018,201572,0021800513,"Dec 27, 2018",MIL vs. NYK,W,26,7,14,0.5,3,6,0.5,0,0,0.0,1,2,3,1,0,1,1,1,17,5,1
22018,201572,0021800497,"Dec 25, 2018",MIL @ NYK,W,29,5,10,0.5,1,6,0.167,9,9,1.0,0,4,4,0,0,2,1,2,20,2,1
22018,201572,0021800482,"Dec 22, 2018",MIL @ MIA,L,28,4,12,0.333,1,7,0.143,0,1,0.0,0,4,4,1,2,3,0,0,9,-3,1
22018,201572,0021800473,"Dec 21, 2018",MIL @ BOS,W,24,1,5,0.2,1,4,0.25,0,0,0.0,0,5,5,1,0,2,2,2,3,6,1
22018,201572,0021800462,"Dec 19, 2018",MIL vs. NOP,W,20,3,8,0.375,2,6,0.333,2,2,1.0,0,1,1,1,1,1,1,1,10,-19,1
22018,201572,0021800443,"Dec 17, 2018",MIL @ DET,W,29,1,4,0.25,1,3,0.333,0,0,0.0,0,3,3,4,1,5,0,3,3,2,1
22018,201572,0021800423,"Dec 14, 2018",MIL @ CLE,W,32,7,15,0.467,3,10,0.3,2,2,1.0,1,4,5,1,1,1,2,1,19,12,1
22018,201572,0021800407,"Dec 12, 2018",MIL @ IND,L,31,5,16,0.313,4,12,0.333,1,2,0.5,1,4,5,1,1,4,2,2,15,-11,1
22018,201572,0021800395,"Dec 10, 2018",MIL vs. CLE,W,24,5,9,0.556,2,5,0.4,0,1,0.0,1,3,4,1,0,3,1,3,12,32,1
22018,201572,0021800388,"Dec 09, 2018",MIL @ TOR,W,33,7,13,0.538,5,8,0.625,0,0,0.0,0,1,1,2,2,1,1,0,19,-5,1
22018,201572,0021800377,"Dec 07, 2018",MIL vs. GSW,L,34,5,13,0.385,1,6,0.167,3,4,0.75,0,6,6,0,0,1,1,1,14,-1,1
22018,201572,0021800361,"Dec 05, 2018",MIL vs. DET,W,26,2,5,0.4,2,5,0.4,0,0,0.0,0,8,8,1,1,3,0,2,6,22,1
22018,201572,0021800330,"Dec 01, 2018",MIL @ NYK,L,28,5,11,0.455,3,7,0.429,0,2,0.0,2,7,9,1,1,2,3,5,13,0,1
22018,201572,0021800310,"Nov 28, 2018",MIL vs. CHI,W,30,4,15,0.267,2,9,0.222,2,2,1.0,2,3,5,2,0,2,1,3,12,0,1
22018,201572,0021800294,"Nov 26, 2018",MIL @ CHA,L,27,6,10,0.6,1,4,0.25,2,2,1.0,0,8,8,0,0,1,0,2,15,12,1
22018,201572,0021800284,"Nov 24, 2018",MIL vs. SAS,W,29,3,4,0.75,1,2,0.5,2,3,0.667,0,2,2,1,0,1,2,4,9,6,1
22018,201572,0021800275,"Nov 23, 2018",MIL vs. PHX,L,32,3,17,0.176,0,12,0.0,1,2,0.5,0,5,5,0,0,4,0,3,7,-12,1
22018,201572,0021800259,"Nov 21, 2018",MIL vs. POR,W,20,1,3,0.333,1,3,0.333,0,0,0.0,0,1,1,2,0,0,3,4,3,34,1
22018,201572,0021800245,"Nov 19, 2018",MIL vs. DEN,W,33,3,10,0.3,2,7,0.286,0,0,0.0,1,9,10,0,1,3,1,3,8,13,1
22018,201572,0021800223,"Nov 16, 2018",MIL vs. CHI,W,30,5,10,0.5,4,8,0.5,0,0,0.0,1,4,5,0,0,2,2,0,14,15,1
22018,201572,0021800207,"Nov 14, 2018",MIL vs. MEM,L,25,2,5,0.4,2,5,0.4,0,0,0.0,0,2,2,3,0,0,0,2,6,-8,1
22018,201572,0021800187,"Nov 11, 2018",MIL @ DEN,W,37,10,17,0.588,8,13,0.615,0,0,0.0,1,3,4,1,1,2,1,3,28,10,1
22018,201572,0021800175,"Nov 10, 2018",MIL @ LAC,L,37,6,12,0.5,6,12,0.5,2,2,1.0,0,4,4,2,2,3,0,1,20,11,1
22018,201572,0021800166,"Nov 08, 2018",MIL @ GSW,W,22,1,5,0.2,0,2,0.0,0,0,0.0,1,3,4,2,1,1,0,0,2,7,1
22018,201572,0021800152,"Nov 06, 2018",MIL @ POR,L,30,8,14,0.571,6,10,0.6,0,0,0.0,0,4,4,1,0,1,0,4,22,-12,1
22018,201572,0021800133,"Nov 04, 2018",MIL vs. SAC,W,20,2,9,0.222,2,9,0.222,2,2,1.0,0,2,2,0,0,4,0,3,8,17,1
22018,201572,0021800115,"Nov 01, 2018",MIL @ BOS,L,24,1,4,0.25,0,3,0.0,0,0,0.0,0,5,5,0,1,2,2,1,2,-5,1
22018,201572,0021800092,"Oct 29, 2018",MIL vs. TOR,W,29,3,10,0.3,1,5,0.2,2,2,1.0,1,3,4,1,0,1,1,2,9,6,1
22018,201572,0021800081,"Oct 27, 2018",MIL vs. ORL,W,21,4,5,0.8,2,3,0.667,1,1,1.0,0,1,1,0,0,2,3,2,11,18,1
22018,201572,0021800071,"Oct 26, 2018",MIL @ MIN,W,24,4,9,0.444,3,7,0.429,0,0,0.0,0,3,3,1,0,1,1,2,11,24,1
22018,201572,0021800059,"Oct 24, 2018",MIL vs. PHI,W,32,7,13,0.538,5,11,0.455,2,2,1.0,0,1,1,1,0,2,0,3,21,10,1
22018,201572,0021800042,"Oct 22, 2018",MIL vs. NYK,W,31,5,10,0.5,2,5,0.4,1,1,1.0,1,3,4,3,0,3,0,0,13,15,1
22018,201572,0021800023,"Oct 19, 2018",MIL vs. IND,W,22,3,10,0.3,2,8,0.25,0,0,0.0,1,2,3,2,0,1,0,4,8,18,1
22018,201572,0021800003,"Oct 17, 2018",MIL @ CHA,W,21,4,7,0.571,2,5,0.4,4,4,1.0,0,3,3,1,1,0,2,3,14,8,1
22017,201572,0021701228,"Apr 11, 2018",LAL @ LAC,W,17,4,7,0.571,3,5,0.6,3,3,1.0,0,2,2,1,0,1,0,1,14,8,1
22017,201572,0021701218,"Apr 10, 2018",LAL vs. HOU,L,16,5,11,0.455,1,5,0.2,1,1,1.0,0,4,4,0,0,0,2,2,12,4,1
22017,201572,0021701201,"Apr 08, 2018",LAL vs. UTA,L,21,0,10,0.0,0,4,0.0,0,0,0.0,1,4,5,3,0,0,1,2,0,-11,1
22017,201572,0021701190,"Apr 06, 2018",LAL vs. MIN,L,24,7,10,0.7,2,3,0.667,2,2,1.0,1,5,6,0,0,0,1,2,18,-14,1
22017,201572,0021701174,"Apr 04, 2018",LAL vs. SAS,W,23,3,7,0.429,0,3,0.0,3,3,1.0,0,4,4,1,0,1,1,2,9,-6,1
22017,201572,0021701166,"Apr 03, 2018",LAL @ UTA,L,27,4,10,0.4,2,4,0.5,1,2,0.5,1,1,2,1,1,1,0,1,11,-18,1
22017,201572,0021701155,"Apr 01, 2018",LAL vs. SAC,L,26,3,8,0.375,1,4,0.25,2,2,1.0,1,4,5,2,0,0,2,4,9,-6,1
22017,201572,0021701136,"Mar 30, 2018",LAL vs. MIL,L,28,9,14,0.643,1,3,0.333,1,2,0.5,0,2,2,3,0,1,0,2,20,-6,1
22017,201572,0021701123,"Mar 28, 2018",LAL vs. DAL,W,39,8,16,0.5,2,5,0.4,4,4,1.0,0,7,7,4,1,1,0,4,22,4,1
22017,201572,0021701104,"Mar 26, 2018",LAL @ DET,L,32,6,16,0.375,0,4,0.0,2,4,0.5,0,3,3,9,0,5,0,5,14,-5,1
22017,201572,0021701092,"Mar 24, 2018",LAL @ MEM,W,35,2,8,0.25,1,4,0.25,3,6,0.5,2,3,5,0,1,1,1,3,8,2,1
22017,201572,0021701075,"Mar 22, 2018",LAL @ NOP,L,30,9,12,0.75,1,2,0.5,4,5,0.8,2,4,6,1,1,0,2,2,23,-4,1
22017,201572,0021701051,"Mar 19, 2018",LAL @ IND,L,37,10,15,0.667,1,3,0.333,2,4,0.5,4,4,8,3,0,2,2,1,23,-8,1
22017,201572,0021701034,"Mar 16, 2018",LAL vs. MIA,L,33,5,10,0.5,4,6,0.667,4,5,0.8,0,4,4,2,0,2,2,3,18,0,1
22017,201572,0021701019,"Mar 14, 2018",LAL @ GSW,L,36,8,15,0.533,2,5,0.4,2,3,0.667,3,3,6,2,1,5,2,1,20,-12,1
22017,201572,0021701015,"Mar 13, 2018",LAL vs. DEN,W,26,6,13,0.462,3,6,0.5,2,3,0.667,1,2,3,0,0,1,1,4,17,-4,1
22017,201572,0021701000,"Mar 11, 2018",LAL vs. CLE,W,33,10,18,0.556,2,4,0.5,0,0,0.0,2,6,8,4,1,2,1,3,22,13,1
22017,201572,0021700983,"Mar 09, 2018",LAL @ DEN,L,32,12,18,0.667,3,7,0.429,2,3,0.667,1,4,5,2,0,2,0,5,29,-18,1
22017,201572,0021700971,"Mar 07, 2018",LAL vs. ORL,W,35,12,18,0.667,1,4,0.25,2,2,1.0,0,0,0,3,1,0,2,4,27,-15,1
22017,201572,0021700956,"Mar 05, 2018",LAL vs. POR,L,26,5,11,0.455,1,6,0.167,3,4,0.75,3,5,8,2,2,2,0,4,14,3,1
22017,201572,0021700940,"Mar 03, 2018",LAL @ SAS,W,26,6,12,0.5,2,4,0.5,0,1,0.0,0,2,2,2,1,0,2,0,14,-17,1
22017,201572,0021700922,"Mar 01, 2018",LAL @ MIA,W,22,4,6,0.667,2,4,0.5,0,0,0.0,0,2,2,2,0,1,0,1,10,0,1
22017,201572,0021700897,"Feb 26, 2018",LAL @ ATL,W,21,4,8,0.5,3,6,0.5,0,0,0.0,0,3,3,2,0,2,2,2,11,11,1
22017,201572,0021700891,"Feb 24, 2018",LAL @ SAC,W,24,5,12,0.417,1,5,0.2,0,0,0.0,1,1,2,0,1,4,0,3,11,11,1
22017,201572,0021700883,"Feb 23, 2018",LAL vs. DAL,W,21,3,6,0.5,1,3,0.333,1,4,0.25,0,4,4,2,0,1,0,1,8,23,1
22017,201572,0021700866,"Feb 15, 2018",LAL @ MIN,L,26,2,5,0.4,2,5,0.4,0,0,0.0,0,2,2,0,0,1,0,4,6,-3,1
22017,201572,0021700862,"Feb 14, 2018",LAL @ NOP,L,18,3,9,0.333,2,4,0.5,0,0,0.0,0,3,3,0,0,0,1,3,8,-3,1
22017,201572,0021700830,"Feb 10, 2018",LAL @ DAL,L,26,6,13,0.462,1,5,0.2,3,4,0.75,1,1,2,5,0,0,1,3,16,7,1
22017,201572,0021700816,"Feb 08, 2018",LAL vs. OKC,W,24,4,14,0.286,0,4,0.0,1,2,0.5,4,5,9,2,0,1,0,1,9,10,1
22017,201572,0021700804,"Feb 06, 2018",LAL vs. PHX,W,23,4,6,0.667,4,6,0.667,0,0,0.0,1,3,4,0,0,1,3,3,12,13,1
22017,201572,0021700788,"Feb 04, 2018",LAL @ OKC,W,35,8,18,0.444,4,9,0.444,0,0,0.0,0,5,5,5,0,1,2,4,20,11,1
22017,201572,0021700768,"Feb 02, 2018",LAL @ BKN,W,28,8,13,0.615,3,5,0.6,0,0,0.0,0,3,3,0,0,3,3,4,19,5,1
22017,201572,0021700754,"Jan 31, 2018",LAL @ ORL,L,9,2,7,0.286,0,3,0.0,1,2,0.5,0,1,1,0,1,0,1,2,5,-12,1
22017,201572,0021700735,"Jan 28, 2018",LAL @ TOR,L,17,3,10,0.3,2,4,0.5,0,0,0.0,1,1,2,0,0,2,1,2,8,-9,1
22017,201572,0021700717,"Jan 26, 2018",LAL @ CHI,W,20,7,13,0.538,1,3,0.333,2,2,1.0,3,3,6,1,0,2,1,4,17,19,1
22017,201572,0021700700,"Jan 23, 2018",LAL vs. BOS,W,15,5,10,0.5,0,4,0.0,2,3,0.667,1,1,2,0,0,1,1,2,12,4,1
22017,201572,0021700684,"Jan 21, 2018",LAL vs. NYK,W,15,5,9,0.556,4,6,0.667,0,0,0.0,0,4,4,0,0,0,1,0,14,-8,2
22017,201572,0021700673,"Jan 19, 2018",LAL vs. IND,W,16,2,7,0.286,0,4,0.0,0,2,0.0,0,5,5,1,0,2,1,1,4,10,1
22017,201572,0021700660,"Jan 17, 2018",LAL @ OKC,L,17,2,5,0.4,1,3,0.333,0,0,0.0,0,2,2,2,0,0,3,3,5,-17,1
22017,201572,0021700645,"Jan 15, 2018",LAL @ MEM,L,19,2,7,0.286,0,3,0.0,1,3,0.333,0,1,1,3,0,0,1,1,5,-6,1
22017,201572,0021700627,"Jan 13, 2018",LAL @ DAL,W,17,3,11,0.273,2,6,0.333,0,0,0.0,1,2,3,2,1,0,0,1,8,2,1
22017,201572,0021700617,"Jan 11, 2018",LAL vs. SAS,W,18,1,5,0.2,1,4,0.25,1,2,0.5,0,2,2,0,0,3,2,4,4,-14,1
22017,201572,0021700602,"Jan 09, 2018",LAL vs. SAC,W,22,6,9,0.667,5,8,0.625,1,2,0.5,0,3,3,0,0,0,1,5,18,15,1
22017,201572,0021700590,"Jan 07, 2018",LAL vs. ATL,W,19,3,10,0.3,2,7,0.286,0,0,0.0,0,3,3,2,4,2,2,3,8,6,1
22017,201572,0021700577,"Jan 05, 2018",LAL vs. CHA,L,19,4,7,0.571,3,6,0.5,0,0,0.0,0,2,2,4,0,0,1,1,11,-6,1
22017,201572,0021700565,"Jan 03, 2018",LAL vs. OKC,L,16,4,11,0.364,2,6,0.333,0,0,0.0,3,2,5,0,0,0,1,1,10,-16,1
22017,201572,0021700450,"Dec 18, 2017",LAL vs. GSW,L,11,3,5,0.6,0,2,0.0,0,2,0.0,1,0,1,1,2,1,1,2,6,6,1
22017,201572,0021700415,"Dec 14, 2017",LAL @ CLE,L,22,4,10,0.4,0,2,0.0,0,2,0.0,1,0,1,2,0,1,1,3,8,-4,1
22017,201572,0021700399,"Dec 12, 2017",LAL @ NYK,L,23,5,13,0.385,2,6,0.333,2,2,1.0,3,1,4,3,0,1,4,2,14,-5,1
22017,201572,0021700377,"Dec 09, 2017",LAL @ CHA,W,19,5,11,0.455,3,6,0.5,0,0,0.0,0,4,4,1,1,1,0,2,13,3,1
22017,201572,0021700363,"Dec 07, 2017",LAL @ PHI,W,20,4,9,0.444,1,5,0.2,2,2,1.0,2,3,5,0,1,1,4,5,11,5,1
22017,201572,0021700338,"Dec 03, 2017",LAL vs. HOU,L,20,2,5,0.4,1,3,0.333,5,8,0.625,2,3,5,2,0,2,3,3,10,9,1
22017,201572,0021700332,"Dec 02, 2017",LAL @ DEN,L,24,7,14,0.5,1,4,0.25,0,0,0.0,2,3,5,3,0,1,1,2,15,-4,1
22017,201572,0021700312,"Nov 29, 2017",LAL vs. GSW,L,17,2,5,0.4,0,2,0.0,2,3,0.667,0,1,1,1,1,1,2,1,6,-15,1
22017,201572,0021700297,"Nov 27, 2017",LAL @ LAC,L,16,2,8,0.25,0,2,0.0,1,2,0.5,0,1,1,1,0,2,0,4,5,-15,1
22017,201572,0021700266,"Nov 22, 2017",LAL @ SAC,L,17,2,6,0.333,0,2,0.0,0,0,0.0,0,1,1,0,0,1,1,5,4,-19,2
22017,201572,0021700252,"Nov 21, 2017",LAL vs. CHI,W,25,2,10,0.2,0,4,0.0,0,0,0.0,0,9,9,1,1,2,1,2,4,4,1
22017,201572,0021700240,"Nov 19, 2017",LAL vs. DEN,W,22,9,14,0.643,3,5,0.6,0,0,0.0,2,1,3,4,0,2,1,4,21,8,1
22017,201572,0021700227,"Nov 17, 2017",LAL vs. PHX,L,31,8,13,0.615,2,6,0.333,1,2,0.5,2,8,10,3,0,4,1,1,19,-2,1
22017,201572,0021700214,"Nov 15, 2017",LAL vs. PHI,L,16,3,12,0.25,0,5,0.0,2,2,1.0,1,1,2,2,0,0,0,3,8,-11,1
22017,201572,0021700196,"Nov 13, 2017",LAL @ PHX,W,28,6,9,0.667,1,4,0.25,2,2,1.0,2,8,10,1,0,1,2,4,15,0,2
22017,201572,0021700182,"Nov 11, 2017",LAL @ MIL,L,21,4,9,0.444,1,2,0.5,1,2,0.5,2,0,2,1,0,3,1,2,10,8,1
22017,201572,0021700164,"Nov 09, 2017",LAL @ WAS,L,22,4,12,0.333,0,2,0.0,7,7,1.0,2,2,4,0,1,2,1,3,15,-8,1
22017,201572,0021700161,"Nov 08, 2017",LAL @ BOS,L,18,5,11,0.455,0,4,0.0,0,0,0.0,1,3,4,1,0,2,3,4,10,-2,1
22017,201572,0021700145,"Nov 05, 2017",LAL vs. MEM,W,31,7,14,0.5,4,6,0.667,3,6,0.5,1,0,1,5,1,2,3,4,21,11,1
22017,201572,0021700130,"Nov 03, 2017",LAL vs. BKN,W,30,13,23,0.565,6,9,0.667,2,2,1.0,3,7,10,2,0,3,3,4,34,13,1
22017,201572,0021700118,"Nov 02, 2017",LAL @ POR,L,29,9,15,0.6,1,4,0.25,8,9,0.889,0,3,3,1,0,1,2,2,27,9,2
22017,201572,0021700104,"Oct 31, 2017",LAL vs. DET,W,21,3,9,0.333,2,6,0.333,0,0,0.0,0,1,1,4,0,2,1,1,8,11,2
22017,201572,0021700082,"Oct 28, 2017",LAL @ UTA,L,18,2,7,0.286,0,2,0.0,2,2,1.0,1,2,3,0,0,2,1,4,6,-9,1
22017,201572,0021700076,"Oct 27, 2017",LAL vs. TOR,L,24,6,14,0.429,0,3,0.0,1,2,0.5,2,3,5,2,1,3,3,2,13,-21,1
22017,201572,0021700064,"Oct 25, 2017",LAL vs. WAS,W,23,3,8,0.375,1,2,0.5,2,2,1.0,0,1,1,3,1,0,1,2,9,2,1
22017,201572,0021700040,"Oct 22, 2017",LAL vs. NOP,L,18,2,8,0.25,1,3,0.333,2,2,1.0,1,5,6,0,1,2,2,3,7,-9,1
22017,201572,0021700026,"Oct 20, 2017",LAL @ PHX,W,32,6,10,0.6,2,5,0.4,5,7,0.714,1,10,11,2,1,0,3,4,19,14,2
22017,201572,0021700016,"Oct 19, 2017",LAL vs. LAC,L,29,7,19,0.368,1,5,0.2,5,5,1.0,4,2,6,2,1,1,1,3,20,-1,1
22016,201572,0021601204,"Apr 10, 2017",BKN @ BOS,L,34,10,21,0.476,1,6,0.167,4,4,1.0,3,4,7,2,0,1,1,2,25,-7,1
22016,201572,0021601188,"Apr 08, 2017",BKN vs. CHI,W,31,6,14,0.429,1,3,0.333,0,0,0.0,3,2,5,1,0,1,2,1,13,17,1
22016,201572,0021601174,"Apr 06, 2017",BKN @ ORL,L,31,4,13,0.308,0,5,0.0,2,5,0.4,1,4,5,2,0,0,4,3,10,-11,1
22016,201572,0021601154,"Apr 04, 2017",BKN @ PHI,W,23,4,5,0.8,2,2,1.0,6,6,1.0,0,4,4,1,0,3,1,1,16,21,1
22016,201572,0021601148,"Apr 02, 2017",BKN vs. ATL,W,31,12,20,0.6,3,7,0.429,2,2,1.0,1,4,5,5,2,5,5,1,29,4,1
22016,201572,0021601139,"Apr 01, 2017",BKN vs. ORL,W,28,12,22,0.545,2,6,0.333,4,5,0.8,2,5,7,1,0,2,1,1,30,-10,1
22016,201572,0021601121,"Mar 30, 2017",BKN @ DET,L,31,4,17,0.235,2,7,0.286,1,2,0.5,4,5,9,2,1,1,1,2,11,3,1
22016,201572,0021601105,"Mar 28, 2017",BKN vs. PHI,L,31,10,15,0.667,3,7,0.429,3,4,0.75,3,6,9,6,0,2,1,2,26,3,1
22016,201572,0021601088,"Mar 26, 2017",BKN @ ATL,W,31,7,17,0.412,2,4,0.5,7,8,0.875,3,4,7,0,1,1,4,4,23,-4,1
22016,201572,0021601072,"Mar 24, 2017",BKN @ WAS,L,22,3,8,0.375,0,2,0.0,0,0,0.0,1,6,7,2,0,0,2,3,6,-15,1
22016,201572,0021601067,"Mar 23, 2017",BKN vs. PHX,W,25,7,14,0.5,1,5,0.2,4,7,0.571,3,3,6,0,0,1,4,3,19,2,1
22016,201572,0021601052,"Mar 21, 2017",BKN vs. DET,W,33,13,24,0.542,3,9,0.333,0,2,0.0,2,5,7,1,0,0,1,3,29,2,1
22016,201572,0021601036,"Mar 19, 2017",BKN vs. DAL,L,33,8,18,0.444,3,6,0.5,8,10,0.8,4,3,7,0,0,0,4,4,27,12,1
22016,201572,0021601022,"Mar 17, 2017",BKN vs. BOS,L,31,8,18,0.444,2,5,0.4,5,6,0.833,1,4,5,4,0,2,2,4,23,-6,1
22016,201572,0021601016,"Mar 16, 2017",BKN @ NYK,W,30,9,17,0.529,1,5,0.2,5,5,1.0,1,5,6,3,0,1,3,4,24,14,1
22016,201572,0021601000,"Mar 14, 2017",BKN vs. OKC,L,29,9,15,0.6,3,6,0.5,4,4,1.0,0,5,5,0,1,0,2,2,25,-2,1
22016,201572,0021600986,"Mar 12, 2017",BKN vs. NYK,W,29,8,17,0.471,6,9,0.667,3,4,0.75,2,4,6,2,1,1,4,1,25,2,1
22016,201572,0021600950,"Mar 08, 2017",BKN @ ATL,L,29,7,18,0.389,2,5,0.4,2,2,1.0,2,4,6,3,1,5,5,3,18,-4,1
22016,201572,0021600939,"Mar 06, 2017",BKN @ MEM,W,32,3,6,0.5,0,1,0.0,2,2,1.0,0,4,4,2,1,0,3,2,8,15,1
22016,201572,0021600926,"Mar 04, 2017",BKN @ POR,L,32,11,19,0.579,2,5,0.4,2,4,0.5,0,5,5,1,1,2,2,3,26,-9,1
22016,201572,0021600915,"Mar 03, 2017",BKN @ UTA,L,29,5,13,0.385,1,4,0.25,6,7,0.857,0,5,5,1,0,2,1,3,17,-14,1
22016,201572,0021600905,"Mar 01, 2017",BKN @ SAC,W,30,9,17,0.529,1,5,0.2,5,7,0.714,3,5,8,0,0,1,4,4,24,16,1
22016,201572,0021600873,"Feb 25, 2017",BKN @ GSW,L,31,3,13,0.231,2,6,0.333,1,4,0.25,0,4,4,5,1,1,4,3,9,-11,2
22016,201572,0021600864,"Feb 24, 2017",BKN @ DEN,L,26,7,11,0.636,1,4,0.25,2,4,0.5,1,0,1,3,0,1,2,2,17,-21,1
22016,201572,0021600838,"Feb 15, 2017",BKN vs. MIL,L,35,12,20,0.6,6,10,0.6,6,8,0.75,2,2,4,1,1,8,0,2,36,10,1
22016,201572,0021600822,"Feb 13, 2017",BKN vs. MEM,L,32,7,18,0.389,1,5,0.2,2,2,1.0,1,2,3,5,1,0,2,4,17,-1,1
22016,201572,0021600799,"Feb 10, 2017",BKN vs. MIA,L,31,10,17,0.588,1,3,0.333,9,12,0.75,3,5,8,1,0,2,3,0,30,2,1
22016,201572,0021600784,"Feb 08, 2017",BKN vs. WAS,L,32,8,17,0.471,0,4,0.0,4,4,1.0,1,5,6,4,0,2,2,6,20,2,1
22016,201572,0021600779,"Feb 07, 2017",BKN @ CHA,L,29,8,17,0.471,1,4,0.25,3,5,0.6,1,3,4,1,0,4,4,4,20,-3,1
22016,201572,0021600765,"Feb 05, 2017",BKN vs. TOR,L,30,6,17,0.353,1,4,0.25,7,8,0.875,2,4,6,3,1,2,4,4,20,4,1
22016,201572,0021600747,"Feb 03, 2017",BKN vs. IND,L,31,9,18,0.5,0,1,0.0,5,5,1.0,2,4,6,1,0,1,3,1,23,-20,1
22016,201572,0021600733,"Feb 01, 2017",BKN vs. NYK,L,31,4,11,0.364,0,2,0.0,2,4,0.5,2,4,6,1,1,1,0,2,10,4,1
22016,201572,0021600719,"Jan 30, 2017",BKN @ MIA,L,31,5,17,0.294,0,6,0.0,4,6,0.667,2,1,3,3,1,2,1,2,14,-7,1
22016,201572,0021600710,"Jan 28, 2017",BKN @ MIN,L,30,10,15,0.667,3,6,0.5,2,3,0.667,1,6,7,0,1,2,2,4,25,-15,1
22016,201572,0021600682,"Jan 25, 2017",BKN vs. MIA,L,33,11,23,0.478,7,14,0.5,4,4,1.0,0,4,4,3,0,0,2,4,33,11,1
22016,201572,0021600666,"Jan 23, 2017",BKN vs. SAS,L,21,4,10,0.4,0,1,0.0,4,4,1.0,3,1,4,1,1,1,4,3,12,-6,1
22016,201572,0021600652,"Jan 21, 2017",BKN @ CHA,L,31,10,21,0.476,3,7,0.429,1,1,1.0,0,5,5,4,0,2,2,3,24,-2,1
22016,201572,0021600645,"Jan 20, 2017",BKN @ NOP,W,24,8,15,0.533,1,4,0.25,6,6,1.0,2,6,8,3,0,3,1,2,23,15,1
22016,201572,0021600622,"Jan 17, 2017",BKN vs. TOR,L,32,11,23,0.478,0,3,0.0,6,6,1.0,5,4,9,2,0,2,3,2,28,-10,1
22016,201572,0021600592,"Jan 13, 2017",BKN @ TOR,L,29,6,17,0.353,0,3,0.0,8,10,0.8,0,3,3,5,1,1,1,2,20,-12,1
22016,201572,0021600586,"Jan 12, 2017",BKN vs. NOP,L,32,9,18,0.5,1,6,0.167,1,2,0.5,1,5,6,3,1,1,6,3,20,-7,1
22016,201572,0021600573,"Jan 10, 2017",BKN vs. ATL,L,32,8,14,0.571,2,6,0.333,2,4,0.5,0,2,2,2,1,2,1,3,20,-11,1
22016,201572,0021600560,"Jan 08, 2017",BKN vs. PHI,L,32,8,16,0.5,3,7,0.429,7,7,1.0,1,1,2,2,1,1,2,3,26,1,1
22016,201572,0021600547,"Jan 06, 2017",BKN vs. CLE,L,33,5,10,0.5,1,2,0.5,6,7,0.857,0,1,1,1,0,0,5,2,17,5,1
22016,201572,0021600536,"Jan 05, 2017",BKN @ IND,L,26,5,14,0.357,1,5,0.2,1,2,0.5,0,6,6,3,0,1,2,2,12,-21,1
22016,201572,0021600515,"Jan 02, 2017",BKN vs. UTA,L,31,6,16,0.375,1,6,0.167,1,2,0.5,1,5,6,0,2,2,2,5,14,-16,1
22016,201572,0021600493,"Dec 30, 2016",BKN @ WAS,L,31,3,9,0.333,1,5,0.2,4,4,1.0,1,4,5,6,1,0,4,2,11,-12,1
22016,201572,0021600480,"Dec 28, 2016",BKN @ CHI,L,34,12,20,0.6,5,6,0.833,4,4,1.0,1,2,3,4,0,0,3,4,33,4,1
22016,201572,0021600463,"Dec 26, 2016",BKN vs. CHA,W,33,8,13,0.615,1,3,0.333,4,4,1.0,2,3,5,5,0,3,2,1,21,5,1
22016,201572,0021600444,"Dec 23, 2016",BKN @ CLE,L,22,7,11,0.636,2,3,0.667,0,0,0.0,1,2,3,1,0,2,3,2,16,-19,1
22016,201572,0021600437,"Dec 22, 2016",BKN vs. GSW,L,31,9,16,0.563,4,9,0.444,6,6,1.0,0,8,8,2,0,2,6,3,28,-21,1
22016,201572,0021600408,"Dec 18, 2016",BKN @ PHI,L,32,6,14,0.429,1,3,0.333,9,10,0.9,3,6,9,8,1,4,1,4,22,17,1
22016,201572,0021600390,"Dec 16, 2016",BKN @ ORL,L,32,9,19,0.474,0,3,0.0,4,5,0.8,1,5,6,1,1,5,4,6,22,-4,1
22016,201572,0021600378,"Dec 14, 2016",BKN vs. LAL,W,33,8,19,0.421,1,7,0.143,3,5,0.6,3,4,7,2,0,1,3,2,20,14,1
22016,201572,0021600364,"Dec 12, 2016",BKN @ HOU,L,32,9,17,0.529,0,2,0.0,8,8,1.0,1,0,1,2,1,2,4,1,26,14,1
22016,201572,0021600353,"Dec 10, 2016",BKN @ SAS,L,25,3,7,0.429,0,1,0.0,8,8,1.0,3,2,5,5,0,1,0,0,14,-18,1
22016,201572,0021600323,"Dec 07, 2016",BKN vs. DEN,W,33,7,17,0.412,2,5,0.4,8,10,0.8,3,5,8,4,0,2,2,4,24,1,1
22016,201572,0021600306,"Dec 05, 2016",BKN vs. WAS,L,31,8,15,0.533,2,4,0.5,7,9,0.778,4,2,6,5,0,2,1,3,25,3,1
22016,201572,0021600291,"Dec 03, 2016",BKN @ MIL,L,29,3,17,0.176,3,9,0.333,4,6,0.667,1,3,4,6,1,3,2,5,13,-15,1
22016,201572,0021600277,"Dec 01, 2016",BKN vs. MIL,L,28,4,12,0.333,3,8,0.375,4,6,0.667,2,2,4,2,0,2,1,2,15,-19,1
22016,201572,0021600261,"Nov 29, 2016",BKN vs. LAC,W,43,11,20,0.55,4,9,0.444,1,1,1.0,3,5,8,4,2,1,1,1,27,24,1
22016,201572,0021600247,"Nov 27, 2016",BKN vs. SAC,L,30,5,15,0.333,3,8,0.375,4,4,1.0,1,6,7,2,0,0,2,2,17,-2,1
22016,201572,0021600234,"Nov 25, 2016",BKN @ IND,L,24,8,13,0.615,2,3,0.667,2,3,0.667,1,3,4,2,0,1,3,3,20,-22,1
22016,201572,0021600217,"Nov 23, 2016",BKN vs. BOS,L,28,4,14,0.286,1,6,0.167,4,5,0.8,1,2,3,2,2,1,0,1,13,-8,1
22016,201572,0021600194,"Nov 20, 2016",BKN vs. POR,L,29,8,14,0.571,2,4,0.5,3,3,1.0,3,3,6,4,1,1,2,2,21,-16,1
22016,201572,0021600178,"Nov 18, 2016",BKN @ OKC,L,28,8,16,0.5,4,7,0.571,2,2,1.0,2,2,4,2,1,2,1,3,22,-8,1
22016,201572,0021600157,"Nov 15, 2016",BKN @ LAL,L,31,10,25,0.4,4,11,0.364,6,7,0.857,3,7,10,3,0,3,2,2,30,-13,1
22016,201572,0021600139,"Nov 12, 2016",BKN @ PHX,W,28,3,11,0.273,1,5,0.2,4,4,1.0,0,5,5,2,1,5,3,3,11,16,1
22016,201572,0021600106,"Nov 09, 2016",BKN @ NYK,L,24,8,12,0.667,1,5,0.2,4,6,0.667,1,3,4,1,0,3,1,3,21,-4,1
22016,201572,0021600101,"Nov 08, 2016",BKN vs. MIN,W,28,10,16,0.625,3,7,0.429,3,3,1.0,0,3,3,1,0,3,5,2,26,11,1
22016,201572,0021600072,"Nov 04, 2016",BKN vs. CHA,L,29,7,17,0.412,2,6,0.333,2,3,0.667,1,2,3,2,0,0,3,1,18,6,1
22016,201572,0021600057,"Nov 02, 2016",BKN vs. DET,W,29,12,21,0.571,4,8,0.5,6,9,0.667,2,9,11,1,2,1,2,2,34,10,1
22016,201572,0021600043,"Oct 31, 2016",BKN vs. CHI,L,22,5,11,0.455,0,1,0.0,3,3,1.0,2,0,2,0,0,1,1,2,13,-13,1
22016,201572,0021600019,"Oct 28, 2016",BKN vs. IND,W,26,10,18,0.556,0,4,0.0,5,6,0.833,3,2,5,1,1,0,5,1,25,1,1
22016,201572,0021600006,"Oct 26, 2016",BKN @ BOS,L,21,1,7,0.143,1,2,0.5,4,4,1.0,2,3,5,0,0,0,2,1,7,-10,1
22015,201572,0021501130,"Apr 01, 2016",BKN @ NYK,L,30,7,20,0.35,0,1,0.0,2,2,1.0,3,5,8,4,0,1,2,1,16,-12,1
22015,201572,0021501108,"Mar 29, 2016",BKN @ ORL,L,15,2,7,0.286,0,0,0.0,1,2,0.5,2,1,3,1,0,0,4,2,5,-10,1
22015,201572,0021501097,"Mar 28, 2016",BKN @ MIA,L,35,12,20,0.6,0,1,0.0,2,2,1.0,3,1,4,0,0,1,4,1,26,0,1
22015,201572,0021501082,"Mar 26, 2016",BKN vs. IND,W,38,7,16,0.438,0,0,0.0,9,13,0.692,1,8,9,4,2,0,4,3,23,10,1
22015,201572,0021501069,"Mar 24, 2016",BKN vs. CLE,W,32,8,15,0.533,0,0,0.0,6,8,0.75,2,5,7,5,1,0,1,4,22,8,1
22015,201572,0021501052,"Mar 22, 2016",BKN vs. CHA,L,39,11,19,0.579,0,1,0.0,7,7,1.0,4,5,9,6,0,0,3,4,29,-2,1
22015,201572,0021501016,"Mar 17, 2016",BKN @ CHI,L,31,4,8,0.5,0,0,0.0,1,1,1.0,1,2,3,2,0,0,1,2,9,9,1
22015,201572,0021500999,"Mar 15, 2016",BKN vs. PHI,W,37,7,17,0.412,1,1,1.0,3,4,0.75,5,5,10,4,1,0,2,3,18,25,1
22015,201572,0021500985,"Mar 13, 2016",BKN vs. MIL,L,35,8,12,0.667,0,0,0.0,4,4,1.0,1,2,3,2,0,2,3,2,20,-12,1
22015,201572,0021500964,"Mar 11, 2016",BKN @ PHI,L,34,10,17,0.588,0,1,0.0,4,5,0.8,3,4,7,1,0,3,1,0,24,4,1
22015,201572,0021500944,"Mar 08, 2016",BKN @ TOR,L,35,13,17,0.765,0,0,0.0,9,9,1.0,1,4,5,3,1,7,5,3,35,-2,1
22015,201572,0021500920,"Mar 04, 2016",BKN @ DEN,W,38,6,13,0.462,0,0,0.0,8,10,0.8,2,2,4,5,2,0,3,4,20,0,1
22015,201572,0021500896,"Mar 01, 2016",BKN @ LAL,L,33,9,18,0.5,0,1,0.0,5,8,0.625,2,5,7,4,0,1,2,6,23,6,1
22015,201572,0021500890,"Feb 29, 2016",BKN @ LAC,L,34,9,17,0.529,0,0,0.0,7,8,0.875,5,5,10,4,1,2,3,2,25,-1,1
22015,201572,0021500876,"Feb 27, 2016",BKN @ UTA,W,34,8,16,0.5,0,0,0.0,3,4,0.75,1,5,6,2,1,1,4,3,19,-3,1
22015,201572,0021500858,"Feb 25, 2016",BKN @ PHX,W,30,4,10,0.4,0,0,0.0,4,6,0.667,1,5,6,2,1,1,2,5,12,3,1
22015,201572,0021500844,"Feb 23, 2016",BKN @ POR,L,40,16,24,0.667,0,0,0.0,4,5,0.8,5,5,10,1,4,1,3,4,36,-4,1
22015,201572,0021500827,"Feb 21, 2016",BKN vs. CHA,L,32,7,12,0.583,1,1,1.0,1,2,0.5,4,6,10,6,2,2,2,3,16,-8,1
22015,201572,0021500807,"Feb 19, 2016",BKN vs. NYK,W,37,13,23,0.565,0,0,0.0,7,8,0.875,2,6,8,2,1,4,2,4,33,15,1
22015,201572,0021500793,"Feb 10, 2016",BKN vs. MEM,L,30,8,14,0.571,0,0,0.0,4,4,1.0,1,3,4,4,2,0,5,0,20,-13,1
22015,201572,0021500778,"Feb 08, 2016",BKN vs. DEN,W,31,6,11,0.545,0,0,0.0,4,6,0.667,2,2,4,0,0,1,3,2,16,3,1
22015,201572,0021500764,"Feb 06, 2016",BKN @ PHI,L,34,5,11,0.455,0,0,0.0,7,7,1.0,3,2,5,0,0,1,2,3,17,-2,1
22015,201572,0021500754,"Feb 05, 2016",BKN vs. SAC,W,41,11,21,0.524,0,0,0.0,4,4,1.0,7,5,12,3,0,1,3,3,26,6,1
22015,201572,0021500738,"Feb 03, 2016",BKN vs. IND,L,38,6,12,0.5,0,1,0.0,9,14,0.643,3,4,7,3,1,1,3,3,21,-1,1
22015,201572,0021500722,"Feb 01, 2016",BKN vs. DET,L,36,13,19,0.684,0,1,0.0,1,1,1.0,1,4,5,2,1,2,0,2,27,-8,1
22015,201572,0021500710,"Jan 30, 2016",BKN @ NOP,L,37,13,23,0.565,0,0,0.0,7,12,0.583,1,9,10,1,3,4,1,3,33,15,1
22015,201572,0021500702,"Jan 29, 2016",BKN @ DAL,L,37,10,21,0.476,0,0,0.0,8,11,0.727,4,8,12,3,2,2,2,4,28,3,1
22015,201572,0021500678,"Jan 26, 2016",BKN vs. MIA,L,31,5,9,0.556,0,0,0.0,3,4,0.75,1,9,10,1,0,1,3,2,13,0,1
22015,201572,0021500664,"Jan 24, 2016",BKN vs. OKC,W,32,11,19,0.579,0,0,0.0,9,10,0.9,5,5,10,2,0,3,1,4,31,18,1
22015,201572,0021500647,"Jan 22, 2016",BKN vs. UTA,L,19,4,8,0.5,0,0,0.0,0,0,0.0,1,2,3,0,2,0,3,3,8,-3,1
22015,201572,0021500631,"Jan 20, 2016",BKN vs. CLE,L,33,8,15,0.533,0,0,0.0,0,1,0.0,3,7,10,1,0,1,2,2,16,-13,1
22015,201572,0021500621,"Jan 18, 2016",BKN @ TOR,L,38,13,22,0.591,0,0,0.0,3,5,0.6,2,8,10,3,1,2,1,2,29,-9,1
22015,201572,0021500602,"Jan 16, 2016",BKN @ ATL,L,32,4,10,0.4,0,0,0.0,2,3,0.667,1,2,3,1,0,0,2,2,10,-14,1
22015,201572,0021500596,"Jan 15, 2016",BKN vs. POR,L,28,9,17,0.529,0,0,0.0,7,10,0.7,3,4,7,1,0,1,2,1,25,6,1
22015,201572,0021500579,"Jan 13, 2016",BKN vs. NYK,W,30,8,13,0.615,0,0,0.0,4,6,0.667,1,7,8,5,2,1,0,3,20,17,1
22015,201572,0021500566,"Jan 11, 2016",BKN vs. SAS,L,32,8,17,0.471,0,0,0.0,2,2,1.0,1,4,5,2,0,2,1,3,18,-14,1
22015,201572,0021500553,"Jan 09, 2016",BKN @ DET,L,30,8,11,0.727,0,0,0.0,3,3,1.0,1,6,7,1,0,3,3,4,19,-3,1
22015,201572,0021500541,"Jan 08, 2016",BKN vs. ORL,L,35,6,15,0.4,0,0,0.0,5,8,0.625,3,5,8,0,1,1,3,0,17,-11,1
22015,201572,0021500529,"Jan 06, 2016",BKN vs. TOR,L,40,11,21,0.524,0,0,0.0,2,5,0.4,5,8,13,1,1,3,3,2,24,-9,1
22015,201572,0021500513,"Jan 04, 2016",BKN vs. BOS,L,37,6,14,0.429,0,0,0.0,7,7,1.0,0,5,5,1,0,1,3,4,19,-8,1
22015,201572,0021500495,"Jan 02, 2016",BKN @ BOS,W,38,11,24,0.458,0,0,0.0,8,8,1.0,5,8,13,2,1,1,4,4,30,17,1
22015,201572,0021500475,"Dec 30, 2015",BKN @ ORL,L,39,7,18,0.389,0,1,0.0,10,12,0.833,6,9,15,2,3,5,2,3,24,-5,1
22015,201572,0021500462,"Dec 28, 2015",BKN @ MIA,W,35,10,24,0.417,0,0,0.0,6,7,0.857,5,7,12,0,2,1,2,4,26,2,1
22015,201572,0021500447,"Dec 26, 2015",BKN vs. WAS,L,30,9,16,0.563,0,0,0.0,1,3,0.333,6,5,11,3,0,2,1,3,19,-22,1
22015,201572,0021500428,"Dec 23, 2015",BKN vs. DAL,L,35,6,15,0.4,0,0,0.0,1,3,0.333,2,4,6,2,1,2,0,3,13,-1,1
22015,201572,0021500414,"Dec 21, 2015",BKN @ CHI,W,35,8,18,0.444,0,0,0.0,5,6,0.833,3,9,12,2,2,3,3,3,21,6,1
22015,201572,0021500403,"Dec 20, 2015",BKN vs. MIN,L,40,8,11,0.727,0,1,0.0,4,5,0.8,2,10,12,5,1,2,4,3,20,-7,1
22015,201572,0021500386,"Dec 18, 2015",BKN @ IND,L,33,7,15,0.467,0,0,0.0,4,4,1.0,2,3,5,1,0,1,2,5,18,-4,1
22015,201572,0021500373,"Dec 16, 2015",BKN vs. MIA,L,28,12,16,0.75,0,0,0.0,1,2,0.5,3,3,6,0,0,0,0,4,25,-3,1
22015,201572,0021500358,"Dec 14, 2015",BKN vs. ORL,L,32,4,15,0.267,0,0,0.0,3,4,0.75,2,4,6,0,0,0,1,2,11,-12,1
22015,201572,0021500344,"Dec 12, 2015",BKN vs. LAC,L,32,5,11,0.455,0,0,0.0,4,4,1.0,8,4,12,0,1,1,5,2,14,-14,1
22015,201572,0021500329,"Dec 10, 2015",BKN vs. PHI,W,19,2,3,0.667,0,0,0.0,3,5,0.6,2,5,7,1,0,1,5,5,7,15,1
22015,201572,0021500315,"Dec 08, 2015",BKN vs. HOU,W,39,9,14,0.643,0,0,0.0,6,6,1.0,4,4,8,0,1,5,6,3,24,5,1
22015,201572,0021500300,"Dec 06, 2015",BKN vs. GSW,L,28,7,14,0.5,0,0,0.0,4,4,1.0,3,5,8,3,1,1,3,3,18,-15,1
22015,201572,0021500283,"Dec 04, 2015",BKN @ NYK,L,35,8,20,0.4,0,0,0.0,5,5,1.0,2,2,4,1,1,2,2,3,21,-19,1
22015,201572,0021500264,"Dec 01, 2015",BKN vs. PHX,W,37,10,20,0.5,0,0,0.0,3,5,0.6,1,5,6,2,0,1,2,3,23,10,1
22015,201572,0021500248,"Nov 29, 2015",BKN vs. DET,W,36,6,18,0.333,0,0,0.0,3,5,0.6,2,7,9,5,4,6,3,6,15,-4,1
22015,201572,0021500240,"Nov 28, 2015",BKN @ CLE,L,38,10,15,0.667,0,0,0.0,2,5,0.4,1,8,9,2,1,2,2,5,22,5,2
22015,201572,0021500223,"Nov 25, 2015",BKN @ OKC,L,34,11,23,0.478,0,0,0.0,4,4,1.0,6,2,8,2,2,2,3,3,26,-9,1
22015,201572,0021500197,"Nov 22, 2015",BKN vs. BOS,W,35,10,20,0.5,0,0,0.0,3,4,0.75,5,5,10,0,1,0,2,3,23,3,1
22015,201572,0021500179,"Nov 20, 2015",BKN @ BOS,L,27,5,9,0.556,0,0,0.0,4,4,1.0,3,4,7,2,0,0,2,1,14,-15,1
22015,201572,0021500165,"Nov 18, 2015",BKN @ CHA,L,35,8,19,0.421,0,0,0.0,7,8,0.875,2,3,5,3,0,2,1,5,23,6,1
22015,201572,0021500159,"Nov 17, 2015",BKN vs. ATL,W,35,11,21,0.524,0,0,0.0,2,4,0.5,2,8,10,1,1,3,1,3,24,3,1
22015,201572,0021500144,"Nov 14, 2015",BKN @ GSW,L,42,8,21,0.381,0,1,0.0,2,2,1.0,4,5,9,1,1,3,1,3,18,0,1
22015,201572,0021500137,"Nov 13, 2015",BKN @ SAC,L,36,5,15,0.333,0,0,0.0,7,8,0.875,4,6,10,1,0,4,3,5,17,6,1
22015,201572,0021500119,"Nov 11, 2015",BKN @ HOU,W,35,6,17,0.353,0,0,0.0,2,3,0.667,5,7,12,0,1,5,1,1,14,7,1
22015,201572,0021500089,"Nov 07, 2015",BKN @ MIL,L,29,9,17,0.529,0,0,0.0,2,2,1.0,1,3,4,1,0,2,4,2,20,-9,1
22015,201572,0021500077,"Nov 06, 2015",BKN vs. LAL,L,39,8,19,0.421,0,1,0.0,7,7,1.0,4,6,10,1,0,4,2,3,23,-4,1
22015,201572,0021500062,"Nov 04, 2015",BKN @ ATL,L,36,11,16,0.688,0,0,0.0,5,7,0.714,5,6,11,3,0,1,2,1,27,-6,1
22015,201572,0021500047,"Nov 02, 2015",BKN vs. MIL,L,34,6,10,0.6,0,1,0.0,6,7,0.857,1,8,9,1,0,2,4,5,18,1,1
22015,201572,0021500036,"Oct 31, 2015",BKN @ MEM,L,28,4,11,0.364,0,0,0.0,4,6,0.667,2,8,10,0,0,1,0,3,12,-2,1
22015,201572,0021500028,"Oct 30, 2015",BKN @ SAS,L,32,6,11,0.545,0,0,0.0,5,6,0.833,0,3,3,4,0,1,2,3,17,-23,1
22015,201572,0021500006,"Oct 28, 2015",BKN vs. CHI,L,33,10,17,0.588,0,0,0.0,6,7,0.857,4,3,7,2,0,1,3,2,26,-20,1
22014,201572,0021401224,"Apr 15, 2015",BKN vs. ORL,W,33,4,8,0.5,0,0,0.0,6,7,0.857,3,4,7,1,4,3,2,3,14,3,1
22014,201572,0021401206,"Apr 13, 2015",BKN vs. CHI,L,34,5,11,0.455,0,0,0.0,3,4,0.75,4,4,8,0,0,1,0,4,13,-19,1
22014,201572,0021401193,"Apr 12, 2015",BKN @ MIL,L,31,3,8,0.375,0,0,0.0,6,7,0.857,5,5,10,0,2,1,1,2,12,-24,1
22014,201572,0021401177,"Apr 10, 2015",BKN vs. WAS,W,32,12,22,0.545,0,0,0.0,2,3,0.667,3,6,9,0,1,1,0,2,26,26,1
22014,201572,0021401163,"Apr 08, 2015",BKN vs. ATL,L,39,8,17,0.471,0,0,0.0,10,10,1.0,7,3,10,2,1,3,1,1,26,2,1
22014,201572,0021400668,"Apr 06, 2015",BKN vs. POR,W,32,15,25,0.6,0,0,0.0,2,4,0.5,4,5,9,1,1,1,0,2,32,2,1
22014,201572,0021401138,"Apr 04, 2015",BKN @ ATL,L,26,5,8,0.625,0,0,0.0,1,2,0.5,2,4,6,1,0,0,2,2,11,-22,1
22014,201572,0021401130,"Apr 03, 2015",BKN vs. TOR,W,44,13,24,0.542,0,0,0.0,4,4,1.0,10,7,17,2,1,1,1,2,30,9,1
22014,201572,0021401116,"Apr 01, 2015",BKN @ NYK,W,34,9,15,0.6,0,0,0.0,0,0,0.0,3,4,7,1,0,5,0,4,18,11,1
22014,201572,0021401108,"Mar 31, 2015",BKN vs. IND,W,40,11,17,0.647,0,0,0.0,2,2,1.0,2,9,11,2,0,2,0,3,24,13,1
22014,201572,0021401093,"Mar 29, 2015",BKN vs. LAL,W,40,13,22,0.591,0,0,0.0,4,8,0.5,3,8,11,1,0,4,0,0,30,12,1
22014,201572,0021401078,"Mar 27, 2015",BKN vs. CLE,W,38,7,16,0.438,0,0,0.0,6,6,1.0,5,4,9,0,1,0,4,4,20,5,1
22014,201572,0021401060,"Mar 25, 2015",BKN @ CHA,W,39,16,26,0.615,0,0,0.0,2,2,1.0,1,9,10,0,2,3,2,2,34,4,1
22014,201572,0021401049,"Mar 23, 2015",BKN vs. BOS,L,35,12,19,0.632,0,0,0.0,7,7,1.0,2,2,4,0,1,2,0,2,31,-2,1
22014,201572,0021401032,"Mar 21, 2015",BKN @ IND,W,31,11,14,0.786,0,0,0.0,4,5,0.8,0,4,4,0,0,4,1,3,26,3,1
22014,201572,0021401022,"Mar 20, 2015",BKN vs. MIL,W,42,13,20,0.65,0,0,0.0,6,6,1.0,7,11,18,2,0,5,1,5,32,1,1
22014,201572,0021401005,"Mar 18, 2015",BKN @ CLE,L,31,4,10,0.4,0,0,0.0,2,2,1.0,5,3,8,5,0,2,1,2,10,-8,1
22014,201572,0021400994,"Mar 16, 2015",BKN @ MIN,W,22,7,8,0.875,0,0,0.0,2,3,0.667,6,2,8,0,1,1,1,1,16,24,1
22014,201572,0021400978,"Mar 14, 2015",BKN @ PHI,W,27,2,7,0.286,0,0,0.0,6,8,0.75,3,4,7,0,0,1,4,4,10,1,1
22014,201572,0021400955,"Mar 11, 2015",BKN @ MIA,L,33,6,11,0.545,0,1,0.0,3,4,0.75,5,9,14,1,0,1,0,1,15,-4,1
22014,201572,0021400947,"Mar 10, 2015",BKN vs. NOP,L,25,7,14,0.5,0,0,0.0,1,4,0.25,6,3,9,0,1,3,1,2,15,-20,1
22014,201572,0021400933,"Mar 08, 2015",BKN vs. UTA,L,36,8,17,0.471,0,1,0.0,3,5,0.6,5,5,10,0,2,2,1,3,19,2,1
22014,201572,0021400916,"Mar 06, 2015",BKN vs. PHX,L,37,6,16,0.375,0,0,0.0,7,8,0.875,5,8,13,1,1,1,3,3,19,0,1
22014,201572,0021400899,"Mar 04, 2015",BKN vs. CHA,L,19,2,7,0.286,0,0,0.0,4,4,1.0,0,3,3,1,0,1,1,3,8,-12,1
22014,201572,0021400886,"Mar 02, 2015",BKN vs. GSW,W,26,11,22,0.5,0,0,0.0,4,5,0.8,4,2,6,0,0,1,3,3,26,7,1
22014,201572,0021400874,"Feb 28, 2015",BKN @ DAL,W,15,3,7,0.429,0,0,0.0,1,2,0.5,3,2,5,0,0,0,0,3,7,-10,1
22014,201572,0021400863,"Feb 27, 2015",BKN @ HOU,L,22,4,12,0.333,0,0,0.0,4,4,1.0,8,4,12,1,0,1,3,4,12,-6,1
22014,201572,0021400849,"Feb 25, 2015",BKN @ NOP,L,34,7,14,0.5,0,0,0.0,1,1,1.0,3,4,7,0,1,4,0,2,15,3,1
22014,201572,0021400834,"Feb 23, 2015",BKN @ DEN,W,32,6,17,0.353,0,1,0.0,7,8,0.875,6,3,9,0,0,0,0,3,19,27,1
22014,201572,0021400815,"Feb 20, 2015",BKN @ LAL,W,33,8,19,0.421,0,0,0.0,6,7,0.857,7,7,14,0,0,1,2,4,22,12,1
22014,201572,0021400786,"Feb 10, 2015",BKN @ MEM,L,23,5,14,0.357,0,1,0.0,2,2,1.0,2,2,4,0,0,1,2,4,12,-12,1
22014,201572,0021400778,"Feb 09, 2015",BKN @ MIL,L,21,5,7,0.714,0,0,0.0,0,0,0.0,1,4,5,2,1,2,2,5,10,6,1
22014,201572,0021400759,"Feb 07, 2015",BKN @ WAS,L,31,8,15,0.533,0,0,0.0,3,5,0.6,4,4,8,1,0,1,1,4,19,-20,1
22014,201572,0021400746,"Feb 06, 2015",BKN vs. NYK,W,33,11,18,0.611,0,0,0.0,0,2,0.0,5,4,9,2,0,6,3,3,22,0,1
22014,201572,0021400734,"Feb 04, 2015",BKN @ TOR,W,28,4,14,0.286,0,0,0.0,0,0,0.0,2,2,4,2,0,1,1,4,8,-4,1
22014,201572,0021400720,"Feb 02, 2015",BKN vs. LAC,W,37,12,20,0.6,0,0,0.0,0,0,0.0,1,6,7,0,1,0,0,4,24,14,1
22014,201572,0021400699,"Jan 30, 2015",BKN vs. TOR,L,41,15,28,0.536,0,0,0.0,5,6,0.833,8,4,12,0,3,3,1,4,35,1,1
22014,201572,0021400683,"Jan 28, 2015",BKN @ ATL,L,31,6,11,0.545,0,0,0.0,6,6,1.0,2,5,7,1,0,2,1,4,18,-12,1
22014,201572,0021400655,"Jan 24, 2015",BKN @ UTA,L,22,2,9,0.222,0,0,0.0,2,4,0.5,2,3,5,0,0,1,2,3,6,-13,1
22014,201572,0021400640,"Jan 22, 2015",BKN @ LAC,L,24,1,3,0.333,0,0,0.0,2,2,1.0,0,1,1,0,0,1,1,3,4,-34,0
22014,201572,0021400635,"Jan 21, 2015",BKN @ SAC,W,38,8,15,0.533,0,1,0.0,6,7,0.857,2,4,6,3,1,6,3,4,22,2,1
22014,201572,0021400605,"Jan 17, 2015",BKN vs. WAS,L,27,5,13,0.385,0,1,0.0,5,6,0.833,4,1,5,1,0,0,0,2,15,-9,1
22014,201572,0021400590,"Jan 16, 2015",BKN @ WAS,W,23,8,14,0.571,0,0,0.0,10,12,0.833,1,2,3,0,2,2,1,3,26,14,1
22014,201572,0021400576,"Jan 14, 2015",BKN vs. MEM,L,27,5,9,0.556,0,0,0.0,1,1,1.0,1,3,4,1,0,0,2,4,11,-22,1
22014,201572,0021400564,"Jan 12, 2015",BKN vs. HOU,L,24,5,8,0.625,0,0,0.0,2,2,1.0,3,3,6,0,1,1,2,2,12,-12,1
22014,201572,0021400551,"Jan 10, 2015",BKN @ DET,L,27,3,9,0.333,1,2,0.5,4,4,1.0,3,12,15,1,1,1,0,4,11,-1,1
22014,201572,0021400539,"Jan 09, 2015",BKN vs. PHI,L,28,9,17,0.529,0,1,0.0,0,1,0.0,0,6,6,0,0,2,2,3,18,6,1
22014,201572,0021400527,"Jan 07, 2015",BKN vs. BOS,L,17,2,7,0.286,0,0,0.0,2,3,0.667,1,4,5,0,0,2,2,1,6,-8,1
22014,201572,0021400511,"Jan 05, 2015",BKN vs. DAL,L,33,11,21,0.524,0,1,0.0,0,0,0.0,1,12,13,0,1,4,1,3,22,-5,1
22014,201572,0021400505,"Jan 04, 2015",BKN @ MIA,L,25,6,11,0.545,0,0,0.0,4,4,1.0,3,4,7,0,1,1,1,3,16,5,1
22014,201572,0021400485,"Jan 02, 2015",BKN @ ORL,W,18,7,8,0.875,0,0,0.0,2,3,0.667,2,6,8,0,0,3,1,0,16,9,1
22014,201572,0021400467,"Dec 30, 2014",BKN @ CHI,W,33,13,21,0.619,0,0,0.0,3,4,0.75,2,3,5,0,0,2,2,3,29,7,1
22014,201572,0021400461,"Dec 29, 2014",BKN vs. SAC,W,12,5,10,0.5,0,0,0.0,1,1,1.0,2,4,6,0,0,0,0,5,11,4,1
22014,201572,0021400448,"Dec 27, 2014",BKN vs. IND,L,15,0,5,0.0,0,0,0.0,0,0,0.0,1,4,5,2,0,2,2,1,0,-19,1
22014,201572,0021400432,"Dec 26, 2014",BKN @ BOS,W,14,4,7,0.571,0,0,0.0,0,0,0.0,1,0,1,0,0,0,1,1,8,-5,1
22014,201572,0021400421,"Dec 23, 2014",BKN vs. DEN,W,8,3,5,0.6,0,0,0.0,0,0,0.0,1,3,4,0,0,0,0,0,6,1,1
22014,201572,0021400280,"Dec 05, 2014",BKN vs. ATL,L,27,9,18,0.5,0,0,0.0,2,2,1.0,3,4,7,0,0,0,2,3,20,-10,1
22014,201572,0021400266,"Dec 03, 2014",BKN vs. SAS,W,45,6,17,0.353,0,0,0.0,4,4,1.0,2,14,16,3,0,2,0,1,16,3,1
22014,201572,0021400256,"Dec 02, 2014",BKN @ NYK,W,35,10,20,0.5,0,0,0.0,3,4,0.75,3,5,8,2,0,3,1,2,23,6,1
22014,201572,0021400242,"Nov 30, 2014",BKN vs. CHI,L,22,5,11,0.455,0,0,0.0,1,1,1.0,0,2,2,0,0,0,0,5,11,-7,1
22014,201572,0021400213,"Nov 26, 2014",BKN @ PHI,W,29,9,12,0.75,0,0,0.0,1,4,0.25,1,6,7,0,0,3,6,5,19,11,1
22014,201572,0021400191,"Nov 22, 2014",BKN @ SAS,L,25,3,8,0.375,0,0,0.0,0,0,0.0,3,1,4,1,0,1,2,3,6,-16,1
22014,201572,0021400178,"Nov 21, 2014",BKN @ OKC,W,35,6,12,0.5,0,0,0.0,4,4,1.0,4,6,10,0,0,3,4,2,16,-1,1
22014,201572,0021400164,"Nov 19, 2014",BKN vs. MIL,L,44,11,19,0.579,0,0,0.0,4,4,1.0,2,5,7,2,1,3,7,3,26,-5,1
22014,201572,0021400149,"Nov 17, 2014",BKN vs. MIA,L,22,2,8,0.25,0,0,0.0,1,2,0.5,0,1,1,2,1,1,1,3,5,-13,1
22014,201572,0021400138,"Nov 15, 2014",BKN @ POR,L,30,10,17,0.588,0,0,0.0,1,1,1.0,1,3,4,1,2,1,3,4,21,3,1
22014,201572,0021400121,"Nov 13, 2014",BKN @ GSW,L,27,7,17,0.412,0,0,0.0,4,4,1.0,2,3,5,0,0,0,3,3,18,0,1
22014,201572,0021400116,"Nov 12, 2014",BKN @ PHX,L,26,6,13,0.462,0,0,0.0,4,5,0.8,1,2,3,0,2,1,0,3,16,4,1
22014,201572,0021400090,"Nov 09, 2014",BKN vs. ORL,W,26,4,9,0.444,0,0,0.0,4,4,1.0,3,2,5,0,1,3,1,2,12,7,1
22014,201572,0021400075,"Nov 07, 2014",BKN vs. NYK,W,31,6,10,0.6,0,0,0.0,8,10,0.8,3,6,9,1,1,2,0,4,20,10,1
22014,201572,0021400060,"Nov 05, 2014",BKN vs. MIN,L,34,5,14,0.357,0,0,0.0,0,1,0.0,2,3,5,0,2,2,4,4,10,-27,1
22014,201572,0021400044,"Nov 03, 2014",BKN vs. OKC,W,24,6,10,0.6,0,0,0.0,6,7,0.857,2,4,6,0,1,2,1,3,18,-2,1
22013,201572,0021300383,"Dec 20, 2013",BKN @ PHI,L,44,9,19,0.474,0,0,0.0,4,7,0.571,2,5,7,0,2,1,2,5,22,6,1
22013,201572,0021300374,"Dec 18, 2013",BKN vs. WAS,L,32,7,11,0.636,0,0,0.0,8,9,0.889,2,3,5,3,0,0,4,4,22,-5,1
22013,201572,0021300327,"Dec 12, 2013",BKN vs. LAC,W,28,6,13,0.462,0,0,0.0,4,4,1.0,1,6,7,1,0,0,1,3,16,10,1
22013,201572,0021300314,"Dec 10, 2013",BKN vs. BOS,W,37,10,13,0.769,0,0,0.0,4,5,0.8,1,2,3,2,0,1,1,4,24,18,1
22013,201572,0021300295,"Dec 07, 2013",BKN @ MIL,W,40,11,13,0.846,0,0,0.0,10,11,0.909,2,5,7,4,0,2,2,5,32,12,1
22013,201572,0021300277,"Dec 05, 2013",BKN vs. NYK,L,35,9,18,0.5,0,0,0.0,6,7,0.857,8,1,9,1,1,1,1,1,24,-23,2
22013,201572,0021300263,"Dec 03, 2013",BKN vs. DEN,L,21,3,9,0.333,0,0,0.0,6,6,1.0,1,1,2,1,1,1,1,4,12,-2,1
22013,201572,0021300243,"Nov 30, 2013",BKN @ MEM,W,31,7,16,0.438,0,1,0.0,6,11,0.545,2,7,9,1,0,0,2,1,20,-4,1
22013,201572,0021300234,"Nov 29, 2013",BKN @ HOU,L,21,5,9,0.556,0,0,0.0,6,7,0.857,1,0,1,0,0,2,0,0,16,-14,1
22013,201572,0021300132,"Nov 15, 2013",BKN @ PHX,W,36,9,16,0.563,0,0,0.0,9,10,0.9,4,3,7,0,0,3,4,4,27,1,1
22013,201572,0021300121,"Nov 13, 2013",BKN @ SAC,L,27,6,12,0.5,0,0,0.0,4,4,1.0,4,5,9,0,0,5,1,3,16,-19,1
22013,201572,0021300087,"Nov 09, 2013",BKN vs. IND,L,32,6,13,0.462,0,0,0.0,4,4,1.0,2,5,7,0,1,1,2,4,16,-2,1
22013,201572,0021300077,"Nov 08, 2013",BKN @ WAS,L,37,10,14,0.714,0,0,0.0,3,5,0.6,3,2,5,0,0,1,1,3,23,-11,1
22013,201572,0021300052,"Nov 05, 2013",BKN vs. UTA,W,25,10,13,0.769,0,0,0.0,7,9,0.778,2,5,7,2,2,1,1,2,27,22,1
22013,201572,0021300043,"Nov 03, 2013",BKN @ ORL,L,33,8,15,0.533,0,0,0.0,5,5,1.0,2,4,6,0,1,5,1,1,21,-11,1
22013,201572,0021300028,"Nov 01, 2013",BKN vs. MIA,W,20,4,7,0.571,0,0,0.0,5,6,0.833,0,6,6,0,1,2,3,5,13,3,1
22013,201572,0021300004,"Oct 30, 2013",BKN @ CLE,L,34,9,18,0.5,0,0,0.0,3,5,0.6,2,3,5,1,0,4,1,3,21,-4,1
22012,201572,0021201217,"Apr 17, 2013",BKN vs. DET,W,21,7,15,0.467,0,0,0.0,6,6,1.0,5,4,9,1,1,0,1,1,20,18,1
22012,201572,0021201195,"Apr 14, 2013",BKN @ TOR,L,27,7,19,0.368,0,0,0.0,2,6,0.333,3,2,5,2,0,1,1,4,16,-11,1
22012,201572,0021201178,"Apr 12, 2013",BKN @ IND,W,36,10,16,0.625,0,0,0.0,4,6,0.667,2,4,6,0,0,5,4,5,24,15,1
22012,201572,0021201168,"Apr 10, 2013",BKN @ BOS,W,30,8,14,0.571,0,0,0.0,5,5,1.0,2,2,4,0,0,2,2,3,21,27,1
22012,201572,0021201155,"Apr 09, 2013",BKN vs. PHI,W,26,13,22,0.591,0,0,0.0,3,4,0.75,6,5,11,3,0,3,2,1,29,30,1
22012,201572,0021201139,"Apr 06, 2013",BKN vs. CHA,W,33,7,14,0.5,0,0,0.0,5,7,0.714,3,2,5,0,2,4,1,2,19,14,1
22012,201572,0021201123,"Apr 04, 2013",BKN vs. CHI,L,37,10,19,0.526,0,0,0.0,8,10,0.8,1,4,5,1,1,2,2,1,28,4,1
22012,201572,0021201114,"Apr 03, 2013",BKN @ CLE,W,26,4,9,0.444,0,0,0.0,6,6,1.0,4,2,6,1,0,2,1,2,14,27,1
22012,201572,0021201091,"Mar 30, 2013",BKN @ UTA,L,32,11,16,0.688,0,0,0.0,5,6,0.833,2,5,7,1,0,4,5,1,27,-11,1
22012,201572,0021201083,"Mar 29, 2013",BKN @ DEN,L,23,4,15,0.267,0,0,0.0,3,9,0.333,5,2,7,0,0,0,3,1,11,-14,1
22012,201572,0021201070,"Mar 27, 2013",BKN @ POR,W,31,12,22,0.545,0,1,0.0,4,6,0.667,1,4,5,1,0,0,2,4,28,23,0
22012,201572,0021201046,"Mar 24, 2013",BKN @ PHX,W,33,6,16,0.375,0,0,0.0,9,10,0.9,2,3,5,0,0,2,3,2,21,0,1
22012,201572,0021201038,"Mar 23, 2013",BKN @ LAC,L,33,9,14,0.643,0,0,0.0,0,2,0.0,1,1,2,3,1,1,2,3,18,-1,1
22012,201572,0021201015,"Mar 20, 2013",BKN @ DAL,W,37,15,22,0.682,0,0,0.0,8,10,0.8,7,4,11,1,1,2,3,1,38,11,1
22012,201572,0021200997,"Mar 18, 2013",BKN @ DET,W,23,7,10,0.7,0,0,0.0,4,5,0.8,5,2,7,0,0,1,0,2,18,17,1
22012,201572,0021200991,"Mar 17, 2013",BKN vs. ATL,L,35,7,19,0.368,0,0,0.0,3,4,0.75,2,4,6,1,0,0,1,1,17,-5,1
22012,201572,0021200951,"Mar 12, 2013",BKN vs. NOH,W,32,10,15,0.667,0,0,0.0,6,8,0.75,1,4,5,0,1,3,0,1,26,5,1
22012,201572,0021200943,"Mar 11, 2013",BKN @ PHI,L,33,8,13,0.615,0,0,0.0,3,3,1.0,3,3,6,0,0,1,1,3,19,-9,1
22012,201572,0021200927,"Mar 09, 2013",BKN @ ATL,W,28,8,16,0.5,0,0,0.0,2,3,0.667,2,7,9,2,0,2,0,1,18,6,1
22012,201572,0021200918,"Mar 08, 2013",BKN vs. WAS,W,32,4,11,0.364,0,0,0.0,3,4,0.75,3,4,7,0,0,2,1,5,11,17,1
22012,201572,0021200899,"Mar 06, 2013",BKN @ CHA,W,33,6,7,0.857,0,0,0.0,4,4,1.0,1,4,5,1,0,3,2,2,16,18,1
22012,201572,0021200877,"Mar 02, 2013",BKN @ CHI,L,34,9,16,0.563,0,0,0.0,4,5,0.8,1,2,3,1,1,3,0,1,22,-10,1
22012,201572,0021200870,"Mar 01, 2013",BKN vs. DAL,L,34,8,14,0.571,0,0,0.0,3,3,1.0,3,6,9,1,1,1,1,2,19,8,1
22012,201572,0021200847,"Feb 26, 2013",BKN @ NOH,W,31,9,14,0.643,0,0,0.0,2,2,1.0,3,4,7,5,1,4,1,1,20,3,1
22012,201572,0021200831,"Feb 24, 2013",BKN vs. MEM,L,26,3,10,0.3,0,0,0.0,3,4,0.75,2,2,4,1,0,1,2,1,9,-8,1
22012,201572,0021200815,"Feb 22, 2013",BKN vs. HOU,L,35,13,21,0.619,0,0,0.0,1,2,0.5,3,3,6,1,0,1,1,2,27,-4,1
22012,201572,0021200803,"Feb 20, 2013",BKN @ MIL,W,23,3,13,0.231,0,0,0.0,3,4,0.75,1,0,1,1,0,1,2,1,9,-11,1
22012,201572,0021200791,"Feb 19, 2013",BKN vs. MIL,W,34,6,17,0.353,0,0,0.0,7,8,0.875,5,4,9,1,1,3,0,0,19,3,1
22012,201572,0021200779,"Feb 13, 2013",BKN vs. DEN,W,39,9,15,0.6,0,0,0.0,5,5,1.0,3,5,8,0,0,0,3,2,23,18,1
22012,201572,0021200764,"Feb 11, 2013",BKN @ IND,W,42,8,19,0.421,0,0,0.0,9,9,1.0,4,4,8,0,0,2,1,3,25,4,1
22012,201572,0021200758,"Feb 10, 2013",BKN vs. SAS,L,34,8,13,0.615,0,0,0.0,2,2,1.0,4,5,9,4,0,2,3,1,18,-15,1
22012,201572,0021200735,"Feb 08, 2013",BKN @ WAS,L,32,3,11,0.273,0,0,0.0,7,9,0.778,1,7,8,3,0,4,4,1,13,-11,1
22012,201572,0021200727,"Feb 06, 2013",BKN @ DET,W,30,8,14,0.571,0,0,0.0,1,2,0.5,2,7,9,1,0,2,2,3,17,-3,1
22012,201572,0021200716,"Feb 05, 2013",BKN vs. LAL,L,40,11,25,0.44,0,0,0.0,8,10,0.8,7,4,11,0,0,3,2,3,30,2,1
22012,201572,0021200687,"Feb 01, 2013",BKN vs. CHI,W,29,9,16,0.563,0,0,0.0,2,4,0.5,1,3,4,2,1,1,1,1,20,0,1
22012,201572,0021200675,"Jan 30, 2013",BKN vs. MIA,L,32,8,13,0.615,0,0,0.0,5,6,0.833,2,5,7,2,1,3,2,2,21,-22,1
22012,201572,0021200662,"Jan 28, 2013",BKN vs. ORL,W,28,6,8,0.75,0,0,0.0,4,4,1.0,1,4,5,0,0,1,4,3,16,18,1
22012,201572,0021200646,"Jan 26, 2013",BKN @ HOU,L,33,6,13,0.462,0,0,0.0,9,10,0.9,4,3,7,0,0,5,0,3,21,-4,1
22012,201572,0021200637,"Jan 25, 2013",BKN @ MEM,L,27,8,15,0.533,0,0,0.0,2,5,0.4,2,2,4,0,0,3,4,1,18,-14,1
22012,201572,0021200623,"Jan 23, 2013",BKN @ MIN,W,26,10,16,0.625,0,0,0.0,2,5,0.4,3,4,7,1,0,2,2,1,22,9,1
22012,201572,0021200609,"Jan 21, 2013",BKN @ NYK,W,34,6,13,0.462,0,0,0.0,2,4,0.5,5,6,11,1,0,4,4,3,14,-6,1
22012,201572,0021200588,"Jan 18, 2013",BKN vs. ATL,W,32,7,12,0.583,0,0,0.0,6,8,0.75,2,4,6,2,1,1,3,3,20,0,1
22012,201572,0021200572,"Jan 16, 2013",BKN @ ATL,L,29,10,14,0.714,0,0,0.0,2,2,1.0,6,3,9,0,0,1,1,1,22,-16,1
22012,201572,0021200566,"Jan 15, 2013",BKN vs. TOR,W,29,6,12,0.5,0,0,0.0,10,10,1.0,3,6,9,0,1,2,0,1,22,13,1
22012,201572,0021200551,"Jan 13, 2013",BKN vs. IND,W,29,5,14,0.357,0,0,0.0,5,8,0.625,2,7,9,2,0,2,0,1,15,12,1
22012,201572,0021200532,"Jan 11, 2013",BKN vs. PHX,W,35,5,16,0.313,0,0,0.0,3,4,0.75,3,5,8,0,1,1,1,3,13,23,1
22012,201572,0021200511,"Jan 08, 2013",BKN @ PHI,W,23,6,10,0.6,0,0,0.0,1,1,1.0,0,2,2,1,2,0,4,2,13,26,1
22012,201572,0021200492,"Jan 05, 2013",BKN vs. SAC,W,16,7,12,0.583,0,0,0.0,4,4,1.0,3,2,5,2,0,2,1,3,18,6,1
22012,201572,0021200479,"Jan 04, 2013",BKN @ WAS,W,44,8,15,0.533,0,0,0.0,11,14,0.786,5,8,13,1,1,3,7,5,27,-1,1
22012,201572,0021200472,"Jan 02, 2013",BKN @ OKC,W,29,11,17,0.647,0,0,0.0,3,3,1.0,2,3,5,0,2,1,1,1,25,6,1
22012,201572,0021200457,"Dec 31, 2012",BKN @ SAS,L,22,4,11,0.364,0,0,0.0,3,4,0.75,4,1,5,2,1,1,3,2,11,-20,1
22012,201572,0021200440,"Dec 29, 2012",BKN vs. CLE,W,36,13,20,0.65,0,0,0.0,9,11,0.818,5,6,11,1,0,1,2,5,35,15,1
22012,201572,0021200427,"Dec 28, 2012",BKN vs. CHA,W,27,9,12,0.75,0,0,0.0,8,8,1.0,4,7,11,2,0,3,1,2,26,30,1
22012,201572,0021200415,"Dec 26, 2012",BKN @ MIL,L,29,9,18,0.5,0,0,0.0,3,5,0.6,7,3,10,1,0,3,1,0,21,-12,1
22012,201572,0021200405,"Dec 25, 2012",BKN vs. BOS,L,37,5,12,0.417,0,0,0.0,5,9,0.556,1,7,8,1,0,2,4,1,15,1,1
22012,201572,0021200399,"Dec 23, 2012",BKN vs. PHI,W,27,5,14,0.357,0,0,0.0,4,6,0.667,3,4,7,0,0,1,0,1,14,4,1
22012,201572,0021200367,"Dec 19, 2012",BKN @ NYK,L,29,8,18,0.444,0,0,0.0,0,0,0.0,4,6,10,1,1,1,0,1,16,-10,1
22012,201572,0021200358,"Dec 18, 2012",BKN vs. UTA,L,30,5,12,0.417,0,0,0.0,6,7,0.857,0,5,5,0,2,3,0,1,16,-3,1
22012,201572,0021200341,"Dec 15, 2012",BKN @ CHI,L,25,8,17,0.471,0,0,0.0,2,2,1.0,5,5,10,0,1,2,2,1,18,5,1
22012,201572,0021200328,"Dec 14, 2012",BKN vs. DET,W,24,4,10,0.4,0,0,0.0,1,1,1.0,1,3,4,0,0,3,0,1,9,4,1
22012,201572,0021200211,"Nov 28, 2012",BKN @ BOS,W,17,4,10,0.4,0,0,0.0,1,1,1.0,1,9,10,1,1,0,2,5,9,5,1
22012,201572,0021200013,"Nov 26, 2012",BKN vs. NYK,W,38,9,20,0.45,0,0,0.0,4,5,0.8,7,4,11,0,0,5,3,5,22,-2,1
22012,201572,0021200193,"Nov 25, 2012",BKN vs. POR,W,28,7,14,0.5,0,0,0.0,1,1,1.0,2,6,8,0,0,2,2,3,15,21,1
22012,201572,0021200174,"Nov 23, 2012",BKN vs. LAC,W,33,13,24,0.542,0,0,0.0,0,1,0.0,1,4,5,1,0,3,0,4,26,8,1
22012,201572,0021200170,"Nov 21, 2012",BKN @ GSW,L,28,10,16,0.625,0,0,0.0,2,3,0.667,1,2,3,0,1,3,0,2,22,-7,1
22012,201572,0021200156,"Nov 20, 2012",BKN @ LAL,L,37,11,18,0.611,0,0,0.0,1,3,0.333,3,4,7,3,1,0,4,4,23,-5,1
22012,201572,0021200142,"Nov 18, 2012",BKN @ SAC,W,28,5,14,0.357,0,0,0.0,3,4,0.75,1,4,5,0,1,4,1,2,13,8,1
22012,201572,0021200119,"Nov 15, 2012",BKN vs. BOS,W,35,11,14,0.786,0,0,0.0,2,5,0.4,4,2,6,0,0,4,0,0,24,21,1
22012,201572,0021200106,"Nov 13, 2012",BKN vs. CLE,W,29,10,14,0.714,0,0,0.0,3,5,0.6,2,5,7,1,1,4,2,4,23,-2,1
22012,201572,0021200090,"Nov 11, 2012",BKN vs. ORL,W,35,9,18,0.5,0,0,0.0,2,2,1.0,1,2,3,3,0,3,7,3,20,4,1
22012,201572,0021200069,"Nov 09, 2012",BKN @ ORL,W,24,5,7,0.714,0,0,0.0,4,7,0.571,3,7,10,1,0,3,1,1,14,18,1
22012,201572,0021200056,"Nov 07, 2012",BKN @ MIA,L,21,4,8,0.5,0,0,0.0,0,1,0.0,2,5,7,1,0,1,0,1,8,-5,0
22012,201572,0021200043,"Nov 05, 2012",BKN vs. MIN,L,32,5,14,0.357,0,0,0.0,3,5,0.6,0,8,8,0,1,2,1,0,13,-2,1
22012,201572,0021200029,"Nov 03, 2012",BKN vs. TOR,W,32,8,17,0.471,0,0,0.0,11,15,0.733,2,3,5,0,1,1,1,2,27,3,1
22011,201572,0021100549,"Mar 04, 2012",NJN @ CHA,W,15,2,5,0.4,0,0,0.0,2,4,0.5,0,3,3,1,0,0,3,2,6,-11,0
22011,201572,0021100529,"Mar 02, 2012",NJN @ BOS,L,35,10,21,0.476,0,0,0.0,8,10,0.8,2,1,3,2,1,1,0,0,28,-8,0
22011,201572,0021100509,"Feb 28, 2012",NJN @ DAL,W,36,17,28,0.607,0,0,0.0,4,5,0.8,3,3,6,1,0,0,2,1,38,5,0
22011,201572,0021100491,"Feb 22, 2012",NJN vs. ORL,L,28,7,16,0.438,0,0,0.0,1,2,0.5,2,2,4,0,0,2,1,3,15,-9,0
22011,201572,0021100465,"Feb 19, 2012",NJN vs. MIL,L,22,2,7,0.286,0,0,0.0,5,11,0.455,1,1,2,2,0,1,0,2,9,-4,0
22010,201572,0021001222,"Apr 13, 2011",NJN @ CHI,L,38,8,17,0.471,0,0,0.0,1,1,1.0,1,3,4,0,0,2,2,3,17,-15,0
22010,201572,0021001203,"Apr 11, 2011",NJN vs. CHA,L,41,12,23,0.522,0,0,0.0,7,8,0.875,2,1,3,4,1,0,3,3,31,-5,0
22010,201572,0021001196,"Apr 10, 2011",NJN @ TOR,L,34,12,21,0.571,0,0,0.0,11,14,0.786,7,4,11,1,0,1,1,3,35,-4,0
22010,201572,0021001177,"Apr 08, 2011",NJN vs. NYK,L,32,11,17,0.647,0,0,0.0,5,6,0.833,1,1,2,0,1,0,4,1,27,-22,0
22010,201572,0021001167,"Apr 06, 2011",NJN @ DET,L,44,14,20,0.7,0,0,0.0,11,14,0.786,4,3,7,4,0,0,1,2,39,-7,0
22010,201572,0021001151,"Apr 05, 2011",NJN vs. MIN,W,36,13,23,0.565,0,0,0.0,4,5,0.8,4,8,12,1,1,2,2,4,30,5,0
22010,201572,0021001142,"Apr 03, 2011",NJN vs. MIA,L,41,5,13,0.385,0,0,0.0,6,8,0.75,2,1,3,3,1,0,2,3,16,-10,0
22010,201572,0021001122,"Apr 01, 2011",NJN @ PHI,L,23,5,13,0.385,0,0,0.0,1,1,1.0,4,2,6,1,0,0,0,1,11,-19,0
22010,201572,0021001111,"Mar 30, 2011",NJN @ NYK,L,36,11,19,0.579,0,0,0.0,4,5,0.8,2,7,9,3,1,1,2,4,26,-6,0
22010,201572,0021001102,"Mar 29, 2011",NJN vs. HOU,L,29,10,16,0.625,0,0,0.0,2,5,0.4,1,6,7,2,1,3,2,0,22,-21,0
22010,201572,0021001081,"Mar 26, 2011",NJN @ ATL,L,31,3,9,0.333,0,0,0.0,0,0,0.0,0,0,0,2,0,0,2,0,6,-17,0
22010,201572,0021001069,"Mar 25, 2011",NJN @ ORL,L,35,4,8,0.5,0,0,0.0,2,3,0.667,0,2,2,1,2,0,1,3,10,-2,0
22010,201572,0021001055,"Mar 23, 2011",NJN @ CLE,W,33,7,21,0.333,0,0,0.0,4,7,0.571,2,3,5,1,0,2,2,5,18,16,0
22010,201572,0021001045,"Mar 21, 2011",NJN vs. IND,L,36,9,20,0.45,0,0,0.0,2,4,0.5,3,1,4,3,1,3,1,4,20,2,0
22010,201572,0021001035,"Mar 20, 2011",NJN @ WAS,L,39,9,16,0.563,0,0,0.0,3,4,0.75,5,5,10,2,1,0,2,4,21,2,0
22010,201572,0021001025,"Mar 18, 2011",NJN @ MIL,L,37,11,21,0.524,0,0,0.0,3,4,0.75,1,3,4,1,0,1,0,0,25,-9,0
22010,201572,0021001014,"Mar 17, 2011",NJN vs. CHI,L,38,8,15,0.533,0,0,0.0,6,7,0.857,3,5,8,2,0,0,1,2,22,-13,0
22010,201572,0021000991,"Mar 14, 2011",NJN vs. BOS,W,40,9,16,0.563,0,0,0.0,2,3,0.667,3,2,5,0,1,3,3,0,20,-4,0
22010,201572,0021000968,"Mar 11, 2011",NJN vs. LAC,W,45,10,21,0.476,0,0,0.0,4,7,0.571,3,4,7,2,0,3,3,3,24,11,0
22010,201572,0021000954,"Mar 09, 2011",NJN vs. GSW,W,39,10,17,0.588,0,0,0.0,6,6,1.0,4,6,10,4,0,1,1,2,26,12,0
22010,201572,0021000925,"Mar 05, 2011",NJN vs. TOR,W,47,14,24,0.583,0,0,0.0,6,8,0.75,4,10,14,3,0,8,2,6,34,-2,0
22010,201572,0021000914,"Mar 04, 2011",NJN vs. TOR,W,37,11,17,0.647,0,0,0.0,3,3,1.0,0,2,2,1,0,3,3,4,25,11,0
22010,201572,0021000889,"Feb 28, 2011",NJN vs. PHX,L,46,12,23,0.522,0,0,0.0,4,5,0.8,4,6,10,3,0,0,1,1,28,3,0
22010,201572,0021000876,"Feb 26, 2011",NJN @ HOU,L,34,8,16,0.5,0,0,0.0,5,6,0.833,5,2,7,2,0,3,0,3,21,-18,0
22010,201572,0021000869,"Feb 25, 2011",NJN @ SAS,L,37,5,13,0.385,0,0,0.0,3,4,0.75,5,3,8,2,1,0,0,2,13,-2,0
22010,201572,0021000826,"Feb 16, 2011",NJN @ BOS,L,37,8,16,0.5,0,0,0.0,2,2,1.0,3,2,5,3,0,4,6,3,18,-5,0
22010,201572,0021000813,"Feb 14, 2011",NJN vs. SAS,L,30,5,16,0.313,0,0,0.0,1,2,0.5,5,5,10,2,2,3,1,4,11,-25,0
22010,201572,0021000797,"Feb 12, 2011",NJN vs. NYK,L,34,6,14,0.429,0,0,0.0,7,9,0.778,1,3,4,2,0,2,3,0,19,-2,0
22010,201572,0021000786,"Feb 11, 2011",NJN @ CHA,W,41,14,27,0.519,0,0,0.0,3,6,0.5,2,9,11,1,1,1,2,3,31,6,0
22010,201572,0021000775,"Feb 09, 2011",NJN vs. NOH,W,41,6,15,0.4,0,0,0.0,8,10,0.8,2,5,7,0,0,0,0,1,20,-5,0
22010,201572,0021000755,"Feb 06, 2011",NJN vs. IND,L,28,5,13,0.385,0,0,0.0,3,4,0.75,1,4,5,2,1,0,2,2,13,-11,0
22010,201572,0021000739,"Feb 04, 2011",NJN @ DET,L,38,7,14,0.5,0,0,0.0,2,2,1.0,1,3,4,3,0,2,3,4,16,-17,0
22010,201572,0021000721,"Feb 02, 2011",NJN vs. PHI,L,36,8,19,0.421,0,0,0.0,0,0,0.0,0,4,4,0,0,2,3,3,16,-15,0
22010,201572,0021000709,"Jan 31, 2011",NJN vs. DEN,W,38,11,18,0.611,0,0,0.0,5,5,1.0,1,3,4,3,0,0,2,2,27,22,0
22010,201572,0021000697,"Jan 29, 2011",NJN @ MIL,L,38,12,23,0.522,0,0,0.0,2,4,0.5,2,4,6,2,0,0,1,3,26,-5,0
22010,201572,0021000681,"Jan 28, 2011",NJN @ IND,L,29,12,17,0.706,0,0,0.0,4,4,1.0,1,0,1,0,0,1,1,2,28,-21,0
22010,201572,0021000669,"Jan 26, 2011",NJN vs. MEM,W,35,6,16,0.375,0,0,0.0,5,6,0.833,2,2,4,2,1,1,0,3,17,-8,0
22010,201572,0021000653,"Jan 24, 2011",NJN vs. CLE,W,37,10,20,0.5,0,0,0.0,8,10,0.8,2,5,7,3,1,1,1,4,28,7,0
22010,201572,0021000640,"Jan 22, 2011",NJN vs. DAL,L,28,10,15,0.667,0,0,0.0,4,6,0.667,1,5,6,3,1,2,6,4,24,4,0
22010,201572,0021000629,"Jan 21, 2011",NJN vs. DET,W,29,5,9,0.556,0,0,0.0,5,5,1.0,1,3,4,4,0,3,3,4,15,1,0
22010,201572,0021000614,"Jan 19, 2011",NJN vs. UTA,W,32,6,17,0.353,0,0,0.0,8,11,0.727,2,2,4,0,0,1,2,4,20,10,0
22010,201572,0021000607,"Jan 17, 2011",NJN @ GSW,L,36,9,15,0.6,0,1,0.0,2,3,0.667,3,4,7,1,1,2,3,4,20,-14,0
22010,201572,0021000595,"Jan 15, 2011",NJN @ POR,L,36,12,19,0.632,0,0,0.0,8,8,1.0,1,2,3,3,0,1,4,2,32,-9,0
22010,201572,0021000586,"Jan 14, 2011",NJN @ LAL,L,37,13,19,0.684,0,0,0.0,9,11,0.818,3,3,6,4,1,1,0,3,35,-9,0
22010,201572,0021000569,"Jan 12, 2011",NJN @ PHX,L,30,7,13,0.538,0,0,0.0,2,2,1.0,1,7,8,0,0,0,4,3,16,0,0
22010,201572,0021000538,"Jan 08, 2011",NJN vs. MIL,L,19,2,5,0.4,0,0,0.0,1,2,0.5,1,0,1,0,0,1,0,3,5,-23,0
22010,201572,0021000527,"Jan 07, 2011",NJN @ WAS,L,29,5,12,0.417,0,0,0.0,4,6,0.667,3,1,4,0,1,3,2,2,14,-5,0
22010,201572,0021000513,"Jan 05, 2011",NJN vs. CHI,W,35,5,12,0.417,0,0,0.0,4,8,0.5,2,1,3,2,2,1,1,2,14,-2,0
22010,201572,0021000487,"Jan 01, 2011",NJN @ MIN,L,31,3,7,0.429,0,0,0.0,0,2,0.0,3,1,4,1,2,3,5,3,6,-5,0
22010,201572,0021000479,"Dec 31, 2010",NJN @ CHI,L,36,4,11,0.364,0,0,0.0,11,11,1.0,4,4,8,2,1,2,5,3,19,-8,0
22010,201572,0021000468,"Dec 29, 2010",NJN @ OKC,L,31,9,16,0.563,0,0,0.0,1,2,0.5,2,4,6,1,2,4,5,3,19,-5,0
22010,201572,0021000446,"Dec 27, 2010",NJN vs. ORL,L,36,8,15,0.533,0,0,0.0,4,6,0.667,3,4,7,0,3,0,1,2,20,-21,0
22010,201572,0021000427,"Dec 22, 2010",NJN @ NOH,L,30,6,16,0.375,0,0,0.0,4,4,1.0,2,2,4,3,0,0,2,3,16,-11,0
22010,201572,0021000418,"Dec 21, 2010",NJN @ MEM,W,38,8,14,0.571,0,0,0.0,10,11,0.909,1,5,6,1,0,1,1,3,26,13,0
22010,201572,0021000401,"Dec 19, 2010",NJN vs. ATL,W,32,5,15,0.333,0,0,0.0,6,7,0.857,2,4,6,2,0,1,5,3,16,-6,0
22010,201572,0021000384,"Dec 17, 2010",NJN @ TOR,L,32,7,13,0.538,0,0,0.0,6,7,0.857,4,3,7,2,0,4,6,4,20,-1,0
22010,201572,0021000378,"Dec 16, 2010",NJN vs. WAS,W,26,6,12,0.5,0,0,0.0,6,8,0.75,0,5,5,0,0,1,3,4,18,19,0
22010,201572,0021000361,"Dec 14, 2010",NJN vs. PHI,L,35,6,11,0.545,0,0,0.0,4,4,1.0,3,2,5,1,2,0,3,2,16,-9,0
22010,201572,0021000351,"Dec 12, 2010",NJN vs. LAL,L,40,9,21,0.429,0,0,0.0,7,9,0.778,6,3,9,1,1,1,3,4,25,-4,0
22010,201572,0021000328,"Dec 09, 2010",NJN @ DAL,L,37,8,13,0.615,0,0,0.0,8,12,0.667,3,5,8,2,1,1,3,2,24,-9,0
22010,201572,0021000309,"Dec 07, 2010",NJN @ ATL,L,34,8,16,0.5,0,0,0.0,8,11,0.727,2,3,5,0,1,0,2,3,24,-24,0
22010,201572,0021000294,"Dec 05, 2010",NJN vs. BOS,L,21,2,6,0.333,0,0,0.0,1,2,0.5,2,4,6,2,1,1,1,1,5,-12,0
22010,201572,0021000275,"Dec 03, 2010",NJN @ CHA,L,39,3,10,0.3,0,0,0.0,7,10,0.7,2,0,2,0,1,0,2,5,13,-8,0
22010,201572,0021000262,"Dec 01, 2010",NJN vs. OKC,L,53,7,23,0.304,0,0,0.0,14,17,0.824,3,8,11,1,0,3,2,4,28,7,0
22010,201572,0021000257,"Nov 30, 2010",NJN @ NYK,L,38,14,24,0.583,0,0,0.0,8,9,0.889,2,3,5,0,1,3,3,1,36,-2,0
22010,201572,0021000246,"Nov 28, 2010",NJN vs. POR,W,31,4,8,0.5,0,0,0.0,5,6,0.833,1,3,4,1,2,0,0,4,13,6,0
22010,201572,0021000237,"Nov 27, 2010",NJN @ PHI,L,36,8,16,0.5,0,0,0.0,9,10,0.9,4,2,6,1,0,2,2,3,25,-4,0
22010,201572,0021000212,"Nov 24, 2010",NJN @ BOS,L,37,5,14,0.357,0,0,0.0,6,8,0.75,3,2,5,1,0,1,2,4,16,-10,0
22010,201572,0021000204,"Nov 23, 2010",NJN vs. ATL,W,44,12,19,0.632,0,0,0.0,8,10,0.8,4,5,9,2,0,0,1,1,32,14,0
22010,201572,0021000188,"Nov 20, 2010",NJN @ DEN,L,37,9,21,0.429,0,0,0.0,2,2,1.0,2,6,8,3,1,1,2,5,20,4,0
22010,201572,0021000180,"Nov 19, 2010",NJN @ SAC,L,38,3,9,0.333,0,0,0.0,1,2,0.5,5,5,10,2,1,2,2,5,7,-6,0
22010,201572,0021000165,"Nov 17, 2010",NJN @ UTA,L,36,8,17,0.471,0,0,0.0,1,2,0.5,5,3,8,0,0,3,5,6,17,-6,0
22010,201572,0021000150,"Nov 15, 2010",NJN @ LAC,W,34,10,16,0.625,0,0,0.0,4,4,1.0,1,2,3,2,0,3,1,3,24,7,0
22010,201572,0021000131,"Nov 13, 2010",NJN vs. ORL,L,41,9,17,0.529,0,0,0.0,5,6,0.833,0,5,5,1,0,2,3,4,23,2,0
22010,201572,0021000112,"Nov 10, 2010",NJN @ CLE,W,19,1,5,0.2,0,0,0.0,2,3,0.667,2,4,6,0,0,0,0,4,4,0,0
22010,201572,0021000102,"Nov 09, 2010",NJN vs. CLE,L,42,6,18,0.333,0,0,0.0,4,4,1.0,5,3,8,1,0,3,1,3,16,9,0
22010,201572,0021000082,"Nov 06, 2010",NJN @ MIA,L,31,5,16,0.313,0,0,0.0,2,2,1.0,1,2,3,2,0,1,2,2,12,-12,0
22010,201572,0021000069,"Nov 05, 2010",NJN @ ORL,L,31,3,17,0.176,0,0,0.0,4,4,1.0,0,5,5,1,1,0,1,5,10,-11,0
22010,201572,0021000055,"Nov 03, 2010",NJN vs. CHA,L,40,6,17,0.353,0,0,0.0,5,6,0.833,2,4,6,3,2,5,5,2,17,6,0
22010,201572,0021000040,"Oct 31, 2010",NJN vs. MIA,L,28,8,17,0.471,0,0,0.0,4,5,0.8,3,2,5,1,0,0,0,3,20,-10,0
22010,201572,0021000020,"Oct 29, 2010",NJN vs. SAC,W,36,8,16,0.5,0,0,0.0,13,15,0.867,1,5,6,1,0,1,5,5,29,15,0
22010,201572,0021000005,"Oct 27, 2010",NJN vs. DET,W,37,11,20,0.55,0,0,0.0,3,4,0.75,3,6,9,0,0,3,1,3,25,6,0
22009,201572,0020901222,"Apr 14, 2010",NJN @ MIA,L,43,3,12,0.25,0,0,0.0,6,8,0.75,2,5,7,0,0,1,6,2,12,-19,0
22009,201572,0020901205,"Apr 12, 2010",NJN vs. CHA,L,39,4,15,0.267,0,1,0.0,8,8,1.0,5,3,8,3,0,1,4,3,16,-11,0
22009,201572,0020901188,"Apr 10, 2010",NJN @ IND,L,33,8,16,0.5,0,0,0.0,4,6,0.667,2,3,5,2,2,0,2,1,20,-10,0
22009,201572,0020901181,"Apr 09, 2010",NJN vs. CHI,W,44,9,17,0.529,0,0,0.0,8,8,1.0,4,10,14,0,0,2,1,5,26,9,0
22009,201572,0020901162,"Apr 07, 2010",NJN @ MIL,L,33,1,6,0.167,0,0,0.0,3,4,0.75,2,2,4,7,1,0,5,3,5,-17,0
22009,201572,0020901146,"Apr 04, 2010",NJN @ WAS,L,38,6,12,0.5,0,0,0.0,10,11,0.909,1,4,5,4,0,2,2,3,22,-8,0
22009,201572,0020901134,"Apr 03, 2010",NJN vs. NOH,W,27,4,10,0.4,0,0,0.0,4,5,0.8,0,3,3,3,1,2,2,2,12,-5,0
22009,201572,0020901113,"Mar 31, 2010",NJN vs. PHX,L,35,8,13,0.615,0,0,0.0,3,5,0.6,3,5,8,2,0,1,4,1,19,-12,0
22009,201572,0020901098,"Mar 29, 2010",NJN vs. SAS,W,38,7,14,0.5,0,0,0.0,8,9,0.889,6,6,12,3,1,0,0,3,22,11,0
22009,201572,0020901083,"Mar 27, 2010",NJN @ CHI,L,30,2,11,0.182,0,0,0.0,3,4,0.75,1,5,6,1,0,1,2,3,7,-17,0
22009,201572,0020901077,"Mar 26, 2010",NJN vs. DET,W,41,14,17,0.824,0,0,0.0,9,9,1.0,6,4,10,1,0,1,1,2,37,5,0
22009,201572,0020901062,"Mar 24, 2010",NJN vs. SAC,W,39,11,21,0.524,0,0,0.0,4,6,0.667,2,11,13,4,1,4,1,2,26,13,0
22009,201572,0020901044,"Mar 22, 2010",NJN vs. MIA,L,35,8,14,0.571,0,0,0.0,10,12,0.833,1,0,1,2,0,1,1,2,26,-6,0
22009,201572,0020901031,"Mar 20, 2010",NJN vs. TOR,L,40,7,15,0.467,0,0,0.0,4,4,1.0,9,4,13,5,2,1,1,1,18,-8,0
22009,201572,0020901007,"Mar 17, 2010",NJN @ PHI,L,36,2,9,0.222,0,0,0.0,8,8,1.0,2,3,5,2,0,0,2,2,12,-10,0
22009,201572,0020901000,"Mar 16, 2010",NJN vs. ATL,L,36,8,15,0.533,0,0,0.0,5,8,0.625,2,2,4,1,0,2,2,1,21,-15,0
22009,201572,0020900980,"Mar 13, 2010",NJN @ HOU,L,37,8,16,0.5,0,0,0.0,6,9,0.667,6,4,10,3,0,1,7,5,22,-3,0
22009,201572,0020900972,"Mar 12, 2010",NJN @ OKC,L,38,6,14,0.429,0,0,0.0,2,3,0.667,1,7,8,1,3,0,2,2,14,-4,0
22009,201572,0020900959,"Mar 10, 2010",NJN @ DAL,L,37,5,16,0.313,0,0,0.0,0,0,0.0,2,4,6,2,0,1,1,5,10,-9,0
22009,201572,0020900942,"Mar 08, 2010",NJN @ MEM,L,41,3,10,0.3,0,0,0.0,4,5,0.8,3,4,7,6,1,1,3,3,10,-5,0
22009,201572,0020900927,"Mar 06, 2010",NJN @ NYK,W,33,7,13,0.538,0,0,0.0,4,5,0.8,6,5,11,2,0,3,1,5,18,10,0
22009,201572,0020900920,"Mar 05, 2010",NJN vs. ORL,L,39,7,15,0.467,0,0,0.0,4,4,1.0,4,4,8,1,1,1,3,3,18,-13,0
22009,201572,0020900902,"Mar 03, 2010",NJN vs. CLE,L,37,7,18,0.389,0,0,0.0,7,10,0.7,8,6,14,2,0,0,4,0,21,-28,0
22009,201572,0020900881,"Feb 28, 2010",NJN vs. WAS,L,40,8,20,0.4,0,0,0.0,0,0,0.0,4,6,10,1,1,3,1,4,16,9,0
22009,201572,0020900871,"Feb 27, 2010",NJN @ BOS,W,42,7,11,0.636,0,0,0.0,11,14,0.786,2,5,7,3,1,2,1,2,25,4,0
22009,201572,0020900840,"Feb 23, 2010",NJN vs. POR,L,43,6,11,0.545,0,0,0.0,5,5,1.0,2,8,10,2,0,0,1,3,17,-6,0
22009,201572,0020900826,"Feb 21, 2010",NJN vs. MEM,L,38,11,14,0.786,0,0,0.0,4,6,0.667,4,5,9,0,0,2,4,3,26,-4,0
22009,201572,0020900810,"Feb 19, 2010",NJN vs. TOR,L,40,9,12,0.75,0,0,0.0,4,4,1.0,2,6,8,1,0,1,3,4,22,-9,0
22009,201572,0020900795,"Feb 17, 2010",NJN vs. MIA,L,37,10,20,0.5,0,0,0.0,6,7,0.857,6,4,10,2,0,2,1,3,26,-3,0
22009,201572,0020900781,"Feb 16, 2010",NJN @ CHA,W,29,8,11,0.727,0,0,0.0,0,0,0.0,2,1,3,2,0,3,3,6,16,14,0
22009,201572,0020900772,"Feb 10, 2010",NJN vs. MIL,L,37,3,6,0.5,0,0,0.0,3,6,0.5,1,5,6,2,0,1,2,4,9,-15,0
22009,201572,0020900759,"Feb 09, 2010",NJN @ CLE,L,38,8,15,0.533,0,0,0.0,7,9,0.778,8,6,14,3,0,1,4,4,23,12,0
22009,201572,0020900744,"Feb 06, 2010",NJN @ DET,L,44,8,12,0.667,0,0,0.0,4,5,0.8,3,2,5,5,0,1,4,2,20,-2,0
22009,201572,0020900733,"Feb 05, 2010",NJN @ BOS,L,41,6,13,0.462,0,0,0.0,7,10,0.7,1,5,6,3,2,0,4,0,19,-9,0
22009,201572,0020900720,"Feb 03, 2010",NJN @ TOR,L,32,5,10,0.5,0,0,0.0,2,2,1.0,2,1,3,1,0,0,2,3,12,-9,0
22009,201572,0020900714,"Feb 02, 2010",NJN vs. DET,L,40,11,16,0.688,0,0,0.0,5,8,0.625,3,4,7,2,0,2,4,4,27,-8,0
22009,201572,0020900699,"Jan 31, 2010",NJN vs. PHI,L,40,6,14,0.429,0,0,0.0,6,6,1.0,3,6,9,2,1,3,3,4,18,-1,0
22009,201572,0020900682,"Jan 29, 2010",NJN vs. WAS,L,41,6,14,0.429,0,0,0.0,5,8,0.625,2,6,8,2,0,4,4,4,17,-3,0
22009,201572,0020900667,"Jan 27, 2010",NJN vs. LAC,W,40,9,14,0.643,0,1,0.0,1,3,0.333,1,8,9,4,3,3,3,2,19,8,0
22009,201572,0020900645,"Jan 23, 2010",NJN @ UTA,L,33,5,7,0.714,0,0,0.0,4,5,0.8,1,4,5,3,1,2,2,2,14,-28,0
22009,201572,0020900634,"Jan 22, 2010",NJN @ GSW,L,32,6,12,0.5,0,0,0.0,9,12,0.75,2,4,6,2,2,1,1,5,21,-8,0
22009,201572,0020900617,"Jan 20, 2010",NJN @ PHX,L,36,12,22,0.545,0,0,0.0,2,3,0.667,8,5,13,3,1,1,1,2,26,-26,0
22009,201572,0020900599,"Jan 18, 2010",NJN @ LAC,L,34,10,13,0.769,0,0,0.0,3,4,0.75,5,3,8,2,0,4,2,5,23,-3,0
22009,201572,0020900577,"Jan 15, 2010",NJN vs. IND,L,34,9,16,0.563,0,0,0.0,9,9,1.0,4,3,7,2,1,1,1,3,27,-1,0
22009,201572,0020900561,"Jan 13, 2010",NJN vs. BOS,L,38,5,12,0.417,0,0,0.0,8,8,1.0,2,8,10,2,0,4,3,1,18,-25,0
22009,201572,0020900541,"Jan 10, 2010",NJN @ SAS,L,42,10,17,0.588,0,0,0.0,8,8,1.0,2,9,11,2,1,3,2,6,28,-3,0
22009,201572,0020900523,"Jan 08, 2010",NJN @ NOH,L,27,5,14,0.357,0,0,0.0,4,5,0.8,3,6,9,5,2,1,2,4,14,1,0
22009,201572,0020900507,"Jan 06, 2010",NJN @ ATL,L,35,6,10,0.6,0,0,0.0,0,0,0.0,2,6,8,3,0,2,0,1,12,-27,0
22009,201572,0020900501,"Jan 05, 2010",NJN vs. MIL,L,34,2,6,0.333,0,0,0.0,7,8,0.875,1,6,7,2,2,0,2,1,11,-13,0
22009,201572,0020900477,"Jan 02, 2010",NJN vs. CLE,L,37,6,13,0.462,0,0,0.0,8,10,0.8,1,6,7,4,1,0,3,5,20,-1,0
22009,201572,0020900463,"Dec 30, 2009",NJN vs. NYK,W,41,9,15,0.6,0,0,0.0,3,4,0.75,7,7,14,2,2,4,1,2,21,5,0
22009,201572,0020900446,"Dec 28, 2009",NJN vs. OKC,L,33,5,11,0.455,0,0,0.0,0,1,0.0,1,6,7,0,1,2,1,5,10,-11,0
22009,201572,0020900431,"Dec 26, 2009",NJN vs. HOU,L,36,7,11,0.636,0,0,0.0,3,4,0.75,2,9,11,3,3,3,3,2,17,-15,0
22009,201572,0020900417,"Dec 23, 2009",NJN vs. MIN,L,37,2,8,0.25,0,0,0.0,5,10,0.5,3,7,10,7,0,1,2,3,9,-13,0
22009,201572,0020900388,"Dec 19, 2009",NJN vs. LAL,L,40,6,16,0.375,0,0,0.0,6,7,0.857,4,7,11,4,0,2,2,2,18,-22,0
22009,201572,0020900373,"Dec 18, 2009",NJN @ TOR,L,28,4,7,0.571,0,0,0.0,6,6,1.0,2,6,8,3,0,1,5,3,14,-21,0
22009,201572,0020900362,"Dec 16, 2009",NJN vs. UTA,L,38,9,18,0.5,0,0,0.0,5,5,1.0,5,5,10,3,0,0,1,1,23,-26,0
22009,201572,0020900352,"Dec 15, 2009",NJN @ CLE,L,40,6,17,0.353,0,0,0.0,10,11,0.909,5,10,15,2,0,1,1,2,22,-3,0
22009,201572,0020900340,"Dec 13, 2009",NJN @ ATL,L,38,8,12,0.667,0,0,0.0,3,3,1.0,5,7,12,1,0,1,3,2,19,-19,0
22009,201572,0020900320,"Dec 11, 2009",NJN @ IND,L,42,8,23,0.348,0,0,0.0,9,10,0.9,8,6,14,2,2,3,3,3,25,-13,0
22009,201572,0020900311,"Dec 09, 2009",NJN vs. GSW,L,36,8,15,0.533,0,0,0.0,5,5,1.0,5,5,10,2,2,1,6,5,21,-7,0
22009,201572,0020900303,"Dec 08, 2009",NJN @ CHI,W,38,9,14,0.643,0,0,0.0,7,8,0.875,5,5,10,2,2,1,2,4,25,-1,0
22009,201572,0020900291,"Dec 06, 2009",NJN @ NYK,L,38,7,9,0.778,0,0,0.0,5,7,0.714,2,4,6,2,1,3,2,3,19,-10,0
22009,201572,0020900277,"Dec 04, 2009",NJN vs. CHA,W,40,12,22,0.545,0,0,0.0,7,7,1.0,6,8,14,2,0,2,2,4,31,3,0
22009,201572,0020900263,"Dec 02, 2009",NJN vs. DAL,L,37,2,6,0.333,0,0,0.0,12,13,0.923,1,5,6,3,0,1,1,2,16,-7,0
22009,201572,0020900248,"Nov 29, 2009",NJN @ LAL,L,35,8,15,0.533,0,0,0.0,10,12,0.833,5,7,12,2,2,0,6,3,26,-14,0
22009,201572,0020900233,"Nov 27, 2009",NJN @ SAC,L,45,9,19,0.474,0,0,0.0,6,6,1.0,5,6,11,2,2,1,2,3,24,-3,0
22009,201572,0020900218,"Nov 25, 2009",NJN @ POR,L,40,13,25,0.52,0,0,0.0,6,8,0.75,10,4,14,2,1,2,2,3,32,-11,0
22009,201572,0020900205,"Nov 24, 2009",NJN @ DEN,L,27,1,4,0.25,0,0,0.0,3,3,1.0,1,2,3,1,0,2,3,5,5,3,0
22009,201572,0020900183,"Nov 21, 2009",NJN vs. NYK,L,31,5,12,0.417,0,0,0.0,8,10,0.8,4,8,12,2,0,4,1,5,18,-4,0
22009,201572,0020900165,"Nov 18, 2009",NJN @ MIL,L,29,5,10,0.5,0,0,0.0,1,1,1.0,2,2,4,1,0,3,2,2,11,-25,0
22009,201572,0020900152,"Nov 17, 2009",NJN vs. IND,L,46,10,27,0.37,0,0,0.0,6,8,0.75,8,8,16,3,1,5,2,5,26,-6,0
22009,201572,0020900138,"Nov 14, 2009",NJN @ MIA,L,41,8,18,0.444,0,0,0.0,1,2,0.5,3,6,9,1,0,3,3,2,17,-7,0
22009,201572,0020900124,"Nov 13, 2009",NJN @ ORL,L,31,1,12,0.083,0,0,0.0,2,3,0.667,2,3,5,0,0,3,2,5,4,-26,0
22009,201572,0020900113,"Nov 11, 2009",NJN vs. PHI,L,43,8,17,0.471,0,0,0.0,7,8,0.875,2,12,14,1,1,1,4,2,23,-2,0
22009,201572,0020900086,"Nov 07, 2009",NJN vs. BOS,L,41,10,16,0.625,0,0,0.0,3,3,1.0,2,5,7,1,0,2,3,4,23,-5,0
22009,201572,0020900075,"Nov 06, 2009",NJN @ PHI,L,44,8,18,0.444,0,0,0.0,6,9,0.667,1,10,11,2,1,3,3,4,22,3,0
22009,201572,0020900063,"Nov 04, 2009",NJN vs. DEN,L,29,5,9,0.556,0,0,0.0,2,2,1.0,2,6,8,1,0,0,3,2,12,-24,0
22009,201572,0020900046,"Nov 02, 2009",NJN @ CHA,L,37,8,14,0.571,0,0,0.0,2,2,1.0,1,4,5,0,0,4,7,5,18,3,0
22009,201572,0020900032,"Oct 31, 2009",NJN @ WAS,L,28,6,8,0.75,0,0,0.0,1,2,0.5,1,2,3,3,1,1,2,3,13,-7,0
22009,201572,0020900027,"Oct 30, 2009",NJN vs. ORL,L,25,3,8,0.375,0,0,0.0,5,6,0.833,0,5,5,1,0,1,0,5,11,-5,0
22009,201572,0020900011,"Oct 28, 2009",NJN @ MIN,L,38,11,19,0.579,0,0,0.0,5,7,0.714,5,10,15,4,1,5,4,4,27,4,0
22008,201572,0020801225,"Apr 15, 2009",NJN @ NYK,L,30,2,9,0.222,0,0,0.0,2,2,1.0,3,4,7,1,0,3,2,1,6,-29,0
22008,201572,0020801205,"Apr 13, 2009",NJN vs. CHA,W,35,7,15,0.467,0,0,0.0,4,7,0.571,8,12,20,2,0,2,3,3,18,-2,0
22008,201572,0020801190,"Apr 11, 2009",NJN vs. ORL,W,21,6,9,0.667,0,0,0.0,1,2,0.5,3,8,11,1,0,4,1,4,13,3,0
22008,201572,0020801180,"Apr 10, 2009",NJN @ DET,L,31,6,10,0.6,0,0,0.0,4,5,0.8,2,5,7,0,0,3,0,6,16,-2,0
22008,201572,0020801165,"Apr 08, 2009",NJN @ BOS,L,36,4,6,0.667,0,0,0.0,4,4,1.0,2,6,8,1,0,1,3,2,12,12,0
22008,201572,0020801150,"Apr 05, 2009",NJN vs. PHI,W,25,6,9,0.667,0,0,0.0,1,2,0.5,3,5,8,0,1,2,1,2,13,24,0
22008,201572,0020801136,"Apr 04, 2009",NJN @ CHI,L,35,7,10,0.7,0,0,0.0,6,7,0.857,3,7,10,1,0,2,2,4,20,-5,0
22008,201572,0020801115,"Apr 01, 2009",NJN vs. DET,W,31,7,9,0.778,0,0,0.0,5,6,0.833,1,6,7,0,0,1,0,3,19,9,0
22008,201572,0020801101,"Mar 30, 2009",NJN vs. MIL,L,25,3,6,0.5,0,0,0.0,4,8,0.5,3,7,10,0,0,0,2,0,10,-25,0
22008,201572,0020801093,"Mar 29, 2009",NJN @ MIN,L,39,4,9,0.444,0,0,0.0,2,3,0.667,1,8,9,3,1,1,3,3,10,-6,0
22008,201572,0020801078,"Mar 27, 2009",NJN vs. LAL,L,29,8,11,0.727,0,0,0.0,0,2,0.0,3,7,10,1,0,1,3,3,16,-19,0
22008,201572,0020801060,"Mar 25, 2009",NJN @ CLE,L,33,4,8,0.5,0,0,0.0,1,2,0.5,5,5,10,0,0,2,1,4,9,-13,0
22008,201572,0020801045,"Mar 22, 2009",NJN vs. CLE,L,38,5,13,0.385,0,1,0.0,6,7,0.857,1,5,6,3,1,0,0,1,16,-12,0
22008,201572,0020801025,"Mar 20, 2009",NJN vs. MIA,W,32,4,13,0.308,0,0,0.0,7,8,0.875,3,4,7,0,0,2,3,3,15,12,0
22008,201572,0020801012,"Mar 18, 2009",NJN @ NYK,W,35,11,20,0.55,0,0,0.0,1,2,0.5,1,4,5,8,3,3,2,2,23,17,0
22008,201572,0020801000,"Mar 16, 2009",NJN @ DEN,L,30,3,6,0.5,0,0,0.0,3,4,0.75,1,5,6,3,1,0,4,4,9,-22,0
22008,201572,0020800995,"Mar 15, 2009",NJN @ LAC,L,36,6,8,0.75,0,0,0.0,2,2,1.0,0,5,5,0,0,4,1,4,14,13,0
22008,201572,0020800976,"Mar 13, 2009",NJN @ POR,L,33,9,12,0.75,0,0,0.0,4,4,1.0,4,2,6,3,1,0,1,6,22,-11,0
22008,201572,0020800965,"Mar 11, 2009",NJN @ GSW,L,36,7,11,0.636,0,0,0.0,0,0,0.0,2,4,6,0,2,2,0,3,14,-2,0
22008,201572,0020800939,"Mar 08, 2009",NJN vs. NYK,W,29,7,14,0.5,0,0,0.0,2,2,1.0,1,5,6,1,1,1,5,3,16,7,0
22008,201572,0020800918,"Mar 06, 2009",NJN @ ORL,L,25,4,6,0.667,0,0,0.0,0,0,0.0,2,4,6,1,2,3,1,5,8,-13,0
22008,201572,0020800907,"Mar 04, 2009",NJN vs. BOS,L,36,4,5,0.8,0,0,0.0,2,3,0.667,1,4,5,4,0,0,0,4,10,1,0
22008,201572,0020800900,"Mar 03, 2009",NJN @ MIL,W,39,9,12,0.75,0,0,0.0,6,7,0.857,2,10,12,0,1,3,2,1,24,9,0
22008,201572,0020800886,"Mar 01, 2009",NJN vs. NOH,L,31,4,7,0.571,0,0,0.0,0,0,0.0,4,8,12,3,1,2,1,4,8,-5,0
22008,201572,0020800852,"Feb 25, 2009",NJN vs. CHI,W,31,6,13,0.462,0,1,0.0,1,1,1.0,2,5,7,2,0,1,1,5,13,3,0
22008,201572,0020800836,"Feb 23, 2009",NJN vs. PHI,W,29,3,6,0.5,0,0,0.0,1,2,0.5,2,3,5,2,0,2,1,4,7,-3,0
22008,201572,0020800815,"Feb 20, 2009",NJN vs. WAS,L,33,7,12,0.583,0,0,0.0,2,2,1.0,3,5,8,0,0,3,3,4,16,1,0
22008,201572,0020800804,"Feb 18, 2009",NJN @ DAL,L,26,7,12,0.583,0,0,0.0,2,2,1.0,4,3,7,0,0,1,0,4,16,-23,0
22008,201572,0020800794,"Feb 17, 2009",NJN @ HOU,L,29,9,14,0.643,0,0,0.0,3,3,1.0,0,9,9,3,1,4,3,3,21,-8,0
22008,201572,0020800767,"Feb 10, 2009",NJN vs. SAS,L,29,9,14,0.643,0,0,0.0,0,1,0.0,1,3,4,1,0,0,1,2,18,-16,0
22008,201572,0020800753,"Feb 08, 2009",NJN @ ORL,L,35,9,15,0.6,0,0,0.0,1,2,0.5,6,6,12,3,0,1,1,4,19,-9,0
22008,201572,0020800745,"Feb 07, 2009",NJN vs. DEN,W,22,6,12,0.5,0,0,0.0,3,4,0.75,1,8,9,2,0,2,1,3,15,19,0
22008,201572,0020800722,"Feb 04, 2009",NJN @ WAS,W,24,6,6,1.0,0,0,0.0,0,0,0.0,3,9,12,2,1,1,2,2,12,23,0
22008,201572,0020800717,"Feb 03, 2009",NJN vs. MIL,W,37,10,14,0.714,0,0,0.0,2,3,0.667,3,9,12,1,0,2,3,3,22,20,0
22008,201572,0020800693,"Jan 31, 2009",NJN @ PHI,W,38,10,20,0.5,0,0,0.0,4,4,1.0,7,10,17,1,0,4,5,3,24,5,0
22008,201572,0020800685,"Jan 30, 2009",NJN @ ATL,L,25,6,12,0.5,0,0,0.0,3,3,1.0,2,3,5,0,0,0,2,5,15,-2,0
22008,201572,0020800670,"Jan 28, 2009",NJN vs. TOR,L,34,7,10,0.7,0,0,0.0,0,0,0.0,1,3,4,0,0,1,3,4,14,8,0
22008,201572,0020800660,"Jan 26, 2009",NJN @ OKC,L,31,8,13,0.615,0,0,0.0,2,2,1.0,3,4,7,0,1,0,1,0,18,-2,0
22008,201572,0020800642,"Jan 24, 2009",NJN @ MEM,W,31,3,8,0.375,0,0,0.0,2,2,1.0,2,1,3,1,1,3,1,3,8,9,0
22008,201572,0020800637,"Jan 23, 2009",NJN @ SAS,L,36,7,17,0.412,0,0,0.0,1,1,1.0,3,5,8,1,1,1,0,3,15,1,0
22008,201572,0020800622,"Jan 21, 2009",NJN @ NOH,L,33,4,8,0.5,0,0,0.0,0,0,0.0,1,2,3,0,0,0,3,2,8,-4,0
22008,201572,0020800590,"Jan 17, 2009",NJN vs. BOS,L,41,12,17,0.706,0,0,0.0,4,5,0.8,2,8,10,0,0,0,3,2,28,-18,0
22008,201572,0020800577,"Jan 15, 2009",NJN vs. POR,L,33,7,10,0.7,0,0,0.0,3,3,1.0,2,4,6,2,1,2,1,3,17,-1,0
22008,201572,0020800569,"Jan 14, 2009",NJN @ BOS,L,31,4,14,0.286,0,0,0.0,5,6,0.833,3,5,8,2,1,5,3,2,13,-11,0
22008,201572,0020800555,"Jan 12, 2009",NJN vs. OKC,W,41,10,17,0.588,0,0,0.0,11,12,0.917,5,8,13,0,0,2,2,2,31,9,0
22008,201572,0020800535,"Jan 09, 2009",NJN @ MIL,L,35,4,6,0.667,0,0,0.0,0,0,0.0,2,6,8,0,1,2,3,4,8,3,0
22008,201572,0020800518,"Jan 07, 2009",NJN vs. MEM,W,32,8,11,0.727,0,0,0.0,1,1,1.0,0,8,8,0,1,5,3,3,17,4,0
22008,201572,0020800502,"Jan 05, 2009",NJN vs. SAC,W,23,1,7,0.143,0,0,0.0,1,2,0.5,5,3,8,0,0,1,3,3,3,5,0
22008,201572,0020800491,"Jan 03, 2009",NJN @ MIA,L,31,6,17,0.353,0,0,0.0,0,0,0.0,5,3,8,1,0,1,2,2,12,-4,0
22008,201572,0020800477,"Jan 02, 2009",NJN vs. ATL,W,37,3,10,0.3,0,0,0.0,1,1,1.0,4,7,11,2,2,2,4,4,7,-1,0
22008,201572,0020800468,"Dec 31, 2008",NJN @ DET,L,37,8,13,0.615,0,0,0.0,7,7,1.0,6,6,12,3,0,2,3,4,23,0,0
22008,201572,0020800452,"Dec 29, 2008",NJN vs. CHI,L,27,4,9,0.444,0,0,0.0,1,1,1.0,3,5,8,0,0,2,0,3,9,-12,0
22008,201572,0020800437,"Dec 27, 2008",NJN @ CHA,W,31,3,8,0.375,0,0,0.0,0,0,0.0,3,10,13,1,1,2,0,6,6,1,0
22008,201572,0020800427,"Dec 26, 2008",NJN vs. CHA,L,32,6,11,0.545,0,0,0.0,2,4,0.5,4,3,7,1,1,2,2,4,14,-12,0
22008,201572,0020800412,"Dec 23, 2008",NJN @ IND,W,30,1,6,0.167,0,0,0.0,0,0,0.0,3,5,8,0,0,2,4,2,2,2,0
22008,201572,0020800404,"Dec 22, 2008",NJN vs. HOU,L,30,4,11,0.364,0,0,0.0,0,0,0.0,3,6,9,1,0,2,0,0,8,-14,0
22008,201572,0020800393,"Dec 20, 2008",NJN vs. MIA,L,36,11,16,0.688,0,0,0.0,0,0,0.0,6,7,13,0,2,5,1,4,22,-9,0
22008,201572,0020800381,"Dec 19, 2008",NJN vs. DAL,W,31,4,10,0.4,0,0,0.0,0,0,0.0,3,3,6,0,2,0,1,2,8,7,0
22008,201572,0020800371,"Dec 17, 2008",NJN vs. UTA,L,32,7,13,0.538,0,0,0.0,1,2,0.5,3,4,7,0,0,2,0,6,15,-12,0
22008,201572,0020800352,"Dec 15, 2008",NJN @ TOR,W,25,4,13,0.308,0,0,0.0,2,2,1.0,3,4,7,2,0,3,4,6,10,8,0
22008,201572,0020800340,"Dec 13, 2008",NJN @ CHI,L,33,8,14,0.571,0,0,0.0,1,2,0.5,3,4,7,0,0,3,0,1,17,4,0
22008,201572,0020800328,"Dec 12, 2008",NJN vs. TOR,L,27,3,8,0.375,0,0,0.0,0,0,0.0,2,6,8,1,1,2,2,4,6,-26,0
22008,201572,0020800315,"Dec 10, 2008",NJN vs. NYK,L,26,4,7,0.571,0,0,0.0,0,0,0.0,2,4,6,1,0,4,5,1,8,-4,0
22008,201572,0020800289,"Dec 06, 2008",NJN @ PHI,W,26,3,7,0.429,0,0,0.0,0,0,0.0,3,8,11,0,0,3,2,3,6,17,0
22008,201572,0020800280,"Dec 05, 2008",NJN vs. MIN,W,25,3,9,0.333,0,0,0.0,5,6,0.833,5,5,10,2,0,0,0,2,11,14,0
22008,201572,0020800256,"Dec 02, 2008",NJN vs. WAS,L,35,3,9,0.333,0,0,0.0,4,4,1.0,3,6,9,1,0,3,2,1,10,-6,0
22008,201572,0020800250,"Nov 30, 2008",NJN @ PHX,W,30,5,8,0.625,0,0,0.0,2,2,1.0,4,3,7,0,1,1,3,3,12,5,0
22008,201572,0020800244,"Nov 29, 2008",NJN @ UTA,W,28,1,4,0.25,0,0,0.0,0,0,0.0,2,6,8,0,0,4,2,4,2,4,0
22008,201572,0020800221,"Nov 26, 2008",NJN @ SAC,W,42,8,14,0.571,0,0,0.0,4,5,0.8,2,6,8,2,0,3,2,3,20,1,0
22008,201572,0020800209,"Nov 25, 2008",NJN @ LAL,L,39,6,15,0.4,0,0,0.0,5,6,0.833,5,5,10,2,1,3,1,3,17,-20,0
22008,201572,0020800188,"Nov 22, 2008",NJN vs. LAC,W,35,6,10,0.6,0,0,0.0,2,3,0.667,2,8,10,1,0,0,2,3,14,22,0
22008,201572,0020800173,"Nov 21, 2008",NJN @ TOR,W,30,7,11,0.636,0,0,0.0,0,1,0.0,2,4,6,0,0,1,0,4,14,18,0
22008,201572,0020800154,"Nov 18, 2008",NJN vs. CLE,L,33,6,13,0.462,0,0,0.0,3,3,1.0,8,5,13,0,1,0,1,6,15,-17,0
22008,201572,0020800133,"Nov 15, 2008",NJN @ ATL,W,28,2,3,0.667,0,0,0.0,1,2,0.5,0,7,7,1,0,3,2,4,5,6,0
22008,201572,0020800123,"Nov 14, 2008",NJN vs. ATL,W,34,11,17,0.647,0,0,0.0,3,4,0.75,6,3,9,2,2,4,0,2,25,2,0
22008,201572,0020800109,"Nov 12, 2008",NJN vs. IND,L,20,0,2,0.0,0,0,0.0,1,2,0.5,1,4,5,0,0,0,0,2,1,-2,0
22008,201572,0020800096,"Nov 10, 2008",NJN @ MIA,L,14,0,2,0.0,0,0,0.0,0,0,0.0,1,2,3,1,0,0,3,2,0,-3,0
22008,201572,0020800079,"Nov 08, 2008",NJN @ IND,L,15,3,4,0.75,0,0,0.0,2,3,0.667,0,1,1,0,2,0,0,4,8,-3,0
22008,201572,0020800071,"Nov 07, 2008",NJN vs. DET,W,13,0,3,0.0,0,0,0.0,2,2,1.0,1,3,4,0,0,1,2,1,2,-15,0
22008,201572,0020800048,"Nov 04, 2008",NJN vs. PHX,L,19,1,6,0.167,0,0,0.0,0,0,0.0,2,4,6,0,1,2,4,4,2,-12,0
22008,201572,0020800031,"Nov 01, 2008",NJN vs. GSW,L,19,4,7,0.571,0,0,0.0,2,2,1.0,2,6,8,1,2,2,3,6,10,-8,0
22008,201572,0020800006,"Oct 29, 2008",NJN @ WAS,W,25,3,8,0.375,0,0,0.0,2,3,0.667,1,7,8,1,1,2,0,3,8,12,0
