SEASON_ID,Player_ID,Game_ID,GAME_DATE,MATCHUP,WL,MIN,FGM,FGA,FG_PCT,FG3M,FG3A,FG3_PCT,FTM,FTA,FT_PCT,OREB,DREB,REB,AST,STL,BLK,TOV,PF,PTS,PLUS_MINUS,VIDEO_AVAILABLE
22025,201587,0022501199,"Apr 12, 2026",LAC vs. GSW,W,22,3,5,0.6,3,5,0.6,0,0,0.0,0,2,2,2,0,1,0,4,9,10,1
22025,201587,0022501183,"Apr 10, 2026",LAC @ POR,L,5,0,1,0.0,0,1,0.0,0,0,0.0,0,1,1,0,0,0,0,0,0,-4,1
22025,201587,0022501163,"Apr 08, 2026",LAC vs. OKC,L,5,1,1,1.0,1,1,1.0,0,0,0.0,0,0,0,0,0,0,0,2,3,-2,1
22025,201587,0022501119,"Apr 02, 2026",LAC vs. SAS,L,6,0,0,0.0,0,0,0.0,0,0,0.0,1,1,2,1,0,0,1,0,0,-16,1
22025,201587,0022501104,"Mar 31, 2026",LAC vs. POR,L,6,0,0,0.0,0,0,0.0,0,0,0.0,0,0,0,0,0,0,0,0,0,-2,1
22025,201587,0022501082,"Mar 29, 2026",LAC @ MIL,W,12,1,4,0.25,1,4,0.25,0,0,0.0,0,2,2,1,0,0,0,0,3,5,1
22025,201587,0022501066,"Mar 27, 2026",LAC @ IND,W,14,1,5,0.2,1,4,0.25,0,0,0.0,0,5,5,0,2,0,0,0,3,-3,1
22025,201587,0022501062,"Mar 25, 2026",LAC vs. TOR,W,15,3,4,0.75,3,4,0.75,0,0,0.0,1,1,2,1,0,1,0,1,9,3,1
22025,201587,0022501046,"Mar 23, 2026",LAC vs. MIL,W,21,1,4,0.25,1,4,0.25,0,0,0.0,0,4,4,0,2,0,1,1,3,28,1
22025,201587,0022501029,"Mar 21, 2026",LAC @ DAL,W,20,2,3,0.667,2,3,0.667,0,0,0.0,0,6,6,1,1,0,0,3,6,-5,1
22025,201587,0022500990,"Mar 16, 2026",LAC vs. SAS,L,12,0,1,0.0,0,1,0.0,0,0,0.0,1,2,3,0,0,0,0,1,0,-3,1
22025,201587,0022500968,"Mar 13, 2026",LAC vs. CHI,W,16,1,3,0.333,1,3,0.333,0,0,0.0,0,3,3,4,0,1,0,1,3,8,1
22025,201587,0022500952,"Mar 11, 2026",LAC vs. MIN,W,12,2,2,1.0,2,2,1.0,0,0,0.0,0,0,0,0,0,0,0,2,6,9,1
22025,201587,0022500935,"Mar 09, 2026",LAC vs. NYK,W,11,1,4,0.25,1,4,0.25,0,0,0.0,0,0,0,0,1,0,0,2,3,-13,1
22025,201587,0022500918,"Mar 07, 2026",LAC @ MEM,W,5,0,0,0.0,0,0,0.0,0,0,0.0,0,0,0,0,0,0,0,0,0,-13,1
22025,201587,0022500913,"Mar 06, 2026",LAC @ SAS,L,17,2,3,0.667,2,3,0.667,0,0,0.0,0,2,2,1,1,0,0,1,6,4,1
22025,201587,0022500898,"Mar 04, 2026",LAC vs. IND,W,5,0,0,0.0,0,0,0.0,0,0,0.0,0,1,1,0,0,0,0,0,0,4,1
22025,201587,0022500882,"Mar 02, 2026",LAC @ GSW,W,6,0,1,0.0,0,1,0.0,0,0,0.0,0,0,0,0,0,0,0,0,0,-9,1
22025,201587,0022500877,"Mar 01, 2026",LAC vs. NOP,W,20,3,5,0.6,3,5,0.6,0,0,0.0,0,3,3,4,0,0,0,1,9,5,1
22025,201587,0022500857,"Feb 26, 2026",LAC vs. MIN,L,26,0,1,0.0,0,1,0.0,0,0,0.0,0,6,6,3,1,0,1,1,0,7,1
22025,201587,0022500827,"Feb 22, 2026",LAC vs. ORL,L,13,0,2,0.0,0,2,0.0,0,0,0.0,0,3,3,2,1,1,0,1,0,-1,1
22025,201587,0022500809,"Feb 20, 2026",LAC @ LAL,L,15,0,2,0.0,0,2,0.0,0,0,0.0,1,2,3,2,1,0,0,0,0,-9,1
22025,201587,0022500801,"Feb 19, 2026",LAC vs. DEN,W,18,2,3,0.667,2,3,0.667,0,0,0.0,0,2,2,0,0,0,0,0,6,2,1
22025,201587,0022500760,"Feb 08, 2026",LAC @ MIN,W,12,1,1,1.0,1,1,1.0,0,0,0.0,0,3,3,0,0,0,1,1,3,-5,1
22025,201587,0022500746,"Feb 06, 2026",LAC @ SAC,W,16,1,2,0.5,1,2,0.5,0,0,0.0,0,3,3,2,0,0,2,0,3,-13,1
22025,201587,0022500732,"Feb 04, 2026",LAC vs. CLE,L,6,0,0,0.0,0,0,0.0,0,0,0.0,0,0,0,0,0,0,1,0,0,-2,1
22025,201587,0022500715,"Feb 02, 2026",LAC vs. PHI,L,14,0,2,0.0,0,2,0.0,0,0,0.0,0,2,2,2,0,0,1,0,0,-3,1
22025,201587,0022500709,"Feb 01, 2026",LAC @ PHX,W,22,1,4,0.25,1,4,0.25,0,0,0.0,1,7,8,2,0,0,2,2,3,16,1
22025,201587,0022500695,"Jan 30, 2026",LAC @ DEN,L,22,2,6,0.333,2,6,0.333,0,0,0.0,1,2,3,1,1,0,0,0,6,-2,1
22025,201587,0022500670,"Jan 27, 2026",LAC @ UTA,W,21,3,5,0.6,2,4,0.5,0,0,0.0,0,2,2,0,0,0,0,2,8,0,1
22025,201587,0022500656,"Jan 25, 2026",LAC vs. BKN,W,15,1,1,1.0,1,1,1.0,0,0,0.0,0,3,3,1,1,1,0,1,3,32,1
22025,201587,0022500633,"Jan 22, 2026",LAC vs. LAL,W,17,0,3,0.0,0,3,0.0,0,0,0.0,0,2,2,1,1,0,1,0,0,-5,1
22025,201587,0022500614,"Jan 20, 2026",LAC @ CHI,L,12,0,2,0.0,0,2,0.0,0,0,0.0,0,1,1,1,1,0,0,0,0,-8,1
22025,201587,0022500608,"Jan 19, 2026",LAC @ WAS,W,19,1,4,0.25,1,4,0.25,0,0,0.0,1,2,3,1,1,0,1,3,3,3,1
22025,201587,0022500590,"Jan 16, 2026",LAC @ TOR,W,6,0,2,0.0,0,1,0.0,0,0,0.0,0,1,1,0,0,1,0,0,0,-14,1
22025,201587,0022500577,"Jan 14, 2026",LAC vs. WAS,W,26,3,7,0.429,3,7,0.429,0,0,0.0,0,8,8,0,0,2,1,2,9,26,1
22025,201587,0022500563,"Jan 12, 2026",LAC vs. CHA,W,22,2,2,1.0,2,2,1.0,1,2,0.5,0,2,2,2,2,0,1,0,7,-3,1
22025,201587,0022500544,"Jan 10, 2026",LAC @ DET,W,14,0,0,0.0,0,0,0.0,0,0,0.0,0,1,1,0,1,0,0,3,0,-12,1
22025,201587,0022500535,"Jan 09, 2026",LAC @ BKN,W,23,2,3,0.667,1,2,0.5,0,0,0.0,0,2,2,1,0,0,1,0,5,6,1
22025,201587,0022500522,"Jan 07, 2026",LAC @ NYK,L,18,1,5,0.2,1,5,0.2,0,0,0.0,0,1,1,1,1,1,1,1,3,-5,1
22025,201587,0022500508,"Jan 05, 2026",LAC vs. GSW,W,24,2,4,0.5,2,4,0.5,0,0,0.0,0,3,3,1,1,0,1,2,6,-3,1
22025,201587,0022500493,"Jan 03, 2026",LAC vs. BOS,L,16,2,4,0.5,2,4,0.5,0,0,0.0,0,2,2,1,0,1,0,1,6,-12,1
22025,201587,0022500475,"Jan 01, 2026",LAC vs. UTA,W,28,4,6,0.667,4,6,0.667,2,2,1.0,1,1,2,1,1,0,0,2,14,11,1
22025,201587,0022500461,"Dec 30, 2025",LAC vs. SAC,W,19,1,3,0.333,1,3,0.333,0,0,0.0,0,1,1,2,1,1,0,1,3,24,1
22025,201587,0022500445,"Dec 28, 2025",LAC vs. DET,W,31,4,8,0.5,4,8,0.5,0,0,0.0,2,2,4,1,1,0,0,1,12,25,1
22025,201587,0022500431,"Dec 26, 2025",LAC @ POR,W,30,1,3,0.333,1,2,0.5,0,0,0.0,0,2,2,1,1,0,0,2,3,32,1
22025,201587,0022500422,"Dec 23, 2025",LAC vs. HOU,W,25,2,4,0.5,2,4,0.5,0,0,0.0,0,0,0,0,0,0,1,2,6,9,1
22025,201587,0022500395,"Dec 20, 2025",LAC vs. LAL,W,20,1,3,0.333,1,3,0.333,0,0,0.0,0,4,4,0,0,0,0,2,3,-6,1
22025,201587,0022500369,"Dec 18, 2025",LAC @ OKC,L,20,2,5,0.4,2,5,0.4,0,0,0.0,0,2,2,0,2,1,1,2,6,-28,1
22025,201587,0022501205,"Dec 11, 2025",LAC @ HOU,L,28,2,5,0.4,2,5,0.4,0,0,0.0,1,2,3,2,0,1,2,3,6,-8,1
22025,201587,0022500355,"Dec 06, 2025",LAC @ MIN,L,17,1,3,0.333,1,3,0.333,0,0,0.0,1,3,4,0,0,0,0,1,3,-18,1
22025,201587,0022500347,"Dec 05, 2025",LAC @ MEM,L,31,2,7,0.286,2,7,0.286,0,0,0.0,1,2,3,4,1,0,2,2,6,9,1
22025,201587,0022500327,"Dec 03, 2025",LAC @ ATL,W,20,2,4,0.5,2,4,0.5,0,0,0.0,0,3,3,2,0,0,1,2,6,4,1
22025,201587,0022500313,"Dec 01, 2025",LAC @ MIA,L,20,2,2,1.0,2,2,1.0,0,0,0.0,0,1,1,0,0,0,0,1,6,-5,1
22025,201587,0022500300,"Nov 29, 2025",LAC vs. DAL,L,28,0,4,0.0,0,4,0.0,0,0,0.0,2,2,4,0,1,0,2,4,0,-4,1
22025,201587,0022500079,"Nov 28, 2025",LAC vs. MEM,L,23,0,0,0.0,0,0,0.0,2,3,0.667,0,1,1,0,2,2,1,3,2,-4,1
22025,201587,0022500059,"Nov 25, 2025",LAC @ LAL,L,22,2,3,0.667,2,3,0.667,0,0,0.0,0,1,1,0,2,0,0,2,6,-14,1
22025,201587,0022500278,"Nov 23, 2025",LAC @ CLE,L,25,2,5,0.4,2,5,0.4,0,0,0.0,1,2,3,1,0,0,1,1,6,-16,1
22025,201587,0022500268,"Nov 22, 2025",LAC @ CHA,W,19,3,4,0.75,3,4,0.75,0,0,0.0,1,2,3,0,2,0,0,1,9,18,1
22025,201587,0022500264,"Nov 20, 2025",LAC @ ORL,L,9,1,1,1.0,1,1,1.0,0,0,0.0,0,2,2,0,1,0,1,1,3,-4,1
22025,201587,0022500243,"Nov 17, 2025",LAC @ PHI,L,21,3,7,0.429,3,7,0.429,2,2,1.0,0,6,6,1,1,0,1,3,11,0,1
22025,201587,0022500233,"Nov 16, 2025",LAC @ BOS,L,20,2,4,0.5,2,4,0.5,0,0,0.0,1,3,4,0,0,2,1,3,6,-1,1
22025,201587,0022500046,"Nov 14, 2025",LAC @ DAL,W,25,2,6,0.333,1,5,0.2,2,2,1.0,0,2,2,0,3,0,1,4,7,-2,1
22025,201587,0022500224,"Nov 12, 2025",LAC vs. DEN,L,22,2,3,0.667,2,3,0.667,0,0,0.0,0,2,2,3,1,0,0,3,6,-4,1
22025,201587,0022500206,"Nov 10, 2025",LAC vs. ATL,L,20,1,5,0.2,0,3,0.0,0,0,0.0,0,4,4,0,1,1,0,0,2,-4,1
22025,201587,0022500190,"Nov 08, 2025",LAC vs. PHX,L,25,3,7,0.429,3,7,0.429,0,0,0.0,0,3,3,0,1,2,2,1,9,-12,1
22025,201587,0022500182,"Nov 06, 2025",LAC @ PHX,L,18,0,3,0.0,0,3,0.0,0,0,0.0,0,2,2,1,0,0,0,1,0,-14,1
22025,201587,0022500170,"Nov 04, 2025",LAC vs. OKC,L,18,1,5,0.2,1,5,0.2,0,0,0.0,0,1,1,3,0,0,1,3,3,2,1
22025,201587,0022500164,"Nov 03, 2025",LAC vs. MIA,L,7,0,0,0.0,0,0,0.0,0,0,0.0,0,0,0,0,0,0,0,0,0,-5,1
22025,201587,0022500027,"Oct 31, 2025",LAC vs. NOP,W,16,1,4,0.25,1,2,0.5,0,0,0.0,3,2,5,0,0,0,2,3,3,-8,1
22025,201587,0022500127,"Oct 28, 2025",LAC @ GSW,L,20,1,4,0.25,1,4,0.25,0,0,0.0,2,4,6,1,0,0,0,0,3,4,1
22025,201587,0022500112,"Oct 26, 2025",LAC vs. POR,W,15,1,3,0.333,1,3,0.333,0,0,0.0,0,3,3,1,3,2,0,1,3,4,1
22025,201587,0022500099,"Oct 24, 2025",LAC vs. PHX,W,8,1,2,0.5,1,2,0.5,0,0,0.0,0,1,1,0,1,0,0,2,3,14,1
22025,201587,0022500087,"Oct 22, 2025",LAC @ UTA,L,15,1,4,0.25,1,4,0.25,0,0,0.0,0,2,2,1,1,1,0,4,3,-14,1
22024,201587,0022401166,"Apr 09, 2025",LAC vs. HOU,W,9,5,6,0.833,4,5,0.8,1,1,1.0,2,1,3,0,0,0,0,1,15,-2,1
22024,201587,0022401155,"Apr 08, 2025",LAC vs. SAS,W,21,3,5,0.6,3,5,0.6,0,0,0.0,0,2,2,0,1,0,2,2,9,2,1
22024,201587,0022401132,"Apr 05, 2025",LAC vs. DAL,W,18,2,3,0.667,2,3,0.667,0,0,0.0,0,5,5,0,0,0,0,1,6,6,1
22024,201587,0022401127,"Apr 04, 2025",LAC vs. DAL,W,5,0,0,0.0,0,0,0.0,0,0,0.0,0,0,0,0,0,0,0,0,0,6,1
22024,201587,0022401111,"Apr 02, 2025",LAC vs. NOP,W,14,1,4,0.25,1,4,0.25,0,0,0.0,0,1,1,1,2,0,0,0,3,6,1
22024,201587,0022401091,"Mar 31, 2025",LAC @ ORL,W,21,0,0,0.0,0,0,0.0,0,0,0.0,0,4,4,1,1,1,0,3,0,9,1
22024,201587,0022401081,"Mar 30, 2025",LAC @ CLE,L,16,0,2,0.0,0,2,0.0,1,2,0.5,0,3,3,1,0,0,1,2,1,-4,1
22024,201587,0022401068,"Mar 28, 2025",LAC @ BKN,W,19,3,4,0.75,3,4,0.75,0,0,0.0,0,4,4,0,1,0,1,1,9,3,1
22024,201587,0022401056,"Mar 26, 2025",LAC @ NYK,W,18,2,2,1.0,2,2,1.0,0,0,0.0,0,1,1,0,0,2,0,1,6,18,1
22024,201587,0022401036,"Mar 23, 2025",LAC vs. OKC,L,5,0,0,0.0,0,0,0.0,0,0,0.0,0,0,0,0,0,0,0,1,0,3,1
22024,201587,0022401023,"Mar 21, 2025",LAC vs. MEM,W,12,2,4,0.5,1,3,0.333,0,0,0.0,1,1,2,2,2,2,0,1,5,2,1
22024,201587,0022400997,"Mar 18, 2025",LAC vs. CLE,W,17,1,2,0.5,1,2,0.5,0,0,0.0,1,4,5,3,0,0,2,3,3,7,1
22024,201587,0022400538,"Mar 16, 2025",LAC vs. CHA,W,15,1,1,1.0,1,1,1.0,0,0,0.0,1,4,5,1,1,0,0,2,3,26,1
22024,201587,0022400960,"Mar 14, 2025",LAC @ ATL,W,23,4,8,0.5,3,5,0.6,0,0,0.0,3,4,7,2,1,1,1,1,11,7,1
22024,201587,0022400948,"Mar 12, 2025",LAC @ MIA,W,33,2,6,0.333,2,6,0.333,0,0,0.0,0,2,2,2,1,0,1,1,6,4,1
22024,201587,0022400943,"Mar 11, 2025",LAC @ NOP,L,28,3,9,0.333,2,8,0.25,0,0,0.0,1,1,2,0,1,2,0,1,8,-2,1
22024,201587,0022400927,"Mar 09, 2025",LAC vs. SAC,W,28,3,3,1.0,3,3,1.0,0,0,0.0,0,4,4,0,0,1,0,1,9,2,1
22024,201587,0022400911,"Mar 07, 2025",LAC vs. NYK,W,34,6,9,0.667,5,7,0.714,0,0,0.0,1,3,4,1,2,2,3,2,17,7,1
22024,201587,0022400898,"Mar 05, 2025",LAC vs. DET,W,24,1,1,1.0,1,1,1.0,2,2,1.0,0,3,3,0,1,2,0,3,5,9,1
22024,201587,0022400889,"Mar 04, 2025",LAC @ PHX,L,17,1,4,0.25,1,4,0.25,0,0,0.0,2,1,3,2,0,0,1,1,3,-8,1
22024,201587,0022400874,"Mar 02, 2025",LAC @ LAL,L,16,2,3,0.667,2,3,0.667,0,0,0.0,0,1,1,0,2,0,0,1,6,19,1
22024,201587,0022400859,"Feb 28, 2025",LAC @ LAL,L,9,0,1,0.0,0,1,0.0,2,2,1.0,0,0,0,0,0,0,0,1,2,-13,1
22024,201587,0022400842,"Feb 26, 2025",LAC @ CHI,W,17,0,2,0.0,0,2,0.0,0,0,0.0,0,2,2,1,0,2,0,1,0,10,1
22024,201587,0022400821,"Feb 24, 2025",LAC @ DET,L,22,3,5,0.6,3,5,0.6,0,0,0.0,0,3,3,1,3,0,0,1,9,1,1
22024,201587,0022400813,"Feb 23, 2025",LAC @ IND,L,8,0,0,0.0,0,0,0.0,0,0,0.0,0,2,2,0,0,0,0,2,0,-1,1
22024,201587,0022400793,"Feb 20, 2025",LAC @ MIL,L,11,1,3,0.333,1,2,0.5,0,0,0.0,0,1,1,1,1,0,0,0,3,2,1
22024,201587,0022401004,"Feb 13, 2025",LAC @ UTA,W,30,2,5,0.4,2,4,0.5,0,0,0.0,2,3,5,0,0,1,0,2,6,4,1
22024,201587,0022400783,"Feb 12, 2025",LAC vs. MEM,W,13,1,4,0.25,1,4,0.25,0,0,0.0,0,3,3,0,1,0,1,1,3,-4,1
22024,201587,0022400751,"Feb 08, 2025",LAC vs. UTA,W,5,0,1,0.0,0,1,0.0,0,0,0.0,0,2,2,0,0,0,0,0,0,3,1
22024,201587,0022400733,"Feb 06, 2025",LAC vs. IND,L,12,0,2,0.0,0,2,0.0,0,0,0.0,1,1,2,0,1,1,0,0,0,-7,1
22024,201587,0022400715,"Feb 04, 2025",LAC vs. LAL,L,15,1,4,0.25,1,3,0.333,0,0,0.0,0,2,2,1,0,0,0,0,3,-19,1
22024,201587,0022400697,"Feb 02, 2025",LAC @ TOR,L,28,4,5,0.8,3,4,0.75,0,0,0.0,2,2,4,2,0,1,0,2,11,-2,1
22024,201587,0022400671,"Jan 29, 2025",LAC @ SAS,W,17,4,5,0.8,3,4,0.75,1,1,1.0,1,4,5,0,1,0,1,2,12,4,1
22024,201587,0022400659,"Jan 27, 2025",LAC @ PHX,L,12,0,1,0.0,0,1,0.0,0,0,0.0,0,0,0,0,1,0,0,1,0,-12,1
22024,201587,0022400646,"Jan 25, 2025",LAC vs. MIL,W,17,0,3,0.0,0,3,0.0,0,0,0.0,0,4,4,2,0,0,0,3,0,7,1
22024,201587,0022400983,"Jan 23, 2025",LAC vs. WAS,W,12,1,3,0.333,1,3,0.333,0,0,0.0,0,0,0,1,1,0,0,1,3,-6,1
22024,201587,0022400611,"Jan 20, 2025",LAC vs. CHI,L,18,0,2,0.0,0,2,0.0,0,0,0.0,2,4,6,1,0,2,0,5,0,-2,1
22024,201587,0022400596,"Jan 19, 2025",LAC vs. LAL,W,16,2,3,0.667,2,2,1.0,0,0,0.0,1,2,3,1,2,0,0,2,6,-10,1
22024,201587,0022400575,"Jan 16, 2025",LAC @ POR,W,14,1,1,1.0,1,1,1.0,0,0,0.0,0,4,4,0,0,0,0,0,3,5,1
22024,201587,0022400571,"Jan 15, 2025",LAC vs. BKN,W,17,0,3,0.0,0,3,0.0,0,0,0.0,1,2,3,1,1,0,0,1,0,13,1
22024,201587,0022400553,"Jan 13, 2025",LAC vs. MIA,W,24,0,2,0.0,0,1,0.0,0,0,0.0,1,4,5,1,1,2,0,2,0,3,1
22024,201587,0022400515,"Jan 08, 2025",LAC @ DEN,L,9,1,2,0.5,1,2,0.5,0,0,0.0,1,1,2,1,2,0,0,2,3,-12,1
22024,201587,0022400500,"Jan 06, 2025",LAC @ MIN,L,13,1,2,0.5,1,2,0.5,0,0,0.0,0,3,3,0,1,0,1,3,3,-4,1
22024,201587,0022400486,"Jan 04, 2025",LAC vs. ATL,W,11,2,4,0.5,0,2,0.0,0,0,0.0,0,0,0,1,1,0,0,2,4,-3,1
22024,201587,0022400466,"Jan 02, 2025",LAC @ OKC,L,16,0,1,0.0,0,1,0.0,0,0,0.0,0,2,2,1,1,0,0,2,0,0,1
22024,201587,0022400451,"Dec 31, 2024",LAC @ SAS,L,13,0,1,0.0,0,1,0.0,0,0,0.0,1,2,3,0,0,0,1,2,0,-10,1
22024,201587,0022400444,"Dec 30, 2024",LAC @ NOP,W,20,1,1,1.0,1,1,1.0,0,0,0.0,1,4,5,2,3,0,1,1,3,7,1
22024,201587,0022400426,"Dec 27, 2024",LAC vs. GSW,W,20,1,3,0.333,1,3,0.333,0,0,0.0,1,4,5,3,0,1,2,1,3,-2,1
22024,201587,0022400399,"Dec 23, 2024",LAC @ MEM,W,28,2,2,1.0,2,2,1.0,0,0,0.0,0,5,5,4,1,1,2,2,6,-2,1
22024,201587,0022400385,"Dec 21, 2024",LAC @ DAL,L,15,0,0,0.0,0,0,0.0,3,3,1.0,0,0,0,2,1,0,0,1,3,-8,1
22024,201587,0022400368,"Dec 19, 2024",LAC @ DAL,W,23,1,5,0.2,1,5,0.2,0,0,0.0,1,3,4,3,0,1,0,2,3,5,1
22024,201587,0022401226,"Dec 16, 2024",LAC vs. UTA,W,16,1,1,1.0,1,1,1.0,1,2,0.5,0,3,3,0,2,0,2,1,4,19,1
22024,201587,0022401213,"Dec 13, 2024",LAC @ DEN,L,22,2,3,0.667,2,3,0.667,0,0,0.0,0,1,1,0,3,0,1,4,6,-5,1
22024,201587,0022400356,"Dec 08, 2024",LAC vs. HOU,L,26,0,3,0.0,0,2,0.0,0,0,0.0,0,4,4,1,0,0,0,2,0,-1,1
22024,201587,0022400324,"Dec 04, 2024",LAC vs. MIN,L,8,0,1,0.0,0,1,0.0,0,0,0.0,0,0,0,0,0,0,1,1,0,-17,1
22024,201587,0022400060,"Dec 03, 2024",LAC vs. POR,W,20,0,1,0.0,0,1,0.0,0,0,0.0,1,3,4,3,0,1,1,2,0,14,1
22024,201587,0022400314,"Dec 01, 2024",LAC vs. DEN,W,23,1,2,0.5,1,2,0.5,0,0,0.0,2,1,3,5,0,0,0,3,3,9,1
22024,201587,0022400044,"Nov 29, 2024",LAC @ MIN,L,24,4,7,0.571,4,7,0.571,0,0,0.0,0,2,2,1,1,0,0,0,12,6,1
22024,201587,0022400291,"Nov 27, 2024",LAC @ WAS,W,25,1,2,0.5,1,2,0.5,0,0,0.0,2,1,3,2,1,0,0,2,3,18,1
22024,201587,0022400281,"Nov 25, 2024",LAC @ BOS,L,23,0,2,0.0,0,1,0.0,0,0,0.0,1,3,4,1,0,0,0,0,0,-19,1
22024,201587,0022400274,"Nov 24, 2024",LAC @ PHI,W,10,1,5,0.2,1,4,0.25,0,0,0.0,2,1,3,3,0,0,0,0,3,-5,1
22024,201587,0022400034,"Nov 22, 2024",LAC vs. SAC,W,18,3,6,0.5,3,5,0.6,0,0,0.0,0,3,3,0,0,0,0,2,9,7,1
22024,201587,0022400259,"Nov 20, 2024",LAC vs. ORL,W,19,2,3,0.667,1,1,1.0,0,0,0.0,2,2,4,0,0,0,0,1,5,4,1
22024,201587,0022400251,"Nov 18, 2024",LAC vs. GSW,W,20,3,6,0.5,3,5,0.6,0,0,0.0,0,3,3,0,0,0,1,0,9,4,1
22024,201587,0022400243,"Nov 17, 2024",LAC vs. UTA,W,18,0,3,0.0,0,3,0.0,2,2,1.0,0,1,1,0,0,0,0,0,2,-1,1
22024,201587,0022400016,"Nov 15, 2024",LAC @ HOU,L,4,0,0,0.0,0,0,0.0,0,0,0.0,1,0,1,0,0,1,1,0,0,4,1
22024,201587,0022400222,"Nov 13, 2024",LAC @ HOU,L,14,1,4,0.25,1,4,0.25,0,0,0.0,0,1,1,1,0,0,0,0,3,-22,1
22024,201587,0022400215,"Nov 11, 2024",LAC @ OKC,L,12,1,2,0.5,1,2,0.5,0,0,0.0,1,2,3,1,0,1,2,0,3,1,1
22024,201587,0022400200,"Nov 09, 2024",LAC vs. TOR,W,17,3,5,0.6,1,3,0.333,0,0,0.0,1,2,3,2,0,2,0,0,7,16,1
22024,201587,0022400196,"Nov 08, 2024",LAC @ SAC,W,11,0,0,0.0,0,0,0.0,0,0,0.0,1,3,4,0,0,0,1,4,0,13,1
22024,201587,0022400179,"Nov 06, 2024",LAC vs. PHI,W,20,3,6,0.5,1,3,0.333,0,0,0.0,1,1,2,0,3,0,0,1,7,11,1
22024,201587,0022400168,"Nov 04, 2024",LAC vs. SAS,W,20,1,5,0.2,1,3,0.333,0,0,0.0,0,1,1,2,0,0,0,2,3,12,1
22024,201587,0022400150,"Nov 02, 2024",LAC vs. OKC,L,20,1,5,0.2,1,4,0.25,1,2,0.5,0,2,2,2,0,1,0,0,4,-7,1
22024,201587,0022400131,"Oct 31, 2024",LAC vs. PHX,L,22,1,4,0.25,1,3,0.333,0,0,0.0,1,4,5,3,0,4,1,2,3,-4,1
22024,201587,0022400127,"Oct 30, 2024",LAC vs. POR,L,13,2,4,0.5,1,3,0.333,0,0,0.0,0,2,2,4,2,0,0,1,5,-3,1
22024,201587,0022400101,"Oct 27, 2024",LAC @ GSW,W,15,2,4,0.5,1,3,0.333,0,0,0.0,2,2,4,2,0,0,1,3,5,13,1
22024,201587,0022400087,"Oct 26, 2024",LAC @ DEN,W,22,0,0,0.0,0,0,0.0,1,2,0.5,1,3,4,3,0,1,0,3,1,17,1
22024,201587,0022400071,"Oct 23, 2024",LAC vs. PHX,L,24,0,2,0.0,0,2,0.0,2,2,1.0,0,2,2,2,1,0,1,3,2,1,1
22023,201587,0022301192,"Apr 14, 2024",PHI vs. BKN,W,20,0,3,0.0,0,2,0.0,0,0,0.0,1,4,5,5,0,0,0,2,0,9,1
22023,201587,0022301171,"Apr 12, 2024",PHI vs. ORL,W,30,2,6,0.333,1,3,0.333,0,0,0.0,1,3,4,1,2,0,0,2,5,0,1
22023,201587,0022301145,"Apr 09, 2024",PHI vs. DET,W,29,1,4,0.25,0,3,0.0,0,0,0.0,1,2,3,1,0,1,1,1,2,9,1
22023,201587,0022301140,"Apr 07, 2024",PHI @ SAS,W,46,3,7,0.429,3,7,0.429,0,0,0.0,0,7,7,2,3,0,0,2,9,8,1
22023,201587,0022301129,"Apr 06, 2024",PHI @ MEM,W,21,3,5,0.6,3,5,0.6,0,0,0.0,1,2,3,0,0,0,0,0,9,7,1
22023,201587,0022301111,"Apr 04, 2024",PHI @ MIA,W,32,0,4,0.0,0,3,0.0,0,0,0.0,0,4,4,7,2,1,2,1,0,14,1
22023,201587,0022301093,"Apr 02, 2024",PHI vs. OKC,W,30,3,6,0.5,1,4,0.25,0,0,0.0,0,2,2,2,1,1,3,2,7,3,1
22023,201587,0022301080,"Mar 31, 2024",PHI @ TOR,W,28,7,8,0.875,5,6,0.833,0,0,0.0,1,5,6,2,2,0,0,0,19,5,1
22023,201587,0022301067,"Mar 29, 2024",PHI @ CLE,L,31,3,5,0.6,2,3,0.667,0,0,0.0,4,4,8,3,0,0,0,2,8,6,1
22023,201587,0022301052,"Mar 27, 2024",PHI vs. LAC,L,28,3,6,0.5,3,6,0.5,0,0,0.0,0,4,4,3,0,1,1,1,9,-7,1
22023,201587,0022301042,"Mar 25, 2024",PHI @ SAC,L,21,0,3,0.0,0,2,0.0,0,0,0.0,2,1,3,0,0,0,1,0,0,-11,1
22023,201587,0022301018,"Mar 22, 2024",PHI @ LAL,L,20,0,2,0.0,0,2,0.0,0,0,0.0,1,4,5,1,0,0,1,0,0,-8,1
22023,201587,0022301002,"Mar 20, 2024",PHI @ PHX,L,24,3,4,0.75,1,2,0.5,1,2,0.5,1,2,3,0,1,1,1,2,8,-14,1
22023,201587,0022300985,"Mar 18, 2024",PHI vs. MIA,W,38,1,4,0.25,0,1,0.0,0,0,0.0,1,7,8,1,2,1,1,4,2,11,1
22023,201587,0022300969,"Mar 16, 2024",PHI vs. CHA,W,37,3,7,0.429,2,6,0.333,0,0,0.0,3,5,8,4,3,2,2,3,8,23,1
22023,201587,0022300958,"Mar 14, 2024",PHI @ MIL,L,21,2,5,0.4,1,4,0.25,0,0,0.0,1,1,2,3,0,0,0,0,5,-14,1
22023,201587,0022300939,"Mar 12, 2024",PHI @ NYK,L,21,0,4,0.0,0,3,0.0,0,0,0.0,0,2,2,0,1,0,0,1,0,-7,1
22023,201587,0022300927,"Mar 10, 2024",PHI @ NYK,W,31,0,2,0.0,0,2,0.0,0,0,0.0,0,5,5,3,2,0,1,2,0,18,1
22023,201587,0022300896,"Mar 06, 2024",PHI vs. MEM,L,30,3,6,0.5,1,2,0.5,3,3,1.0,3,3,6,1,1,1,1,3,10,0,1
22023,201587,0022300887,"Mar 05, 2024",PHI @ BKN,L,32,1,6,0.167,0,3,0.0,0,0,0.0,2,5,7,4,0,1,1,2,2,-1,1
22023,201587,0022300871,"Mar 03, 2024",PHI @ DAL,W,32,2,8,0.25,1,5,0.2,2,2,1.0,2,9,11,3,3,1,0,1,7,4,1
22023,201587,0022300858,"Mar 01, 2024",PHI vs. CHA,W,27,3,7,0.429,2,6,0.333,0,0,0.0,2,2,4,2,0,1,0,1,8,-4,1
22023,201587,0022300836,"Feb 27, 2024",PHI @ BOS,L,20,1,4,0.25,1,3,0.333,0,0,0.0,1,2,3,1,1,1,2,4,3,-4,1
22023,201587,0022300817,"Feb 25, 2024",PHI vs. MIL,L,17,2,5,0.4,2,5,0.4,0,0,0.0,0,1,1,0,1,0,0,0,6,-13,1
22023,201587,0022300805,"Feb 23, 2024",PHI vs. CLE,W,0,0,0,0.0,0,0,0.0,0,0,0.0,0,0,0,0,0,0,0,0,0,2,1
22023,201587,0022300794,"Feb 22, 2024",PHI vs. NYK,L,18,0,0,0.0,0,0,0.0,0,0,0.0,0,3,3,1,0,0,1,5,0,-12,1
22023,201587,0022300668,"Jan 29, 2024",PHI @ POR,L,24,1,5,0.2,1,4,0.25,0,0,0.0,3,1,4,1,0,0,0,1,3,-19,1
22023,201587,0022300644,"Jan 27, 2024",PHI @ DEN,L,26,0,1,0.0,0,0,0.0,0,0,0.0,0,4,4,2,0,0,1,3,0,-10,1
22023,201587,0022300627,"Jan 25, 2024",PHI @ IND,L,22,4,5,0.8,2,3,0.667,0,0,0.0,0,3,3,1,0,0,1,2,10,-14,1
22023,201587,0022300608,"Jan 22, 2024",PHI vs. SAS,W,33,2,4,0.5,1,3,0.333,0,0,0.0,4,4,8,6,3,0,1,3,5,3,1
22023,201587,0022300593,"Jan 20, 2024",PHI @ CHA,W,29,4,6,0.667,1,3,0.333,0,0,0.0,3,2,5,1,2,2,0,1,9,11,1
22023,201587,0022300585,"Jan 19, 2024",PHI @ ORL,W,20,1,2,0.5,1,2,0.5,0,0,0.0,2,0,2,5,0,0,0,4,3,11,1
22023,201587,0022300566,"Jan 16, 2024",PHI vs. DEN,W,35,3,4,0.75,2,3,0.667,0,0,0.0,1,3,4,2,0,2,2,3,8,7,1
22023,201587,0022300555,"Jan 15, 2024",PHI vs. HOU,W,28,2,7,0.286,1,3,0.333,0,0,0.0,2,3,5,3,2,1,0,2,5,0,1
22023,201587,0022300532,"Jan 12, 2024",PHI vs. SAC,W,25,5,5,1.0,4,4,1.0,0,0,0.0,3,2,5,3,0,0,0,2,14,2,1
22023,201587,0022300521,"Jan 10, 2024",PHI @ ATL,L,37,2,4,0.5,1,2,0.5,1,2,0.5,2,2,4,2,0,3,1,4,6,2,1
22023,201587,0022300495,"Jan 06, 2024",PHI vs. UTA,L,26,1,6,0.167,0,5,0.0,0,0,0.0,1,3,4,4,4,2,2,3,2,-13,1
22023,201587,0022300483,"Jan 05, 2024",PHI vs. NYK,L,21,0,2,0.0,0,1,0.0,0,0,0.0,1,3,4,1,0,1,2,2,0,-6,1
22023,201587,0022300459,"Jan 02, 2024",PHI vs. CHI,W,22,2,4,0.5,1,3,0.333,1,1,1.0,2,1,3,2,0,1,1,2,6,18,1
22023,201587,0022300442,"Dec 30, 2023",PHI @ CHI,L,19,3,6,0.5,3,5,0.6,0,0,0.0,0,3,3,2,0,0,1,1,9,-1,1
22023,201587,0022300351,"Dec 18, 2023",PHI vs. CHI,L,27,1,4,0.25,1,4,0.25,0,0,0.0,1,3,4,3,0,0,2,0,3,7,1
22023,201587,0022300335,"Dec 16, 2023",PHI @ CHA,W,20,1,3,0.333,1,2,0.5,0,0,0.0,0,3,3,3,0,0,0,2,3,24,1
22023,201587,0022300327,"Dec 15, 2023",PHI vs. DET,W,22,2,4,0.5,0,1,0.0,0,0,0.0,2,3,5,4,2,0,0,0,4,30,1
22023,201587,0022300310,"Dec 13, 2023",PHI @ DET,W,20,2,2,1.0,1,1,1.0,0,0,0.0,0,1,1,2,0,0,0,3,5,6,1
22023,201587,0022300295,"Dec 11, 2023",PHI vs. WAS,W,20,2,5,0.4,0,3,0.0,0,0,0.0,0,2,2,1,1,2,0,0,4,12,1
22023,201587,0022301218,"Dec 08, 2023",PHI vs. ATL,W,29,3,4,0.75,2,3,0.667,0,0,0.0,2,2,4,4,0,0,0,1,8,3,1
22023,201587,0022301208,"Dec 06, 2023",PHI @ WAS,W,33,2,4,0.5,1,3,0.333,4,7,0.571,1,5,6,5,0,0,0,2,9,7,1
22023,201587,0022300262,"Nov 29, 2023",PHI @ NOP,L,14,1,1,1.0,1,1,1.0,0,0,0.0,0,1,1,0,0,0,1,1,3,-21,1
22023,201587,0022300255,"Nov 27, 2023",PHI vs. LAL,W,29,4,7,0.571,2,3,0.667,0,0,0.0,3,4,7,4,3,0,0,3,10,30,1
22023,201587,0022300239,"Nov 25, 2023",PHI @ OKC,W,32,4,7,0.571,3,6,0.5,3,4,0.75,4,3,7,3,0,2,1,0,14,14,1
22023,201587,0022300232,"Nov 22, 2023",PHI @ MIN,L,24,2,4,0.5,2,4,0.5,0,0,0.0,0,3,3,0,0,1,1,2,6,-23,1
22023,201587,0022300040,"Nov 21, 2023",PHI vs. CLE,L,27,2,5,0.4,1,4,0.25,0,0,0.0,0,4,4,2,0,0,2,5,5,-3,1
22023,201587,0022300208,"Nov 19, 2023",PHI @ BKN,W,24,1,1,1.0,1,1,1.0,0,0,0.0,0,3,3,3,0,0,0,2,3,25,1
22023,201587,0022300180,"Nov 12, 2023",PHI vs. IND,W,33,3,5,0.6,3,5,0.6,0,0,0.0,2,5,7,0,1,3,1,2,9,1,1
22023,201587,0022300008,"Nov 10, 2023",PHI @ DET,W,26,1,2,0.5,1,2,0.5,0,0,0.0,1,2,3,3,1,0,0,4,3,13,1
22023,201587,0022300159,"Nov 08, 2023",PHI vs. BOS,W,26,2,3,0.667,1,2,0.5,0,0,0.0,2,2,4,1,0,1,0,2,5,7,1
22023,201587,0022300148,"Nov 06, 2023",PHI vs. WAS,W,17,4,5,0.8,3,4,0.75,0,0,0.0,0,2,2,0,1,0,0,1,11,28,1
22023,201587,0022300099,"Oct 29, 2023",LAC vs. SAS,W,15,0,4,0.0,0,4,0.0,0,0,0.0,0,2,2,1,1,0,1,1,0,6,1
22023,201587,0022300085,"Oct 27, 2023",LAC @ UTA,L,30,3,4,0.75,2,3,0.667,0,0,0.0,0,2,2,3,1,3,0,4,8,-4,1
22023,201587,0022300074,"Oct 25, 2023",LAC vs. POR,W,9,0,0,0.0,0,0,0.0,0,0,0.0,0,3,3,1,1,1,0,0,0,-2,1
22022,201587,0022201229,"Apr 09, 2023",LAC @ PHX,W,21,0,2,0.0,0,2,0.0,0,0,0.0,1,3,4,1,0,1,0,3,0,-4,1
22022,201587,0022201215,"Apr 08, 2023",LAC vs. POR,W,24,3,5,0.6,3,5,0.6,0,0,0.0,1,3,4,3,1,1,0,0,9,9,1
22022,201587,0022201196,"Apr 05, 2023",LAC vs. LAL,W,30,1,7,0.143,1,7,0.143,2,2,1.0,0,2,2,1,2,1,0,2,5,13,1
22022,201587,0022201162,"Apr 01, 2023",LAC @ NOP,L,24,1,2,0.5,0,1,0.0,0,0,0.0,1,2,3,3,0,0,0,2,2,2,1
22022,201587,0022201156,"Mar 31, 2023",LAC @ MEM,L,23,0,4,0.0,0,3,0.0,0,0,0.0,0,3,3,1,1,0,0,2,0,3,1
22022,201587,0022201141,"Mar 29, 2023",LAC @ MEM,W,19,1,5,0.2,1,5,0.2,1,1,1.0,0,3,3,1,0,0,2,1,4,-8,1
22022,201587,0022201129,"Mar 27, 2023",LAC vs. CHI,W,31,8,10,0.8,8,10,0.8,0,0,0.0,0,3,3,5,2,0,1,2,24,22,1
22022,201587,0022201112,"Mar 25, 2023",LAC vs. NOP,L,20,4,6,0.667,4,6,0.667,1,1,1.0,0,1,1,1,1,0,1,0,13,-6,1
22022,201587,0022201096,"Mar 23, 2023",LAC vs. OKC,W,19,4,6,0.667,4,6,0.667,0,0,0.0,0,2,2,3,2,0,0,1,12,34,1
22022,201587,0022201082,"Mar 21, 2023",LAC vs. OKC,L,24,2,4,0.5,1,3,0.333,0,0,0.0,0,0,0,1,0,0,0,2,5,-7,1
22022,201587,0022201069,"Mar 19, 2023",LAC @ POR,W,16,1,3,0.333,1,3,0.333,0,0,0.0,0,1,1,3,1,0,1,2,3,-10,1
22022,201587,0022201056,"Mar 18, 2023",LAC vs. ORL,L,17,1,4,0.25,1,3,0.333,0,0,0.0,1,1,2,3,0,0,0,2,3,-2,1
22022,201587,0022201041,"Mar 15, 2023",LAC vs. GSW,W,20,2,5,0.4,2,4,0.5,0,0,0.0,0,0,0,2,2,0,0,4,6,1,1
22022,201587,0022201004,"Mar 11, 2023",LAC vs. NYK,W,16,1,4,0.25,0,3,0.0,0,0,0.0,1,3,4,1,0,0,0,1,2,5,1
22022,201587,0022200991,"Mar 08, 2023",LAC vs. TOR,W,15,0,1,0.0,0,1,0.0,2,2,1.0,1,5,6,1,0,0,0,2,2,4,1
22022,201587,0022200970,"Mar 05, 2023",LAC vs. MEM,W,17,0,4,0.0,0,3,0.0,0,0,0.0,1,2,3,1,1,0,1,1,0,-3,1
22022,201587,0022200954,"Mar 03, 2023",LAC @ SAC,L,37,4,6,0.667,3,5,0.6,0,0,0.0,0,4,4,0,1,0,0,3,11,9,1
22022,201587,0022200945,"Mar 02, 2023",LAC @ GSW,L,20,2,5,0.4,1,4,0.25,0,0,0.0,1,0,1,0,0,1,0,0,5,-12,1
22022,201587,0022200932,"Feb 28, 2023",LAC vs. MIN,L,20,1,1,1.0,1,1,1.0,0,0,0.0,1,2,3,1,3,0,4,0,3,-4,1
22022,201587,0022200918,"Feb 26, 2023",LAC @ DEN,L,21,4,8,0.5,3,7,0.429,1,1,1.0,0,2,2,3,2,0,1,2,12,10,1
22022,201587,0022200902,"Feb 24, 2023",LAC vs. SAC,L,38,7,12,0.583,5,10,0.5,0,0,0.0,3,5,8,2,1,0,1,0,19,5,1
22022,201587,0022200885,"Feb 16, 2023",LAC @ PHX,W,24,1,4,0.25,1,4,0.25,0,0,0.0,0,2,2,2,0,0,1,0,3,1,1
22022,201587,0022200871,"Feb 14, 2023",LAC vs. GSW,W,8,0,3,0.0,0,3,0.0,0,0,0.0,1,1,2,2,1,0,0,1,0,4,1
22022,201587,0022200829,"Feb 08, 2023",LAC vs. DAL,L,15,0,3,0.0,0,3,0.0,0,0,0.0,0,2,2,0,1,1,0,2,0,-2,1
22022,201587,0022200810,"Feb 06, 2023",LAC @ BKN,W,28,3,8,0.375,1,4,0.25,2,3,0.667,2,9,11,3,0,1,0,1,9,-4,1
22022,201587,0022200795,"Feb 04, 2023",LAC @ NYK,W,27,3,4,0.75,3,4,0.75,1,2,0.5,1,1,2,3,1,2,0,3,10,12,1
22022,201587,0022200784,"Feb 02, 2023",LAC @ MIL,L,17,0,3,0.0,0,3,0.0,0,0,0.0,0,4,4,0,0,0,0,3,0,-24,1
22022,201587,0022200766,"Jan 31, 2023",LAC @ CHI,W,27,2,10,0.2,2,9,0.222,0,0,0.0,2,3,5,1,2,0,0,2,6,-1,1
22022,201587,0022200754,"Jan 29, 2023",LAC @ CLE,L,7,0,3,0.0,0,3,0.0,0,0,0.0,1,2,3,0,0,0,0,0,0,-16,1
22022,201587,0022200745,"Jan 28, 2023",LAC @ ATL,W,21,2,3,0.667,2,3,0.667,2,2,1.0,0,2,2,1,0,0,2,1,8,3,1
22022,201587,0022200735,"Jan 26, 2023",LAC vs. SAS,W,26,3,5,0.6,3,5,0.6,0,0,0.0,1,3,4,2,0,0,0,2,9,18,1
22022,201587,0022200719,"Jan 24, 2023",LAC @ LAL,W,24,1,2,0.5,1,2,0.5,1,2,0.5,1,5,6,6,0,1,2,2,4,4,1
22022,201587,0022200701,"Jan 22, 2023",LAC @ DAL,W,28,2,5,0.4,2,5,0.4,2,2,1.0,0,6,6,0,0,2,0,4,8,23,1
22022,201587,0022200687,"Jan 20, 2023",LAC @ SAS,W,22,1,3,0.333,1,3,0.333,0,0,0.0,0,2,2,2,0,1,1,2,3,6,1
22022,201587,0022200675,"Jan 18, 2023",LAC @ UTA,L,23,4,5,0.8,3,4,0.75,0,0,0.0,2,3,5,1,0,0,0,2,11,-6,1
22022,201587,0022200668,"Jan 17, 2023",LAC vs. PHI,L,20,3,5,0.6,2,4,0.5,0,0,0.0,0,0,0,1,0,1,1,4,8,-15,1
22022,201587,0022200649,"Jan 15, 2023",LAC vs. HOU,W,28,2,7,0.286,1,5,0.2,0,0,0.0,1,4,5,3,2,1,0,2,5,7,1
22022,201587,0022200639,"Jan 13, 2023",LAC vs. DEN,L,27,1,5,0.2,1,5,0.2,0,0,0.0,1,1,2,1,2,0,1,1,3,-14,1
22022,201587,0022200617,"Jan 10, 2023",LAC vs. DAL,W,32,1,8,0.125,1,6,0.167,2,2,1.0,2,4,6,2,1,0,0,2,5,7,1
22022,201587,0022200604,"Jan 08, 2023",LAC vs. ATL,L,29,2,6,0.333,1,5,0.2,1,2,0.5,1,4,5,3,0,1,2,5,6,9,1
22022,201587,0022200560,"Jan 02, 2023",LAC vs. MIA,L,23,3,7,0.429,1,4,0.25,0,0,0.0,1,4,5,1,1,0,1,3,7,-13,1
22022,201587,0022200525,"Dec 29, 2022",LAC @ BOS,L,8,0,2,0.0,0,2,0.0,0,0,0.0,0,2,2,2,0,0,1,2,0,-7,1
22022,201587,0022200509,"Dec 27, 2022",LAC @ TOR,W,27,3,8,0.375,3,8,0.375,0,0,0.0,1,6,7,2,1,1,0,2,9,-2,1
22022,201587,0022200499,"Dec 26, 2022",LAC @ DET,W,31,2,8,0.25,2,6,0.333,1,2,0.5,1,5,6,0,2,2,1,1,7,23,1
22022,201587,0022200480,"Dec 23, 2022",LAC @ PHI,L,25,3,5,0.6,2,4,0.5,2,2,1.0,1,1,2,1,0,3,1,4,10,-3,1
22022,201587,0022200476,"Dec 21, 2022",LAC vs. CHA,W,20,7,10,0.7,7,10,0.7,0,0,0.0,0,7,7,2,1,0,2,1,21,19,1
22022,201587,0022200438,"Dec 17, 2022",LAC vs. WAS,W,33,3,7,0.429,2,4,0.5,0,0,0.0,2,5,7,0,0,1,0,3,8,7,1
22022,201587,0022200427,"Dec 15, 2022",LAC vs. PHX,L,10,1,2,0.5,1,2,0.5,0,0,0.0,0,1,1,1,0,0,1,0,3,-11,1
22022,201587,0022200423,"Dec 14, 2022",LAC vs. MIN,W,31,5,9,0.556,3,7,0.429,0,0,0.0,1,6,7,2,2,0,1,1,13,30,1
22022,201587,0022200408,"Dec 12, 2022",LAC vs. BOS,W,27,2,2,1.0,1,1,1.0,2,2,1.0,2,5,7,0,2,0,1,5,7,3,1
22022,201587,0022200389,"Dec 10, 2022",LAC @ WAS,W,33,4,12,0.333,4,10,0.4,0,0,0.0,3,3,6,1,0,2,0,2,12,19,1
22022,201587,0022200374,"Dec 08, 2022",LAC @ MIA,L,32,4,8,0.5,3,7,0.429,0,1,0.0,3,2,5,2,1,1,1,2,11,-10,1
22022,201587,0022200363,"Dec 07, 2022",LAC @ ORL,L,38,6,11,0.545,4,9,0.444,0,0,0.0,2,2,4,5,0,0,0,2,16,13,1
22022,201587,0022200352,"Dec 05, 2022",LAC @ CHA,W,20,4,6,0.667,4,6,0.667,1,3,0.333,0,5,5,1,2,0,0,0,13,23,1
22022,201587,0022200338,"Dec 03, 2022",LAC vs. SAC,L,11,0,3,0.0,0,2,0.0,0,0,0.0,1,2,3,0,0,0,0,1,0,-8,1
22022,201587,0022200322,"Nov 30, 2022",LAC @ UTA,L,22,2,4,0.5,2,3,0.667,2,3,0.667,1,1,2,1,0,1,0,3,8,5,1
22022,201587,0022200311,"Nov 29, 2022",LAC @ POR,W,25,1,3,0.333,1,3,0.333,0,0,0.0,0,5,5,3,0,2,0,2,3,22,1
22022,201587,0022200292,"Nov 27, 2022",LAC vs. IND,W,24,2,5,0.4,0,3,0.0,0,0,0.0,1,7,8,2,1,1,2,1,4,11,1
22022,201587,0022200285,"Nov 25, 2022",LAC vs. DEN,L,24,0,3,0.0,0,3,0.0,0,0,0.0,1,2,3,0,0,2,0,2,0,14,1
22022,201587,0022200271,"Nov 23, 2022",LAC @ GSW,L,11,0,4,0.0,0,2,0.0,0,0,0.0,0,2,2,0,1,0,0,0,0,-16,1
22022,201587,0022200255,"Nov 21, 2022",LAC vs. UTA,W,25,3,5,0.6,1,3,0.333,0,0,0.0,0,5,5,4,3,0,1,2,7,17,1
22022,201587,0022200239,"Nov 19, 2022",LAC vs. SAS,W,16,1,4,0.25,1,3,0.333,0,0,0.0,1,2,3,1,0,0,1,2,3,17,1
22022,201587,0022200223,"Nov 17, 2022",LAC vs. DET,W,14,0,1,0.0,0,1,0.0,0,0,0.0,0,3,3,0,0,0,0,0,0,-10,1
22022,201587,0022200207,"Nov 15, 2022",LAC @ DAL,L,26,7,7,1.0,7,7,1.0,1,2,0.5,1,4,5,0,1,0,2,3,22,-10,1
22022,201587,0022200203,"Nov 14, 2022",LAC @ HOU,W,19,4,7,0.571,2,5,0.4,0,2,0.0,1,5,6,0,1,1,1,3,10,10,1
22022,201587,0022200184,"Nov 12, 2022",LAC vs. BKN,L,18,0,5,0.0,0,3,0.0,0,0,0.0,1,5,6,1,0,2,0,0,0,0,1
22022,201587,0022200170,"Nov 09, 2022",LAC vs. LAL,W,16,0,1,0.0,0,1,0.0,2,2,1.0,3,3,6,1,0,0,1,2,2,1,1
22022,201587,0022200158,"Nov 07, 2022",LAC vs. CLE,W,15,1,4,0.25,1,3,0.333,0,0,0.0,0,4,4,3,0,0,2,1,3,6,1
22022,201587,0022200143,"Nov 06, 2022",LAC vs. UTA,L,23,1,3,0.333,1,3,0.333,0,0,0.0,0,3,3,2,0,1,1,3,3,7,1
22022,201587,0022200126,"Nov 04, 2022",LAC @ SAS,W,20,1,3,0.333,1,3,0.333,0,0,0.0,1,3,4,2,0,1,1,5,3,-9,1
22022,201587,0022200112,"Nov 02, 2022",LAC @ HOU,W,14,1,4,0.25,1,3,0.333,1,1,1.0,0,3,3,2,1,2,0,6,4,2,1
22022,201587,0022200102,"Oct 31, 2022",LAC vs. HOU,W,16,1,3,0.333,0,2,0.0,0,0,0.0,1,2,3,3,0,2,2,2,2,-1,1
22022,201587,0022200088,"Oct 30, 2022",LAC vs. NOP,L,16,1,5,0.2,0,4,0.0,1,2,0.5,0,2,2,0,0,1,0,1,3,-11,1
22022,201587,0022200067,"Oct 27, 2022",LAC @ OKC,L,21,3,4,0.75,1,2,0.5,0,0,0.0,1,1,2,2,2,1,3,2,7,-14,1
22022,201587,0022200054,"Oct 25, 2022",LAC @ OKC,L,18,2,4,0.5,2,3,0.667,2,2,1.0,1,3,4,1,0,1,0,2,8,-19,1
22022,201587,0022200043,"Oct 23, 2022",LAC vs. PHX,L,14,1,3,0.333,1,2,0.5,0,0,0.0,0,3,3,0,0,0,0,1,3,-4,1
22022,201587,0022200036,"Oct 22, 2022",LAC @ SAC,W,28,3,3,1.0,1,1,1.0,0,0,0.0,1,4,5,3,2,1,1,5,7,-3,1
22022,201587,0022200016,"Oct 20, 2022",LAC @ LAL,W,10,0,0,0.0,0,0,0.0,1,2,0.5,1,4,5,0,0,0,0,1,1,-5,1
22021,201587,0022101212,"Apr 09, 2022",LAC vs. SAC,W,26,2,3,0.667,1,2,0.5,0,0,0.0,0,5,5,3,2,0,2,0,5,16,1
22021,201587,0022101195,"Apr 06, 2022",LAC vs. PHX,W,22,2,4,0.5,1,2,0.5,1,2,0.5,1,4,5,2,1,0,0,0,6,15,1
22021,201587,0022101177,"Apr 03, 2022",LAC vs. NOP,W,23,2,5,0.4,2,4,0.5,0,0,0.0,0,1,1,5,1,0,0,3,6,2,1
22021,201587,0022101149,"Mar 31, 2022",LAC @ CHI,L,38,5,9,0.556,4,8,0.5,3,3,1.0,0,5,5,2,2,3,0,3,17,3,1
22021,201587,0022101135,"Mar 29, 2022",LAC vs. UTA,W,22,3,5,0.6,1,2,0.5,1,1,1.0,1,3,4,0,2,1,1,1,8,-12,1
22021,201587,0022101106,"Mar 25, 2022",LAC vs. PHI,L,23,4,8,0.5,1,3,0.333,0,0,0.0,0,3,3,0,1,0,2,1,9,-19,1
22021,201587,0022101083,"Mar 22, 2022",LAC @ DEN,L,19,3,6,0.5,3,6,0.5,0,0,0.0,1,4,5,2,0,1,2,3,9,-11,1
22021,201587,0022101055,"Mar 18, 2022",LAC @ UTA,L,11,1,1,1.0,0,0,0.0,0,0,0.0,0,1,1,0,0,0,0,2,2,-16,1
22021,201587,0022101044,"Mar 16, 2022",LAC vs. TOR,L,32,3,6,0.5,2,5,0.4,0,0,0.0,1,3,4,2,1,2,0,0,8,-4,1
22021,201587,0022101020,"Mar 14, 2022",LAC @ CLE,L,33,2,8,0.25,2,7,0.286,0,0,0.0,0,4,4,6,2,1,3,1,6,-14,1
22021,201587,0022101013,"Mar 13, 2022",LAC @ DET,W,26,1,6,0.167,0,5,0.0,0,0,0.0,1,2,3,3,1,0,0,0,2,11,1
22021,201587,0022100996,"Mar 11, 2022",LAC @ ATL,L,34,5,13,0.385,3,8,0.375,0,0,0.0,0,3,3,3,2,0,0,2,13,0,1
22021,201587,0022100992,"Mar 09, 2022",LAC vs. WAS,W,33,3,8,0.375,2,6,0.333,0,0,0.0,0,5,5,3,0,1,1,1,8,-5,1
22021,201587,0022100980,"Mar 08, 2022",LAC @ GSW,L,27,6,11,0.545,3,7,0.429,2,5,0.4,1,5,6,1,2,0,0,2,17,-22,1
22021,201587,0022100966,"Mar 06, 2022",LAC vs. NYK,L,19,2,10,0.2,1,5,0.2,2,3,0.667,3,2,5,1,0,1,0,3,7,-13,1
22021,201587,0022100945,"Mar 03, 2022",LAC vs. LAL,W,19,2,2,1.0,2,2,1.0,0,0,0.0,0,5,5,3,0,0,0,1,6,16,1
22021,201587,0022100929,"Mar 01, 2022",LAC @ HOU,W,22,2,7,0.286,0,2,0.0,0,0,0.0,1,3,4,0,0,0,0,0,4,13,1
22021,201587,0022100916,"Feb 27, 2022",LAC @ HOU,W,21,2,6,0.333,1,3,0.333,0,0,0.0,0,5,5,1,1,1,0,0,5,-1,1
22021,201587,0022100904,"Feb 25, 2022",LAC @ LAL,W,19,0,4,0.0,0,4,0.0,0,0,0.0,0,2,2,2,0,2,0,3,0,-4,1
22021,201587,0022100888,"Feb 17, 2022",LAC vs. HOU,W,21,1,3,0.333,1,1,1.0,0,0,0.0,0,4,4,3,1,0,1,0,3,17,1
22021,201587,0022100873,"Feb 15, 2022",LAC @ PHX,L,25,7,14,0.5,4,8,0.5,0,0,0.0,1,6,7,1,1,2,0,0,18,-6,1
22021,201587,0022100866,"Feb 14, 2022",LAC vs. GSW,W,29,5,9,0.556,4,7,0.571,0,0,0.0,1,7,8,1,2,0,0,1,14,10,1
22021,201587,0022100853,"Feb 12, 2022",LAC @ DAL,W,20,0,2,0.0,0,2,0.0,0,0,0.0,0,2,2,0,0,0,1,1,0,-8,1
22021,201587,0022100835,"Feb 10, 2022",LAC @ DAL,L,28,4,5,0.8,2,3,0.667,0,0,0.0,1,2,3,1,1,1,0,1,10,-14,1
22021,201587,0022100818,"Feb 08, 2022",LAC @ MEM,L,23,3,7,0.429,1,3,0.333,0,0,0.0,1,2,3,0,1,0,0,2,7,-22,1
22021,201587,0022100809,"Feb 06, 2022",LAC vs. MIL,L,16,1,5,0.2,0,3,0.0,0,0,0.0,0,4,4,1,0,0,0,2,2,-18,1
22021,201587,0022100786,"Feb 03, 2022",LAC vs. LAL,W,26,2,6,0.333,0,2,0.0,0,0,0.0,1,2,3,3,2,3,1,0,4,3,1
22021,201587,0022100760,"Jan 31, 2022",LAC @ IND,L,25,4,7,0.571,4,7,0.571,1,2,0.5,1,1,2,1,1,1,0,0,13,-7,1
22021,201587,0022100738,"Jan 28, 2022",LAC @ MIA,L,22,5,10,0.5,2,7,0.286,0,0,0.0,0,1,1,2,0,0,0,1,12,-20,1
22021,201587,0022100724,"Jan 26, 2022",LAC @ ORL,W,22,4,7,0.571,4,6,0.667,0,0,0.0,1,6,7,2,1,0,1,2,12,-1,1
22021,201587,0022100716,"Jan 25, 2022",LAC @ WAS,W,8,0,1,0.0,0,0,0.0,0,0,0.0,0,4,4,0,0,0,0,2,0,-22,1
22021,201587,0022100698,"Jan 23, 2022",LAC @ NYK,L,25,2,7,0.286,2,7,0.286,0,0,0.0,0,2,2,3,2,0,0,2,6,-6,1
22021,201587,0022100686,"Jan 21, 2022",LAC @ PHI,W,30,6,9,0.667,3,5,0.6,0,0,0.0,2,5,7,3,2,0,0,4,15,3,1
22021,201587,0022100659,"Jan 17, 2022",LAC vs. IND,W,36,11,16,0.688,7,10,0.7,3,3,1.0,0,5,5,3,0,2,1,0,32,18,1
22021,201587,0022100648,"Jan 15, 2022",LAC @ SAS,L,27,4,9,0.444,1,4,0.25,4,5,0.8,1,6,7,1,1,0,3,4,13,-3,1
22021,201587,0022100629,"Jan 13, 2022",LAC @ NOP,L,24,2,5,0.4,0,2,0.0,2,2,1.0,0,4,4,0,1,3,1,2,6,-18,1
22021,201587,0022100616,"Jan 11, 2022",LAC vs. DEN,W,26,2,6,0.333,2,5,0.4,0,0,0.0,0,4,4,1,1,0,1,5,6,9,1
22021,201587,0022100597,"Jan 09, 2022",LAC vs. ATL,W,30,4,9,0.444,2,6,0.333,0,0,0.0,1,7,8,3,1,1,1,1,10,18,1
22021,201587,0022100591,"Jan 08, 2022",LAC vs. MEM,L,20,3,6,0.5,3,6,0.5,0,0,0.0,0,2,2,2,1,1,1,2,9,-6,1
22021,201587,0022100581,"Jan 06, 2022",LAC @ PHX,L,18,0,3,0.0,0,3,0.0,1,2,0.5,0,7,7,2,0,2,0,1,1,-10,1
22021,201587,0022100500,"Dec 26, 2021",LAC vs. DEN,L,30,2,6,0.333,0,4,0.0,0,0,0.0,0,4,4,1,0,0,1,0,4,-9,1
22021,201587,0022100475,"Dec 22, 2021",LAC @ SAC,W,21,2,6,0.333,0,4,0.0,0,0,0.0,1,1,2,3,2,1,2,1,4,9,1
22021,201587,0022100463,"Dec 20, 2021",LAC vs. SAS,L,17,1,4,0.25,1,4,0.25,0,0,0.0,0,0,0,0,0,0,0,2,3,-16,1
22021,201587,0022100444,"Dec 18, 2021",LAC @ OKC,L,25,4,6,0.667,4,6,0.667,0,0,0.0,0,1,1,2,2,0,2,1,12,0,1
22021,201587,0022100378,"Dec 08, 2021",LAC vs. BOS,W,15,0,1,0.0,0,1,0.0,0,0,0.0,0,1,1,1,1,1,1,0,0,-3,1
22021,201587,0022100235,"Nov 19, 2021",LAC @ NOP,L,31,4,7,0.571,2,5,0.4,2,3,0.667,2,1,3,0,1,0,1,2,12,-21,1
22021,201587,0022100212,"Nov 16, 2021",LAC vs. SAS,W,14,0,1,0.0,0,1,0.0,0,0,0.0,0,1,1,2,0,0,0,0,0,-3,1
22021,201587,0022100198,"Nov 14, 2021",LAC vs. CHI,L,35,2,4,0.5,1,3,0.333,0,0,0.0,0,7,7,2,1,1,4,3,5,-8,1
22021,201587,0022100191,"Nov 13, 2021",LAC vs. MIN,W,19,2,5,0.4,1,4,0.25,0,0,0.0,0,3,3,1,1,1,0,1,5,-4,1
22021,201587,0022100173,"Nov 11, 2021",LAC vs. MIA,W,37,2,4,0.5,2,4,0.5,0,0,0.0,0,6,6,3,2,3,2,1,6,5,1
22021,201587,0022100157,"Nov 09, 2021",LAC vs. POR,W,29,7,9,0.778,6,8,0.75,2,3,0.667,0,6,6,1,1,0,0,2,22,6,1
22021,201587,0022100146,"Nov 07, 2021",LAC vs. CHA,W,28,6,11,0.545,4,9,0.444,0,0,0.0,0,6,6,1,3,1,1,0,16,-14,1
22021,201587,0022100129,"Nov 05, 2021",LAC @ MIN,W,29,5,7,0.714,2,4,0.5,0,1,0.0,2,6,8,1,1,0,0,2,12,15,1
22021,201587,0022100115,"Nov 03, 2021",LAC @ MIN,W,30,7,10,0.7,6,8,0.75,0,0,0.0,0,5,5,1,1,1,1,1,20,13,1
22021,201587,0022100102,"Nov 01, 2021",LAC vs. OKC,W,32,5,10,0.5,4,8,0.5,0,0,0.0,2,6,8,1,2,1,0,1,14,13,1
22021,201587,0022100076,"Oct 29, 2021",LAC @ POR,L,26,1,6,0.167,0,4,0.0,0,0,0.0,1,8,9,3,0,1,0,1,2,-2,1
22021,201587,0022100064,"Oct 27, 2021",LAC vs. CLE,L,32,6,14,0.429,3,9,0.333,1,3,0.333,0,4,4,2,1,0,0,1,16,1,1
22021,201587,0022100049,"Oct 25, 2021",LAC vs. POR,W,22,1,2,0.5,0,1,0.0,0,0,0.0,0,6,6,1,2,0,2,2,2,12,1
22021,201587,0022100034,"Oct 23, 2021",LAC vs. MEM,L,23,2,6,0.333,1,5,0.2,0,0,0.0,0,5,5,2,0,2,0,0,5,5,1
22020,201587,0022001058,"May 14, 2021",LAC @ HOU,L,15,2,4,0.5,1,3,0.333,0,0,0.0,0,2,2,1,0,0,1,0,5,-10,1
22020,201587,0022001047,"May 13, 2021",LAC @ CHA,W,23,4,6,0.667,2,4,0.5,1,2,0.5,0,3,3,0,1,1,0,1,11,10,1
22020,201587,0022001034,"May 11, 2021",LAC @ TOR,W,23,2,5,0.4,1,3,0.333,0,0,0.0,0,9,9,4,1,1,0,2,5,2,1
22020,201587,0022001019,"May 09, 2021",LAC vs. NYK,L,28,5,8,0.625,3,6,0.5,0,0,0.0,1,2,3,3,1,0,0,0,13,4,1
22020,201587,0022001002,"May 06, 2021",LAC vs. LAL,W,20,2,4,0.5,0,2,0.0,1,2,0.5,1,5,6,1,1,1,1,1,5,8,1
22020,201587,0022000989,"May 04, 2021",LAC vs. TOR,W,20,3,6,0.5,1,4,0.25,0,0,0.0,0,1,1,0,1,1,0,0,7,-12,1
22020,201587,0022000966,"May 01, 2021",LAC vs. DEN,L,19,0,2,0.0,0,0,0.0,0,0,0.0,1,2,3,1,1,1,0,3,0,-11,1
22020,201587,0022000941,"Apr 28, 2021",LAC @ PHX,L,23,2,3,0.667,2,3,0.667,2,2,1.0,0,0,0,1,0,0,1,2,8,8,1
22020,201587,0022000924,"Apr 26, 2021",LAC @ NOP,L,14,1,3,0.333,1,3,0.333,0,0,0.0,0,2,2,0,0,0,0,0,3,-5,1
22020,201587,0022000901,"Apr 23, 2021",LAC @ HOU,W,33,1,5,0.2,0,3,0.0,0,0,0.0,0,8,8,5,1,2,2,1,2,12,1
22020,201587,0022000889,"Apr 21, 2021",LAC vs. MEM,W,26,1,2,0.5,0,1,0.0,0,0,0.0,1,3,4,4,1,1,2,2,2,9,1
22020,201587,0022000879,"Apr 20, 2021",LAC @ POR,W,26,5,8,0.625,1,4,0.25,0,0,0.0,1,2,3,1,0,1,1,1,11,-3,1
22020,201587,0022000846,"Apr 16, 2021",LAC @ PHI,L,30,1,6,0.167,1,3,0.333,0,0,0.0,1,7,8,3,1,0,0,3,3,7,1
22020,201587,0022000832,"Apr 14, 2021",LAC @ DET,W,27,2,7,0.286,2,6,0.333,1,1,1.0,0,1,1,0,1,1,1,0,7,1,1
22020,201587,0022000823,"Apr 13, 2021",LAC @ IND,W,28,6,12,0.5,2,7,0.286,0,0,0.0,1,4,5,1,1,5,3,0,14,22,1
22020,201587,0022000813,"Apr 11, 2021",LAC vs. DET,W,31,5,6,0.833,4,5,0.8,0,0,0.0,2,7,9,3,1,3,2,3,14,29,1
22020,201587,0022000799,"Apr 09, 2021",LAC vs. HOU,W,27,6,13,0.462,2,5,0.4,3,3,1.0,1,2,3,0,1,1,1,1,17,-2,1
22020,201587,0022000788,"Apr 08, 2021",LAC vs. PHX,W,27,4,8,0.5,0,3,0.0,0,0,0.0,0,4,4,1,0,0,0,2,8,16,1
22020,201587,0022000775,"Apr 06, 2021",LAC vs. POR,W,21,2,5,0.4,1,4,0.25,0,0,0.0,0,6,6,2,1,0,0,2,5,22,1
22020,201587,0022000756,"Apr 04, 2021",LAC vs. LAL,W,18,1,2,0.5,1,2,0.5,1,2,0.5,1,4,5,4,1,1,0,1,4,4,1
22020,201587,0022000736,"Apr 01, 2021",LAC vs. DEN,L,30,2,7,0.286,2,4,0.5,0,0,0.0,2,3,5,3,3,0,0,2,6,-7,1
22020,201587,0022000720,"Mar 30, 2021",LAC vs. ORL,L,34,1,4,0.25,0,3,0.0,0,0,0.0,1,9,10,5,0,1,4,0,2,-11,1
22020,201587,0022000717,"Mar 29, 2021",LAC vs. MIL,W,27,3,7,0.429,2,5,0.4,0,0,0.0,2,5,7,1,1,1,1,1,8,13,1
22020,201587,0022000701,"Mar 27, 2021",LAC vs. PHI,W,35,3,6,0.5,1,3,0.333,0,0,0.0,0,6,6,5,0,0,2,3,7,13,1
22020,201587,0022000680,"Mar 25, 2021",LAC @ SAS,W,30,2,8,0.25,2,7,0.286,0,0,0.0,0,8,8,1,2,0,0,0,6,7,1
22020,201587,0022000675,"Mar 24, 2021",LAC @ SAS,W,26,3,5,0.6,3,4,0.75,4,5,0.8,0,4,4,4,0,2,1,3,13,12,1
22020,201587,0022000660,"Mar 22, 2021",LAC vs. ATL,W,23,0,4,0.0,0,3,0.0,0,0,0.0,1,3,4,3,0,0,0,1,0,1,1
22020,201587,0022000644,"Mar 20, 2021",LAC vs. CHA,W,28,3,5,0.6,0,2,0.0,5,5,1.0,0,5,5,2,2,0,1,1,11,19,1
22020,201587,0022000625,"Mar 17, 2021",LAC @ DAL,L,29,1,3,0.333,1,2,0.5,0,0,0.0,0,2,2,2,2,0,1,2,3,-3,1
22020,201587,0022000605,"Mar 15, 2021",LAC @ DAL,W,26,4,6,0.667,4,6,0.667,0,0,0.0,0,7,7,1,0,0,0,1,12,5,1
22020,201587,0022000601,"Mar 14, 2021",LAC @ NOP,L,20,3,8,0.375,0,4,0.0,0,0,0.0,3,1,4,1,2,0,1,0,6,-18,1
22020,201587,0022000576,"Mar 11, 2021",LAC vs. GSW,W,16,3,5,0.6,2,3,0.667,0,0,0.0,0,2,2,1,0,0,1,4,8,11,1
22020,201587,0022000554,"Mar 04, 2021",LAC @ WAS,L,30,2,10,0.2,2,8,0.25,3,3,1.0,0,4,4,5,2,0,3,5,9,-23,1
22020,201587,0022000537,"Mar 02, 2021",LAC @ BOS,L,30,4,6,0.667,2,4,0.5,0,0,0.0,0,5,5,3,0,0,0,0,10,1,1
22020,201587,0022000520,"Feb 28, 2021",LAC @ MIL,L,30,3,6,0.5,2,4,0.5,0,0,0.0,0,6,6,2,0,0,0,2,8,-7,1
22020,201587,0022000509,"Feb 26, 2021",LAC @ MEM,W,25,5,8,0.625,3,5,0.6,0,0,0.0,1,5,6,3,1,0,2,3,13,21,1
22020,201587,0022000501,"Feb 25, 2021",LAC @ MEM,L,24,1,4,0.25,1,3,0.333,1,1,1.0,0,2,2,2,0,1,0,1,4,-6,1
22020,201587,0022000488,"Feb 23, 2021",LAC vs. WAS,W,24,2,4,0.5,0,1,0.0,0,0,0.0,0,3,3,4,1,0,1,1,4,-1,1
22020,201587,0022000472,"Feb 21, 2021",LAC vs. BKN,L,30,1,6,0.167,1,3,0.333,0,2,0.0,5,1,6,2,0,1,1,0,3,-4,1
22020,201587,0022000457,"Feb 19, 2021",LAC vs. UTA,W,31,0,2,0.0,0,2,0.0,0,0,0.0,0,3,3,0,1,1,0,1,0,-5,1
22020,201587,0022000419,"Feb 14, 2021",LAC vs. CLE,W,30,1,3,0.333,1,3,0.333,0,0,0.0,0,2,2,2,2,1,0,0,3,20,1
22020,201587,0022000400,"Feb 12, 2021",LAC @ CHI,W,31,2,4,0.5,1,3,0.333,2,2,1.0,0,6,6,1,3,1,1,0,7,21,1
22020,201587,0022000387,"Feb 10, 2021",LAC @ MIN,W,35,2,6,0.333,2,4,0.5,2,2,1.0,0,10,10,2,2,1,0,1,8,15,1
22020,201587,0022000366,"Feb 07, 2021",LAC vs. SAC,L,27,2,6,0.333,1,4,0.25,0,0,0.0,2,2,4,3,3,1,1,2,5,-14,1
22020,201587,0022000350,"Feb 05, 2021",LAC vs. BOS,L,39,6,11,0.545,4,7,0.571,0,0,0.0,3,4,7,1,2,0,2,3,16,-2,1
22020,201587,0022000328,"Feb 03, 2021",LAC @ CLE,W,24,3,5,0.6,1,3,0.333,0,0,0.0,0,1,1,2,0,0,1,1,7,26,1
22020,201587,0022000324,"Feb 02, 2021",LAC @ BKN,L,38,7,10,0.7,5,8,0.625,2,3,0.667,2,4,6,0,1,0,0,1,21,2,1
22020,201587,0022000289,"Jan 29, 2021",LAC @ ORL,W,28,1,4,0.25,1,4,0.25,0,0,0.0,0,4,4,3,0,0,0,0,3,28,1
22020,201587,0022000285,"Jan 28, 2021",LAC @ MIA,W,31,6,12,0.5,6,9,0.667,0,0,0.0,0,6,6,2,2,0,0,2,18,3,1
22020,201587,0022000268,"Jan 26, 2021",LAC @ ATL,L,33,2,7,0.286,1,5,0.2,0,0,0.0,0,4,4,5,0,0,3,1,5,-6,1
22020,201587,0022000251,"Jan 24, 2021",LAC vs. OKC,W,36,3,7,0.429,1,5,0.2,0,0,0.0,0,3,3,2,1,0,0,1,7,12,1
22020,201587,0022000239,"Jan 22, 2021",LAC vs. OKC,W,33,5,6,0.833,4,4,1.0,0,0,0.0,1,0,1,2,1,2,2,2,14,-1,1
22020,201587,0022000224,"Jan 20, 2021",LAC vs. SAC,W,26,4,7,0.571,3,5,0.6,0,0,0.0,0,3,3,0,3,1,1,0,11,10,1
22020,201587,0022000202,"Jan 17, 2021",LAC vs. IND,W,25,3,8,0.375,2,5,0.4,2,2,1.0,0,5,5,0,0,0,0,0,10,2,1
22020,201587,0022000188,"Jan 15, 2021",LAC @ SAC,W,21,2,5,0.4,1,3,0.333,1,2,0.5,2,4,6,2,3,0,0,1,6,26,1
22020,201587,0022000172,"Jan 13, 2021",LAC vs. NOP,W,28,3,7,0.429,3,7,0.429,0,0,0.0,0,2,2,4,0,0,0,5,9,3,1
22020,201587,0022000142,"Jan 10, 2021",LAC vs. CHI,W,28,2,3,0.667,2,3,0.667,2,3,0.667,0,2,2,3,4,1,0,2,8,-4,1
22020,201587,0022000130,"Jan 08, 2021",LAC @ GSW,L,30,4,10,0.4,2,8,0.25,0,0,0.0,0,6,6,6,2,0,0,1,10,10,1
22020,201587,0022000116,"Jan 06, 2021",LAC @ GSW,W,26,4,9,0.444,3,6,0.5,2,2,1.0,3,2,5,0,1,0,1,2,13,13,1
22020,201587,0022000105,"Jan 05, 2021",LAC vs. SAS,L,36,8,12,0.667,2,5,0.4,3,3,1.0,1,8,9,3,1,1,2,2,21,17,1
22020,201587,0022000091,"Jan 03, 2021",LAC @ PHX,W,31,5,9,0.556,4,7,0.571,0,0,0.0,0,1,1,3,1,0,0,1,14,-10,1
22020,201587,0022000077,"Jan 01, 2021",LAC @ UTA,L,35,1,4,0.25,1,2,0.5,6,6,1.0,2,5,7,0,0,0,0,5,9,0,1
22020,201587,0022000061,"Dec 30, 2020",LAC vs. POR,W,26,4,6,0.667,2,2,1.0,1,2,0.5,2,3,5,3,1,0,0,1,11,26,1
22020,201587,0022000054,"Dec 29, 2020",LAC vs. MIN,W,24,2,6,0.333,1,4,0.25,2,2,1.0,0,5,5,3,1,0,1,3,7,20,1
22020,201587,0022000031,"Dec 27, 2020",LAC vs. DAL,L,22,2,4,0.5,0,1,0.0,0,0,0.0,1,5,6,1,0,0,1,2,4,-17,1
22020,201587,0022000009,"Dec 25, 2020",LAC @ DEN,W,36,5,8,0.625,2,5,0.4,1,1,1.0,4,6,10,4,1,1,2,5,13,13,1
22020,201587,0022000002,"Dec 22, 2020",LAC @ LAL,W,28,1,4,0.25,1,3,0.333,0,0,0.0,1,5,6,6,2,0,1,2,3,-2,1
22019,201587,0021900669,"Jan 24, 2020",CHA vs. MIL,L,34,1,8,0.125,0,3,0.0,3,4,0.75,3,3,6,5,0,0,0,2,5,-13,1
22019,201587,0021900642,"Jan 20, 2020",CHA vs. ORL,L,17,1,2,0.5,1,1,1.0,0,0,0.0,2,4,6,2,1,0,1,2,3,-2,1
22019,201587,0021900610,"Jan 15, 2020",CHA @ DEN,L,21,0,4,0.0,0,2,0.0,0,0,0.0,1,6,7,7,0,0,0,1,0,-2,1
22019,201587,0021900595,"Jan 13, 2020",CHA @ POR,L,31,4,5,0.8,1,2,0.5,0,0,0.0,1,6,7,3,2,0,0,3,9,-4,1
22019,201587,0021900590,"Jan 12, 2020",CHA @ PHX,L,32,1,5,0.2,0,3,0.0,0,0,0.0,0,6,6,1,1,0,2,0,2,-6,1
22019,201587,0021900574,"Jan 10, 2020",CHA @ UTA,L,14,1,3,0.333,1,2,0.5,0,0,0.0,0,3,3,0,0,0,0,1,3,11,1
22019,201587,0021900440,"Dec 22, 2019",CHA @ BOS,L,22,2,4,0.5,1,2,0.5,1,1,1.0,0,3,3,2,1,0,0,3,6,-3,1
22019,201587,0021900430,"Dec 21, 2019",CHA vs. UTA,L,30,2,4,0.5,1,1,1.0,0,0,0.0,2,1,3,3,1,1,0,3,5,-21,1
22019,201587,0021900352,"Dec 10, 2019",CHA vs. WAS,W,13,0,2,0.0,0,0,0.0,0,0,0.0,1,1,2,1,0,0,0,4,0,-18,1
22019,201587,0021900320,"Dec 06, 2019",CHA vs. BKN,L,33,1,5,0.2,1,4,0.25,0,0,0.0,2,2,4,3,2,0,1,3,3,-3,1
22019,201587,0021900306,"Dec 04, 2019",CHA vs. GSW,W,25,1,2,0.5,1,2,0.5,0,0,0.0,2,3,5,4,2,2,0,0,3,15,1
22019,201587,0021900293,"Dec 02, 2019",CHA vs. PHX,L,11,2,2,1.0,0,0,0.0,0,0,0.0,1,1,2,0,1,0,2,0,4,-3,1
22019,201587,0021900283,"Nov 30, 2019",CHA @ MIL,L,13,1,5,0.2,0,3,0.0,0,0,0.0,0,2,2,2,0,0,3,1,2,-17,1
22019,201587,0021900268,"Nov 29, 2019",CHA @ DET,W,27,0,3,0.0,0,3,0.0,0,0,0.0,2,3,5,2,1,0,0,2,0,6,1
22019,201587,0021900254,"Nov 27, 2019",CHA vs. DET,W,31,4,7,0.571,0,2,0.0,5,5,1.0,4,2,6,1,0,2,0,3,13,-9,1
22019,201587,0021900245,"Nov 25, 2019",CHA @ MIA,L,19,1,5,0.2,1,5,0.2,0,0,0.0,0,2,2,4,3,0,2,3,3,-2,1
22019,201587,0021900226,"Nov 23, 2019",CHA vs. CHI,L,16,1,2,0.5,1,2,0.5,0,0,0.0,0,2,2,3,1,1,2,1,3,11,1
22019,201587,0021900216,"Nov 22, 2019",CHA @ WAS,L,28,2,4,0.5,2,3,0.667,0,0,0.0,1,4,5,7,0,0,2,3,6,4,1
22019,201587,0021900205,"Nov 20, 2019",CHA @ BKN,L,26,1,1,1.0,1,1,1.0,0,0,0.0,0,5,5,3,0,0,1,0,3,-4,1
22019,201587,0021900191,"Nov 18, 2019",CHA @ TOR,L,25,1,4,0.25,1,4,0.25,0,0,0.0,1,5,6,5,0,1,2,2,3,-7,1
22019,201587,0021900177,"Nov 16, 2019",CHA @ NYK,W,29,1,4,0.25,1,4,0.25,0,0,0.0,1,8,9,6,1,1,2,2,3,18,1
22019,201587,0021900003,"Oct 23, 2019",CHA vs. CHI,W,11,0,0,0.0,0,0,0.0,0,0,0.0,1,3,4,2,0,0,2,2,0,1,1
22018,201587,0021801222,"Apr 10, 2019",CHA vs. ORL,L,13,0,1,0.0,0,1,0.0,0,0,0.0,0,2,2,3,0,0,0,0,0,4,1
22018,201587,0021801209,"Apr 09, 2019",CHA @ CLE,W,32,1,2,0.5,1,1,1.0,0,0,0.0,1,5,6,2,0,1,0,0,3,18,1
22018,201587,0021801198,"Apr 07, 2019",CHA @ DET,W,26,0,2,0.0,0,2,0.0,0,0,0.0,0,5,5,3,0,0,2,3,0,-2,1
22018,201587,0021801180,"Apr 05, 2019",CHA vs. TOR,W,16,1,1,1.0,1,1,1.0,0,0,0.0,0,0,0,0,1,0,0,3,3,10,1
22018,201587,0021801150,"Mar 31, 2019",CHA @ GSW,L,24,1,3,0.333,0,2,0.0,0,0,0.0,0,4,4,2,2,1,0,0,2,-13,1
22018,201587,0021801074,"Mar 21, 2019",CHA vs. MIN,W,23,1,5,0.2,0,3,0.0,0,0,0.0,1,3,4,0,0,1,1,3,2,10,1
22018,201587,0021801059,"Mar 19, 2019",CHA vs. PHI,L,27,3,6,0.5,2,3,0.667,1,1,1.0,2,2,4,1,0,1,3,2,9,-11,1
22018,201587,0021801045,"Mar 17, 2019",CHA @ MIA,L,35,3,11,0.273,1,7,0.143,5,5,1.0,0,7,7,1,0,0,1,3,12,-18,2
22018,201587,0021801028,"Mar 15, 2019",CHA @ WAS,W,32,6,10,0.6,4,5,0.8,0,0,0.0,3,2,5,6,1,1,3,2,16,-12,1
22018,201587,0021800990,"Mar 09, 2019",CHA @ MIL,L,37,6,11,0.545,2,7,0.286,0,0,0.0,2,6,8,4,0,0,2,1,14,-18,1
22018,201587,0021800977,"Mar 08, 2019",CHA vs. WAS,W,39,4,11,0.364,1,5,0.2,1,1,1.0,3,5,8,5,2,0,1,1,10,-2,1
22018,201587,0021800965,"Mar 06, 2019",CHA vs. MIA,L,39,3,13,0.231,3,9,0.333,0,0,0.0,2,5,7,3,1,2,4,4,9,-5,1
22018,201587,0021800944,"Mar 03, 2019",CHA vs. POR,L,42,2,7,0.286,2,5,0.4,2,2,1.0,0,4,4,3,3,0,0,3,8,-12,1
22018,201587,0021800929,"Mar 01, 2019",CHA @ BKN,W,40,6,11,0.545,4,8,0.5,1,2,0.5,0,6,6,5,0,1,2,3,17,10,1
22018,201587,0021800911,"Feb 27, 2019",CHA vs. HOU,L,41,7,13,0.538,3,5,0.6,0,0,0.0,2,4,6,6,2,2,2,2,17,12,1
22018,201587,0021800897,"Feb 25, 2019",CHA vs. GSW,L,37,5,11,0.455,2,6,0.333,2,2,1.0,0,5,5,6,3,1,2,0,14,0,1
22018,201587,0021800884,"Feb 23, 2019",CHA vs. BKN,L,38,4,11,0.364,4,9,0.444,2,2,1.0,2,2,4,1,1,1,1,4,14,-11,1
22018,201587,0021800873,"Feb 22, 2019",CHA vs. WAS,W,37,7,13,0.538,5,9,0.556,1,1,1.0,2,6,8,5,0,0,1,4,20,14,1
22018,201587,0021800864,"Feb 14, 2019",CHA @ ORL,L,25,3,7,0.429,0,2,0.0,3,4,0.75,1,6,7,2,1,1,3,3,9,-18,1
22018,201587,0021800841,"Feb 11, 2019",CHA @ IND,L,34,1,8,0.125,0,7,0.0,0,0,0.0,1,6,7,3,1,0,0,0,2,4,1
22018,201587,0021800827,"Feb 09, 2019",CHA @ ATL,W,35,2,5,0.4,2,2,1.0,0,0,0.0,1,3,4,8,2,0,2,2,6,-10,1
22018,201587,0021800807,"Feb 06, 2019",CHA @ DAL,L,35,6,13,0.462,2,9,0.222,0,0,0.0,0,2,2,5,2,2,2,1,14,1,1
22018,201587,0021800796,"Feb 05, 2019",CHA vs. LAC,L,40,4,9,0.444,1,3,0.333,0,0,0.0,2,4,6,2,0,1,1,3,9,6,1
22018,201587,0021800776,"Feb 02, 2019",CHA vs. CHI,W,31,6,10,0.6,4,7,0.571,0,0,0.0,2,3,5,1,1,0,0,4,16,16,1
22018,201587,0021800770,"Feb 01, 2019",CHA vs. MEM,W,35,2,4,0.5,1,2,0.5,2,2,1.0,2,8,10,3,2,2,1,2,7,14,1
22018,201587,0021800756,"Jan 30, 2019",CHA @ BOS,L,27,6,11,0.545,1,4,0.25,0,0,0.0,2,0,2,4,2,0,3,3,13,-18,1
22018,201587,0021800744,"Jan 28, 2019",CHA vs. NYK,W,31,2,6,0.333,1,3,0.333,1,2,0.5,1,5,6,2,0,4,1,0,6,-8,1
22018,201587,0021800727,"Jan 25, 2019",CHA @ MIL,L,38,7,15,0.467,4,11,0.364,1,1,1.0,0,6,6,3,0,0,1,0,19,-5,1
22018,201587,0021800713,"Jan 23, 2019",CHA @ MEM,W,37,6,9,0.667,4,6,0.667,2,2,1.0,0,4,4,2,0,1,1,1,18,3,1
22018,201587,0021800688,"Jan 20, 2019",CHA @ IND,L,32,1,4,0.25,0,2,0.0,4,5,0.8,0,7,7,2,1,1,3,1,6,-11,1
22018,201587,0021800679,"Jan 19, 2019",CHA vs. PHX,W,32,4,6,0.667,2,3,0.667,5,5,1.0,0,3,3,6,1,0,3,2,15,15,1
22018,201587,0021800666,"Jan 17, 2019",CHA vs. SAC,W,27,1,5,0.2,0,2,0.0,5,6,0.833,1,4,5,3,2,0,3,3,7,6,1
22018,201587,0021800647,"Jan 14, 2019",CHA @ SAS,W,30,3,6,0.5,1,4,0.25,0,0,0.0,0,3,3,1,2,1,1,1,7,11,1
22018,201587,0021800636,"Jan 12, 2019",CHA @ SAC,L,27,4,6,0.667,3,4,0.75,2,3,0.667,2,7,9,5,2,1,2,2,13,-2,1
22018,201587,0021800628,"Jan 11, 2019",CHA @ POR,L,24,3,6,0.5,2,3,0.667,0,0,0.0,0,5,5,2,0,0,3,1,8,-12,1
22018,201587,0021800606,"Jan 08, 2019",CHA @ LAC,L,37,1,6,0.167,1,5,0.2,7,7,1.0,0,5,5,4,1,1,1,0,10,-10,1
22018,201587,0021800590,"Jan 06, 2019",CHA @ PHX,W,36,3,7,0.429,0,4,0.0,2,2,1.0,0,4,4,3,3,0,1,3,8,4,1
22018,201587,0021800576,"Jan 05, 2019",CHA @ DEN,L,34,4,6,0.667,3,5,0.6,0,0,0.0,1,6,7,3,2,1,1,2,11,-9,1
22018,201587,0021800554,"Jan 02, 2019",CHA vs. DAL,L,28,3,6,0.5,2,3,0.667,0,0,0.0,1,4,5,4,1,0,2,2,8,-25,1
22018,201587,0021800543,"Dec 31, 2018",CHA vs. ORL,W,26,3,6,0.5,1,2,0.5,0,0,0.0,1,4,5,3,0,0,0,1,7,4,1
22018,201587,0021800530,"Dec 29, 2018",CHA @ WAS,L,36,2,7,0.286,1,4,0.25,3,3,1.0,1,4,5,4,2,1,2,3,8,-5,1
22018,201587,0021800517,"Dec 28, 2018",CHA vs. BKN,W,29,2,3,0.667,1,1,1.0,0,0,0.0,1,8,9,5,1,0,1,4,5,25,1
22018,201587,0021800505,"Dec 26, 2018",CHA @ BKN,L,44,5,7,0.714,2,4,0.5,1,1,1.0,0,2,2,3,1,0,2,3,13,-5,1
22018,201587,0021800488,"Dec 23, 2018",CHA @ BOS,L,23,2,6,0.333,1,2,0.5,0,0,0.0,0,5,5,1,0,0,1,2,5,-18,1
22018,201587,0021800469,"Dec 21, 2018",CHA vs. DET,W,36,1,4,0.25,0,1,0.0,0,2,0.0,0,4,4,4,0,1,1,4,2,6,1
22018,201587,0021800455,"Dec 19, 2018",CHA vs. CLE,W,30,5,8,0.625,2,3,0.667,0,0,0.0,0,3,3,2,0,0,2,1,12,12,1
22018,201587,0021800430,"Dec 15, 2018",CHA vs. LAL,L,27,3,7,0.429,1,5,0.2,0,0,0.0,0,1,1,2,1,0,3,2,7,-23,1
22018,201587,0021800421,"Dec 14, 2018",CHA vs. NYK,L,39,8,14,0.571,5,8,0.625,0,0,0.0,0,6,6,7,0,0,0,1,21,12,1
22018,201587,0021800405,"Dec 12, 2018",CHA vs. DET,W,31,1,2,0.5,0,1,0.0,0,0,0.0,0,3,3,3,1,1,0,2,2,-4,1
22018,201587,0021800389,"Dec 09, 2018",CHA @ NYK,W,24,2,6,0.333,2,3,0.667,0,0,0.0,0,4,4,5,0,0,0,3,6,2,1
22018,201587,0021800368,"Dec 07, 2018",CHA vs. DEN,W,26,0,4,0.0,0,0,0.0,4,4,1.0,2,5,7,1,0,1,1,4,4,19,1
22018,201587,0021800362,"Dec 05, 2018",CHA @ MIN,L,37,7,17,0.412,3,6,0.5,1,1,1.0,2,5,7,8,1,0,0,1,18,-17,1
22018,201587,0021800338,"Dec 02, 2018",CHA vs. NOP,L,14,1,6,0.167,0,3,0.0,0,0,0.0,0,3,3,1,0,0,1,1,2,-20,1
22018,201587,0021800320,"Nov 30, 2018",CHA vs. UTA,L,31,3,5,0.6,0,0,0.0,0,0,0.0,0,3,3,0,1,1,0,2,6,-9,1
22018,201587,0021800306,"Nov 28, 2018",CHA vs. ATL,W,33,4,8,0.5,0,2,0.0,5,6,0.833,1,5,6,3,2,1,2,1,13,8,1
22018,201587,0021800294,"Nov 26, 2018",CHA vs. MIL,W,34,3,4,0.75,1,2,0.5,0,0,0.0,2,1,3,2,1,0,1,3,7,-15,1
22018,201587,0021800288,"Nov 25, 2018",CHA @ ATL,L,28,5,8,0.625,0,2,0.0,4,4,1.0,2,2,4,5,0,0,4,2,14,-1,1
22018,201587,0021800274,"Nov 23, 2018",CHA @ OKC,L,31,4,7,0.571,1,4,0.25,0,0,0.0,1,8,9,4,0,0,2,1,9,-10,1
22018,201587,0021800252,"Nov 21, 2018",CHA vs. IND,W,23,4,5,0.8,1,1,1.0,2,2,1.0,0,2,2,3,0,0,0,0,11,17,1
22018,201587,0021800239,"Nov 19, 2018",CHA vs. BOS,W,36,3,10,0.3,2,6,0.333,1,2,0.5,3,5,8,1,1,0,2,0,9,12,1
22018,201587,0021800225,"Nov 17, 2018",CHA vs. PHI,L,19,0,4,0.0,0,1,0.0,0,0,0.0,1,0,1,4,1,1,1,0,0,-9,1
22018,201587,0021800199,"Nov 13, 2018",CHA @ CLE,L,29,5,12,0.417,1,4,0.25,0,0,0.0,5,0,5,3,0,0,2,3,11,-20,1
22018,201587,0021800184,"Nov 11, 2018",CHA @ DET,W,34,2,6,0.333,1,4,0.25,0,0,0.0,0,8,8,3,2,1,3,3,5,13,1
22018,201587,0021800168,"Nov 09, 2018",CHA @ PHI,L,17,2,4,0.5,1,1,1.0,0,0,0.0,0,2,2,2,2,0,1,0,5,-9,1
22018,201587,0021800149,"Nov 06, 2018",CHA vs. ATL,W,33,4,7,0.571,2,4,0.5,0,0,0.0,0,5,5,4,0,0,3,3,10,11,1
22018,201587,0021800126,"Nov 03, 2018",CHA vs. CLE,W,26,4,9,0.444,1,3,0.333,0,0,0.0,3,5,8,7,1,0,2,1,9,5,1
22018,201587,0021800111,"Nov 01, 2018",CHA vs. OKC,L,36,4,8,0.5,2,4,0.5,0,0,0.0,1,6,7,6,2,0,4,4,10,5,1
22018,201587,0021800096,"Oct 30, 2018",CHA vs. MIA,W,32,7,10,0.7,3,5,0.6,3,4,0.75,1,6,7,1,1,1,4,1,20,6,1
22018,201587,0021800078,"Oct 27, 2018",CHA @ PHI,L,31,1,5,0.2,0,2,0.0,0,0,0.0,2,8,10,4,0,2,1,1,2,12,1
22018,201587,0021800067,"Oct 26, 2018",CHA vs. CHI,W,31,4,5,0.8,2,3,0.667,0,0,0.0,1,7,8,5,2,1,1,3,10,27,1
22018,201587,0021800056,"Oct 24, 2018",CHA @ CHI,L,38,6,15,0.4,1,6,0.167,0,1,0.0,0,3,3,4,1,1,3,0,13,14,1
22018,201587,0021800041,"Oct 22, 2018",CHA @ TOR,L,36,4,10,0.4,3,7,0.429,2,2,1.0,2,3,5,1,0,0,2,2,13,-22,1
22018,201587,0021800030,"Oct 20, 2018",CHA @ MIA,W,42,2,10,0.2,2,7,0.286,2,2,1.0,1,3,4,4,1,0,1,3,8,0,1
22018,201587,0021800017,"Oct 19, 2018",CHA @ ORL,W,30,6,8,0.75,3,4,0.75,0,0,0.0,0,6,6,5,2,0,2,0,15,32,1
22018,201587,0021800003,"Oct 17, 2018",CHA vs. MIL,L,32,2,8,0.25,1,4,0.25,0,0,0.0,1,6,7,3,2,2,2,1,5,-4,1
22017,201587,0021701213,"Apr 10, 2018",CHA @ IND,W,21,5,9,0.556,2,4,0.5,2,2,1.0,2,2,4,6,0,0,2,0,14,15,1
22017,201587,0021701197,"Apr 08, 2018",CHA vs. IND,L,22,3,6,0.5,2,3,0.667,0,0,0.0,0,2,2,3,1,1,6,1,8,2,1
22017,201587,0021701182,"Apr 06, 2018",CHA @ ORL,W,20,4,7,0.571,1,2,0.5,0,0,0.0,1,5,6,6,0,0,2,1,9,12,1
22017,201587,0021701160,"Apr 03, 2018",CHA @ CHI,L,28,2,9,0.222,1,6,0.167,6,7,0.857,1,3,4,5,0,0,1,0,11,-13,1
22017,201587,0021701143,"Apr 01, 2018",CHA vs. PHI,L,22,3,9,0.333,0,3,0.0,2,2,1.0,1,3,4,3,0,1,4,3,8,-11,1
22017,201587,0021701138,"Mar 31, 2018",CHA @ WAS,L,31,2,7,0.286,0,2,0.0,2,2,1.0,2,4,6,7,1,0,2,0,6,-17,1
22017,201587,0021701116,"Mar 28, 2018",CHA vs. CLE,L,26,2,5,0.4,0,2,0.0,2,2,1.0,0,2,2,5,0,0,1,0,6,-20,1
22017,201587,0021701103,"Mar 26, 2018",CHA vs. NYK,W,24,3,5,0.6,1,1,1.0,2,3,0.667,0,3,3,4,0,1,0,0,9,-1,1
22017,201587,0021701038,"Mar 17, 2018",CHA @ NYK,L,25,1,7,0.143,0,3,0.0,0,0,0.0,0,8,8,2,0,0,1,1,2,-9,1
22017,201587,0021701021,"Mar 15, 2018",CHA @ ATL,W,40,4,9,0.444,2,4,0.5,0,1,0.0,1,9,10,16,0,0,5,1,10,25,1
22017,201587,0021701011,"Mar 13, 2018",CHA @ NOP,L,42,7,16,0.438,1,5,0.2,5,5,1.0,0,5,5,8,4,3,2,1,20,1,1
22017,201587,0021700987,"Mar 10, 2018",CHA vs. PHX,W,36,11,18,0.611,4,5,0.8,3,3,1.0,3,9,12,7,1,0,2,3,29,24,1
22017,201587,0021700972,"Mar 08, 2018",CHA vs. BKN,L,33,3,9,0.333,0,0,0.0,0,0,0.0,1,3,4,2,1,0,2,2,6,-20,1
22017,201587,0021700957,"Mar 06, 2018",CHA vs. PHI,L,31,3,5,0.6,2,3,0.667,4,4,1.0,2,2,4,10,1,0,3,0,12,-11,1
22017,201587,0021700944,"Mar 04, 2018",CHA @ TOR,L,35,3,10,0.3,0,2,0.0,4,4,1.0,1,5,6,8,1,1,1,1,10,-3,1
22017,201587,0021700927,"Mar 02, 2018",CHA @ PHI,L,36,5,9,0.556,3,5,0.6,1,2,0.5,2,11,13,8,1,0,2,1,14,-12,1
22017,201587,0021700916,"Feb 28, 2018",CHA @ BOS,L,29,3,11,0.273,1,5,0.2,0,0,0.0,0,5,5,10,2,1,0,1,7,-21,2
22017,201587,0021700907,"Feb 27, 2018",CHA vs. CHI,W,33,3,10,0.3,1,6,0.167,3,3,1.0,1,6,7,12,2,1,3,0,10,4,1
22017,201587,0021700892,"Feb 25, 2018",CHA vs. DET,W,29,5,10,0.5,4,7,0.571,1,1,1.0,0,5,5,9,3,1,1,0,15,9,1
22017,201587,0021700875,"Feb 23, 2018",CHA @ WAS,W,27,3,8,0.375,1,5,0.2,1,1,1.0,1,5,6,8,2,0,2,2,8,14,1
22017,201587,0021700867,"Feb 22, 2018",CHA vs. BKN,W,32,4,8,0.5,2,4,0.5,0,0,0.0,0,5,5,7,1,1,2,1,10,13,1
22017,201587,0021700854,"Feb 14, 2018",CHA @ ORL,W,32,5,11,0.455,4,7,0.571,0,0,0.0,1,4,5,7,1,0,2,0,14,12,1
22017,201587,0021700833,"Feb 11, 2018",CHA vs. TOR,L,26,0,10,0.0,0,2,0.0,2,3,0.667,2,1,3,5,1,0,0,2,2,-8,1
22017,201587,0021700824,"Feb 09, 2018",CHA @ UTA,L,31,6,13,0.462,1,3,0.333,0,0,0.0,0,0,0,2,1,0,1,0,13,-20,1
22017,201587,0021700814,"Feb 08, 2018",CHA @ POR,L,39,5,15,0.333,1,8,0.125,0,0,0.0,2,0,2,5,4,0,2,0,11,-9,1
22017,201587,0021700794,"Feb 05, 2018",CHA @ DEN,L,31,5,11,0.455,3,7,0.429,2,4,0.5,1,3,4,5,0,0,1,2,15,-22,1
22017,201587,0021700789,"Feb 04, 2018",CHA @ PHX,W,34,7,15,0.467,3,9,0.333,5,5,1.0,1,3,4,5,1,0,1,4,22,-13,1
22017,201587,0021700766,"Feb 02, 2018",CHA vs. IND,W,35,11,18,0.611,7,11,0.636,2,2,1.0,1,8,9,2,0,0,1,2,31,1,1
22017,201587,0021700755,"Jan 31, 2018",CHA @ ATL,W,36,4,9,0.444,1,4,0.25,1,1,1.0,4,7,11,10,2,0,4,1,10,20,1
22017,201587,0021700738,"Jan 29, 2018",CHA @ IND,L,35,8,17,0.471,5,10,0.5,1,2,0.5,1,3,4,2,0,1,4,2,22,-4,1
22017,201587,0021700727,"Jan 27, 2018",CHA @ MIA,L,34,3,13,0.231,0,4,0.0,3,4,0.75,3,1,4,3,1,0,2,1,9,13,1
22017,201587,0021700714,"Jan 26, 2018",CHA vs. ATL,W,28,6,10,0.6,3,7,0.429,4,4,1.0,0,4,4,8,1,0,2,4,19,14,1
22017,201587,0021700701,"Jan 24, 2018",CHA vs. NOP,L,30,2,8,0.25,1,2,0.5,2,4,0.5,1,2,3,5,2,1,1,2,7,-11,1
22017,201587,0021700687,"Jan 22, 2018",CHA vs. SAC,W,35,6,13,0.462,1,5,0.2,1,1,1.0,1,5,6,3,0,0,2,0,14,-5,1
22017,201587,0021700676,"Jan 20, 2018",CHA vs. MIA,L,33,8,12,0.667,1,2,0.5,9,10,0.9,1,2,3,6,3,0,4,1,26,3,1
22017,201587,0021700653,"Jan 17, 2018",CHA vs. WAS,W,26,4,8,0.5,2,4,0.5,1,2,0.5,0,3,3,4,1,0,2,1,11,17,1
22017,201587,0021700638,"Jan 15, 2018",CHA @ DET,W,34,4,13,0.308,1,4,0.25,5,6,0.833,2,6,8,5,2,0,4,2,14,0,1
22017,201587,0021700629,"Jan 13, 2018",CHA vs. OKC,L,34,4,13,0.308,2,7,0.286,2,3,0.667,1,2,3,2,1,1,4,1,12,-4,1
22017,201587,0021700618,"Jan 12, 2018",CHA vs. UTA,W,36,5,11,0.455,1,5,0.2,0,0,0.0,0,3,3,5,1,0,2,0,11,12,1
22017,201587,0021700603,"Jan 10, 2018",CHA vs. DAL,L,32,2,9,0.222,0,2,0.0,0,0,0.0,1,6,7,1,0,0,1,0,4,-5,1
22017,201587,0021700577,"Jan 05, 2018",CHA @ LAL,W,28,2,9,0.222,0,4,0.0,0,0,0.0,2,1,3,7,0,0,2,0,4,15,1
22017,201587,0021700552,"Jan 02, 2018",CHA @ SAC,W,31,8,12,0.667,3,5,0.6,2,3,0.667,0,4,4,4,0,0,1,1,21,22,1
22017,201587,0021700542,"Dec 31, 2017",CHA @ LAC,L,29,4,14,0.286,1,7,0.143,0,0,0.0,1,4,5,6,0,1,2,0,9,-14,1
22017,201587,0021700528,"Dec 29, 2017",CHA @ GSW,W,32,6,10,0.6,2,4,0.5,1,2,0.5,0,4,4,6,1,0,3,2,15,5,1
22017,201587,0021700506,"Dec 27, 2017",CHA vs. BOS,L,34,3,9,0.333,1,3,0.333,0,0,0.0,0,3,3,3,4,0,2,2,7,-5,1
22017,201587,0021700481,"Dec 23, 2017",CHA vs. MIL,W,35,5,13,0.385,0,3,0.0,2,2,1.0,1,4,5,6,1,2,1,1,12,5,1
22017,201587,0021700476,"Dec 22, 2017",CHA @ MIL,L,32,5,7,0.714,2,3,0.667,2,2,1.0,0,1,1,6,0,0,3,2,14,-5,1
22017,201587,0021700454,"Dec 20, 2017",CHA vs. TOR,L,26,0,1,0.0,0,1,0.0,0,0,0.0,0,2,2,5,0,0,1,1,0,-18,1
22017,201587,0021700441,"Dec 18, 2017",CHA vs. NYK,W,31,4,7,0.571,1,1,1.0,0,0,0.0,2,2,4,4,2,2,3,0,9,9,1
22017,201587,0021700429,"Dec 16, 2017",CHA vs. POR,L,38,9,17,0.529,5,9,0.556,0,0,0.0,0,4,4,5,0,0,0,3,23,-4,1
22017,201587,0021700418,"Dec 15, 2017",CHA vs. MIA,L,37,2,7,0.286,0,0,0.0,1,1,1.0,1,2,3,10,2,0,1,1,5,2,1
22017,201587,0021700412,"Dec 13, 2017",CHA @ HOU,L,34,4,10,0.4,1,5,0.2,0,0,0.0,1,8,9,3,1,0,3,0,9,13,1
22017,201587,0021700377,"Dec 09, 2017",CHA vs. LAL,L,19,1,3,0.333,0,2,0.0,0,0,0.0,0,2,2,3,1,0,1,0,2,5,1
22017,201587,0021700367,"Dec 08, 2017",CHA vs. CHI,L,42,4,14,0.286,1,4,0.25,0,0,0.0,1,5,6,10,1,1,2,1,9,-1,1
22017,201587,0021700358,"Dec 06, 2017",CHA vs. GSW,L,36,6,12,0.5,2,5,0.4,1,2,0.5,2,3,5,4,2,0,4,1,15,-13,1
22017,201587,0021700339,"Dec 04, 2017",CHA vs. ORL,W,37,3,8,0.375,0,2,0.0,5,8,0.625,0,11,11,5,1,1,3,2,11,9,1
22017,201587,0021700321,"Dec 01, 2017",CHA @ MIA,L,35,5,14,0.357,2,8,0.25,1,1,1.0,1,4,5,5,0,0,4,4,13,6,1
22017,201587,0021700307,"Nov 29, 2017",CHA @ TOR,L,33,3,9,0.333,1,3,0.333,3,3,1.0,0,1,1,5,1,0,3,1,10,-8,1
22017,201587,0021700277,"Nov 25, 2017",CHA vs. SAS,L,22,1,7,0.143,0,5,0.0,3,3,1.0,1,2,3,2,0,0,0,1,5,-15,1
22017,201587,0021700253,"Nov 22, 2017",CHA vs. WAS,W,14,1,6,0.167,0,3,0.0,0,0,0.0,0,3,3,1,0,0,0,2,2,-13,2
22017,201587,0021700241,"Nov 20, 2017",CHA vs. MIN,W,29,6,12,0.5,3,5,0.6,2,2,1.0,0,4,4,2,2,0,1,1,17,12,1
22017,201587,0021700228,"Nov 18, 2017",CHA vs. LAC,W,28,4,11,0.364,1,4,0.25,3,3,1.0,1,3,4,7,1,2,2,1,12,27,1
22017,201587,0021700222,"Nov 17, 2017",CHA @ CHI,L,27,3,7,0.429,0,2,0.0,3,3,1.0,0,3,3,3,0,0,1,1,9,-5,2
22017,201587,0021700207,"Nov 15, 2017",CHA vs. CLE,L,32,7,15,0.467,1,6,0.167,1,2,0.5,1,4,5,6,2,0,4,0,16,4,1
22016,201587,0021601212,"Apr 11, 2017",CHA @ ATL,L,10,0,3,0.0,0,1,0.0,0,0,0.0,0,1,1,4,1,0,0,0,0,-8,1
22016,201587,0021601207,"Apr 10, 2017",CHA @ MIL,L,30,5,12,0.417,1,3,0.333,0,2,0.0,0,5,5,8,4,1,2,0,11,-5,2
22016,201587,0021601189,"Apr 08, 2017",CHA vs. BOS,L,41,11,23,0.478,4,8,0.5,5,7,0.714,1,7,8,3,0,0,1,1,31,2,1
22016,201587,0021601165,"Apr 05, 2017",CHA vs. MIA,L,36,6,13,0.462,0,4,0.0,12,12,1.0,0,3,3,7,1,1,1,1,24,-16,1
22016,201587,0021601155,"Apr 04, 2017",CHA @ WAS,L,32,6,10,0.6,1,5,0.2,0,0,0.0,0,1,1,8,1,0,4,0,13,8,1
22016,201587,0021601142,"Apr 02, 2017",CHA @ OKC,W,31,3,8,0.375,1,4,0.25,2,2,1.0,0,7,7,8,3,0,1,1,9,11,1
22016,201587,0021601127,"Mar 31, 2017",CHA vs. DEN,W,34,4,13,0.308,1,5,0.2,4,5,0.8,0,5,5,9,1,1,3,3,13,-4,1
22016,201587,0021601114,"Mar 29, 2017",CHA @ TOR,W,28,6,12,0.5,2,5,0.4,1,1,1.0,2,2,4,3,1,0,0,0,15,1,1
22016,201587,0021601103,"Mar 28, 2017",CHA vs. MIL,L,29,2,9,0.222,0,2,0.0,1,1,1.0,0,2,2,4,1,0,0,1,5,-7,1
22016,201587,0021601087,"Mar 26, 2017",CHA vs. PHX,W,30,6,15,0.4,3,8,0.375,3,4,0.75,0,6,6,11,1,0,3,1,18,21,1
22016,201587,0021601073,"Mar 24, 2017",CHA vs. CLE,L,35,7,18,0.389,2,9,0.222,3,3,1.0,0,2,2,2,2,0,2,1,19,11,1
22016,201587,0021601059,"Mar 22, 2017",CHA @ ORL,W,32,5,14,0.357,0,4,0.0,0,0,0.0,0,2,2,6,2,0,5,0,10,-3,1
22016,201587,0021601044,"Mar 20, 2017",CHA vs. ATL,W,31,5,8,0.625,1,2,0.5,5,7,0.714,0,1,1,6,1,0,1,0,16,-1,1
22016,201587,0021601030,"Mar 18, 2017",CHA vs. WAS,W,27,4,9,0.444,0,3,0.0,0,0,0.0,1,9,10,5,0,0,3,2,8,3,1
22016,201587,0021600976,"Mar 11, 2017",CHA vs. NOP,L,41,9,21,0.429,4,13,0.308,2,3,0.667,0,6,6,8,0,0,3,2,24,-3,1
22016,201587,0021600965,"Mar 10, 2017",CHA vs. ORL,W,28,7,14,0.5,0,3,0.0,1,2,0.5,1,2,3,10,1,0,2,0,15,18,1
22016,201587,0021600951,"Mar 08, 2017",CHA @ MIA,L,31,5,14,0.357,0,3,0.0,6,6,1.0,1,6,7,2,4,0,1,3,16,7,1
22016,201587,0021600941,"Mar 06, 2017",CHA vs. IND,W,34,7,19,0.368,3,9,0.333,4,4,1.0,0,4,4,4,3,1,3,1,21,6,1
22016,201587,0021600923,"Mar 04, 2017",CHA @ DEN,W,35,7,11,0.636,4,6,0.667,3,3,1.0,0,2,2,8,0,0,2,2,21,9,1
22016,201587,0021600907,"Mar 02, 2017",CHA @ PHX,L,35,3,15,0.2,2,9,0.222,4,4,1.0,0,3,3,5,0,0,3,1,12,-8,1
22016,201587,0021600894,"Feb 28, 2017",CHA @ LAL,W,36,2,13,0.154,1,9,0.111,0,0,0.0,1,4,5,4,0,1,3,1,5,-1,1
22016,201587,0021600881,"Feb 26, 2017",CHA @ LAC,L,43,9,18,0.5,8,13,0.615,5,5,1.0,0,8,8,4,0,1,5,3,31,-17,1
22016,201587,0021600866,"Feb 25, 2017",CHA @ SAC,W,34,4,17,0.235,1,6,0.167,6,6,1.0,0,6,6,3,1,1,1,0,15,5,1
22016,201587,0021600851,"Feb 23, 2017",CHA @ DET,L,40,6,17,0.353,1,7,0.143,5,5,1.0,1,5,6,3,0,1,2,1,18,-6,1
22016,201587,0021600837,"Feb 15, 2017",CHA @ TOR,L,31,3,9,0.333,2,7,0.286,2,3,0.667,0,4,4,5,2,1,6,4,10,-8,1
22016,201587,0021600821,"Feb 13, 2017",CHA vs. PHI,L,38,5,12,0.417,3,6,0.5,3,3,1.0,0,1,1,4,2,0,1,0,16,0,1
22016,201587,0021600808,"Feb 11, 2017",CHA vs. LAC,L,37,7,13,0.538,4,7,0.571,7,8,0.875,1,5,6,8,0,1,2,2,25,4,1
22016,201587,0021600794,"Feb 09, 2017",CHA vs. HOU,L,35,5,10,0.5,2,4,0.5,3,3,1.0,1,7,8,10,1,0,3,3,15,-6,1
22016,201587,0021600779,"Feb 07, 2017",CHA vs. BKN,W,38,7,18,0.389,2,6,0.333,1,2,0.5,1,7,8,4,4,2,2,1,17,0,1
22016,201587,0021600760,"Feb 04, 2017",CHA @ UTA,L,33,4,9,0.444,1,3,0.333,2,2,1.0,0,3,3,6,0,0,4,2,11,-11,1
22016,201587,0021600741,"Feb 01, 2017",CHA @ GSW,L,24,4,7,0.571,3,4,0.75,2,2,1.0,2,3,5,7,0,0,2,0,13,-30,1
22016,201587,0021600728,"Jan 31, 2017",CHA @ POR,L,34,6,12,0.5,4,6,0.667,2,4,0.5,0,8,8,6,0,0,4,0,18,-13,1
22016,201587,0021600704,"Jan 28, 2017",CHA vs. SAC,L,40,6,11,0.545,3,6,0.5,4,4,1.0,1,6,7,7,0,0,6,3,19,-4,1
22016,201587,0021600699,"Jan 27, 2017",CHA @ NYK,L,36,5,12,0.417,3,6,0.5,2,2,1.0,2,9,11,9,1,0,5,2,15,-3,1
22016,201587,0021600687,"Jan 25, 2017",CHA vs. GSW,L,38,6,12,0.5,2,4,0.5,2,2,1.0,1,5,6,8,0,0,3,1,16,-7,1
22016,201587,0021600665,"Jan 23, 2017",CHA vs. WAS,L,38,2,9,0.222,0,3,0.0,0,0,0.0,1,6,7,6,0,0,2,3,4,-7,1
22016,201587,0021600652,"Jan 21, 2017",CHA vs. BKN,W,35,6,16,0.375,3,6,0.5,1,1,1.0,0,9,9,6,4,0,2,2,16,1,1
22016,201587,0021600642,"Jan 20, 2017",CHA vs. TOR,W,31,4,11,0.364,1,2,0.5,4,5,0.8,0,4,4,6,1,0,5,1,13,19,1
22016,201587,0021600629,"Jan 18, 2017",CHA vs. POR,W,34,6,15,0.4,1,5,0.2,4,4,1.0,0,7,7,7,0,1,5,0,17,3,1
22016,201587,0021600618,"Jan 16, 2017",CHA @ BOS,L,37,2,11,0.182,0,4,0.0,4,5,0.8,1,9,10,10,1,2,4,0,8,-7,1
22016,201587,0021600593,"Jan 13, 2017",CHA @ PHI,L,32,7,14,0.5,1,3,0.333,4,4,1.0,1,4,5,2,1,0,1,2,19,-7,1
22016,201587,0021600538,"Jan 05, 2017",CHA @ DET,L,25,1,8,0.125,0,2,0.0,7,7,1.0,0,4,4,5,0,0,2,2,9,7,1
22016,201587,0021600529,"Jan 04, 2017",CHA vs. OKC,W,36,7,18,0.389,1,5,0.2,13,15,0.867,1,2,3,4,0,0,2,2,28,6,1
22016,201587,0021600517,"Jan 02, 2017",CHA @ CHI,L,36,7,16,0.438,1,3,0.333,4,4,1.0,2,4,6,5,1,0,2,2,19,-9,1
22016,201587,0021600505,"Dec 31, 2016",CHA vs. CLE,L,35,5,11,0.455,1,2,0.5,2,2,1.0,0,6,6,8,0,2,2,0,13,-5,1
22016,201587,0021600486,"Dec 29, 2016",CHA vs. MIA,W,36,7,17,0.412,0,5,0.0,2,3,0.667,3,10,13,8,3,1,3,0,16,10,1
22016,201587,0021600477,"Dec 28, 2016",CHA @ ORL,W,30,8,12,0.667,3,4,0.75,1,1,1.0,0,9,9,8,1,0,3,2,20,26,1
22016,201587,0021600463,"Dec 26, 2016",CHA @ BKN,L,37,7,16,0.438,2,6,0.333,8,8,1.0,0,5,5,5,3,0,1,2,24,3,1
22016,201587,0021600442,"Dec 23, 2016",CHA vs. CHI,W,40,7,15,0.467,1,5,0.2,5,6,0.833,2,9,11,10,1,1,2,0,20,17,1
22016,201587,0021600419,"Dec 20, 2016",CHA vs. LAL,W,37,8,12,0.667,2,3,0.667,5,5,1.0,1,4,5,10,1,0,4,1,23,18,1
22016,201587,0021600401,"Dec 17, 2016",CHA @ ATL,W,32,3,13,0.231,0,2,0.0,1,2,0.5,0,3,3,4,4,0,0,2,7,0,1
22016,201587,0021600391,"Dec 16, 2016",CHA @ BOS,L,36,6,19,0.316,2,7,0.286,8,8,1.0,0,10,10,5,3,0,5,1,22,-8,1
22016,201587,0021600375,"Dec 14, 2016",CHA @ WAS,L,37,7,14,0.5,3,8,0.375,3,3,1.0,0,5,5,8,2,1,3,3,20,-8,1
22016,201587,0021600361,"Dec 12, 2016",CHA @ IND,L,35,4,13,0.308,4,7,0.571,1,2,0.5,1,9,10,3,0,0,4,4,13,-10,1
22016,201587,0021600349,"Dec 10, 2016",CHA @ CLE,L,33,4,12,0.333,0,4,0.0,1,2,0.5,0,6,6,4,1,0,3,2,9,-10,1
22016,201587,0021600337,"Dec 09, 2016",CHA vs. ORL,W,29,6,11,0.545,4,4,1.0,0,0,0.0,1,8,9,7,0,0,2,1,16,13,1
22016,201587,0021600321,"Dec 07, 2016",CHA vs. DET,W,36,4,10,0.4,1,1,1.0,5,6,0.833,0,15,15,3,0,0,1,1,14,6,1
22016,201587,0021600312,"Dec 05, 2016",CHA @ DAL,W,37,5,14,0.357,0,6,0.0,4,4,1.0,0,14,14,7,0,0,2,3,14,2,1
22016,201587,0021600292,"Dec 03, 2016",CHA vs. MIN,L,41,6,15,0.4,3,9,0.333,0,3,0.0,2,6,8,12,3,1,3,1,15,0,1
22016,201587,0021600276,"Dec 01, 2016",CHA vs. DAL,W,36,4,12,0.333,1,5,0.2,3,4,0.75,0,9,9,6,1,0,3,1,12,10,1
22016,201587,0021600260,"Nov 29, 2016",CHA vs. DET,L,30,3,11,0.273,2,5,0.4,0,0,0.0,1,10,11,5,0,0,2,1,8,-12,1
22016,201587,0021600257,"Nov 28, 2016",CHA @ MEM,W,23,1,5,0.2,0,2,0.0,4,4,1.0,0,2,2,4,0,0,2,1,6,14,1
22016,201587,0021600228,"Nov 25, 2016",CHA @ NYK,L,45,7,17,0.412,1,7,0.143,3,6,0.5,0,9,9,9,0,1,2,0,18,3,1
22016,201587,0021600213,"Nov 23, 2016",CHA vs. SAS,L,40,5,9,0.556,2,3,0.667,1,1,1.0,1,6,7,5,0,0,5,1,13,-5,1
22016,201587,0021600201,"Nov 21, 2016",CHA vs. MEM,L,34,1,7,0.143,1,7,0.143,5,6,0.833,0,4,4,5,1,0,3,1,8,-22,1
22016,201587,0021600185,"Nov 19, 2016",CHA @ NOP,L,35,3,10,0.3,2,6,0.333,5,5,1.0,1,6,7,4,0,2,1,0,13,-9,1
22016,201587,0021600174,"Nov 18, 2016",CHA vs. ATL,W,33,8,17,0.471,4,8,0.5,4,4,1.0,1,9,10,4,2,0,3,0,24,4,1
22016,201587,0021600155,"Nov 15, 2016",CHA @ MIN,W,36,5,9,0.556,4,5,0.8,2,3,0.667,0,5,5,7,3,1,0,4,16,18,1
22016,201587,0021600140,"Nov 13, 2016",CHA @ CLE,L,33,5,12,0.417,1,5,0.2,4,5,0.8,1,8,9,7,2,1,1,1,15,-2,1
22016,201587,0021600123,"Nov 11, 2016",CHA vs. TOR,L,39,7,15,0.467,3,6,0.5,1,2,0.5,4,6,10,6,0,1,6,4,18,6,1
22016,201587,0021600108,"Nov 09, 2016",CHA vs. UTA,W,34,3,10,0.3,0,5,0.0,3,5,0.6,0,2,2,5,1,0,1,5,9,3,1
22016,201587,0021600095,"Nov 07, 2016",CHA vs. IND,W,30,2,6,0.333,1,2,0.5,4,4,1.0,0,6,6,4,3,0,1,1,9,13,1
22016,201587,0021600072,"Nov 04, 2016",CHA @ BKN,W,36,7,13,0.538,2,5,0.4,2,3,0.667,0,9,9,2,0,0,3,2,18,11,1
22016,201587,0021600056,"Nov 02, 2016",CHA vs. PHI,W,34,7,16,0.438,4,9,0.444,2,2,1.0,2,5,7,4,1,0,4,2,20,22,1
22016,201587,0021600027,"Oct 29, 2016",CHA vs. BOS,L,33,3,10,0.3,1,5,0.2,5,6,0.833,0,4,4,6,0,2,1,2,12,-7,1
22016,201587,0021600022,"Oct 28, 2016",CHA @ MIA,W,31,4,14,0.286,2,7,0.286,2,2,1.0,2,4,6,4,2,0,3,1,12,-1,1
22016,201587,0021600008,"Oct 26, 2016",CHA @ MIL,W,34,2,9,0.222,1,7,0.143,4,5,0.8,0,6,6,7,2,0,1,2,9,18,1
22015,201587,0021501205,"Apr 11, 2016",CHA @ BOS,W,17,3,6,0.5,0,3,0.0,0,0,0.0,0,3,3,5,1,0,1,0,6,31,1
22015,201587,0021501194,"Apr 10, 2016",CHA @ WAS,L,34,3,11,0.273,1,2,0.5,3,3,1.0,1,4,5,4,2,0,3,2,10,-16,1
22015,201587,0021501178,"Apr 08, 2016",CHA vs. BKN,W,27,6,11,0.545,2,6,0.333,0,0,0.0,2,4,6,6,0,1,4,2,14,20,1
22015,201587,0021501144,"Apr 03, 2016",CHA @ CLE,L,20,2,6,0.333,0,3,0.0,1,1,1.0,0,0,0,5,0,0,1,1,5,-12,1
22015,201587,0021501128,"Apr 01, 2016",CHA vs. PHI,W,33,8,17,0.471,2,7,0.286,1,2,0.5,0,4,4,7,0,0,2,1,19,15,1
22015,201587,0021501109,"Mar 29, 2016",CHA @ PHI,W,38,8,16,0.5,1,4,0.25,2,2,1.0,2,9,11,12,1,0,3,2,19,18,1
22015,201587,0021501089,"Mar 26, 2016",CHA @ MIL,W,35,8,15,0.533,5,9,0.556,4,4,1.0,1,6,7,8,1,0,0,1,25,35,1
22015,201587,0021501074,"Mar 25, 2016",CHA @ DET,L,27,4,12,0.333,1,3,0.333,1,1,1.0,0,7,7,7,1,0,2,1,10,-10,1
22015,201587,0021501052,"Mar 22, 2016",CHA @ BKN,W,39,7,16,0.438,4,9,0.444,5,5,1.0,0,2,2,2,1,0,0,4,23,-2,1
22015,201587,0021501043,"Mar 21, 2016",CHA vs. SAS,W,35,5,9,0.556,0,1,0.0,5,7,0.714,2,4,6,3,1,1,5,3,15,-9,1
22015,201587,0021501028,"Mar 19, 2016",CHA vs. DEN,L,40,9,18,0.5,5,10,0.5,1,2,0.5,1,7,8,9,1,1,4,1,24,-5,1
22015,201587,0021501014,"Mar 17, 2016",CHA @ MIA,W,38,7,19,0.368,2,7,0.286,3,3,1.0,0,5,5,7,0,0,3,1,19,14,1
22015,201587,0021501004,"Mar 16, 2016",CHA vs. ORL,W,38,10,17,0.588,3,6,0.5,3,4,0.75,2,5,7,9,0,0,1,0,26,14,1
22015,201587,0021500988,"Mar 14, 2016",CHA vs. DAL,L,40,7,14,0.5,3,7,0.429,3,4,0.75,0,3,3,7,2,2,4,0,20,-11,1
22015,201587,0021500975,"Mar 12, 2016",CHA vs. HOU,W,34,5,10,0.5,2,4,0.5,2,2,1.0,0,8,8,8,1,1,1,1,14,1,1
22015,201587,0021500963,"Mar 11, 2016",CHA vs. DET,W,37,6,15,0.4,1,5,0.2,4,5,0.8,0,5,5,11,2,0,2,1,17,18,1
22015,201587,0021500950,"Mar 09, 2016",CHA vs. NOP,W,41,6,13,0.462,2,7,0.286,1,1,1.0,0,6,6,5,0,0,1,1,15,4,1
22015,201587,0021500937,"Mar 07, 2016",CHA vs. MIN,W,38,5,15,0.333,1,5,0.2,0,0,0.0,1,4,5,4,2,3,2,2,11,-14,1
22015,201587,0021500912,"Mar 04, 2016",CHA vs. IND,W,39,12,22,0.545,4,10,0.4,3,4,0.75,3,4,7,4,0,2,3,4,31,-1,1
22015,201587,0021500898,"Mar 02, 2016",CHA @ PHI,W,37,5,14,0.357,2,6,0.333,0,0,0.0,0,4,4,7,2,0,2,1,12,7,1
22015,201587,0021500891,"Mar 01, 2016",CHA vs. PHX,W,31,6,10,0.6,2,3,0.667,1,1,1.0,1,8,9,4,1,0,3,1,15,35,1
22015,201587,0021500878,"Feb 28, 2016",CHA @ ATL,L,39,1,6,0.167,0,4,0.0,0,0,0.0,0,4,4,1,2,1,1,0,2,-8,1
22015,201587,0021500861,"Feb 26, 2016",CHA @ IND,W,33,2,6,0.333,0,3,0.0,2,2,1.0,0,2,2,7,2,1,5,3,6,8,1
22015,201587,0021500845,"Feb 24, 2016",CHA @ CLE,L,33,4,9,0.444,1,4,0.25,0,0,0.0,0,5,5,6,1,1,3,2,9,-4,1
22015,201587,0021500827,"Feb 21, 2016",CHA @ BKN,W,37,5,10,0.5,3,8,0.375,3,3,1.0,0,7,7,8,1,0,4,2,16,13,1
22015,201587,0021500813,"Feb 19, 2016",CHA @ MIL,W,36,3,11,0.273,1,5,0.2,0,0,0.0,0,5,5,2,2,3,4,2,7,-1,1
22015,201587,0021500789,"Feb 10, 2016",CHA @ IND,W,38,4,12,0.333,3,7,0.429,0,0,0.0,1,5,6,5,0,2,1,1,11,25,1
22015,201587,0021500774,"Feb 08, 2016",CHA vs. CHI,W,44,8,13,0.615,3,6,0.5,0,0,0.0,0,13,13,8,2,0,4,1,19,11,1
22015,201587,0021500761,"Feb 06, 2016",CHA vs. WAS,W,44,9,20,0.45,3,9,0.333,5,6,0.833,1,10,11,9,1,1,6,2,26,-1,1
22015,201587,0021500751,"Feb 05, 2016",CHA vs. MIA,L,39,7,12,0.583,4,7,0.571,3,3,1.0,1,5,6,7,0,3,4,1,21,5,1
22015,201587,0021500735,"Feb 03, 2016",CHA vs. CLE,W,31,3,8,0.375,1,6,0.167,3,3,1.0,0,5,5,5,0,1,4,1,10,5,1
22015,201587,0021500705,"Jan 29, 2016",CHA @ POR,L,40,1,11,0.091,1,4,0.25,0,0,0.0,1,3,4,8,1,1,6,2,3,-14,1
22015,201587,0021500690,"Jan 27, 2016",CHA @ UTA,L,30,2,9,0.222,1,5,0.2,1,2,0.5,0,10,10,2,0,0,2,2,6,-14,1
22015,201587,0021500636,"Jan 20, 2016",CHA @ OKC,L,24,0,4,0.0,0,3,0.0,0,0,0.0,0,6,6,3,0,0,3,1,0,-12,1
22015,201587,0021500616,"Jan 18, 2016",CHA vs. UTA,W,47,4,13,0.308,2,5,0.4,0,0,0.0,1,8,9,4,1,0,5,3,10,8,1
22015,201587,0021500603,"Jan 16, 2016",CHA vs. MIL,L,36,2,10,0.2,1,5,0.2,1,2,0.5,2,1,3,9,0,1,2,2,6,-15,1
22015,201587,0021500598,"Jan 15, 2016",CHA @ NOP,L,41,11,22,0.5,2,9,0.222,1,1,1.0,0,4,4,8,0,0,3,1,25,-2,1
22015,201587,0021500577,"Jan 13, 2016",CHA vs. ATL,W,25,2,5,0.4,1,4,0.25,1,1,1.0,1,1,2,10,0,0,4,4,6,31,1
22015,201587,0021500563,"Jan 10, 2016",CHA @ DEN,L,38,3,8,0.375,2,7,0.286,1,1,1.0,0,6,6,7,0,0,1,3,9,7,1
22015,201587,0021500492,"Jan 01, 2016",CHA @ TOR,L,42,4,9,0.444,3,4,0.75,3,4,0.75,0,4,4,7,0,1,5,2,14,-6,1
22015,201587,0021500474,"Dec 30, 2015",CHA vs. LAC,L,42,6,11,0.545,2,4,0.5,5,5,1.0,2,6,8,6,1,0,3,3,19,-2,1
22015,201587,0021500458,"Dec 28, 2015",CHA vs. LAL,W,36,7,17,0.412,0,6,0.0,1,2,0.5,1,4,5,11,1,0,2,1,15,7,1
22015,201587,0021500443,"Dec 26, 2015",CHA vs. MEM,W,40,7,14,0.5,2,7,0.286,4,4,1.0,2,9,11,8,1,2,4,0,20,16,1
22015,201587,0021500423,"Dec 23, 2015",CHA vs. BOS,L,39,6,15,0.4,3,8,0.375,2,4,0.5,0,6,6,7,0,0,1,3,17,-13,1
22015,201587,0021500415,"Dec 21, 2015",CHA @ HOU,L,34,3,11,0.273,0,3,0.0,3,4,0.75,0,5,5,3,1,0,2,2,9,-12,1
22015,201587,0021500399,"Dec 19, 2015",CHA @ WAS,L,32,5,12,0.417,1,7,0.143,3,4,0.75,0,6,6,8,3,1,4,1,14,-7,1
22015,201587,0021500372,"Dec 16, 2015",CHA @ ORL,L,20,2,7,0.286,2,4,0.5,0,0,0.0,2,0,2,2,1,0,3,4,6,-11,1
22015,201587,0021500345,"Dec 12, 2015",CHA vs. BOS,L,38,9,21,0.429,2,10,0.2,1,1,1.0,0,8,8,2,0,0,4,2,21,-11,1
22015,201587,0021500338,"Dec 11, 2015",CHA @ MEM,W,30,7,11,0.636,5,8,0.625,1,1,1.0,1,3,4,2,0,0,0,1,20,15,1
22015,201587,0021500320,"Dec 09, 2015",CHA vs. MIA,W,28,3,9,0.333,1,4,0.25,3,4,0.75,0,11,11,11,1,1,3,1,10,22,1
22015,201587,0021500304,"Dec 07, 2015",CHA vs. DET,W,34,4,15,0.267,2,7,0.286,3,3,1.0,1,6,7,8,2,0,4,0,13,16,1
22015,201587,0021500292,"Dec 05, 2015",CHA @ CHI,W,35,8,16,0.5,4,6,0.667,4,6,0.667,0,11,11,5,0,1,3,1,24,10,1
22015,201587,0021500268,"Dec 02, 2015",CHA vs. GSW,L,30,6,15,0.4,1,6,0.167,4,5,0.8,2,6,8,3,3,2,2,2,17,-16,1
22015,201587,0021500246,"Nov 29, 2015",CHA vs. MIL,W,34,4,13,0.308,3,8,0.375,4,5,0.8,2,3,5,5,2,1,9,1,15,-8,1
22015,201587,0021500227,"Nov 27, 2015",CHA vs. CLE,L,39,6,13,0.462,1,7,0.143,4,5,0.8,2,6,8,4,1,0,3,2,17,-7,1
22015,201587,0021500215,"Nov 25, 2015",CHA vs. WAS,W,34,5,15,0.333,3,7,0.429,3,3,1.0,1,6,7,11,2,0,2,1,16,16,1
22015,201587,0021500202,"Nov 23, 2015",CHA vs. SAC,W,43,5,16,0.313,1,7,0.143,7,7,1.0,1,9,10,8,2,1,5,1,18,5,1
22015,201587,0021500178,"Nov 20, 2015",CHA vs. PHI,W,32,4,9,0.444,3,4,0.75,3,3,1.0,1,3,4,3,0,0,4,2,14,16,1
22015,201587,0021500165,"Nov 18, 2015",CHA vs. BKN,W,41,7,12,0.583,3,6,0.5,7,7,1.0,0,1,1,8,1,2,4,1,24,4,1
22015,201587,0021500162,"Nov 17, 2015",CHA @ NYK,L,35,1,9,0.111,1,4,0.25,1,2,0.5,0,6,6,0,0,0,1,2,4,-19,1
22015,201587,0021500147,"Nov 15, 2015",CHA vs. POR,W,39,11,19,0.579,5,10,0.5,6,7,0.857,0,5,5,6,0,0,2,2,33,5,1
22015,201587,0021500132,"Nov 13, 2015",CHA @ CHI,L,35,10,17,0.588,5,6,0.833,3,3,1.0,3,5,8,2,2,0,2,1,28,6,1
22015,201587,0021500113,"Nov 11, 2015",CHA vs. NYK,W,36,10,18,0.556,2,5,0.4,2,5,0.4,1,4,5,1,1,0,2,0,24,1,1
22015,201587,0021500111,"Nov 10, 2015",CHA @ MIN,W,35,6,11,0.545,3,5,0.6,2,2,1.0,0,6,6,3,0,2,4,3,17,-5,1
22015,201587,0021500090,"Nov 07, 2015",CHA @ SAS,L,32,2,6,0.333,1,2,0.5,5,5,1.0,1,3,4,4,3,0,4,3,10,-20,1
22015,201587,0021500072,"Nov 05, 2015",CHA @ DAL,W,34,3,10,0.3,0,5,0.0,2,2,1.0,1,6,7,4,2,1,1,1,8,11,1
22015,201587,0021500053,"Nov 03, 2015",CHA vs. CHI,W,28,4,11,0.364,1,2,0.5,9,9,1.0,0,8,8,3,0,0,1,1,18,17,1
22015,201587,0021500039,"Nov 01, 2015",CHA vs. ATL,L,36,5,14,0.357,4,9,0.444,2,2,1.0,3,2,5,8,2,2,2,2,16,3,1
22015,201587,0021500026,"Oct 30, 2015",CHA @ ATL,L,33,6,10,0.6,1,4,0.25,1,1,1.0,2,9,11,4,1,0,7,2,14,6,1
22015,201587,0021500008,"Oct 28, 2015",CHA @ MIA,L,33,3,12,0.25,2,6,0.333,1,2,0.5,2,4,6,3,0,0,3,3,9,-3,1
22014,201587,0021401209,"Apr 13, 2015",POR @ OKC,L,11,0,2,0.0,0,1,0.0,0,0,0.0,0,1,1,0,0,0,1,1,0,-14,1
22014,201587,0021401191,"Apr 11, 2015",POR vs. UTA,L,38,1,10,0.1,0,6,0.0,0,0,0.0,1,5,6,8,3,1,1,2,2,1,1
22014,201587,0021401174,"Apr 09, 2015",POR @ GSW,L,41,3,9,0.333,1,3,0.333,0,0,0.0,3,7,10,8,1,1,0,1,7,-7,1
22014,201587,0021401172,"Apr 08, 2015",POR vs. MIN,W,29,4,7,0.571,3,4,0.75,0,0,0.0,1,5,6,5,3,0,4,3,11,21,1
22014,201587,0021401146,"Apr 04, 2015",POR vs. NOP,W,37,1,4,0.25,1,2,0.5,4,4,1.0,1,4,5,3,0,1,1,0,7,2,1
22014,201587,0021401136,"Apr 03, 2015",POR @ LAL,W,27,3,9,0.333,1,5,0.2,0,0,0.0,1,9,10,4,0,0,1,1,7,3,1
22014,201587,0021401122,"Apr 01, 2015",POR vs. LAC,L,33,7,11,0.636,5,7,0.714,2,3,0.667,2,2,4,4,3,0,2,3,21,0,1
22014,201587,0021401107,"Mar 30, 2015",POR vs. PHX,W,28,6,10,0.6,4,6,0.667,0,0,0.0,2,3,5,5,0,0,2,1,16,23,1
22014,201587,0021401091,"Mar 28, 2015",POR vs. DEN,W,37,6,8,0.75,3,5,0.6,0,0,0.0,0,2,2,7,2,0,1,1,15,-2,1
22014,201587,0021401086,"Mar 27, 2015",POR @ PHX,W,32,1,6,0.167,1,4,0.25,2,2,1.0,1,8,9,5,0,0,4,2,5,1,1
22014,201587,0021401035,"Mar 21, 2015",POR @ MEM,L,15,0,4,0.0,0,2,0.0,0,0,0.0,0,2,2,0,1,0,1,1,0,-19,1
22014,201587,0021401020,"Mar 20, 2015",POR @ ORL,L,34,2,5,0.4,1,3,0.333,3,3,1.0,2,9,11,4,1,0,5,3,8,-8,1
22014,201587,0021401007,"Mar 18, 2015",POR @ MIA,L,32,3,6,0.5,1,3,0.333,1,2,0.5,0,4,4,6,1,0,0,0,8,-6,1
22014,201587,0021400991,"Mar 16, 2015",POR @ WAS,L,40,4,12,0.333,2,6,0.333,2,2,1.0,1,14,15,5,1,1,2,2,12,-6,1
22014,201587,0021400987,"Mar 15, 2015",POR @ TOR,W,34,3,5,0.6,2,2,1.0,2,2,1.0,2,2,4,12,3,0,1,2,10,17,1
22014,201587,0021400975,"Mar 13, 2015",POR vs. DET,W,30,1,4,0.25,0,1,0.0,2,2,1.0,0,8,8,2,0,0,1,1,4,13,1
22014,201587,0021400961,"Mar 11, 2015",POR vs. HOU,W,40,7,13,0.538,3,6,0.5,1,2,0.5,0,9,9,6,1,0,4,1,18,11,1
22014,201587,0021400928,"Mar 07, 2015",POR @ MIN,L,38,7,12,0.583,3,5,0.6,0,0,0.0,1,6,7,3,0,0,2,4,17,-6,1
22014,201587,0021400910,"Mar 05, 2015",POR vs. DAL,W,36,6,12,0.5,2,5,0.4,1,1,1.0,0,12,12,6,0,1,3,1,15,7,1
22014,201587,0021400908,"Mar 04, 2015",POR @ LAC,W,40,6,11,0.545,4,8,0.5,4,4,1.0,1,6,7,8,1,2,1,3,20,-1,1
22014,201587,0021400879,"Mar 01, 2015",POR @ SAC,W,31,1,6,0.167,0,4,0.0,0,0,0.0,2,2,4,5,1,0,1,3,2,18,1
22014,201587,0021400869,"Feb 27, 2015",POR vs. OKC,W,39,2,6,0.333,2,5,0.4,3,3,1.0,0,4,4,3,2,1,3,2,9,13,1
22014,201587,0021400853,"Feb 25, 2015",POR vs. SAS,W,37,6,8,0.75,3,5,0.6,0,0,0.0,3,1,4,9,2,1,5,1,15,21,1
22014,201587,0021400828,"Feb 22, 2015",POR vs. MEM,L,36,7,13,0.538,3,7,0.429,0,0,0.0,1,9,10,5,0,1,2,0,17,-15,1
22014,201587,0021400812,"Feb 20, 2015",POR @ UTA,L,34,3,6,0.5,0,1,0.0,2,2,1.0,1,4,5,3,2,1,1,0,8,-2,1
22014,201587,0021400798,"Feb 11, 2015",POR vs. LAL,W,33,2,6,0.333,1,4,0.25,2,2,1.0,1,7,8,6,0,0,2,1,7,23,1
22014,201587,0021400771,"Feb 08, 2015",POR @ HOU,W,29,2,6,0.333,1,4,0.25,0,0,0.0,0,7,7,4,1,0,3,1,5,-1,1
22014,201587,0021400762,"Feb 07, 2015",POR @ DAL,L,42,0,8,0.0,0,5,0.0,2,2,1.0,2,8,10,4,0,0,0,2,2,-14,1
22014,201587,0021400745,"Feb 05, 2015",POR vs. PHX,W,36,6,13,0.462,2,6,0.333,6,6,1.0,1,3,4,7,1,0,2,1,20,13,1
22014,201587,0021400729,"Feb 03, 2015",POR vs. UTA,W,35,2,7,0.286,1,2,0.5,5,6,0.833,0,8,8,6,1,2,2,1,10,11,1
22014,201587,0021400712,"Jan 31, 2015",POR @ MIL,L,37,2,8,0.25,1,4,0.25,0,0,0.0,3,4,7,4,2,0,4,0,5,-3,1
22014,201587,0021400697,"Jan 30, 2015",POR @ ATL,L,32,3,9,0.333,1,3,0.333,0,0,0.0,2,3,5,2,0,0,3,2,7,-8,1
22014,201587,0021400681,"Jan 28, 2015",POR @ CLE,L,39,3,8,0.375,1,5,0.2,0,0,0.0,1,3,4,7,2,1,0,2,7,0,1
22014,201587,0021400639,"Jan 22, 2015",POR vs. BOS,L,22,0,6,0.0,0,2,0.0,0,0,0.0,0,3,3,4,0,0,0,0,0,-2,0
22014,201587,0021400634,"Jan 21, 2015",POR @ PHX,L,39,9,15,0.6,6,8,0.75,3,4,0.75,3,7,10,5,0,1,2,1,27,7,1
22014,201587,0021400621,"Jan 19, 2015",POR vs. SAC,W,33,2,8,0.25,1,4,0.25,3,4,0.75,0,4,4,4,0,0,2,2,8,-9,1
22014,201587,0021400604,"Jan 17, 2015",POR @ MEM,L,31,1,6,0.167,1,3,0.333,0,0,0.0,1,1,2,3,1,1,1,1,3,-9,1
22014,201587,0021400595,"Jan 16, 2015",POR @ SAS,L,30,2,7,0.286,1,4,0.25,0,0,0.0,0,4,4,2,1,1,5,2,5,-17,1
22014,201587,0021400583,"Jan 14, 2015",POR vs. LAC,L,35,0,5,0.0,0,3,0.0,4,4,1.0,0,5,5,6,1,0,3,0,4,-9,1
22014,201587,0021400562,"Jan 11, 2015",POR @ LAL,W,33,4,7,0.571,1,3,0.333,2,4,0.5,1,8,9,6,0,0,1,1,11,6,1
22014,201587,0021400557,"Jan 10, 2015",POR vs. ORL,W,35,3,9,0.333,1,4,0.25,0,0,0.0,1,9,10,4,0,4,3,1,7,5,1
22014,201587,0021400537,"Jan 08, 2015",POR vs. MIA,W,30,3,10,0.3,0,4,0.0,2,4,0.5,1,8,9,4,2,0,0,1,8,22,1
22014,201587,0021400517,"Jan 05, 2015",POR vs. LAL,W,37,3,9,0.333,2,5,0.4,0,0,0.0,0,3,3,3,0,0,1,3,8,4,1
22014,201587,0021400501,"Jan 03, 2015",POR vs. ATL,L,37,7,14,0.5,2,8,0.25,0,0,0.0,0,4,4,3,2,1,3,1,16,-7,1
22014,201587,0021400473,"Dec 30, 2014",POR vs. TOR,W,43,4,11,0.364,2,5,0.4,3,4,0.75,2,1,3,3,3,0,2,2,13,6,1
22014,201587,0021400456,"Dec 28, 2014",POR vs. NYK,W,28,6,8,0.75,5,7,0.714,0,0,0.0,0,1,1,3,1,1,3,1,17,22,1
22014,201587,0021400441,"Dec 26, 2014",POR vs. PHI,W,29,5,8,0.625,1,4,0.25,3,3,1.0,1,3,4,3,1,0,1,0,14,19,1
22014,201587,0021400411,"Dec 22, 2014",POR @ HOU,L,24,1,3,0.333,0,1,0.0,0,0,0.0,0,2,2,3,0,0,1,1,2,-16,1
22014,201587,0021400394,"Dec 20, 2014",POR @ NOP,W,30,5,8,0.625,0,2,0.0,1,2,0.5,1,2,3,5,3,0,0,1,11,30,1
22014,201587,0021400376,"Dec 17, 2014",POR vs. MIL,W,36,3,11,0.273,1,6,0.167,1,1,1.0,2,4,6,6,1,0,2,1,8,13,1
22014,201587,0021400361,"Dec 15, 2014",POR vs. SAS,W,34,3,8,0.375,1,5,0.2,0,0,0.0,0,0,0,6,1,0,0,2,7,2,1
22014,201587,0021400342,"Dec 13, 2014",POR @ IND,W,36,6,11,0.545,1,5,0.2,1,1,1.0,1,3,4,5,3,0,3,3,14,3,1
22014,201587,0021400328,"Dec 12, 2014",POR @ CHI,L,37,3,12,0.25,1,5,0.2,0,0,0.0,1,4,5,5,0,0,0,0,7,1,1
22014,201587,0021400321,"Dec 10, 2014",POR @ MIN,L,40,1,6,0.167,1,5,0.2,2,2,1.0,0,3,3,6,2,4,2,3,5,-4,1
22014,201587,0021400309,"Dec 09, 2014",POR @ DET,W,35,3,7,0.429,2,6,0.333,0,0,0.0,0,5,5,1,0,0,2,1,8,10,1
22014,201587,0021400299,"Dec 07, 2014",POR @ NYK,W,35,4,8,0.5,2,5,0.4,1,1,1.0,1,4,5,7,1,0,0,3,11,-2,1
22014,201587,0021400274,"Dec 04, 2014",POR vs. IND,W,37,5,13,0.385,1,5,0.2,2,2,1.0,0,5,5,5,3,2,3,0,13,6,1
22014,201587,0021400259,"Dec 02, 2014",POR @ DEN,W,36,2,6,0.333,0,3,0.0,0,0,0.0,0,4,4,13,3,0,2,1,4,8,1
22014,201587,0021400247,"Nov 30, 2014",POR vs. MIN,W,35,4,13,0.308,1,8,0.125,1,2,0.5,0,8,8,5,1,2,3,1,10,6,1
22014,201587,0021400233,"Nov 28, 2014",POR vs. MEM,L,35,3,11,0.273,0,5,0.0,0,0,0.0,1,3,4,2,1,2,0,2,6,-16,1
22014,201587,0021400210,"Nov 26, 2014",POR @ CHA,W,37,4,11,0.364,0,4,0.0,2,2,1.0,0,6,6,3,2,1,2,1,10,8,1
22014,201587,0021400200,"Nov 24, 2014",POR @ PHI,W,31,3,8,0.375,0,4,0.0,0,0,0.0,0,6,6,6,1,0,3,0,6,7,1
22014,201587,0021400194,"Nov 23, 2014",POR @ BOS,W,32,5,11,0.455,2,6,0.333,0,0,0.0,1,4,5,3,1,0,0,2,12,4,1
22014,201587,0021400183,"Nov 21, 2014",POR vs. CHI,W,21,4,6,0.667,1,2,0.5,0,0,0.0,0,3,3,1,1,0,1,1,9,13,1
22014,201587,0021400096,"Nov 09, 2014",POR vs. DEN,W,35,4,11,0.364,2,5,0.4,0,0,0.0,3,6,9,3,1,1,3,2,10,11,1
22014,201587,0021400082,"Nov 08, 2014",POR @ LAC,L,34,3,6,0.5,2,4,0.5,2,2,1.0,1,7,8,8,1,2,1,2,10,0,1
22014,201587,0021400070,"Nov 06, 2014",POR vs. DAL,W,29,2,8,0.25,2,6,0.333,2,2,1.0,2,7,9,9,0,1,2,2,8,13,1
22014,201587,0021400055,"Nov 04, 2014",POR vs. CLE,W,36,3,6,0.5,0,3,0.0,1,2,0.5,1,8,9,5,0,1,2,3,7,14,1
22014,201587,0021400042,"Nov 02, 2014",POR vs. GSW,L,32,2,7,0.286,1,3,0.333,0,0,0.0,1,8,9,4,2,0,3,4,5,-5,1
22014,201587,0021400025,"Oct 31, 2014",POR @ SAC,L,35,3,10,0.3,1,3,0.333,0,0,0.0,0,5,5,5,2,0,3,3,7,-16,1
22014,201587,0021400015,"Oct 29, 2014",POR vs. OKC,W,34,5,12,0.417,2,5,0.4,4,4,1.0,0,5,5,6,1,1,2,2,16,7,1
22013,201587,0021301228,"Apr 16, 2014",POR vs. LAC,W,12,3,6,0.5,0,2,0.0,1,2,0.5,1,3,4,4,0,0,2,0,7,8,1
22013,201587,0021301201,"Apr 13, 2014",POR vs. GSW,W,44,7,9,0.778,3,5,0.6,1,5,0.2,0,12,12,5,1,1,3,0,18,-5,1
22013,201587,0021301187,"Apr 11, 2014",POR @ UTA,W,35,6,11,0.545,1,4,0.25,2,2,1.0,0,7,7,7,2,1,0,2,15,11,1
22013,201587,0021301172,"Apr 09, 2014",POR vs. SAC,W,37,5,8,0.625,1,3,0.333,0,0,0.0,0,1,1,6,0,1,4,3,11,-11,1
22013,201587,0021301157,"Apr 06, 2014",POR vs. NOP,W,39,7,12,0.583,2,7,0.286,0,0,0.0,2,10,12,4,1,1,1,1,16,0,1
22013,201587,0021301140,"Apr 04, 2014",POR vs. PHX,L,38,6,12,0.5,1,6,0.167,0,0,0.0,1,10,11,6,0,2,2,3,13,-8,1
22013,201587,0021301113,"Apr 01, 2014",POR @ LAL,W,36,6,13,0.462,4,5,0.8,0,0,0.0,2,3,5,7,2,0,1,2,16,18,1
22013,201587,0021301099,"Mar 30, 2014",POR vs. MEM,W,36,5,11,0.455,0,2,0.0,0,0,0.0,0,5,5,6,0,0,1,3,10,2,1
22013,201587,0021301080,"Mar 28, 2014",POR @ CHI,W,35,4,10,0.4,4,7,0.571,1,2,0.5,2,5,7,4,0,1,2,1,13,20,1
22013,201587,0021301071,"Mar 27, 2014",POR @ ATL,W,37,5,10,0.5,2,6,0.333,0,0,0.0,2,5,7,3,1,2,1,1,12,16,1
22013,201587,0021301058,"Mar 25, 2014",POR @ ORL,L,35,3,9,0.333,0,3,0.0,0,0,0.0,1,8,9,3,1,1,6,2,6,-8,1
22013,201587,0021301049,"Mar 24, 2014",POR @ MIA,L,40,4,8,0.5,3,7,0.429,0,0,0.0,2,8,10,3,1,0,5,2,11,-2,1
22013,201587,0021301032,"Mar 22, 2014",POR @ CHA,L,30,2,5,0.4,2,4,0.5,0,0,0.0,0,6,6,6,1,1,0,4,6,-20,1
22013,201587,0021301020,"Mar 20, 2014",POR vs. WAS,W,34,5,9,0.556,2,5,0.4,0,0,0.0,4,10,14,5,0,0,1,0,12,11,1
22013,201587,0021301005,"Mar 18, 2014",POR vs. MIL,W,44,7,15,0.467,3,7,0.429,4,4,1.0,1,8,9,9,0,0,1,0,21,3,1
22013,201587,0021300994,"Mar 16, 2014",POR vs. GSW,L,43,7,13,0.538,5,9,0.556,4,5,0.8,3,11,14,5,3,1,4,0,23,0,1
22013,201587,0021300977,"Mar 14, 2014",POR @ NOP,W,45,8,16,0.5,4,8,0.5,2,2,1.0,3,15,18,5,1,0,4,3,22,14,1
22013,201587,0021300965,"Mar 12, 2014",POR @ SAS,L,38,4,11,0.364,1,4,0.25,4,5,0.8,4,10,14,2,1,0,1,3,13,-1,1
22013,201587,0021300953,"Mar 11, 2014",POR @ MEM,L,38,5,13,0.385,3,5,0.6,2,4,0.5,1,7,8,1,0,0,0,0,15,-11,1
22013,201587,0021300939,"Mar 09, 2014",POR @ HOU,L,43,4,10,0.4,0,3,0.0,0,0,0.0,5,7,12,6,1,2,7,4,8,-7,1
22013,201587,0021300924,"Mar 07, 2014",POR @ DAL,L,39,3,8,0.375,1,5,0.2,2,2,1.0,2,3,5,5,0,2,3,3,9,0,1
22013,201587,0021300913,"Mar 05, 2014",POR vs. ATL,W,29,5,9,0.556,3,5,0.6,1,2,0.5,1,17,18,1,0,0,4,1,14,22,1
22013,201587,0021300896,"Mar 03, 2014",POR vs. LAL,L,38,6,14,0.429,2,5,0.4,3,5,0.6,5,10,15,5,2,1,5,1,17,-1,1
22013,201587,0021300880,"Mar 01, 2014",POR vs. DEN,W,36,3,10,0.3,1,5,0.2,2,2,1.0,1,15,16,6,1,0,4,4,9,6,2
22013,201587,0021300861,"Feb 26, 2014",POR vs. BKN,W,29,6,12,0.5,1,4,0.25,6,6,1.0,0,6,6,6,2,0,1,2,19,16,1
22013,201587,0021300850,"Feb 25, 2014",POR @ DEN,W,39,4,6,0.667,3,4,0.75,5,6,0.833,0,6,6,3,0,2,1,1,16,15,1
22013,201587,0021300840,"Feb 23, 2014",POR vs. MIN,W,36,9,15,0.6,3,6,0.5,1,1,1.0,1,9,10,4,1,3,3,3,22,11,1
22013,201587,0021300823,"Feb 21, 2014",POR vs. UTA,W,25,1,4,0.25,1,3,0.333,0,0,0.0,0,3,3,3,0,1,1,2,3,12,1
22013,201587,0021300809,"Feb 19, 2014",POR vs. SAS,L,40,2,8,0.25,1,3,0.333,3,4,0.75,0,5,5,5,1,2,4,3,8,-10,1
22013,201587,0021300789,"Feb 12, 2014",POR @ LAC,L,37,5,10,0.5,1,6,0.167,2,2,1.0,0,7,7,7,0,0,5,3,13,-2,1
22013,201587,0021300775,"Feb 11, 2014",POR vs. OKC,L,38,5,8,0.625,3,5,0.6,5,5,1.0,0,1,1,4,0,0,1,3,18,3,1
22013,201587,0021300752,"Feb 08, 2014",POR @ MIN,W,34,6,12,0.5,0,4,0.0,3,4,0.75,0,5,5,4,1,0,4,3,15,-10,1
22013,201587,0021300739,"Feb 07, 2014",POR @ IND,L,45,1,8,0.125,0,3,0.0,2,2,1.0,2,4,6,4,2,2,4,2,4,0,1
22013,201587,0021300728,"Feb 05, 2014",POR @ NYK,W,38,9,14,0.643,2,5,0.4,0,0,0.0,3,7,10,3,1,0,4,3,20,3,1
22013,201587,0021300711,"Feb 03, 2014",POR @ WAS,L,36,6,12,0.5,2,5,0.4,4,4,1.0,1,3,4,3,1,0,5,1,18,-9,1
22013,201587,0021300707,"Feb 01, 2014",POR vs. TOR,W,35,5,10,0.5,1,4,0.25,7,8,0.875,2,3,5,4,1,1,4,1,18,-5,1
22013,201587,0021300672,"Jan 28, 2014",POR vs. MEM,L,39,4,11,0.364,0,4,0.0,2,3,0.667,0,6,6,4,1,0,2,0,10,-11,1
22013,201587,0021300660,"Jan 26, 2014",POR @ GSW,L,31,1,4,0.25,0,1,0.0,3,4,0.75,1,2,3,3,1,0,0,1,5,-26,1
22013,201587,0021300653,"Jan 25, 2014",POR vs. MIN,W,35,5,10,0.5,0,3,0.0,3,4,0.75,1,7,8,5,1,0,1,3,13,-5,1
22013,201587,0021300632,"Jan 23, 2014",POR vs. DEN,W,38,1,5,0.2,0,3,0.0,4,4,1.0,1,6,7,10,2,0,2,0,6,-3,1
22013,201587,0021300619,"Jan 21, 2014",POR @ OKC,L,35,1,4,0.25,1,2,0.5,0,0,0.0,2,3,5,2,2,2,2,2,3,-16,1
22013,201587,0021300614,"Jan 20, 2014",POR @ HOU,L,34,2,6,0.333,1,3,0.333,1,3,0.333,2,1,3,7,2,0,2,5,6,-8,1
22013,201587,0021300600,"Jan 18, 2014",POR @ DAL,W,33,8,11,0.727,3,6,0.5,2,3,0.667,0,7,7,1,0,0,1,0,21,36,1
22013,201587,0021300589,"Jan 17, 2014",POR @ SAS,W,37,3,6,0.5,1,2,0.5,2,3,0.667,1,8,9,7,0,1,0,0,9,13,1
22013,201587,0021300575,"Jan 15, 2014",POR vs. CLE,W,36,3,5,0.6,0,2,0.0,1,1,1.0,4,5,9,6,1,1,2,1,7,17,1
22013,201587,0021300551,"Jan 11, 2014",POR vs. BOS,W,37,6,14,0.429,2,5,0.4,2,2,1.0,2,5,7,7,1,1,4,0,16,4,1
22013,201587,0021300527,"Jan 08, 2014",POR vs. ORL,W,34,6,14,0.429,2,6,0.333,0,0,0.0,1,9,10,14,1,1,2,3,14,19,1
22013,201587,0021300519,"Jan 07, 2014",POR @ SAC,L,39,3,7,0.429,0,2,0.0,5,6,0.833,1,10,11,5,0,0,4,4,11,8,1
22013,201587,0021300496,"Jan 04, 2014",POR vs. PHI,L,37,1,9,0.111,0,4,0.0,2,2,1.0,3,7,10,10,1,1,4,6,4,-6,1
22013,201587,0021300480,"Jan 02, 2014",POR vs. CHA,W,28,3,6,0.5,2,3,0.667,0,0,0.0,1,6,7,7,0,1,0,1,8,15,1
22013,201587,0021300466,"Dec 31, 2013",POR @ OKC,W,38,6,15,0.4,1,7,0.143,2,2,1.0,2,1,3,3,2,0,3,4,15,12,1
22013,201587,0021300456,"Dec 30, 2013",POR @ NOP,L,39,3,9,0.333,1,7,0.143,1,2,0.5,1,6,7,6,0,0,3,0,8,-6,1
22013,201587,0021300446,"Dec 28, 2013",POR vs. MIA,L,36,2,6,0.333,1,4,0.25,6,7,0.857,0,6,6,9,1,3,1,0,11,-9,1
22013,201587,0021300426,"Dec 26, 2013",POR vs. LAC,W,41,6,11,0.545,2,6,0.333,5,5,1.0,2,5,7,3,1,1,5,0,19,-5,1
22013,201587,0021300401,"Dec 21, 2013",POR vs. NOP,W,35,4,10,0.4,1,7,0.143,2,2,1.0,1,7,8,7,0,0,0,2,11,-2,1
22013,201587,0021300376,"Dec 18, 2013",POR @ MIN,L,39,7,15,0.467,3,8,0.375,3,3,1.0,2,4,6,3,0,2,5,4,20,2,1
22013,201587,0021300365,"Dec 17, 2013",POR @ CLE,W,37,3,13,0.231,2,8,0.25,6,6,1.0,0,9,9,2,0,1,3,1,14,5,1
22013,201587,0021300352,"Dec 15, 2013",POR @ DET,W,44,7,13,0.538,3,7,0.429,1,2,0.5,2,3,5,5,2,0,2,4,18,18,1
22013,201587,0021300347,"Dec 14, 2013",POR @ PHI,W,27,6,10,0.6,3,7,0.429,2,2,1.0,1,4,5,9,0,0,1,0,17,21,1
22013,201587,0021300328,"Dec 12, 2013",POR vs. HOU,W,38,5,11,0.455,2,6,0.333,3,4,0.75,2,4,6,6,0,2,4,1,15,7,1
22013,201587,0021300308,"Dec 09, 2013",POR @ UTA,W,33,3,5,0.6,1,2,0.5,0,0,0.0,0,8,8,11,1,1,2,1,7,20,1
22013,201587,0021300298,"Dec 07, 2013",POR vs. DAL,L,37,8,17,0.471,4,10,0.4,2,4,0.5,2,3,5,6,1,1,5,0,22,0,1
22013,201587,0021300288,"Dec 06, 2013",POR vs. UTA,W,28,5,6,0.833,3,3,1.0,0,0,0.0,2,5,7,3,1,0,4,1,13,44,1
22013,201587,0021300276,"Dec 04, 2013",POR vs. OKC,W,35,6,10,0.6,2,5,0.4,0,0,0.0,0,6,6,3,2,1,3,2,14,7,1
22013,201587,0021300260,"Dec 02, 2013",POR vs. IND,W,36,2,5,0.4,1,2,0.5,3,4,0.75,1,4,5,3,0,0,2,5,8,-3,1
22013,201587,0021300255,"Dec 01, 2013",POR @ LAL,W,36,4,9,0.444,1,5,0.2,0,1,0.0,2,7,9,9,1,0,1,1,9,22,1
22013,201587,0021300226,"Nov 27, 2013",POR @ PHX,L,34,5,13,0.385,1,6,0.167,4,5,0.8,2,2,4,5,2,0,2,1,15,-10,1
22013,201587,0021300210,"Nov 25, 2013",POR vs. NYK,W,39,8,12,0.667,3,5,0.6,4,5,0.8,3,4,7,6,1,1,1,1,23,2,1
22013,201587,0021300196,"Nov 23, 2013",POR @ GSW,W,40,5,9,0.556,2,4,0.5,2,2,1.0,0,3,3,4,2,0,4,4,14,16,1
22013,201587,0021300185,"Nov 22, 2013",POR vs. CHI,W,39,5,12,0.417,3,7,0.429,4,4,1.0,0,8,8,3,5,1,2,2,17,2,1
22013,201587,0021300167,"Nov 20, 2013",POR @ MIL,W,35,3,6,0.5,2,4,0.5,0,2,0.0,1,7,8,8,2,1,1,2,8,17,1
22013,201587,0021300150,"Nov 18, 2013",POR @ BKN,W,34,2,5,0.4,1,2,0.5,2,2,1.0,0,6,6,1,1,0,4,2,7,-3,1
22013,201587,0021300147,"Nov 17, 2013",POR @ TOR,W,41,8,15,0.533,5,8,0.625,3,3,1.0,1,5,6,4,1,2,3,3,24,7,1
22013,201587,0021300128,"Nov 15, 2013",POR @ BOS,W,34,6,15,0.4,4,10,0.4,2,2,1.0,1,4,5,6,2,0,0,2,18,23,1
22013,201587,0021300120,"Nov 13, 2013",POR vs. PHX,W,30,3,10,0.3,1,5,0.2,2,2,1.0,1,2,3,0,0,0,3,1,9,-2,1
22013,201587,0021300105,"Nov 11, 2013",POR vs. DET,W,31,5,11,0.455,1,5,0.2,1,2,0.5,2,1,3,8,1,0,2,3,12,4,1
22013,201587,0021300093,"Nov 09, 2013",POR @ SAC,W,37,4,9,0.444,2,4,0.5,2,2,1.0,2,5,7,5,0,0,2,3,12,18,1
22013,201587,0021300084,"Nov 08, 2013",POR vs. SAC,W,34,5,10,0.5,3,6,0.5,1,2,0.5,3,4,7,8,0,0,2,2,14,14,1
22013,201587,0021300058,"Nov 05, 2013",POR vs. HOU,L,37,4,10,0.4,1,5,0.2,4,4,1.0,2,1,3,4,3,1,3,2,13,-14,1
22013,201587,0021300039,"Nov 02, 2013",POR vs. SAS,W,36,4,11,0.364,1,4,0.25,2,3,0.667,4,8,12,11,0,1,4,2,11,5,1
22013,201587,0021300029,"Nov 01, 2013",POR @ DEN,W,35,8,14,0.571,5,8,0.625,0,0,0.0,0,5,5,3,0,1,2,2,21,15,1
22013,201587,0021300015,"Oct 30, 2013",POR @ PHX,L,37,3,9,0.333,1,5,0.2,0,0,0.0,2,11,13,4,1,1,4,2,7,-15,1
22012,201587,0021201106,"Apr 01, 2013",POR @ UTA,L,29,4,7,0.571,2,4,0.5,0,0,0.0,0,0,0,4,0,0,3,2,10,-21,1
22012,201587,0021201094,"Mar 30, 2013",POR @ GSW,L,37,2,10,0.2,2,8,0.25,2,2,1.0,1,2,3,9,1,0,2,2,8,-12,1
22012,201587,0021201084,"Mar 29, 2013",POR vs. UTA,L,40,4,6,0.667,3,4,0.75,6,7,0.857,0,2,2,4,0,1,4,4,17,-4,1
22012,201587,0021201070,"Mar 27, 2013",POR vs. BKN,L,30,2,10,0.2,2,5,0.4,0,0,0.0,1,3,4,6,0,1,0,4,6,-27,0
22012,201587,0021201043,"Mar 24, 2013",POR @ OKC,L,37,4,11,0.364,2,6,0.333,3,4,0.75,2,6,8,8,0,2,1,3,13,-16,1
22012,201587,0021201025,"Mar 22, 2013",POR @ ATL,W,39,2,5,0.4,1,3,0.333,0,0,0.0,0,7,7,7,4,0,3,2,5,14,1
22012,201587,0021201019,"Mar 21, 2013",POR @ CHI,W,39,3,12,0.25,3,7,0.429,2,2,1.0,2,4,6,6,3,2,2,2,11,22,1
22012,201587,0021201005,"Mar 19, 2013",POR @ MIL,L,41,6,12,0.5,3,7,0.429,0,0,0.0,0,3,3,4,2,0,0,2,15,-3,1
22012,201587,0021200993,"Mar 18, 2013",POR @ PHI,L,39,3,9,0.333,3,8,0.375,0,0,0.0,0,3,3,4,0,2,2,0,9,0,1
22012,201587,0021200984,"Mar 16, 2013",POR vs. DET,W,38,7,14,0.5,3,7,0.429,0,0,0.0,2,3,5,6,0,3,1,3,17,6,1
22012,201587,0021200968,"Mar 14, 2013",POR vs. NYK,W,39,6,10,0.6,4,7,0.571,0,1,0.0,1,3,4,6,2,1,3,4,16,24,1
22012,201587,0021200955,"Mar 12, 2013",POR vs. MEM,L,41,0,5,0.0,0,3,0.0,4,4,1.0,1,9,10,2,2,2,3,4,4,6,1
22012,201587,0021200939,"Mar 10, 2013",POR @ NOH,L,40,3,8,0.375,2,6,0.333,3,3,1.0,1,1,2,3,1,0,0,2,11,-8,1
22012,201587,0021200923,"Mar 08, 2013",POR @ SAS,W,38,1,5,0.2,0,3,0.0,0,0,0.0,1,7,8,5,0,2,0,4,2,16,1
22012,201587,0021200905,"Mar 06, 2013",POR @ MEM,L,37,4,10,0.4,1,4,0.25,1,3,0.333,1,3,4,3,0,0,1,1,10,-2,1
22012,201587,0021200894,"Mar 04, 2013",POR vs. CHA,W,37,8,11,0.727,4,6,0.667,0,0,0.0,2,2,4,5,0,1,1,0,20,13,1
22012,201587,0021200879,"Mar 02, 2013",POR vs. MIN,W,35,4,12,0.333,2,7,0.286,2,2,1.0,2,5,7,3,2,3,1,3,12,13,1
22012,201587,0021200860,"Feb 27, 2013",POR vs. DEN,L,40,4,9,0.444,2,4,0.5,0,0,0.0,0,6,6,9,5,3,4,3,10,9,1
22012,201587,0021200837,"Feb 24, 2013",POR vs. BOS,W,40,6,14,0.429,2,6,0.333,4,5,0.8,2,4,6,3,0,0,3,2,18,5,1
22012,201587,0021200821,"Feb 22, 2013",POR @ LAL,L,38,9,14,0.643,2,5,0.4,2,3,0.667,1,7,8,4,3,0,2,2,22,-1,1
22012,201587,0021200797,"Feb 19, 2013",POR vs. PHX,L,41,5,14,0.357,2,4,0.5,3,4,0.75,3,2,5,5,1,0,2,1,15,-4,1
22012,201587,0021200783,"Feb 13, 2013",POR @ NOH,L,31,1,10,0.1,1,6,0.167,0,0,0.0,1,3,4,6,0,2,0,1,3,-17,1
22012,201587,0021200770,"Feb 12, 2013",POR @ MIA,L,39,2,5,0.4,1,3,0.333,0,0,0.0,0,2,2,4,0,2,5,3,5,-23,1
22012,201587,0021200756,"Feb 10, 2013",POR @ ORL,L,39,6,12,0.5,4,6,0.667,3,3,1.0,1,7,8,6,0,1,5,0,19,-14,1
22012,201587,0021200743,"Feb 08, 2013",POR @ HOU,L,37,7,12,0.583,4,8,0.5,6,6,1.0,1,1,2,3,0,3,3,0,24,-14,1
22012,201587,0021200730,"Feb 06, 2013",POR @ DAL,L,41,3,8,0.375,1,5,0.2,2,2,1.0,1,5,6,6,1,0,1,3,9,5,0
22012,201587,0021200713,"Feb 04, 2013",POR @ MIN,W,35,2,4,0.5,0,1,0.0,0,0,0.0,0,3,3,2,0,2,7,1,4,-23,1
22012,201587,0021200703,"Feb 02, 2013",POR vs. UTA,W,39,4,7,0.571,2,4,0.5,2,3,0.667,1,9,10,9,0,1,4,3,12,6,1
22012,201587,0021200693,"Feb 01, 2013",POR @ UTA,L,38,2,7,0.286,1,1,1.0,0,0,0.0,2,4,6,3,2,3,3,3,5,-10,1
22012,201587,0021200668,"Jan 29, 2013",POR vs. DAL,W,40,4,14,0.286,2,5,0.4,0,2,0.0,2,2,4,6,0,1,1,0,10,1,1
22012,201587,0021200658,"Jan 27, 2013",POR @ LAC,L,35,3,5,0.6,0,0,0.0,2,3,0.667,1,5,6,8,0,0,4,1,8,-15,1
22012,201587,0021200651,"Jan 26, 2013",POR vs. LAC,W,41,7,15,0.467,4,9,0.444,2,2,1.0,3,7,10,12,1,1,5,1,20,0,1
22012,201587,0021200627,"Jan 23, 2013",POR vs. IND,W,36,4,10,0.4,2,5,0.4,0,0,0.0,0,5,5,8,1,1,4,2,10,4,1
22012,201587,0021200613,"Jan 21, 2013",POR vs. WAS,L,41,5,10,0.5,0,3,0.0,2,2,1.0,3,7,10,11,3,2,2,3,12,2,1
22012,201587,0021200599,"Jan 19, 2013",POR vs. MIL,L,39,2,9,0.222,1,2,0.5,2,2,1.0,3,4,7,5,1,0,4,2,7,-10,1
22012,201587,0021200578,"Jan 16, 2013",POR vs. CLE,L,38,8,17,0.471,3,9,0.333,4,5,0.8,3,9,12,2,1,0,9,5,23,1,1
22012,201587,0021200568,"Jan 15, 2013",POR @ DEN,L,45,8,17,0.471,2,9,0.222,4,6,0.667,2,5,7,7,2,0,3,2,22,4,1
22012,201587,0021200554,"Jan 13, 2013",POR vs. OKC,L,44,6,17,0.353,3,8,0.375,6,6,1.0,2,5,7,2,1,1,3,4,21,-7,1
22012,201587,0021200540,"Jan 11, 2013",POR @ GSW,L,43,5,11,0.455,3,7,0.429,3,4,0.75,3,6,9,1,1,0,4,0,16,-1,1
22012,201587,0021200529,"Jan 10, 2013",POR vs. MIA,W,42,8,15,0.533,3,9,0.333,9,11,0.818,3,4,7,5,2,1,2,2,28,2,1
22012,201587,0021200510,"Jan 07, 2013",POR vs. ORL,W,45,5,14,0.357,2,5,0.4,4,4,1.0,0,4,4,10,1,1,2,1,16,13,1
22012,201587,0021200494,"Jan 05, 2013",POR @ MIN,W,38,9,11,0.818,5,6,0.833,3,3,1.0,0,5,5,3,0,3,1,1,26,1,1
22012,201587,0021200484,"Jan 04, 2013",POR @ MEM,W,40,4,11,0.364,3,8,0.375,0,0,0.0,2,3,5,4,3,0,3,1,11,7,1
22012,201587,0021200464,"Jan 02, 2013",POR @ TOR,L,35,4,12,0.333,0,6,0.0,2,2,1.0,1,3,4,4,0,1,0,0,10,-15,1
22012,201587,0021200459,"Jan 01, 2013",POR @ NYK,W,40,7,13,0.538,6,12,0.5,6,7,0.857,1,3,4,6,1,0,3,1,26,-6,1
22012,201587,0021200446,"Dec 29, 2012",POR vs. PHI,W,43,6,17,0.353,3,7,0.429,7,8,0.875,1,6,7,8,1,2,1,1,22,-1,1
22012,201587,0021200435,"Dec 28, 2012",POR @ LAL,L,34,5,11,0.455,0,5,0.0,0,0,0.0,2,3,5,8,0,1,1,2,10,-22,1
22012,201587,0021200422,"Dec 26, 2012",POR vs. SAC,W,38,6,11,0.545,2,5,0.4,4,4,1.0,1,5,6,5,1,1,6,2,18,16,1
22012,201587,0021200404,"Dec 23, 2012",POR @ SAC,L,38,4,12,0.333,2,8,0.25,7,7,1.0,1,2,3,8,1,1,3,2,17,2,1
22012,201587,0021200397,"Dec 22, 2012",POR vs. PHX,W,42,4,12,0.333,2,9,0.222,3,3,1.0,2,7,9,8,2,0,7,0,13,8,1
22012,201587,0021200379,"Dec 20, 2012",POR vs. DEN,W,40,7,15,0.467,5,9,0.556,3,3,1.0,2,4,6,3,1,2,1,3,22,11,1
22012,201587,0021200349,"Dec 16, 2012",POR vs. NOH,W,42,4,11,0.364,3,9,0.333,0,0,0.0,0,5,5,10,5,5,2,3,11,1,1
22012,201587,0021200324,"Dec 13, 2012",POR vs. SAS,W,38,4,11,0.364,1,6,0.167,2,2,1.0,0,3,3,8,0,2,2,1,11,10,1
22012,201587,0021200291,"Dec 08, 2012",POR vs. SAC,L,17,1,5,0.2,1,5,0.2,2,2,1.0,0,2,2,2,1,0,4,1,5,-13,1
22012,201587,0021200258,"Dec 05, 2012",POR @ IND,L,29,2,8,0.25,1,5,0.2,0,0,0.0,0,0,0,4,1,0,2,1,5,-10,1
22012,201587,0021200245,"Dec 03, 2012",POR @ CHA,W,45,5,14,0.357,3,9,0.333,4,4,1.0,2,11,13,7,1,1,2,1,17,8,1
22012,201587,0021200234,"Dec 01, 2012",POR @ CLE,W,46,7,15,0.467,3,4,0.75,5,6,0.833,3,4,7,0,2,2,1,5,22,16,1
22012,201587,0021200225,"Nov 30, 2012",POR @ BOS,L,33,2,11,0.182,1,6,0.167,4,5,0.8,2,3,5,3,2,1,3,0,9,-9,1
22012,201587,0021200209,"Nov 28, 2012",POR @ WAS,L,45,6,15,0.4,5,10,0.5,3,4,0.75,1,3,4,2,3,1,2,1,20,2,1
22012,201587,0021200198,"Nov 26, 2012",POR @ DET,L,38,2,9,0.222,1,3,0.333,2,2,1.0,1,9,10,2,1,0,2,3,7,-10,1
22012,201587,0021200193,"Nov 25, 2012",POR @ BKN,L,38,5,13,0.385,1,5,0.2,1,1,1.0,0,5,5,3,0,1,1,0,12,-17,1
22012,201587,0021200182,"Nov 23, 2012",POR vs. MIN,W,36,3,10,0.3,1,7,0.143,2,2,1.0,2,2,4,5,0,2,4,2,9,1,1
22012,201587,0021200168,"Nov 21, 2012",POR @ PHX,L,33,5,10,0.5,1,5,0.2,2,2,1.0,3,2,5,4,1,0,3,2,13,-17,1
22012,201587,0021200145,"Nov 18, 2012",POR vs. CHI,W,38,6,13,0.462,5,10,0.5,4,4,1.0,0,4,4,2,0,0,4,0,21,-1,1
22012,201587,0021200129,"Nov 16, 2012",POR vs. HOU,W,47,13,19,0.684,5,8,0.625,4,5,0.8,2,4,6,4,1,5,7,3,35,10,1
22012,201587,0021200107,"Nov 13, 2012",POR @ SAC,W,33,6,13,0.462,2,8,0.25,1,2,0.5,2,5,7,5,3,1,2,0,15,23,1
22012,201587,0021200102,"Nov 12, 2012",POR vs. ATL,L,40,8,17,0.471,3,8,0.375,0,0,0.0,2,5,7,1,1,0,4,2,19,-6,1
22012,201587,0021200088,"Nov 10, 2012",POR vs. SAS,L,39,11,18,0.611,5,7,0.714,6,6,1.0,1,6,7,4,2,1,3,4,33,-8,1
22012,201587,0021200067,"Nov 08, 2012",POR vs. LAC,L,40,6,18,0.333,3,10,0.3,8,12,0.667,1,8,9,5,3,1,2,3,23,-4,1
22012,201587,0021200046,"Nov 05, 2012",POR @ DAL,L,36,6,13,0.462,0,5,0.0,2,2,1.0,2,3,5,3,1,1,1,0,14,-15,1
22012,201587,0021200032,"Nov 03, 2012",POR @ HOU,W,45,5,11,0.455,4,6,0.667,3,4,0.75,1,8,9,4,6,2,2,1,17,14,1
22012,201587,0021200022,"Nov 02, 2012",POR @ OKC,L,37,1,11,0.091,1,5,0.2,0,0,0.0,0,1,1,2,1,0,1,4,3,-17,1
22012,201587,0021200012,"Oct 31, 2012",POR vs. LAL,W,40,9,16,0.563,3,9,0.333,5,7,0.714,4,2,6,1,3,1,1,2,26,0,1
22011,201587,0021100930,"Apr 18, 2012",POR vs. UTA,L,15,1,6,0.167,0,1,0.0,0,0,0.0,0,2,2,3,2,0,2,0,2,-18,0
22011,201587,0021100899,"Apr 15, 2012",POR @ SAC,L,36,6,11,0.545,2,5,0.4,0,0,0.0,1,3,4,3,0,1,2,2,14,3,0
22011,201587,0021100885,"Apr 13, 2012",POR vs. DAL,L,36,7,12,0.583,3,7,0.429,3,5,0.6,1,7,8,3,2,1,1,3,20,5,0
22011,201587,0021100868,"Apr 11, 2012",POR vs. GSW,W,32,5,12,0.417,4,9,0.444,0,0,0.0,1,4,5,0,2,2,1,2,14,8,0
22011,201587,0021100831,"Apr 07, 2012",POR @ MIL,L,27,4,8,0.5,1,5,0.2,0,0,0.0,0,2,2,1,0,0,0,1,9,-11,0
22011,201587,0021100821,"Apr 06, 2012",POR @ DAL,W,40,3,9,0.333,0,3,0.0,0,0,0.0,1,8,9,5,0,0,1,0,6,20,0
22011,201587,0021100809,"Apr 04, 2012",POR vs. NJN,W,37,7,14,0.5,4,8,0.5,2,2,1.0,2,8,10,2,2,0,2,0,20,18,0
22011,201587,0021100790,"Apr 02, 2012",POR vs. UTA,L,44,6,17,0.353,4,9,0.444,0,0,0.0,1,9,10,2,2,3,2,3,16,-9,0
22011,201587,0021100783,"Apr 01, 2012",POR vs. MIN,W,34,7,15,0.467,4,9,0.444,6,7,0.857,1,4,5,0,0,2,1,3,24,6,0
22011,201587,0021100767,"Mar 30, 2012",POR @ LAC,L,38,7,13,0.538,2,5,0.4,2,2,1.0,1,5,6,2,1,0,2,2,18,-2,0
22011,201587,0021100755,"Mar 29, 2012",POR vs. NOH,W,30,5,11,0.455,3,7,0.429,1,1,1.0,1,3,4,3,0,2,2,2,14,6,0
22011,201587,0021100741,"Mar 27, 2012",POR vs. OKC,L,31,4,11,0.364,1,3,0.333,4,4,1.0,1,0,1,1,0,1,1,2,13,-12,0
22011,201587,0021100725,"Mar 25, 2012",POR vs. GSW,W,36,7,16,0.438,2,6,0.333,1,1,1.0,3,5,8,3,1,3,1,1,17,15,0
22011,201587,0021100709,"Mar 23, 2012",POR @ LAL,L,33,3,9,0.333,1,5,0.2,2,2,1.0,1,2,3,1,2,0,0,0,9,-12,0
22011,201587,0021100698,"Mar 22, 2012",POR vs. MEM,W,35,9,15,0.6,4,8,0.5,2,2,1.0,1,1,2,2,0,1,3,2,24,4,0
22011,201587,0021100682,"Mar 20, 2012",POR vs. MIL,L,34,4,14,0.286,0,4,0.0,4,4,1.0,0,5,5,1,1,0,1,1,12,-11,0
22011,201587,0021100668,"Mar 18, 2012",POR @ OKC,L,40,3,7,0.429,0,3,0.0,0,0,0.0,2,4,6,2,0,0,2,1,6,-10,0
22011,201587,0021100647,"Mar 16, 2012",POR @ CHI,W,33,6,11,0.545,3,4,0.75,0,0,0.0,0,9,9,3,2,0,1,1,15,6,0
22011,201587,0021100628,"Mar 14, 2012",POR @ NYK,L,33,3,9,0.333,1,3,0.333,2,4,0.5,2,1,3,1,1,1,3,1,9,-39,0
22011,201587,0021100620,"Mar 13, 2012",POR @ IND,L,30,3,11,0.273,0,4,0.0,3,4,0.75,0,3,3,0,1,0,0,0,9,-15,0
22011,201587,0021100594,"Mar 10, 2012",POR @ WAS,W,28,5,10,0.5,1,4,0.25,0,0,0.0,0,0,0,1,0,1,2,3,11,8,0
22011,201587,0021100586,"Mar 09, 2012",POR @ BOS,L,26,3,8,0.375,1,2,0.5,2,2,1.0,2,3,5,0,0,0,4,1,9,-15,0
22011,201587,0021100577,"Mar 07, 2012",POR @ MIN,L,32,4,10,0.4,1,4,0.25,0,0,0.0,0,5,5,1,0,2,3,4,9,-8,0
22011,201587,0021100562,"Mar 05, 2012",POR vs. NOH,W,37,7,16,0.438,2,6,0.333,3,4,0.75,1,2,3,1,0,1,3,3,19,14,0
22011,201587,0021100545,"Mar 03, 2012",POR vs. MIN,L,40,9,17,0.529,3,7,0.429,8,8,1.0,1,2,3,0,2,1,2,2,29,-10,0
22011,201587,0021100527,"Mar 01, 2012",POR vs. MIA,L,31,6,11,0.545,1,3,0.333,4,6,0.667,3,2,5,2,3,2,2,2,17,-13,0
22011,201587,0021100521,"Feb 29, 2012",POR @ DEN,L,33,4,13,0.308,1,3,0.333,0,0,0.0,5,2,7,3,1,2,1,1,9,-12,0
22011,201587,0021100485,"Feb 21, 2012",POR vs. SAS,W,25,7,12,0.583,3,5,0.6,2,2,1.0,2,4,6,0,0,0,2,4,19,12,0
22011,201587,0021100479,"Feb 20, 2012",POR @ LAL,L,36,7,16,0.438,3,7,0.429,1,1,1.0,3,3,6,5,2,4,5,2,18,-9,0
22011,201587,0021100459,"Feb 18, 2012",POR vs. ATL,W,35,9,15,0.6,3,6,0.5,1,2,0.5,4,4,8,1,1,1,2,2,22,17,0
22011,201587,0021100444,"Feb 16, 2012",POR vs. LAC,L,39,8,16,0.5,2,4,0.5,1,2,0.5,2,4,6,0,0,1,2,2,19,-6,0
22011,201587,0021100440,"Feb 15, 2012",POR @ GSW,W,36,7,13,0.538,2,5,0.4,1,1,1.0,2,2,4,3,2,2,2,2,17,5,0
22011,201587,0021100427,"Feb 14, 2012",POR vs. WAS,L,42,12,24,0.5,3,8,0.375,6,6,1.0,2,2,4,1,1,1,2,1,33,-12,0
22011,201587,0021100405,"Feb 11, 2012",POR @ DAL,L,41,5,11,0.455,0,4,0.0,2,2,1.0,2,5,7,3,1,3,2,4,12,8,0
22011,201587,0021100397,"Feb 10, 2012",POR @ NOH,W,27,2,6,0.333,1,4,0.25,4,4,1.0,0,5,5,2,5,2,0,1,9,17,0
22011,201587,0021100383,"Feb 08, 2012",POR vs. HOU,L,25,3,5,0.6,2,3,0.667,2,2,1.0,1,1,2,1,0,1,2,4,10,-2,0
22011,201587,0021100366,"Feb 06, 2012",POR vs. OKC,L,32,5,15,0.333,1,6,0.167,2,4,0.5,2,1,3,1,3,1,0,2,13,-8,0
22011,201587,0021100354,"Feb 04, 2012",POR vs. DEN,W,25,11,19,0.579,9,15,0.6,2,3,0.667,0,0,0,0,3,1,1,1,33,19,0
22011,201587,0021100305,"Jan 30, 2012",POR @ UTA,L,31,5,9,0.556,4,5,0.8,1,2,0.5,0,3,3,2,1,1,3,3,15,-11,0
22011,201587,0021100283,"Jan 27, 2012",POR vs. PHX,W,27,4,11,0.364,1,5,0.2,5,6,0.833,4,1,5,1,1,0,3,0,14,16,0
22011,201587,0021100269,"Jan 25, 2012",POR @ GSW,L,23,5,8,0.625,0,1,0.0,6,7,0.857,1,2,3,1,1,2,0,3,16,2,0
22011,201587,0021100256,"Jan 24, 2012",POR vs. MEM,W,20,2,4,0.5,1,2,0.5,5,5,1.0,0,2,2,2,1,1,1,0,10,-12,0
22011,201587,0021100250,"Jan 23, 2012",POR vs. SAC,W,19,0,1,0.0,0,0,0.0,0,0,0.0,1,1,2,0,0,0,1,0,0,-8,0
22011,201587,0021100230,"Jan 21, 2012",POR @ DET,L,42,5,15,0.333,1,7,0.143,3,4,0.75,3,6,9,3,1,0,1,2,14,2,0
22011,201587,0021100216,"Jan 20, 2012",POR @ TOR,W,21,3,6,0.5,1,4,0.25,2,4,0.5,0,2,2,0,1,0,1,0,9,2,0
22011,201587,0021100208,"Jan 18, 2012",POR @ ATL,L,9,0,2,0.0,0,2,0.0,0,0,0.0,0,1,1,1,1,0,0,2,0,-2,0
22011,201587,0021100190,"Jan 16, 2012",POR @ NOH,W,32,6,11,0.545,2,5,0.4,5,6,0.833,0,6,6,0,1,0,0,2,19,-9,0
22011,201587,0021100176,"Jan 14, 2012",POR @ HOU,L,42,9,15,0.6,6,7,0.857,5,6,0.833,4,4,8,1,1,4,3,4,29,1,0
22011,201587,0021100166,"Jan 13, 2012",POR @ SAS,L,22,3,5,0.6,1,2,0.5,0,0,0.0,0,1,1,0,0,0,1,3,7,-30,0
22011,201587,0021100152,"Jan 11, 2012",POR vs. ORL,L,35,4,8,0.5,2,3,0.667,4,4,1.0,3,1,4,2,0,0,0,2,14,17,0
22011,201587,0021100140,"Jan 10, 2012",POR vs. LAC,W,16,2,5,0.4,0,1,0.0,5,5,1.0,0,1,1,0,0,0,0,1,9,4,0
22011,201587,0021100124,"Jan 08, 2012",POR vs. CLE,W,21,4,9,0.444,1,2,0.5,2,2,1.0,0,4,4,1,2,0,2,2,11,10,0
22011,201587,0021100108,"Jan 06, 2012",POR @ PHX,L,29,4,13,0.308,0,5,0.0,4,6,0.667,1,2,3,2,1,2,0,2,12,-10,0
22011,201587,0021100097,"Jan 05, 2012",POR vs. LAL,W,19,0,5,0.0,0,1,0.0,2,2,1.0,2,0,2,0,0,1,0,2,2,0,0
22011,201587,0021100079,"Jan 03, 2012",POR @ OKC,W,24,4,8,0.5,3,4,0.75,1,2,0.5,1,6,7,0,0,2,0,1,12,-1,0
22011,201587,0021100065,"Jan 01, 2012",POR @ LAC,L,26,6,10,0.6,2,3,0.667,1,2,0.5,2,6,8,2,1,0,3,2,15,8,0
22011,201587,0021100037,"Dec 29, 2011",POR vs. DEN,W,21,1,6,0.167,1,3,0.333,3,3,1.0,1,5,6,1,1,4,4,2,6,-6,0
22011,201587,0021100021,"Dec 27, 2011",POR vs. SAC,W,29,4,12,0.333,1,4,0.25,6,6,1.0,3,2,5,1,0,0,1,1,15,16,0
22011,201587,0021100016,"Dec 26, 2011",POR vs. PHI,W,21,4,10,0.4,2,4,0.5,0,0,0.0,3,2,5,1,0,0,1,3,10,-5,0
22010,201587,0021001214,"Apr 12, 2011",POR vs. MEM,W,33,4,14,0.286,1,5,0.2,7,8,0.875,2,3,5,0,1,2,2,1,16,8,0
22010,201587,0021001187,"Apr 08, 2011",POR vs. LAL,W,26,6,12,0.5,1,3,0.333,0,0,0.0,1,3,4,0,1,0,0,1,13,-15,0
22010,201587,0021001175,"Apr 07, 2011",POR @ UTA,W,35,9,13,0.692,2,3,0.667,1,1,1.0,1,2,3,0,2,1,2,4,21,12,0
22010,201587,0021001160,"Apr 05, 2011",POR vs. GSW,L,30,7,14,0.5,1,6,0.167,0,0,0.0,1,0,1,2,0,1,1,2,15,-13,0
22010,201587,0021001148,"Apr 03, 2011",POR vs. DAL,W,35,5,9,0.556,2,5,0.4,3,5,0.6,0,3,3,4,2,0,0,2,15,3,0
22010,201587,0021001130,"Apr 01, 2011",POR vs. OKC,W,34,8,14,0.571,2,7,0.286,1,1,1.0,3,3,6,1,0,1,0,1,19,6,0
22010,201587,0021001114,"Mar 30, 2011",POR @ NOH,L,23,0,7,0.0,0,2,0.0,2,2,1.0,0,1,1,0,0,1,2,3,2,-2,0
22010,201587,0021001099,"Mar 28, 2011",POR @ SAS,W,32,3,7,0.429,2,4,0.5,2,2,1.0,0,13,13,1,0,0,1,3,10,9,0
22010,201587,0021001092,"Mar 27, 2011",POR @ OKC,L,21,1,4,0.25,1,2,0.5,3,4,0.75,0,0,0,0,1,2,3,3,6,-23,0
22010,201587,0021001078,"Mar 25, 2011",POR vs. SAS,W,33,7,15,0.467,3,7,0.429,4,4,1.0,2,2,4,1,2,0,0,1,21,-1,0
22010,201587,0021001052,"Mar 22, 2011",POR vs. WAS,W,40,9,15,0.6,2,4,0.5,2,2,1.0,4,8,12,3,3,1,4,2,22,34,0
22010,201587,0021001043,"Mar 20, 2011",POR @ LAL,L,39,10,16,0.625,4,9,0.444,1,2,0.5,0,4,4,3,2,1,2,0,25,-3,0
22010,201587,0021001034,"Mar 19, 2011",POR vs. PHI,W,29,5,10,0.5,2,5,0.4,4,4,1.0,0,2,2,2,0,0,1,2,16,5,0
22010,201587,0021001016,"Mar 17, 2011",POR vs. CLE,W,33,5,12,0.417,2,5,0.4,2,2,1.0,1,3,4,5,1,0,0,2,14,25,0
22010,201587,0021001002,"Mar 15, 2011",POR vs. DAL,W,21,2,8,0.25,0,2,0.0,1,2,0.5,3,1,4,5,1,0,0,3,5,-3,0
22010,201587,0021000977,"Mar 12, 2011",POR @ ATL,L,17,2,8,0.25,0,2,0.0,1,1,1.0,0,2,2,0,0,1,1,2,5,-4,0
22010,201587,0021000967,"Mar 11, 2011",POR @ CHA,L,20,6,11,0.545,1,3,0.333,0,0,0.0,3,4,7,0,1,0,1,4,13,-2,0
22010,201587,0021000951,"Mar 08, 2011",POR @ MIA,W,22,4,5,0.8,0,1,0.0,3,3,1.0,1,3,4,1,2,0,2,1,11,3,0
22010,201587,0021000941,"Mar 07, 2011",POR @ ORL,W,22,4,8,0.5,1,5,0.2,0,0,0.0,0,2,2,2,0,0,0,0,9,4,0
22010,201587,0021000929,"Mar 05, 2011",POR vs. CHA,W,26,2,7,0.286,1,3,0.333,2,2,1.0,1,2,3,1,0,1,0,0,7,11,0
22010,201587,0021000910,"Mar 02, 2011",POR @ SAC,W,44,5,7,0.714,3,4,0.75,4,4,1.0,0,1,1,2,3,1,1,2,17,11,0
22010,201587,0021000901,"Mar 01, 2011",POR vs. HOU,L,37,7,12,0.583,3,6,0.5,5,5,1.0,0,4,4,0,0,0,1,3,22,-12,0
22010,201587,0021000888,"Feb 27, 2011",POR vs. ATL,L,36,4,9,0.444,1,6,0.167,0,0,0.0,0,2,2,0,1,0,1,3,9,-6,0
22010,201587,0021000872,"Feb 25, 2011",POR vs. DEN,W,37,3,9,0.333,2,5,0.4,0,1,0.0,0,8,8,1,2,1,4,4,8,0,0
22010,201587,0021000858,"Feb 23, 2011",POR vs. LAL,L,44,7,16,0.438,4,9,0.444,4,6,0.667,0,1,1,3,0,1,1,1,22,-7,0
22010,201587,0021000835,"Feb 16, 2011",POR vs. NOH,W,42,5,12,0.417,2,6,0.333,2,2,1.0,2,3,5,2,2,1,0,4,14,11,0
22010,201587,0021000816,"Feb 14, 2011",POR @ MIN,W,31,1,5,0.2,0,3,0.0,1,1,1.0,0,0,0,4,0,0,3,2,3,13,0
22010,201587,0021000807,"Feb 13, 2011",POR @ DET,W,40,2,9,0.222,1,5,0.2,2,2,1.0,0,6,6,2,0,1,0,3,7,8,0
22010,201587,0021000790,"Feb 11, 2011",POR @ TOR,W,40,3,7,0.429,1,4,0.25,0,0,0.0,2,5,7,4,0,4,1,1,7,1,0
22010,201587,0021000763,"Feb 07, 2011",POR vs. CHI,W,39,4,8,0.5,0,2,0.0,4,4,1.0,1,4,5,3,1,0,2,1,12,13,0
22010,201587,0021000747,"Feb 05, 2011",POR @ CLE,W,43,6,8,0.75,5,6,0.833,4,4,1.0,1,6,7,0,0,1,0,2,21,11,0
22010,201587,0021000734,"Feb 04, 2011",POR @ IND,L,37,4,10,0.4,2,6,0.333,4,4,1.0,1,3,4,2,1,1,1,1,14,-20,0
22010,201587,0021000726,"Feb 02, 2011",POR @ DEN,L,40,6,12,0.5,4,6,0.667,1,2,0.5,0,1,1,4,0,1,2,4,17,-13,0
22010,201587,0021000716,"Feb 01, 2011",POR vs. SAS,W,35,2,8,0.25,0,3,0.0,4,4,1.0,0,6,6,0,1,0,2,2,8,-4,0
22010,201587,0021000680,"Jan 27, 2011",POR vs. BOS,L,14,1,6,0.167,0,2,0.0,0,0,0.0,2,2,4,0,1,0,0,2,2,1,0
22010,201587,0021000661,"Jan 24, 2011",POR vs. SAC,L,41,6,12,0.5,2,4,0.5,2,2,1.0,3,6,9,1,0,0,2,2,16,-10,0
22010,201587,0021000650,"Jan 22, 2011",POR vs. IND,W,43,8,14,0.571,5,8,0.625,2,2,1.0,1,5,6,2,1,0,1,2,23,4,0
22010,201587,0021000628,"Jan 20, 2011",POR vs. LAC,W,35,4,8,0.5,2,4,0.5,0,0,0.0,1,3,4,1,1,2,1,3,10,13,0
22010,201587,0021000623,"Jan 19, 2011",POR @ SAC,W,43,9,16,0.563,2,5,0.4,4,4,1.0,0,6,6,3,2,1,0,2,24,15,0
22010,201587,0021000609,"Jan 17, 2011",POR vs. MIN,W,34,1,11,0.091,0,2,0.0,3,4,0.75,3,6,9,3,0,1,0,3,5,14,0
22010,201587,0021000595,"Jan 15, 2011",POR vs. NJN,W,37,9,15,0.6,2,6,0.333,3,3,1.0,2,4,6,0,0,0,0,2,23,11,0
22010,201587,0021000584,"Jan 14, 2011",POR @ PHX,L,39,6,10,0.6,2,4,0.5,4,5,0.8,2,2,4,4,0,0,1,4,18,-12,0
22010,201587,0021000559,"Jan 11, 2011",POR vs. NYK,L,41,5,14,0.357,1,4,0.25,2,2,1.0,2,2,4,0,1,1,1,3,13,-21,0
22010,201587,0021000549,"Jan 09, 2011",POR vs. MIA,L,43,9,16,0.563,1,5,0.2,3,3,1.0,1,3,4,0,0,1,1,3,22,-5,0
22010,201587,0021000531,"Jan 07, 2011",POR @ MIN,W,41,4,15,0.267,1,5,0.2,0,2,0.0,4,5,9,0,0,1,0,2,9,-4,0
22010,201587,0021000519,"Jan 05, 2011",POR @ HOU,W,38,4,9,0.444,2,3,0.667,0,0,0.0,0,2,2,4,0,0,0,5,10,9,0
22010,201587,0021000509,"Jan 04, 2011",POR @ DAL,L,35,5,12,0.417,1,6,0.167,2,2,1.0,3,4,7,2,2,1,1,2,13,0,0
22010,201587,0021000496,"Jan 02, 2011",POR vs. HOU,W,36,8,12,0.667,2,5,0.4,3,3,1.0,1,1,2,1,1,0,1,4,21,14,0
22010,201587,0021000475,"Dec 30, 2010",POR vs. UTA,W,34,3,7,0.429,1,2,0.5,2,2,1.0,1,2,3,0,0,1,1,4,9,10,0
22010,201587,0021000461,"Dec 28, 2010",POR @ DEN,L,37,6,11,0.545,1,4,0.25,1,2,0.5,1,4,5,2,2,1,2,2,14,-20,0
22010,201587,0021000452,"Dec 27, 2010",POR @ UTA,W,33,3,8,0.375,1,6,0.167,0,0,0.0,1,4,5,1,1,1,1,4,7,-2,0
22010,201587,0021000437,"Dec 25, 2010",POR @ GSW,L,35,8,14,0.571,2,6,0.333,0,0,0.0,7,3,10,4,1,0,0,2,18,-11,0
22010,201587,0021000412,"Dec 20, 2010",POR vs. MIL,W,32,3,8,0.375,1,4,0.25,3,3,1.0,1,3,4,3,1,0,3,3,10,17,0
22010,201587,0021000391,"Dec 17, 2010",POR vs. MIN,W,13,1,2,0.5,0,0,0.0,0,0,0.0,1,0,1,2,1,1,0,1,2,-4,0
22010,201587,0021000377,"Dec 15, 2010",POR @ DAL,L,26,5,10,0.5,1,3,0.333,0,1,0.0,4,2,6,2,0,1,0,3,11,1,0
22010,201587,0021000357,"Dec 13, 2010",POR @ MEM,L,9,0,2,0.0,0,1,0.0,0,0,0.0,0,0,0,0,0,0,0,0,0,-11,0
22010,201587,0021000353,"Dec 12, 2010",POR @ SAS,L,26,2,9,0.222,1,4,0.25,0,0,0.0,2,3,5,0,0,0,1,3,5,-13,0
22010,201587,0021000338,"Dec 10, 2010",POR @ PHX,W,20,0,7,0.0,0,3,0.0,0,0,0.0,0,1,1,0,0,0,0,3,0,-6,0
22010,201587,0021000329,"Dec 09, 2010",POR vs. ORL,W,27,5,8,0.625,0,1,0.0,5,7,0.714,2,8,10,3,1,0,1,2,15,8,0
22010,201587,0021000314,"Dec 07, 2010",POR vs. PHX,W,28,5,9,0.556,2,5,0.4,0,0,0.0,1,1,2,0,0,0,2,2,12,8,0
22010,201587,0021000301,"Dec 05, 2010",POR vs. LAC,W,30,4,12,0.333,1,3,0.333,4,4,1.0,5,9,14,0,1,0,3,2,13,10,0
22010,201587,0021000277,"Dec 03, 2010",POR @ WAS,L,25,4,10,0.4,3,7,0.429,0,0,0.0,3,3,6,1,1,0,0,4,11,-5,0
22010,201587,0021000264,"Dec 01, 2010",POR @ BOS,L,15,2,4,0.5,0,1,0.0,0,0,0.0,0,2,2,2,0,1,1,2,4,-9,0
22010,201587,0021000256,"Nov 30, 2010",POR @ PHI,L,13,0,4,0.0,0,2,0.0,2,2,1.0,1,1,2,0,0,0,2,0,2,-13,0
22010,201587,0021000246,"Nov 28, 2010",POR @ NJN,L,21,0,3,0.0,0,0,0.0,2,4,0.5,1,1,2,2,1,2,2,2,2,-6,0
22010,201587,0021000233,"Nov 26, 2010",POR vs. NOH,L,37,2,8,0.25,1,5,0.2,0,0,0.0,0,0,0,2,3,1,0,4,5,-17,0
22010,201587,0021000189,"Nov 20, 2010",POR vs. UTA,L,34,5,14,0.357,1,6,0.167,3,3,1.0,2,4,6,0,3,2,2,6,14,0,0
22010,201587,0021000170,"Nov 18, 2010",POR vs. DEN,W,39,5,14,0.357,2,7,0.286,2,4,0.5,2,4,6,4,2,1,0,3,14,-8,0
22010,201587,0021000154,"Nov 16, 2010",POR @ MEM,W,30,5,10,0.5,1,3,0.333,0,0,0.0,2,4,6,2,2,0,1,4,11,4,0
22010,201587,0021000136,"Nov 13, 2010",POR @ NOH,L,33,6,14,0.429,2,7,0.286,2,2,1.0,0,4,4,0,0,1,2,6,16,-12,0
22010,201587,0021000128,"Nov 12, 2010",POR @ OKC,L,32,8,14,0.571,2,3,0.667,3,3,1.0,1,5,6,2,0,0,3,3,21,-2,0
22010,201587,0021000106,"Nov 09, 2010",POR vs. DET,W,29,7,11,0.636,1,3,0.333,2,3,0.667,2,2,4,1,2,1,1,2,17,10,0
22010,201587,0021000094,"Nov 07, 2010",POR @ LAL,L,29,7,13,0.538,3,6,0.5,0,0,0.0,0,1,1,1,0,0,2,3,17,-16,0
22010,201587,0021000087,"Nov 06, 2010",POR vs. TOR,W,35,7,14,0.5,3,6,0.5,3,4,0.75,2,1,3,2,3,1,0,1,20,24,0
22010,201587,0021000067,"Nov 04, 2010",POR vs. OKC,L,47,7,16,0.438,2,7,0.286,0,0,0.0,4,1,5,2,1,0,0,4,16,-6,0
22010,201587,0021000052,"Nov 02, 2010",POR @ MIL,W,14,1,5,0.2,0,3,0.0,0,0,0.0,0,3,3,0,0,0,1,3,2,-5,0
22010,201587,0021000044,"Nov 01, 2010",POR @ CHI,L,18,1,5,0.2,0,2,0.0,1,2,0.5,1,0,1,0,0,0,0,1,3,-4,0
22010,201587,0021000033,"Oct 30, 2010",POR @ NYK,W,28,4,6,0.667,1,3,0.333,1,2,0.5,0,4,4,2,0,0,0,0,10,16,0
22010,201587,0021000016,"Oct 27, 2010",POR @ LAC,W,32,6,7,0.857,3,4,0.75,0,0,0.0,2,4,6,3,2,2,0,3,15,13,0
22010,201587,0021000002,"Oct 26, 2010",POR vs. PHX,W,27,8,17,0.471,3,8,0.375,0,0,0.0,5,6,11,1,1,0,2,3,19,10,0
22009,201587,0020901229,"Apr 14, 2010",POR vs. GSW,L,38,5,12,0.417,2,6,0.333,0,2,0.0,1,11,12,3,0,0,1,0,12,-2,0
22009,201587,0020901210,"Apr 12, 2010",POR vs. OKC,W,33,5,9,0.556,0,2,0.0,2,3,0.667,2,3,5,3,1,0,0,5,12,18,0
22009,201587,0020901196,"Apr 11, 2010",POR @ LAL,W,25,2,7,0.286,1,4,0.25,0,0,0.0,0,3,3,0,0,1,0,3,5,-1,0
22009,201587,0020901186,"Apr 09, 2010",POR vs. DAL,L,28,3,9,0.333,1,7,0.143,0,0,0.0,1,2,3,0,2,0,1,5,7,2,0
22009,201587,0020901169,"Apr 07, 2010",POR @ LAC,W,31,5,8,0.625,1,3,0.333,0,1,0.0,0,4,4,2,1,1,2,2,11,10,0
22009,201587,0020901140,"Apr 03, 2010",POR @ SAC,W,30,6,11,0.545,5,8,0.625,4,4,1.0,0,2,2,1,2,3,0,2,21,22,0
22009,201587,0020901121,"Apr 01, 2010",POR @ DEN,L,20,0,4,0.0,0,1,0.0,0,0,0.0,2,1,3,1,0,0,2,2,0,-7,0
22009,201587,0020901118,"Mar 31, 2010",POR vs. NYK,W,22,7,13,0.538,3,7,0.429,3,3,1.0,2,3,5,0,1,0,0,1,20,18,0
22009,201587,0020901094,"Mar 28, 2010",POR @ OKC,W,33,4,8,0.5,1,2,0.5,0,0,0.0,3,2,5,0,1,1,0,3,9,3,0
22009,201587,0020901084,"Mar 27, 2010",POR @ NOH,W,21,4,5,0.8,2,3,0.667,3,3,1.0,1,2,3,0,1,1,0,2,13,17,0
22009,201587,0020901070,"Mar 25, 2010",POR vs. DAL,W,24,3,8,0.375,2,6,0.333,0,0,0.0,0,1,1,2,0,2,1,1,8,6,0
22009,201587,0020901042,"Mar 21, 2010",POR @ PHX,L,32,3,8,0.375,1,6,0.167,1,2,0.5,1,3,4,2,2,0,0,6,8,7,0
22009,201587,0020901026,"Mar 19, 2010",POR vs. WAS,W,27,1,5,0.2,1,4,0.25,2,2,1.0,2,5,7,1,0,1,1,3,5,3,0
22009,201587,0020900989,"Mar 14, 2010",POR vs. TOR,W,31,7,9,0.778,5,6,0.833,3,3,1.0,0,2,2,0,1,2,1,1,22,9,0
22009,201587,0020900975,"Mar 12, 2010",POR @ SAC,W,23,4,6,0.667,0,1,0.0,3,4,0.75,1,2,3,2,0,0,0,2,11,17,0
22009,201587,0020900963,"Mar 11, 2010",POR @ GSW,W,21,2,5,0.4,2,3,0.667,0,0,0.0,0,4,4,1,0,2,0,0,6,-3,0
22009,201587,0020900951,"Mar 09, 2010",POR vs. SAC,W,27,6,7,0.857,1,2,0.5,1,1,1.0,0,2,2,2,0,0,1,2,14,9,0
22009,201587,0020900939,"Mar 07, 2010",POR @ DEN,L,14,2,7,0.286,0,3,0.0,0,0,0.0,0,3,3,1,0,1,0,4,4,1,0
22009,201587,0020900909,"Mar 03, 2010",POR vs. IND,W,20,2,8,0.25,1,4,0.25,0,0,0.0,2,0,2,1,0,0,1,2,5,1,0
22009,201587,0020900890,"Mar 01, 2010",POR @ MEM,W,33,7,11,0.636,4,7,0.571,3,3,1.0,0,3,3,1,1,1,2,1,21,15,0
22009,201587,0020900875,"Feb 27, 2010",POR @ MIN,W,29,11,16,0.688,5,8,0.625,4,4,1.0,2,5,7,7,3,0,0,1,31,31,0
22009,201587,0020900862,"Feb 26, 2010",POR @ CHI,L,24,3,5,0.6,2,3,0.667,0,0,0.0,0,2,2,1,1,0,2,2,8,-14,0
22009,201587,0020900846,"Feb 24, 2010",POR @ TOR,W,19,4,6,0.667,1,2,0.5,0,0,0.0,1,2,3,0,1,0,1,1,9,-14,0
22009,201587,0020900840,"Feb 23, 2010",POR @ NJN,W,23,1,4,0.25,0,3,0.0,0,0,0.0,0,1,1,0,1,3,0,1,2,2,0
22009,201587,0020900831,"Feb 21, 2010",POR vs. UTA,L,32,5,10,0.5,2,5,0.4,2,2,1.0,1,8,9,0,0,1,2,4,14,0,0
22009,201587,0020900815,"Feb 19, 2010",POR vs. BOS,L,13,0,2,0.0,0,1,0.0,2,2,1.0,0,2,2,0,0,1,0,2,2,-11,0
22009,201587,0020900788,"Feb 16, 2010",POR vs. LAC,W,16,2,2,1.0,0,0,0.0,2,2,1.0,0,1,1,2,0,0,0,1,6,-6,0
22009,201587,0020900776,"Feb 10, 2010",POR @ PHX,W,17,1,2,0.5,1,2,0.5,0,0,0.0,0,2,2,0,0,0,0,2,3,-20,0
22009,201587,0020900767,"Feb 09, 2010",POR vs. OKC,L,36,4,10,0.4,1,4,0.25,3,3,1.0,0,4,4,1,1,1,2,5,12,-7,0
22009,201587,0020900750,"Feb 06, 2010",POR vs. LAL,L,24,3,9,0.333,2,5,0.4,0,2,0.0,0,2,2,0,1,1,1,1,8,-14,0
22009,201587,0020900730,"Feb 04, 2010",POR vs. SAS,W,23,3,6,0.5,1,2,0.5,0,0,0.0,2,2,4,2,0,0,2,1,7,9,0
22009,201587,0020900728,"Feb 03, 2010",POR @ UTA,L,14,3,3,1.0,2,2,1.0,0,0,0.0,1,1,2,0,0,0,0,2,8,2,0
22009,201587,0020900710,"Feb 01, 2010",POR vs. CHA,W,25,7,10,0.7,1,3,0.333,0,0,0.0,2,7,9,0,0,1,1,1,15,21,0
22009,201587,0020900692,"Jan 30, 2010",POR @ DAL,W,26,0,2,0.0,0,1,0.0,2,2,1.0,0,3,3,1,1,0,1,5,2,-10,0
22009,201587,0020900685,"Jan 29, 2010",POR @ HOU,L,28,4,7,0.571,1,4,0.25,3,3,1.0,2,7,9,5,1,0,1,4,12,6,0
22009,201587,0020900672,"Jan 27, 2010",POR vs. UTA,L,27,7,9,0.778,2,2,1.0,0,0,0.0,2,2,4,1,1,1,1,3,16,-1,0
22009,201587,0020900657,"Jan 25, 2010",POR vs. NOH,L,10,3,5,0.6,0,0,0.0,0,0,0.0,1,0,1,1,0,0,0,0,6,8,0
22008,201587,0020801230,"Apr 15, 2009",POR vs. DEN,W,15,1,4,0.25,1,2,0.5,0,0,0.0,1,4,5,0,0,0,0,2,3,6,0
22008,201587,0020801195,"Apr 11, 2009",POR @ LAC,W,13,2,4,0.5,0,1,0.0,0,0,0.0,0,1,1,0,1,0,0,2,4,-7,0
22008,201587,0020801186,"Apr 10, 2009",POR vs. LAL,W,20,1,5,0.2,1,2,0.5,2,2,1.0,2,0,2,0,0,1,0,2,5,-10,0
22008,201587,0020801169,"Apr 08, 2009",POR @ SAS,W,18,0,1,0.0,0,1,0.0,0,0,0.0,0,0,0,0,0,0,1,1,0,-10,0
22008,201587,0020801156,"Apr 07, 2009",POR @ MEM,W,19,2,4,0.5,1,2,0.5,0,0,0.0,1,0,1,1,0,0,0,2,5,-1,0
22008,201587,0020801146,"Apr 05, 2009",POR @ HOU,L,24,2,3,0.667,1,1,1.0,1,1,1.0,2,2,4,1,1,1,0,2,6,-3,0
22008,201587,0020801129,"Apr 03, 2009",POR @ OKC,W,30,3,5,0.6,2,2,1.0,0,0,0.0,3,2,5,1,1,0,0,1,8,40,0
22008,201587,0020801111,"Mar 31, 2009",POR vs. UTA,W,35,7,10,0.7,3,5,0.6,0,0,0.0,3,2,5,2,1,1,1,2,17,24,0
22008,201587,0020801090,"Mar 28, 2009",POR vs. MEM,W,16,2,6,0.333,0,2,0.0,0,0,0.0,2,1,3,0,0,1,0,1,4,10,0
22008,201587,0020801072,"Mar 26, 2009",POR vs. PHX,W,17,4,7,0.571,0,0,0.0,2,2,1.0,4,1,5,3,1,0,0,0,10,4,0
22008,201587,0020801054,"Mar 23, 2009",POR vs. PHI,L,16,2,4,0.5,1,2,0.5,0,0,0.0,1,0,1,1,1,0,0,1,5,1,0
22008,201587,0020801011,"Mar 18, 2009",POR @ IND,W,18,2,3,0.667,1,1,1.0,0,0,0.0,1,3,4,0,0,0,1,2,5,2,0
22008,201587,0020800997,"Mar 16, 2009",POR @ MEM,W,19,2,2,1.0,1,1,1.0,0,0,0.0,1,0,1,1,0,0,1,4,5,17,0
22008,201587,0020800985,"Mar 15, 2009",POR @ ATL,L,17,0,1,0.0,0,1,0.0,0,0,0.0,0,0,0,1,0,0,0,4,0,-8,0
22008,201587,0020800976,"Mar 13, 2009",POR vs. NJN,W,32,7,8,0.875,2,2,1.0,4,4,1.0,0,4,4,2,1,2,1,5,20,21,0
22008,201587,0020800964,"Mar 11, 2009",POR vs. DAL,L,15,1,3,0.333,0,1,0.0,0,0,0.0,1,1,2,0,0,1,2,2,2,3,0
22008,201587,0020800948,"Mar 09, 2009",POR vs. LAL,W,22,4,9,0.444,0,2,0.0,0,1,0.0,4,1,5,1,1,0,0,2,8,-3,0
22008,201587,0020800934,"Mar 07, 2009",POR vs. MIN,W,23,4,7,0.571,0,3,0.0,4,4,1.0,3,3,6,3,0,1,0,2,12,-1,0
22008,201587,0020800916,"Mar 05, 2009",POR @ DEN,L,15,3,6,0.5,0,2,0.0,1,2,0.5,0,1,1,2,1,0,1,1,7,-2,0
22008,201587,0020800913,"Mar 04, 2009",POR vs. IND,W,20,2,4,0.5,1,1,1.0,0,0,0.0,2,1,3,0,1,1,0,2,5,-10,0
22008,201587,0020800889,"Mar 01, 2009",POR vs. SAS,W,22,1,6,0.167,0,2,0.0,2,2,1.0,3,3,6,1,3,0,1,1,4,-1,0
22008,201587,0020800869,"Feb 27, 2009",POR @ MIN,W,17,1,6,0.167,0,2,0.0,0,0,0.0,1,0,1,1,0,0,1,1,2,15,0
22008,201587,0020800857,"Feb 25, 2009",POR @ SAS,L,16,3,7,0.429,2,3,0.667,0,0,0.0,0,1,1,0,1,0,1,3,8,-5,0
22008,201587,0020800847,"Feb 24, 2009",POR @ HOU,L,27,5,6,0.833,3,3,1.0,1,1,1.0,0,1,1,0,1,1,0,4,14,22,0
22008,201587,0020800833,"Feb 22, 2009",POR vs. LAC,W,25,4,9,0.444,2,6,0.333,0,0,0.0,0,3,3,1,2,0,2,4,10,4,0
22008,201587,0020800820,"Feb 20, 2009",POR vs. ATL,W,16,1,6,0.167,0,3,0.0,0,0,0.0,2,0,2,2,1,2,0,2,2,-2,0
22008,201587,0020800805,"Feb 18, 2009",POR vs. MEM,W,17,4,5,0.8,1,2,0.5,2,2,1.0,0,0,0,1,0,1,0,0,11,8,0
22008,201587,0020800787,"Feb 12, 2009",POR @ GSW,L,14,0,3,0.0,0,1,0.0,0,0,0.0,2,2,4,0,0,1,1,0,0,-14,0
22008,201587,0020800783,"Feb 11, 2009",POR vs. OKC,W,12,1,3,0.333,0,1,0.0,0,0,0.0,0,0,0,1,2,0,2,0,2,2,0
22008,201587,0020800754,"Feb 08, 2009",POR vs. NYK,W,16,2,3,0.667,0,1,0.0,0,0,0.0,0,5,5,3,1,0,2,0,4,2,0
22008,201587,0020800739,"Feb 06, 2009",POR @ OKC,L,17,1,5,0.2,1,3,0.333,0,0,0.0,0,0,0,0,0,2,0,2,3,-5,0
22008,201587,0020800729,"Feb 04, 2009",POR @ DAL,L,13,0,1,0.0,0,1,0.0,2,2,1.0,0,1,1,2,0,0,0,1,2,-8,0
22008,201587,0020800710,"Feb 02, 2009",POR @ NOH,W,15,2,4,0.5,1,3,0.333,0,0,0.0,0,4,4,0,0,0,1,0,5,-11,0
22008,201587,0020800701,"Jan 31, 2009",POR vs. UTA,W,26,5,8,0.625,4,5,0.8,2,4,0.5,0,2,2,2,1,0,0,1,16,17,0
22008,201587,0020800677,"Jan 28, 2009",POR vs. CHA,W,16,1,4,0.25,0,2,0.0,3,4,0.75,2,4,6,1,1,1,0,3,5,6,0
22008,201587,0020800661,"Jan 26, 2009",POR @ LAC,W,20,2,8,0.25,0,3,0.0,0,0,0.0,4,3,7,0,1,1,1,1,4,-5,0
22008,201587,0020800645,"Jan 24, 2009",POR vs. WAS,W,19,4,7,0.571,1,1,1.0,0,0,0.0,1,2,3,0,0,2,0,3,9,17,0
22008,201587,0020800624,"Jan 21, 2009",POR vs. CLE,L,20,3,5,0.6,1,3,0.333,0,0,0.0,1,0,1,1,0,0,0,3,7,-12,0
22008,201587,0020800611,"Jan 19, 2009",POR vs. MIL,W,22,2,7,0.286,0,3,0.0,0,0,0.0,3,5,8,1,2,0,1,2,4,18,0
22008,201587,0020800591,"Jan 17, 2009",POR @ CHA,L,17,0,3,0.0,0,1,0.0,0,0,0.0,1,3,4,0,0,0,0,1,0,7,0
22008,201587,0020800577,"Jan 15, 2009",POR @ NJN,W,24,1,4,0.25,0,3,0.0,0,0,0.0,1,2,3,0,1,0,0,3,2,-2,0
22008,201587,0020800567,"Jan 14, 2009",POR @ PHI,L,24,1,4,0.25,1,3,0.333,2,2,1.0,0,1,1,2,0,2,0,1,5,-4,0
22008,201587,0020800557,"Jan 12, 2009",POR @ CHI,W,14,1,3,0.333,1,2,0.5,2,2,1.0,0,0,0,1,0,0,1,4,5,5,0
22008,201587,0020800545,"Jan 10, 2009",POR vs. GSW,W,19,2,5,0.4,0,2,0.0,1,2,0.5,2,2,4,1,0,1,1,0,5,10,0
22008,201587,0020800524,"Jan 07, 2009",POR vs. DET,W,20,1,2,0.5,1,2,0.5,0,0,0.0,1,2,3,1,0,0,0,2,3,-1,0
22008,201587,0020800500,"Jan 04, 2009",POR @ LAL,L,34,6,6,1.0,3,3,1.0,2,2,1.0,0,5,5,4,1,0,0,1,17,-6,0
22008,201587,0020800486,"Jan 02, 2009",POR vs. NOH,L,18,0,2,0.0,0,2,0.0,0,0,0.0,1,1,2,1,0,0,0,0,0,7,0
22008,201587,0020800465,"Dec 30, 2008",POR vs. BOS,W,17,0,2,0.0,0,2,0.0,0,0,0.0,0,7,7,0,1,2,1,2,0,-8,0
22008,201587,0020800443,"Dec 27, 2008",POR vs. TOR,W,17,1,2,0.5,1,2,0.5,0,0,0.0,0,2,2,0,1,0,1,0,3,8,0
22008,201587,0020800425,"Dec 25, 2008",POR vs. DAL,L,13,1,1,1.0,1,1,1.0,0,0,0.0,0,2,2,0,1,0,1,2,3,-2,0
22008,201587,0020800420,"Dec 23, 2008",POR vs. DEN,W,14,1,3,0.333,0,2,0.0,0,0,0.0,0,1,1,1,0,0,2,1,2,-8,0
22008,201587,0020800407,"Dec 22, 2008",POR @ DEN,L,13,1,2,0.5,0,0,0.0,1,2,0.5,0,1,1,0,0,0,0,3,3,6,0
22008,201587,0020800376,"Dec 18, 2008",POR vs. PHX,W,17,0,1,0.0,0,0,0.0,0,0,0.0,1,0,1,0,0,1,0,1,0,-1,0
22008,201587,0020800364,"Dec 16, 2008",POR vs. SAC,W,24,4,9,0.444,2,5,0.4,2,2,1.0,3,3,6,0,1,1,2,2,12,16,0
22008,201587,0020800334,"Dec 12, 2008",POR vs. LAC,L,23,2,6,0.333,1,4,0.25,0,0,0.0,0,5,5,1,1,1,1,1,5,-7,0
22008,201587,0020800325,"Dec 11, 2008",POR @ UTA,L,10,0,2,0.0,0,1,0.0,0,0,0.0,0,1,1,0,0,0,0,1,0,2,0
22008,201587,0020800312,"Dec 09, 2008",POR vs. ORL,L,16,0,1,0.0,0,1,0.0,0,0,0.0,1,1,2,3,1,0,3,1,0,-8,0
22008,201587,0020800298,"Dec 07, 2008",POR @ TOR,W,14,0,2,0.0,0,1,0.0,0,0,0.0,1,2,3,2,0,0,1,0,0,-4,0
22008,201587,0020800281,"Dec 05, 2008",POR @ BOS,L,16,1,2,0.5,1,2,0.5,0,0,0.0,0,0,0,0,0,0,1,1,3,-12,0
22008,201587,0020800268,"Dec 03, 2008",POR @ WAS,W,16,0,1,0.0,0,0,0.0,0,0,0.0,0,1,1,0,0,0,0,2,0,-3,0
22008,201587,0020800257,"Dec 02, 2008",POR @ NYK,W,20,0,4,0.0,0,2,0.0,0,0,0.0,0,2,2,2,0,1,1,2,0,8,0
22008,201587,0020800247,"Nov 30, 2008",POR @ DET,W,31,3,8,0.375,1,3,0.333,0,0,0.0,2,5,7,4,0,1,1,0,7,28,0
22008,201587,0020800234,"Nov 28, 2008",POR vs. NOH,W,20,5,8,0.625,2,5,0.4,0,0,0.0,1,2,3,2,1,2,0,2,12,3,0
22008,201587,0020800220,"Nov 26, 2008",POR vs. MIA,W,22,6,9,0.667,3,4,0.75,0,0,0.0,3,3,6,2,2,0,1,3,15,22,0
22008,201587,0020800203,"Nov 24, 2008",POR vs. SAC,W,12,1,3,0.333,0,1,0.0,1,2,0.5,2,1,3,0,0,1,0,2,3,-11,0
22008,201587,0020800192,"Nov 22, 2008",POR @ PHX,L,14,2,7,0.286,2,5,0.4,0,0,0.0,0,0,0,2,2,0,0,0,6,5,0
22008,201587,0020800181,"Nov 21, 2008",POR @ SAC,W,16,1,3,0.333,1,3,0.333,0,0,0.0,1,1,2,0,0,1,1,1,3,7,0
22008,201587,0020800168,"Nov 19, 2008",POR vs. CHI,W,18,3,6,0.5,2,2,1.0,1,2,0.5,2,4,6,1,2,0,1,2,9,9,0
22008,201587,0020800157,"Nov 18, 2008",POR @ GSW,L,12,2,5,0.4,1,3,0.333,0,0,0.0,2,2,4,2,0,1,0,3,5,2,0
22008,201587,0020800136,"Nov 15, 2008",POR @ MIN,W,10,3,4,0.75,2,3,0.667,0,0,0.0,0,0,0,0,0,0,1,0,8,0,0
22008,201587,0020800127,"Nov 14, 2008",POR @ NOH,L,12,1,2,0.5,1,2,0.5,0,0,0.0,0,2,2,1,0,0,2,2,3,-10,0
22008,201587,0020800108,"Nov 12, 2008",POR @ MIA,W,15,3,7,0.429,0,3,0.0,0,0,0.0,0,1,1,0,1,1,0,1,6,9,0
22008,201587,0020800094,"Nov 10, 2008",POR @ ORL,W,19,0,1,0.0,0,1,0.0,1,2,0.5,0,2,2,1,1,0,0,5,1,-10,0
22008,201587,0020800084,"Nov 08, 2008",POR vs. MIN,W,18,3,7,0.429,2,4,0.5,0,0,0.0,1,0,1,1,0,2,0,3,8,-5,0
22008,201587,0020800065,"Nov 06, 2008",POR vs. HOU,W,19,3,7,0.429,0,2,0.0,0,0,0.0,1,2,3,1,0,0,1,5,6,-6,0
22008,201587,0020800060,"Nov 05, 2008",POR @ UTA,L,18,2,4,0.5,1,1,1.0,0,0,0.0,4,2,6,1,2,0,2,3,5,12,0
22008,201587,0020800039,"Nov 01, 2008",POR @ PHX,L,18,1,4,0.25,0,0,0.0,2,2,1.0,1,0,1,0,3,0,1,2,4,10,0
22008,201587,0020800025,"Oct 31, 2008",POR vs. SAS,W,22,5,9,0.556,1,3,0.333,1,1,1.0,1,0,1,1,1,2,1,2,12,1,0
22008,201587,0020800003,"Oct 28, 2008",POR @ LAL,L,4,1,1,1.0,0,0,0.0,0,0,0.0,1,2,3,0,1,0,1,1,2,-3,0
