SEASON_ID,Player_ID,Game_ID,GAME_DATE,MATCHUP,WL,MIN,FGM,FGA,FG_PCT,FG3M,FG3A,FG3_PCT,FTM,FTA,FT_PCT,OREB,DREB,REB,AST,STL,BLK,TOV,PF,PTS,PLUS_MINUS,VIDEO_AVAILABLE
22025,201942,0022501141,"Apr 05, 2026",SAC vs. LAC,L,10,4,5,0.8,1,1,1.0,0,0,0.0,0,0,0,0,0,1,1,0,9,2,1
22025,201942,0022501128,"Apr 03, 2026",SAC vs. NOP,W,23,7,11,0.636,0,0,0.0,0,0,0.0,0,2,2,5,2,0,0,2,14,1,1
22025,201942,0022501108,"Apr 01, 2026",SAC @ TOR,W,35,7,18,0.389,2,4,0.5,12,12,1.0,1,0,1,4,0,0,1,2,28,2,1
22025,201942,0022501078,"Mar 28, 2026",SAC @ ATL,L,30,9,18,0.5,1,2,0.5,3,3,1.0,2,2,4,3,0,0,3,2,22,-7,1
22025,201942,0022501065,"Mar 26, 2026",SAC @ ORL,L,38,12,24,0.5,0,1,0.0,9,10,0.9,0,6,6,11,0,0,0,3,33,-5,1
22025,201942,0022501047,"Mar 24, 2026",SAC @ CHA,L,29,3,10,0.3,0,2,0.0,1,3,0.333,1,3,4,5,0,0,2,0,7,-29,1
22025,201942,0022501033,"Mar 22, 2026",SAC vs. BKN,W,32,3,7,0.429,0,2,0.0,4,4,1.0,0,0,0,8,0,1,2,2,10,0,1
22025,201942,0022501015,"Mar 19, 2026",SAC vs. PHI,L,23,6,10,0.6,0,1,0.0,1,2,0.5,1,2,3,5,0,0,2,2,13,-26,1
22025,201942,0022500998,"Mar 17, 2026",SAC vs. SAS,L,17,1,4,0.25,0,0,0.0,0,0,0.0,0,1,1,1,0,0,0,2,2,-30,1
22025,201942,0022500982,"Mar 15, 2026",SAC vs. UTA,W,38,11,21,0.524,1,3,0.333,18,21,0.857,1,3,4,11,3,0,5,0,41,16,1
22025,201942,0022500975,"Mar 14, 2026",SAC @ LAC,W,37,11,14,0.786,0,1,0.0,5,5,1.0,0,0,0,7,1,0,4,4,27,9,1
22025,201942,0022500951,"Mar 11, 2026",SAC vs. CHA,L,41,17,22,0.773,0,1,0.0,5,5,1.0,0,4,4,6,2,1,4,3,39,3,1
22025,201942,0022500945,"Mar 10, 2026",SAC vs. IND,W,24,4,13,0.308,0,0,0.0,4,4,1.0,1,2,3,1,1,2,2,2,12,-9,1
22025,201942,0022500907,"Mar 05, 2026",SAC vs. NOP,L,27,6,16,0.375,0,2,0.0,3,5,0.6,0,2,2,2,1,0,1,1,15,0,1
22025,201942,0022500892,"Mar 03, 2026",SAC vs. PHX,L,34,5,15,0.333,0,2,0.0,7,9,0.778,0,2,2,1,0,0,1,1,17,-14,1
22025,201942,0022500878,"Mar 01, 2026",SAC @ LAL,L,22,3,5,0.6,1,2,0.5,2,2,1.0,0,4,4,8,0,0,2,1,9,-9,1
22025,201942,0022500854,"Feb 26, 2026",SAC @ DAL,W,25,1,3,0.333,0,0,0.0,5,6,0.833,0,2,2,5,0,1,0,1,7,20,1
22025,201942,0022500845,"Feb 25, 2026",SAC @ HOU,L,24,4,7,0.571,0,0,0.0,7,8,0.875,0,1,1,7,1,0,1,2,15,-9,1
22025,201942,0022500829,"Feb 23, 2026",SAC @ MEM,W,29,7,9,0.778,0,0,0.0,5,6,0.833,0,2,2,4,2,2,0,2,19,1,1
22025,201942,0022500815,"Feb 21, 2026",SAC @ SAS,L,35,5,13,0.385,0,1,0.0,10,10,1.0,0,1,1,5,2,1,2,2,20,-31,1
22025,201942,0022500800,"Feb 19, 2026",SAC vs. ORL,L,19,3,11,0.273,0,0,0.0,7,8,0.875,0,3,3,6,0,0,0,1,13,-8,1
22025,201942,0022500786,"Feb 11, 2026",SAC @ UTA,L,29,7,19,0.368,1,5,0.2,5,5,1.0,2,1,3,1,0,0,0,1,20,-21,1
22025,201942,0022500766,"Feb 09, 2026",SAC @ NOP,L,20,3,11,0.273,0,2,0.0,2,3,0.667,0,1,1,1,0,0,1,2,8,-7,1
22025,201942,0022500756,"Feb 07, 2026",SAC vs. CLE,L,30,4,16,0.25,2,4,0.5,3,3,1.0,0,2,2,3,0,1,0,1,13,-8,1
22025,201942,0022500746,"Feb 06, 2026",SAC vs. LAC,L,20,1,3,0.333,0,0,0.0,3,4,0.75,1,4,5,1,2,1,1,1,5,-4,1
22025,201942,0022500731,"Feb 04, 2026",SAC vs. MEM,L,28,6,10,0.6,1,3,0.333,7,9,0.778,1,2,3,5,0,0,1,1,20,-4,1
22025,201942,0022500707,"Feb 01, 2026",SAC @ WAS,L,33,10,16,0.625,1,1,1.0,11,12,0.917,0,2,2,5,0,1,3,1,32,-14,1
22025,201942,0022500689,"Jan 30, 2026",SAC @ BOS,L,18,2,10,0.2,0,2,0.0,2,3,0.667,0,1,1,2,0,0,0,2,6,-11,1
22025,201942,0022500680,"Jan 29, 2026",SAC @ PHI,L,38,9,15,0.6,1,1,1.0,6,8,0.75,0,4,4,8,0,0,1,2,25,2,1
22025,201942,0022500665,"Jan 27, 2026",SAC @ NYK,L,39,13,26,0.5,1,7,0.143,7,8,0.875,0,5,5,0,0,0,2,3,34,-17,1
22025,201942,0022500650,"Jan 25, 2026",SAC @ DET,L,19,6,12,0.5,0,1,0.0,4,6,0.667,0,0,0,4,0,0,2,3,16,-9,1
22025,201942,0022500638,"Jan 23, 2026",SAC @ CLE,L,30,6,12,0.5,0,1,0.0,8,9,0.889,0,4,4,3,0,0,2,3,20,-24,1
22025,201942,0022500626,"Jan 21, 2026",SAC vs. TOR,L,33,3,8,0.375,0,1,0.0,3,5,0.6,1,0,1,2,1,0,0,0,9,-23,1
22025,201942,0022500619,"Jan 20, 2026",SAC vs. MIA,L,35,6,12,0.5,1,2,0.5,10,10,1.0,0,4,4,5,0,0,2,3,23,-19,1
22025,201942,0022500606,"Jan 18, 2026",SAC vs. POR,L,35,6,11,0.545,0,1,0.0,2,3,0.667,1,1,2,7,2,1,3,4,14,-14,1
22025,201942,0022500592,"Jan 16, 2026",SAC vs. WAS,W,33,6,13,0.462,1,2,0.5,4,5,0.8,0,2,2,4,1,0,2,4,17,-7,1
22025,201942,0022500576,"Jan 14, 2026",SAC vs. NYK,W,41,7,16,0.438,1,3,0.333,12,13,0.923,0,6,6,5,1,0,1,2,27,11,1
22025,201942,0022500562,"Jan 12, 2026",SAC vs. LAL,W,37,14,19,0.737,0,0,0.0,4,5,0.8,0,2,2,6,3,0,0,2,32,4,1
22025,201942,0022500557,"Jan 11, 2026",SAC vs. HOU,W,37,8,13,0.615,0,0,0.0,6,6,1.0,0,2,2,6,0,0,0,1,22,13,1
22025,201942,0022500539,"Jan 09, 2026",SAC @ GSW,L,35,10,19,0.526,1,2,0.5,3,5,0.6,2,0,2,3,3,0,0,1,24,-22,1
22025,201942,0022500515,"Jan 06, 2026",SAC vs. DAL,L,37,8,18,0.444,3,6,0.5,2,2,1.0,1,1,2,5,2,1,1,2,21,2,1
22025,201942,0022500500,"Jan 04, 2026",SAC vs. MIL,L,29,4,11,0.364,0,1,0.0,3,7,0.429,0,4,4,3,1,0,2,3,11,-22,1
22025,201942,0022500483,"Jan 02, 2026",SAC @ PHX,L,30,4,8,0.5,0,2,0.0,5,6,0.833,0,2,2,3,2,0,3,2,13,-12,1
22025,201942,0022500474,"Jan 01, 2026",SAC vs. BOS,L,35,9,16,0.563,1,3,0.333,6,6,1.0,1,4,5,6,1,0,0,2,25,-13,1
22025,201942,0022500461,"Dec 30, 2025",SAC @ LAC,L,28,2,8,0.25,0,2,0.0,4,5,0.8,0,7,7,3,1,1,2,1,8,-19,1
22025,201942,0022500446,"Dec 28, 2025",SAC @ LAL,L,34,8,17,0.471,1,2,0.5,5,5,1.0,2,2,4,5,1,0,3,2,22,-14,1
22025,201942,0022500432,"Dec 27, 2025",SAC vs. DAL,W,28,3,10,0.3,0,2,0.0,3,3,1.0,0,4,4,6,2,1,0,1,9,8,1
22025,201942,0022500421,"Dec 23, 2025",SAC vs. DET,L,42,12,18,0.667,0,3,0.0,13,15,0.867,1,2,3,8,0,0,1,3,37,-5,1
22025,201942,0022500401,"Dec 21, 2025",SAC vs. HOU,W,40,9,17,0.529,1,2,0.5,8,9,0.889,1,3,4,9,2,1,1,3,27,8,1
22025,201942,0022500394,"Dec 20, 2025",SAC vs. POR,L,35,5,12,0.417,1,6,0.167,4,5,0.8,0,5,5,1,5,0,1,0,15,-5,1
22025,201942,0022500380,"Dec 18, 2025",SAC @ POR,L,35,10,16,0.625,3,4,0.75,10,10,1.0,0,4,4,3,2,0,2,4,33,4,1
22025,201942,0022501220,"Dec 14, 2025",SAC @ MIN,L,39,8,15,0.533,1,1,1.0,0,0,0.0,0,4,4,3,1,1,0,2,17,-10,1
22025,201942,0022501208,"Dec 11, 2025",SAC vs. DEN,L,21,4,7,0.571,1,1,1.0,2,2,1.0,0,3,3,1,1,1,0,1,11,-27,1
22025,201942,0022500364,"Dec 08, 2025",SAC @ IND,L,36,8,16,0.5,0,2,0.0,4,5,0.8,3,2,5,3,1,0,1,4,20,-14,1
22025,201942,0022500354,"Dec 06, 2025",SAC @ MIA,W,40,6,11,0.545,1,2,0.5,0,1,0.0,1,5,6,6,2,0,0,2,13,21,1
22025,201942,0022500330,"Dec 03, 2025",SAC @ HOU,L,23,6,12,0.5,0,1,0.0,0,0,0.0,0,2,2,0,1,0,2,1,12,-6,1
22025,201942,0022500307,"Nov 30, 2025",SAC vs. MEM,L,35,9,17,0.529,3,5,0.6,2,2,1.0,0,1,1,4,3,1,0,2,23,-9,1
22025,201942,0022500077,"Nov 28, 2025",SAC @ UTA,L,36,5,10,0.5,1,1,1.0,5,5,1.0,0,2,2,3,1,0,2,2,16,7,1
22025,201942,0022500068,"Nov 26, 2025",SAC vs. PHX,L,37,4,11,0.364,0,2,0.0,2,2,1.0,0,3,3,3,0,0,1,3,10,-16,1
22025,201942,0022500292,"Nov 24, 2025",SAC vs. MIN,W,32,9,16,0.563,0,0,0.0,15,15,1.0,0,0,0,4,3,0,2,2,33,0,1
22025,201942,0022500274,"Nov 22, 2025",SAC @ DEN,W,31,5,9,0.556,0,1,0.0,7,7,1.0,1,6,7,5,0,1,3,0,17,4,1
22025,201942,0022500265,"Nov 20, 2025",SAC @ MEM,L,15,2,3,0.667,0,0,0.0,3,3,1.0,0,0,0,2,1,0,0,4,7,-22,1
22025,201942,0022500261,"Nov 19, 2025",SAC @ OKC,L,35,4,12,0.333,0,2,0.0,9,10,0.9,2,1,3,5,3,0,1,3,17,-12,1
22025,201942,0022500234,"Nov 16, 2025",SAC @ SAS,L,39,12,15,0.8,1,1,1.0,2,2,1.0,1,1,2,4,2,0,1,4,27,-23,1
22025,201942,0022500044,"Nov 14, 2025",SAC @ MIN,L,34,3,10,0.3,0,2,0.0,0,0,0.0,0,3,3,5,2,0,0,3,6,-11,1
22025,201942,0022500223,"Nov 12, 2025",SAC vs. ATL,L,19,1,6,0.167,0,1,0.0,2,2,1.0,1,1,2,2,1,0,2,1,4,-31,1
22025,201942,0022500212,"Nov 11, 2025",SAC vs. DEN,L,31,7,15,0.467,2,6,0.333,2,2,1.0,1,0,1,2,1,1,0,2,18,-19,1
22025,201942,0022500197,"Nov 09, 2025",SAC vs. MIN,L,29,7,11,0.636,3,3,1.0,5,5,1.0,0,3,3,2,1,0,2,3,22,-19,1
22025,201942,0022500038,"Nov 07, 2025",SAC vs. OKC,L,29,7,13,0.538,4,7,0.571,0,0,0.0,1,3,4,3,0,0,1,3,18,-21,1
22025,201942,0022500181,"Nov 05, 2025",SAC vs. GSW,W,36,8,20,0.4,0,1,0.0,9,9,1.0,0,2,2,2,1,0,1,1,25,1,1
22025,201942,0022500162,"Nov 03, 2025",SAC @ DEN,L,36,8,17,0.471,0,1,0.0,3,4,0.75,0,3,3,0,1,0,0,2,19,11,1
22025,201942,0022500142,"Nov 01, 2025",SAC @ MIL,W,41,10,19,0.526,0,1,0.0,9,10,0.9,0,4,4,3,0,0,2,2,29,4,1
22025,201942,0022500132,"Oct 29, 2025",SAC @ CHI,L,35,5,10,0.5,0,0,0.0,9,10,0.9,1,5,6,5,0,0,2,2,19,-21,1
22025,201942,0022500126,"Oct 28, 2025",SAC @ OKC,L,33,7,14,0.5,0,2,0.0,5,6,0.833,0,1,1,3,2,0,0,1,19,0,1
22025,201942,0022500113,"Oct 26, 2025",SAC vs. LAL,L,40,9,22,0.409,2,6,0.333,1,1,1.0,0,6,6,3,1,0,1,1,21,-4,1
22025,201942,0022500098,"Oct 24, 2025",SAC vs. UTA,W,37,3,9,0.333,0,0,0.0,1,1,1.0,0,3,3,6,2,0,1,1,7,-15,1
22025,201942,0022500088,"Oct 22, 2025",SAC @ PHX,L,37,12,17,0.706,1,2,0.5,4,9,0.444,2,4,6,9,2,1,1,2,29,9,1
22024,201942,0022401200,"Apr 13, 2025",SAC vs. PHX,W,28,4,9,0.444,0,0,0.0,0,0,0.0,0,0,0,5,0,0,2,1,8,4,1
22024,201942,0022401184,"Apr 11, 2025",SAC vs. LAC,L,40,6,20,0.3,1,5,0.2,3,4,0.75,1,2,3,8,0,0,0,2,16,-3,1
22024,201942,0022401165,"Apr 09, 2025",SAC vs. DEN,L,40,8,26,0.308,0,5,0.0,6,7,0.857,2,2,4,4,0,1,1,3,22,-16,1
22024,201942,0022401144,"Apr 07, 2025",SAC @ DET,W,37,14,26,0.538,1,6,0.167,8,10,0.8,1,3,4,2,0,1,2,3,37,15,1
22024,201942,0022401138,"Apr 06, 2025",SAC @ CLE,W,40,10,18,0.556,2,5,0.4,6,8,0.75,0,4,4,7,0,1,0,2,28,25,1
22024,201942,0022401118,"Apr 04, 2025",SAC @ CHA,W,27,6,13,0.462,1,4,0.25,9,10,0.9,0,4,4,3,0,0,2,1,22,19,1
22024,201942,0022401105,"Apr 02, 2025",SAC @ WAS,L,40,10,23,0.435,1,5,0.2,8,12,0.667,3,4,7,8,0,1,1,2,29,4,1
22024,201942,0022401090,"Mar 31, 2025",SAC @ IND,L,42,12,24,0.5,2,6,0.333,5,7,0.714,0,3,3,8,1,0,0,2,31,0,1
22024,201942,0022401074,"Mar 29, 2025",SAC @ ORL,L,29,7,11,0.636,2,3,0.667,5,5,1.0,1,3,4,1,0,2,1,4,21,-15,1
22024,201942,0022401066,"Mar 27, 2025",SAC vs. POR,W,37,6,10,0.6,0,1,0.0,9,11,0.818,0,2,2,10,0,0,3,3,21,16,1
22024,201942,0022401052,"Mar 25, 2025",SAC vs. OKC,L,38,4,15,0.267,1,3,0.333,1,1,1.0,0,6,6,6,1,1,1,1,10,-10,1
22024,201942,0022401044,"Mar 24, 2025",SAC vs. BOS,L,38,9,24,0.375,0,4,0.0,2,2,1.0,2,1,3,10,0,1,1,3,20,-11,1
22024,201942,0022401027,"Mar 22, 2025",SAC vs. MIL,L,38,8,18,0.444,0,4,0.0,6,7,0.857,0,2,2,4,1,0,0,1,22,-10,1
22024,201942,0022401013,"Mar 20, 2025",SAC vs. CHI,L,36,9,22,0.409,2,6,0.333,2,4,0.5,0,3,3,5,1,0,1,1,22,-21,1
22024,201942,0022401009,"Mar 19, 2025",SAC vs. CLE,W,36,10,19,0.526,2,5,0.4,5,6,0.833,0,1,1,4,1,0,1,3,27,1,1
22024,201942,0022400992,"Mar 17, 2025",SAC vs. MEM,W,33,7,19,0.368,3,6,0.5,5,7,0.714,3,3,6,8,0,1,1,2,22,-1,1
22024,201942,0022400967,"Mar 14, 2025",SAC @ PHX,L,34,9,13,0.692,3,5,0.6,2,3,0.667,0,0,0,1,0,0,5,0,23,-11,1
22024,201942,0022400957,"Mar 13, 2025",SAC @ GSW,L,35,8,13,0.615,0,2,0.0,7,8,0.875,0,5,5,7,1,0,1,1,23,-11,1
22024,201942,0022400939,"Mar 10, 2025",SAC vs. NYK,L,28,4,10,0.4,0,1,0.0,3,3,1.0,1,0,1,5,1,0,2,2,11,-13,1
22024,201942,0022400927,"Mar 09, 2025",SAC @ LAC,L,44,9,20,0.45,1,7,0.143,12,12,1.0,1,6,7,10,1,0,1,3,31,-1,1
22024,201942,0022400910,"Mar 07, 2025",SAC vs. SAS,W,38,8,19,0.421,1,4,0.25,5,6,0.833,2,7,9,7,0,0,3,3,22,12,1
22024,201942,0022400896,"Mar 05, 2025",SAC @ DEN,L,42,14,32,0.438,4,6,0.667,3,4,0.75,4,2,6,5,0,0,3,1,35,-8,1
22024,201942,0022400880,"Mar 03, 2025",SAC @ DAL,W,30,8,15,0.533,0,2,0.0,4,4,1.0,0,2,2,4,0,0,1,2,20,23,1
22024,201942,0022400862,"Mar 01, 2025",SAC @ HOU,W,40,7,18,0.389,1,5,0.2,6,7,0.857,1,1,2,6,0,0,2,4,21,13,1
22024,201942,0022400843,"Feb 26, 2025",SAC @ UTA,W,34,8,14,0.571,1,2,0.5,2,2,1.0,1,5,6,8,2,1,0,1,19,1,1
22024,201942,0022400828,"Feb 24, 2025",SAC vs. CHA,W,31,4,12,0.333,2,3,0.667,8,8,1.0,1,6,7,3,1,0,1,1,18,8,1
22024,201942,0022400805,"Feb 21, 2025",SAC vs. GSW,L,34,10,14,0.714,4,7,0.571,10,10,1.0,0,4,4,6,1,0,1,1,34,-8,1
22024,201942,0022400785,"Feb 13, 2025",SAC @ NOP,L,43,5,16,0.313,1,4,0.25,9,9,1.0,0,4,4,5,0,0,0,4,20,-2,1
22024,201942,0022400777,"Feb 12, 2025",SAC @ NOP,W,37,9,17,0.529,3,6,0.5,3,4,0.75,0,4,4,6,0,0,2,1,24,15,1
22024,201942,0022400762,"Feb 10, 2025",SAC @ DAL,W,39,15,22,0.682,4,6,0.667,8,8,1.0,0,7,7,3,0,0,1,2,42,21,1
22024,201942,0022400750,"Feb 08, 2025",SAC vs. NOP,W,32,4,12,0.333,0,3,0.0,3,4,0.75,1,5,6,4,0,1,3,0,11,-7,1
22024,201942,0022400732,"Feb 06, 2025",SAC @ POR,L,37,9,16,0.563,1,4,0.25,3,4,0.75,1,3,4,7,1,3,0,3,22,5,1
22024,201942,0022400727,"Feb 05, 2025",SAC vs. ORL,L,33,6,11,0.545,1,1,1.0,6,7,0.857,0,2,2,2,0,0,3,0,19,-28,1
22024,201942,0022400704,"Feb 03, 2025",SAC @ MIN,W,38,14,25,0.56,2,4,0.5,3,4,0.75,0,5,5,7,0,0,0,0,33,-1,1
22024,201942,0022400691,"Feb 01, 2025",SAC @ OKC,L,31,5,15,0.333,0,3,0.0,7,8,0.875,0,1,1,2,0,0,1,1,17,-13,1
22024,201942,0022400669,"Jan 29, 2025",SAC @ PHI,L,38,7,17,0.412,2,5,0.4,3,4,0.75,2,1,3,3,1,0,1,2,19,-15,1
22024,201942,0022400651,"Jan 27, 2025",SAC @ BKN,W,37,7,11,0.636,0,1,0.0,3,3,1.0,0,2,2,1,0,0,1,0,17,21,1
22024,201942,0022400641,"Jan 25, 2025",SAC @ NYK,L,35,6,12,0.5,2,4,0.5,4,4,1.0,0,3,3,2,0,0,0,3,18,-21,1
22024,201942,0022400626,"Jan 23, 2025",SAC @ DEN,L,37,9,16,0.563,0,2,0.0,6,8,0.75,2,4,6,1,0,1,1,1,24,-10,1
22024,201942,0022400619,"Jan 22, 2025",SAC vs. GSW,W,39,12,21,0.571,3,6,0.5,5,6,0.833,0,5,5,2,2,2,1,3,32,26,1
22024,201942,0022400598,"Jan 19, 2025",SAC vs. WAS,W,38,9,21,0.429,0,4,0.0,6,7,0.857,1,5,6,1,2,1,0,3,24,19,1
22024,201942,0022400576,"Jan 16, 2025",SAC vs. HOU,W,38,12,23,0.522,2,4,0.5,7,7,1.0,1,4,5,4,0,0,2,1,33,12,1
22024,201942,0022400558,"Jan 14, 2025",SAC @ MIL,L,36,9,18,0.5,2,4,0.5,8,9,0.889,0,6,6,4,1,0,0,2,28,-5,1
22024,201942,0022400541,"Jan 12, 2025",SAC @ CHI,W,37,9,20,0.45,1,3,0.333,2,2,1.0,0,0,0,3,0,0,1,2,21,6,1
22024,201942,0022400528,"Jan 10, 2025",SAC @ BOS,W,40,9,26,0.346,2,5,0.4,4,5,0.8,0,4,4,9,1,1,0,2,24,15,1
22024,201942,0022400501,"Jan 06, 2025",SAC vs. MIA,W,47,12,26,0.462,1,4,0.25,5,5,1.0,0,3,3,4,0,1,3,3,30,24,1
22024,201942,0022400492,"Jan 05, 2025",SAC @ GSW,W,31,5,14,0.357,0,4,0.0,2,2,1.0,0,0,0,1,1,0,3,2,12,17,1
22024,201942,0022400476,"Jan 03, 2025",SAC vs. MEM,W,38,10,18,0.556,4,7,0.571,5,7,0.714,1,2,3,5,0,1,1,4,29,10,1
22024,201942,0022400462,"Jan 01, 2025",SAC vs. PHI,W,32,7,14,0.5,0,1,0.0,4,4,1.0,1,4,5,1,2,0,1,0,18,-5,1
22024,201942,0022400448,"Dec 30, 2024",SAC vs. DAL,W,26,6,13,0.462,1,2,0.5,1,1,1.0,0,4,4,2,0,0,1,4,14,-1,1
22024,201942,0022400435,"Dec 28, 2024",SAC @ LAL,L,41,12,17,0.706,0,2,0.0,1,1,1.0,2,4,6,7,1,0,1,4,25,-9,1
22024,201942,0022400418,"Dec 26, 2024",SAC vs. DET,L,36,7,13,0.538,1,3,0.333,4,6,0.667,0,3,3,4,0,0,1,1,19,-1,1
22024,201942,0022400389,"Dec 22, 2024",SAC vs. IND,L,28,1,7,0.143,0,1,0.0,0,0,0.0,1,1,2,2,0,0,0,1,2,-21,1
22024,201942,0022400376,"Dec 21, 2024",SAC vs. LAL,L,37,4,10,0.4,1,2,0.5,3,3,1.0,2,2,4,3,2,0,2,2,12,6,1
22024,201942,0022400372,"Dec 19, 2024",SAC vs. LAL,L,35,4,13,0.308,0,2,0.0,2,2,1.0,0,5,5,4,1,0,1,3,10,-14,1
22024,201942,0022401225,"Dec 16, 2024",SAC vs. DEN,L,34,7,18,0.389,0,1,0.0,3,3,1.0,1,2,3,4,2,0,2,4,17,0,1
22024,201942,0022401207,"Dec 12, 2024",SAC @ NOP,W,34,8,18,0.444,3,3,1.0,10,11,0.909,0,3,3,2,4,0,1,3,29,6,1
22024,201942,0022400357,"Dec 08, 2024",SAC vs. UTA,W,29,8,14,0.571,0,2,0.0,2,2,1.0,0,1,1,4,1,1,0,3,18,19,1
22024,201942,0022400337,"Dec 06, 2024",SAC @ SAS,W,32,8,15,0.533,1,3,0.333,6,6,1.0,0,3,3,2,1,0,2,3,23,10,1
22024,201942,0022400329,"Dec 05, 2024",SAC @ MEM,L,35,6,15,0.4,1,1,1.0,13,14,0.929,1,2,3,1,1,0,2,5,26,-12,1
22024,201942,0022400059,"Dec 03, 2024",SAC vs. HOU,W,34,6,15,0.4,0,2,0.0,4,5,0.8,0,5,5,5,1,1,2,2,16,17,1
22024,201942,0022400313,"Dec 01, 2024",SAC vs. SAS,L,37,10,20,0.5,0,1,0.0,8,9,0.889,1,4,5,8,3,0,0,0,28,0,1
22024,201942,0022400285,"Nov 25, 2024",SAC vs. OKC,L,36,13,21,0.619,0,2,0.0,4,4,1.0,0,2,2,6,1,0,0,1,30,-14,1
22024,201942,0022400276,"Nov 24, 2024",SAC vs. BKN,L,36,7,18,0.389,0,2,0.0,4,6,0.667,1,4,5,5,0,0,3,4,18,0,1
22024,201942,0022400034,"Nov 22, 2024",SAC @ LAC,L,36,6,19,0.316,0,5,0.0,4,8,0.5,0,6,6,2,1,1,2,3,16,-8,1
22024,201942,0022400227,"Nov 13, 2024",SAC vs. PHX,W,17,1,2,0.5,0,0,0.0,0,0,0.0,1,4,5,3,1,2,2,1,2,0,1
22024,201942,0022400216,"Nov 11, 2024",SAC @ SAS,L,38,8,15,0.533,1,1,1.0,4,5,0.8,1,7,8,6,1,2,0,1,21,-11,1
22024,201942,0022400209,"Nov 10, 2024",SAC @ PHX,W,43,14,25,0.56,1,1,1.0,5,6,0.833,0,3,3,3,1,0,2,0,34,7,1
22024,201942,0022400196,"Nov 08, 2024",SAC vs. LAC,L,40,5,12,0.417,0,2,0.0,3,4,0.75,0,1,1,6,2,0,2,1,13,-9,1
22024,201942,0022400180,"Nov 06, 2024",SAC vs. TOR,W,35,11,21,0.524,2,4,0.5,3,3,1.0,0,2,2,3,1,0,3,1,27,15,1
22024,201942,0022400159,"Nov 04, 2024",SAC @ MIA,W,36,10,18,0.556,1,2,0.5,5,5,1.0,1,2,3,6,0,2,1,4,26,-2,1
22024,201942,0022400143,"Nov 02, 2024",SAC @ TOR,L,43,12,27,0.444,2,7,0.286,7,7,1.0,0,3,3,4,3,0,6,1,33,6,1
22024,201942,0022400135,"Nov 01, 2024",SAC @ ATL,W,39,9,16,0.563,1,1,1.0,8,10,0.8,1,7,8,2,3,1,1,2,27,10,1
22024,201942,0022400115,"Oct 29, 2024",SAC @ UTA,W,34,9,14,0.643,0,1,0.0,2,3,0.667,1,3,4,8,1,1,1,1,20,13,1
22024,201942,0022400112,"Oct 28, 2024",SAC vs. POR,W,34,7,14,0.5,0,1,0.0,9,10,0.9,1,3,4,3,3,0,1,1,23,18,1
22024,201942,0022400096,"Oct 26, 2024",SAC @ LAL,L,37,9,12,0.75,2,3,0.667,3,4,0.75,0,0,0,3,3,0,2,2,23,-9,1
22024,201942,0022400076,"Oct 24, 2024",SAC vs. MIN,L,43,7,18,0.389,0,2,0.0,12,14,0.857,1,7,8,2,1,0,2,0,26,8,1
22023,201942,0022301190,"Apr 14, 2024",CHI @ NYK,L,44,11,24,0.458,2,4,0.5,6,8,0.75,2,3,5,5,4,1,2,1,30,0,1
22023,201942,0022301166,"Apr 11, 2024",CHI @ DET,W,36,14,22,0.636,4,6,0.667,7,8,0.875,0,4,4,7,3,0,1,0,39,15,1
22023,201942,0022301149,"Apr 09, 2024",CHI vs. NYK,L,42,12,22,0.545,1,3,0.333,9,11,0.818,0,5,5,6,0,0,4,2,34,-6,1
22023,201942,0022301136,"Apr 07, 2024",CHI @ ORL,L,40,13,22,0.591,0,0,0.0,4,7,0.571,0,3,3,5,0,0,7,1,30,-12,1
22023,201942,0022301119,"Apr 05, 2024",CHI vs. NYK,W,42,8,18,0.444,0,2,0.0,4,4,1.0,0,5,5,10,1,0,4,4,20,10,1
22023,201942,0022301091,"Apr 01, 2024",CHI vs. ATL,L,39,10,23,0.435,0,3,0.0,11,12,0.917,0,2,2,5,2,0,3,4,31,-6,1
22023,201942,0022301084,"Mar 31, 2024",CHI @ MIN,W,39,11,23,0.478,1,2,0.5,4,7,0.571,0,2,2,8,1,1,4,0,27,7,1
22023,201942,0022301066,"Mar 29, 2024",CHI @ BKN,L,37,11,20,0.55,0,2,0.0,9,10,0.9,0,8,8,2,1,1,3,2,31,-2,1
22023,201942,0022301054,"Mar 27, 2024",CHI vs. IND,W,38,9,18,0.5,1,4,0.25,8,10,0.8,1,5,6,2,1,0,0,3,27,19,1
22023,201942,0022301037,"Mar 25, 2024",CHI vs. WAS,L,38,9,22,0.409,1,4,0.25,8,11,0.727,0,2,2,6,5,1,3,1,27,9,1
22023,201942,0022301023,"Mar 23, 2024",CHI vs. BOS,L,42,12,19,0.632,0,1,0.0,4,4,1.0,0,6,6,9,0,1,2,1,28,-3,1
22023,201942,0022301006,"Mar 21, 2024",CHI @ HOU,L,24,4,15,0.267,0,1,0.0,8,9,0.889,0,2,2,2,2,0,0,1,16,-14,1
22023,201942,0022300986,"Mar 18, 2024",CHI vs. POR,W,40,10,17,0.588,1,2,0.5,7,7,1.0,2,3,5,6,0,1,2,0,28,12,1
22023,201942,0022300971,"Mar 16, 2024",CHI vs. WAS,W,35,3,7,0.429,0,1,0.0,7,11,0.636,0,4,4,6,2,2,1,3,13,16,1
22023,201942,0022300956,"Mar 14, 2024",CHI vs. LAC,L,36,6,16,0.375,2,5,0.4,7,8,0.875,1,4,5,4,0,0,5,2,21,-13,1
22023,201942,0022300948,"Mar 13, 2024",CHI @ IND,W,44,15,24,0.625,1,6,0.167,15,17,0.882,0,9,9,3,2,1,2,1,46,18,1
22023,201942,0022300935,"Mar 11, 2024",CHI vs. DAL,L,22,4,9,0.444,0,1,0.0,5,6,0.833,0,2,2,2,0,0,1,1,13,-12,1
22023,201942,0022300917,"Mar 09, 2024",CHI @ LAC,L,42,8,19,0.421,0,3,0.0,8,9,0.889,1,7,8,10,0,0,2,2,24,-10,1
22023,201942,0022300907,"Mar 07, 2024",CHI @ GSW,W,39,10,17,0.588,3,6,0.5,10,11,0.909,0,8,8,4,0,1,1,2,33,4,1
22023,201942,0022300898,"Mar 06, 2024",CHI @ UTA,W,38,10,21,0.476,2,5,0.4,7,7,1.0,0,6,6,7,1,0,2,1,29,5,1
22023,201942,0022300883,"Mar 04, 2024",CHI @ SAC,W,38,10,12,0.833,2,3,0.667,11,12,0.917,0,0,0,4,2,0,2,1,33,-3,1
22023,201942,0022300864,"Mar 01, 2024",CHI vs. MIL,L,33,5,13,0.385,0,0,0.0,2,2,1.0,1,3,4,9,0,1,0,3,12,-12,1
22023,201942,0022300846,"Feb 28, 2024",CHI vs. CLE,W,49,8,26,0.308,2,5,0.4,17,19,0.895,2,8,10,5,0,1,0,4,35,5,1
22023,201942,0022300839,"Feb 27, 2024",CHI vs. DET,L,40,9,16,0.563,0,2,0.0,7,7,1.0,0,3,3,4,1,0,0,2,25,-7,1
22023,201942,0022300823,"Feb 25, 2024",CHI @ NOP,W,40,6,13,0.462,2,4,0.5,10,12,0.833,1,5,6,7,0,0,2,1,24,4,1
22023,201942,0022300797,"Feb 22, 2024",CHI vs. BOS,L,36,7,17,0.412,1,3,0.333,4,4,1.0,1,3,4,5,1,0,2,2,19,-5,1
22023,201942,0022300781,"Feb 14, 2024",CHI @ CLE,L,41,9,16,0.563,0,1,0.0,6,7,0.857,0,2,2,6,0,0,0,4,24,-1,1
22023,201942,0022300763,"Feb 12, 2024",CHI @ ATL,W,38,10,17,0.588,0,2,0.0,9,11,0.818,0,3,3,5,0,0,1,1,29,13,1
22023,201942,0022300752,"Feb 10, 2024",CHI @ ORL,L,44,11,24,0.458,1,4,0.25,5,6,0.833,1,3,4,4,0,0,1,3,28,-2,1
22023,201942,0022300737,"Feb 08, 2024",CHI @ MEM,W,38,11,17,0.647,3,3,1.0,5,5,1.0,1,7,8,1,0,0,2,3,30,3,1
22023,201942,0022300723,"Feb 06, 2024",CHI vs. MIN,W,43,8,19,0.421,0,1,0.0,17,18,0.944,2,1,3,5,4,0,1,2,33,12,1
22023,201942,0022300700,"Feb 03, 2024",CHI vs. SAC,L,39,5,14,0.357,0,2,0.0,14,15,0.933,1,6,7,6,4,0,3,2,24,4,1
22023,201942,0022300674,"Jan 31, 2024",CHI @ CHA,W,38,4,10,0.4,1,2,0.5,6,8,0.75,0,4,4,3,0,1,2,2,15,3,1
22023,201942,0022300672,"Jan 30, 2024",CHI vs. TOR,L,42,8,17,0.471,0,5,0.0,9,12,0.75,1,1,2,5,3,4,5,1,25,-14,1
22023,201942,0022300656,"Jan 28, 2024",CHI @ POR,W,40,8,14,0.571,1,2,0.5,3,3,1.0,0,7,7,6,1,0,0,2,20,11,1
22023,201942,0022300633,"Jan 25, 2024",CHI @ LAL,L,41,10,14,0.714,1,1,1.0,11,12,0.917,0,2,2,10,2,0,3,2,32,-7,1
22023,201942,0022300612,"Jan 22, 2024",CHI @ PHX,L,40,8,17,0.471,1,3,0.333,4,6,0.667,1,4,5,3,1,0,2,3,21,-10,1
22023,201942,0022300597,"Jan 20, 2024",CHI vs. MEM,W,37,7,20,0.35,1,4,0.25,3,4,0.75,1,3,4,8,1,1,1,0,18,23,1
22023,201942,0022300580,"Jan 18, 2024",CHI @ TOR,W,38,9,20,0.45,0,4,0.0,6,7,0.857,1,6,7,6,1,0,2,2,24,6,1
22023,201942,0022300561,"Jan 15, 2024",CHI @ CLE,L,38,3,8,0.375,0,1,0.0,0,0,0.0,0,6,6,3,2,1,2,3,6,-17,1
22023,201942,0022300548,"Jan 13, 2024",CHI @ SAS,W,34,8,19,0.421,2,5,0.4,2,2,1.0,0,4,4,4,0,0,0,1,20,6,1
22023,201942,0022300536,"Jan 12, 2024",CHI vs. GSW,L,41,15,21,0.714,2,5,0.4,7,8,0.875,1,6,7,5,0,0,1,5,39,4,1
22023,201942,0022300523,"Jan 10, 2024",CHI vs. HOU,W,43,5,19,0.263,3,6,0.5,6,6,1.0,0,4,4,4,0,0,1,2,19,-9,1
22023,201942,0022300506,"Jan 08, 2024",CHI @ CHA,W,44,7,16,0.438,1,3,0.333,3,4,0.75,0,7,7,7,3,1,3,0,18,14,1
22023,201942,0022300484,"Jan 05, 2024",CHI vs. CHA,W,38,6,10,0.6,0,2,0.0,5,5,1.0,0,1,1,6,3,0,3,4,17,18,1
22023,201942,0022300468,"Jan 03, 2024",CHI @ NYK,L,39,10,13,0.769,3,4,0.75,5,5,1.0,0,3,3,4,1,1,0,1,28,-25,1
22023,201942,0022300459,"Jan 02, 2024",CHI @ PHI,L,30,5,10,0.5,0,3,0.0,6,7,0.857,0,4,4,3,0,0,1,4,16,-24,1
22023,201942,0022300442,"Dec 30, 2023",CHI vs. PHI,W,37,9,17,0.529,0,2,0.0,6,7,0.857,0,6,6,5,0,0,2,0,24,19,1
22023,201942,0022300422,"Dec 28, 2023",CHI vs. IND,L,37,7,19,0.368,0,3,0.0,7,8,0.875,0,5,5,5,2,0,1,1,21,-18,1
22023,201942,0022300408,"Dec 26, 2023",CHI vs. ATL,W,40,8,17,0.471,2,3,0.667,7,7,1.0,0,2,2,6,1,0,1,3,25,8,1
22023,201942,0022300396,"Dec 23, 2023",CHI vs. CLE,L,40,6,14,0.429,1,3,0.333,8,9,0.889,0,5,5,8,3,0,2,4,21,-8,1
22023,201942,0022300376,"Dec 21, 2023",CHI vs. SAS,W,36,9,15,0.6,1,3,0.333,2,2,1.0,0,4,4,5,0,1,0,1,21,10,1
22023,201942,0022300370,"Dec 20, 2023",CHI vs. LAL,W,36,12,16,0.75,0,2,0.0,3,3,1.0,0,7,7,9,1,1,3,3,27,17,1
22023,201942,0022300351,"Dec 18, 2023",CHI @ PHI,W,37,5,15,0.333,0,0,0.0,5,6,0.833,0,4,4,5,4,1,2,1,15,-5,1
22023,201942,0022300337,"Dec 16, 2023",CHI @ MIA,L,42,9,13,0.692,1,2,0.5,8,9,0.889,1,2,3,5,2,3,3,1,27,5,1
22023,201942,0022300320,"Dec 14, 2023",CHI @ MIA,W,41,6,14,0.429,1,3,0.333,10,11,0.909,2,3,5,4,0,0,3,2,23,14,1
22023,201942,0022300307,"Dec 12, 2023",CHI vs. DEN,L,37,3,13,0.231,1,4,0.25,7,7,1.0,0,4,4,5,1,2,0,5,14,-7,1
22023,201942,0022300300,"Dec 11, 2023",CHI @ MIL,L,42,14,30,0.467,3,6,0.5,10,12,0.833,0,2,2,11,0,0,2,5,41,6,1
22023,201942,0022301223,"Dec 08, 2023",CHI @ SAS,W,39,7,24,0.292,0,2,0.0,6,10,0.6,1,5,6,10,3,0,2,2,20,13,1
22023,201942,0022301211,"Dec 06, 2023",CHI vs. CHA,W,37,8,20,0.4,1,3,0.333,12,14,0.857,0,6,6,3,0,1,2,1,29,17,1
22023,201942,0022300285,"Dec 02, 2023",CHI vs. NOP,W,40,10,18,0.556,2,4,0.5,2,2,1.0,0,5,5,10,0,0,2,3,24,2,1
22023,201942,0022300053,"Nov 28, 2023",CHI @ BOS,L,26,7,14,0.5,1,3,0.333,4,4,1.0,0,2,2,6,0,0,2,2,19,-20,1
22023,201942,0022300250,"Nov 26, 2023",CHI @ BKN,L,38,11,22,0.5,2,4,0.5,3,5,0.6,2,4,6,6,1,0,1,2,27,5,1
22023,201942,0022300046,"Nov 24, 2023",CHI @ TOR,L,39,7,16,0.438,0,1,0.0,5,9,0.556,0,3,3,4,1,1,2,3,19,-31,1
22023,201942,0022300234,"Nov 22, 2023",CHI @ OKC,L,37,6,17,0.353,0,2,0.0,13,13,1.0,1,1,2,6,2,1,1,3,25,-16,1
22023,201942,0022300220,"Nov 20, 2023",CHI vs. MIA,L,34,6,10,0.6,2,4,0.5,1,1,1.0,0,4,4,5,0,1,0,1,15,-15,1
22023,201942,0022300204,"Nov 18, 2023",CHI vs. MIA,W,40,6,12,0.5,2,4,0.5,9,13,0.692,1,3,4,4,1,0,3,1,23,-11,1
22023,201942,0022300033,"Nov 17, 2023",CHI vs. ORL,L,36,10,20,0.5,1,1,1.0,2,4,0.5,0,4,4,3,1,0,3,1,23,-6,1
22023,201942,0022300190,"Nov 13, 2023",CHI @ MIL,L,37,3,14,0.214,0,3,0.0,5,5,1.0,2,2,4,7,0,1,1,3,11,-2,1
22023,201942,0022300181,"Nov 12, 2023",CHI vs. DET,W,37,11,19,0.579,2,3,0.667,5,5,1.0,1,0,1,1,0,4,0,1,29,12,1
22023,201942,0022300162,"Nov 08, 2023",CHI vs. PHX,L,40,6,20,0.3,1,4,0.25,9,11,0.818,0,2,2,7,1,2,2,2,22,-3,1
22023,201942,0022300152,"Nov 06, 2023",CHI vs. UTA,W,30,8,13,0.615,1,1,1.0,4,5,0.8,3,2,5,4,4,0,1,3,21,2,1
22023,201942,0022300139,"Nov 04, 2023",CHI @ DEN,L,34,7,16,0.438,0,1,0.0,3,4,0.75,0,3,3,6,0,0,0,4,17,-18,1
22023,201942,0022300004,"Nov 03, 2023",CHI vs. BKN,L,33,9,20,0.45,2,4,0.5,4,4,1.0,1,0,1,4,0,0,0,0,24,-16,1
22023,201942,0022300124,"Nov 01, 2023",CHI @ DAL,L,33,5,13,0.385,0,1,0.0,6,6,1.0,1,2,3,7,1,0,2,3,16,-17,1
22023,201942,0022300102,"Oct 30, 2023",CHI @ IND,W,35,6,19,0.316,0,1,0.0,8,8,1.0,1,2,3,4,0,1,0,2,20,15,1
22023,201942,0022300088,"Oct 28, 2023",CHI @ DET,L,32,7,13,0.538,0,1,0.0,6,7,0.857,1,1,2,4,1,2,1,3,20,-11,1
22023,201942,0022300082,"Oct 27, 2023",CHI vs. TOR,W,41,11,22,0.5,1,3,0.333,10,14,0.714,1,3,4,3,4,1,2,2,33,0,1
22023,201942,0022300070,"Oct 25, 2023",CHI vs. OKC,L,33,9,20,0.45,1,3,0.333,1,3,0.333,2,3,5,2,1,1,0,1,20,-29,1
22022,201942,0022201223,"Apr 09, 2023",CHI vs. DET,W,24,7,15,0.467,1,4,0.25,1,1,1.0,0,2,2,5,1,0,0,1,16,-4,1
22022,201942,0022201193,"Apr 05, 2023",CHI @ MIL,L,36,3,12,0.25,0,1,0.0,2,2,1.0,0,3,3,6,2,0,3,4,8,-21,1
22022,201942,0022201182,"Apr 04, 2023",CHI vs. ATL,L,37,7,17,0.412,1,4,0.25,6,6,1.0,0,4,4,2,1,0,1,2,21,-14,1
22022,201942,0022201165,"Apr 02, 2023",CHI vs. MEM,W,34,11,26,0.423,0,4,0.0,9,9,1.0,1,4,5,7,1,0,0,3,31,17,1
22022,201942,0022201148,"Mar 31, 2023",CHI @ CHA,W,33,8,15,0.533,1,2,0.5,6,7,0.857,1,2,3,4,1,0,1,0,23,24,1
22022,201942,0022201140,"Mar 29, 2023",CHI vs. LAL,L,39,9,15,0.6,0,2,0.0,4,6,0.667,0,4,4,5,2,2,3,1,22,-20,1
22022,201942,0022201129,"Mar 27, 2023",CHI @ LAC,L,33,8,16,0.5,2,5,0.4,3,3,1.0,0,5,5,7,2,0,2,0,21,-9,1
22022,201942,0022201114,"Mar 26, 2023",CHI @ LAL,W,36,7,13,0.538,2,2,1.0,1,2,0.5,0,6,6,10,0,1,2,1,17,6,1
22022,201942,0022201087,"Mar 22, 2023",CHI vs. PHI,L,21,0,7,0.0,0,3,0.0,4,4,1.0,1,2,3,1,1,0,1,2,4,-30,1
22022,201942,0022201072,"Mar 20, 2023",CHI @ PHI,W,46,10,22,0.455,0,3,0.0,5,6,0.833,0,8,8,2,3,1,2,2,25,4,1
22022,201942,0022201060,"Mar 18, 2023",CHI vs. MIA,W,41,10,15,0.667,2,4,0.5,2,2,1.0,0,5,5,10,3,0,0,2,24,14,1
22022,201942,0022201050,"Mar 17, 2023",CHI vs. MIN,W,52,15,25,0.6,2,4,0.5,17,18,0.944,2,12,14,4,3,0,1,3,49,11,1
22022,201942,0022201037,"Mar 15, 2023",CHI vs. SAC,L,40,10,20,0.5,4,6,0.667,9,11,0.818,0,3,3,3,2,0,2,2,33,-11,1
22022,201942,0022201009,"Mar 11, 2023",CHI @ HOU,W,39,9,21,0.429,2,3,0.667,7,10,0.7,1,6,7,5,1,2,4,1,27,10,1
22022,201942,0022200989,"Mar 08, 2023",CHI @ DEN,W,38,6,16,0.375,0,2,0.0,5,6,0.833,1,5,6,8,3,0,2,3,17,14,1
22022,201942,0022200963,"Mar 05, 2023",CHI vs. IND,L,38,9,16,0.563,1,4,0.25,4,4,1.0,1,4,5,3,0,0,3,3,23,-9,1
22022,201942,0022200950,"Mar 03, 2023",CHI vs. PHX,L,36,13,18,0.722,1,1,1.0,4,7,0.571,0,0,0,6,2,0,0,3,31,-22,1
22022,201942,0022200934,"Mar 01, 2023",CHI @ DET,W,37,7,16,0.438,0,0,0.0,7,9,0.778,3,4,7,7,0,0,2,1,21,10,1
22022,201942,0022200925,"Feb 28, 2023",CHI @ TOR,L,35,5,11,0.455,0,0,0.0,3,5,0.6,0,0,0,2,1,1,3,5,13,-15,1
22022,201942,0022200912,"Feb 26, 2023",CHI vs. WAS,W,35,11,15,0.733,0,0,0.0,7,8,0.875,0,2,2,6,2,0,1,1,29,29,1
22022,201942,0022200900,"Feb 24, 2023",CHI vs. BKN,W,28,8,17,0.471,0,3,0.0,1,1,1.0,0,4,4,4,1,1,1,2,17,35,1
22022,201942,0022200863,"Feb 13, 2023",CHI vs. ORL,L,36,8,20,0.4,0,2,0.0,3,3,1.0,0,3,3,6,0,1,3,5,19,-10,1
22022,201942,0022200852,"Feb 11, 2023",CHI @ CLE,L,40,6,10,0.6,2,5,0.4,2,3,0.667,0,1,1,6,0,0,4,3,16,-6,1
22022,201942,0022200833,"Feb 09, 2023",CHI @ BKN,L,36,5,13,0.385,0,1,0.0,4,7,0.571,1,2,3,6,0,1,3,2,14,-23,1
22022,201942,0022200811,"Feb 06, 2023",CHI vs. SAS,W,34,8,17,0.471,0,1,0.0,3,3,1.0,0,1,1,5,1,0,2,1,19,32,1
22022,201942,0022200796,"Feb 04, 2023",CHI vs. POR,W,40,10,16,0.625,1,1,1.0,6,6,1.0,0,7,7,7,1,1,3,2,27,-4,1
22022,201942,0022200781,"Feb 02, 2023",CHI vs. CHA,W,38,4,12,0.333,2,5,0.4,5,6,0.833,0,4,4,7,1,2,4,3,15,7,1
22022,201942,0022200766,"Jan 31, 2023",CHI vs. LAC,L,36,8,19,0.421,0,2,0.0,4,6,0.667,0,2,2,5,1,1,8,3,20,2,1
22022,201942,0022200744,"Jan 28, 2023",CHI @ ORL,W,38,11,14,0.786,5,5,1.0,5,6,0.833,0,2,2,8,0,1,3,4,32,17,1
22022,201942,0022200732,"Jan 26, 2023",CHI @ CHA,L,35,9,21,0.429,0,1,0.0,10,11,0.909,1,2,3,5,1,0,2,4,28,-5,1
22022,201942,0022200713,"Jan 24, 2023",CHI @ IND,L,40,14,21,0.667,0,0,0.0,5,5,1.0,1,4,5,3,0,1,1,5,33,-9,1
22022,201942,0022200708,"Jan 23, 2023",CHI vs. ATL,W,37,11,21,0.524,1,2,0.5,3,4,0.75,0,1,1,6,3,0,1,2,26,20,1
22022,201942,0022200678,"Jan 19, 2023",CHI @ DET,W,38,9,18,0.5,0,1,0.0,8,8,1.0,0,9,9,5,2,1,5,1,26,15,1
22022,201942,0022200606,"Jan 09, 2023",CHI @ BOS,L,23,6,9,0.667,0,0,0.0,1,1,1.0,0,3,3,3,1,0,2,1,13,-12,1
22022,201942,0022200592,"Jan 07, 2023",CHI vs. UTA,W,40,13,22,0.591,0,0,0.0,9,10,0.9,0,2,2,7,0,0,2,2,35,16,1
22022,201942,0022200581,"Jan 06, 2023",CHI @ PHI,W,37,4,13,0.308,0,2,0.0,4,5,0.8,0,5,5,6,1,1,2,0,12,9,1
22022,201942,0022200570,"Jan 04, 2023",CHI vs. BKN,W,35,8,20,0.4,0,1,0.0,6,6,1.0,0,7,7,3,1,1,1,1,22,13,1
22022,201942,0022200552,"Jan 02, 2023",CHI @ CLE,L,46,16,32,0.5,2,6,0.333,10,12,0.833,1,2,3,4,4,1,1,4,44,-9,1
22022,201942,0022200540,"Dec 31, 2022",CHI vs. CLE,L,38,7,17,0.412,0,1,0.0,7,7,1.0,1,3,4,3,3,1,4,5,21,1,1
22022,201942,0022200532,"Dec 30, 2022",CHI vs. DET,W,35,9,19,0.474,0,2,0.0,4,5,0.8,0,6,6,5,1,0,2,4,22,5,1
22022,201942,0022200519,"Dec 28, 2022",CHI vs. MIL,W,44,15,25,0.6,0,0,0.0,12,14,0.857,1,9,10,5,2,2,1,0,42,2,1
22022,201942,0022200501,"Dec 26, 2022",CHI vs. HOU,L,41,11,18,0.611,0,0,0.0,9,10,0.9,1,4,5,9,1,0,2,3,31,-17,1
22022,201942,0022200485,"Dec 23, 2022",CHI @ NYK,W,37,9,21,0.429,1,3,0.333,6,7,0.857,0,7,7,10,2,1,0,5,25,2,1
22022,201942,0022200468,"Dec 21, 2022",CHI @ ATL,W,38,12,23,0.522,0,1,0.0,4,6,0.667,2,4,6,5,1,0,1,5,28,5,1
22022,201942,0022200462,"Dec 20, 2022",CHI @ MIA,W,40,9,14,0.643,0,1,0.0,6,6,1.0,1,4,5,5,0,0,2,2,24,11,1
22022,201942,0022200449,"Dec 18, 2022",CHI @ MIN,L,39,10,19,0.526,2,4,0.5,7,9,0.778,1,3,4,6,2,0,1,2,29,-5,1
22022,201942,0022200434,"Dec 16, 2022",CHI vs. NYK,L,31,6,14,0.429,0,1,0.0,2,2,1.0,0,4,4,4,1,0,4,3,14,-23,1
22022,201942,0022200418,"Dec 14, 2022",CHI vs. NYK,L,40,8,18,0.444,0,2,0.0,16,17,0.941,0,5,5,2,0,2,2,3,32,-9,1
22022,201942,0022200400,"Dec 11, 2022",CHI @ ATL,L,45,10,21,0.476,0,0,0.0,14,15,0.933,1,12,13,8,0,0,1,2,34,3,1
22022,201942,0022200391,"Dec 10, 2022",CHI vs. DAL,W,32,9,13,0.692,1,2,0.5,9,9,1.0,0,9,9,5,0,0,2,1,28,38,1
22022,201942,0022200367,"Dec 07, 2022",CHI vs. WAS,W,37,11,21,0.524,0,1,0.0,5,6,0.833,0,7,7,4,0,1,5,3,27,5,1
22022,201942,0022200350,"Dec 04, 2022",CHI @ SAC,L,35,6,18,0.333,0,0,0.0,6,6,1.0,1,4,5,4,0,0,2,3,18,-8,1
22022,201942,0022200336,"Dec 02, 2022",CHI @ GSW,L,36,4,15,0.267,0,0,0.0,8,9,0.889,1,5,6,7,0,0,1,4,16,-12,1
22022,201942,0022200321,"Nov 30, 2022",CHI @ PHX,L,32,11,17,0.647,0,1,0.0,7,8,0.875,0,7,7,4,0,1,2,3,29,-8,1
22022,201942,0022200306,"Nov 28, 2022",CHI @ UTA,W,36,9,20,0.45,0,1,0.0,8,9,0.889,2,2,4,6,1,0,0,4,26,2,1
22022,201942,0022200281,"Nov 25, 2022",CHI @ OKC,L,42,12,27,0.444,0,1,0.0,6,8,0.75,0,4,4,6,2,0,2,5,30,6,1
22022,201942,0022200267,"Nov 23, 2022",CHI @ MIL,W,38,14,24,0.583,2,3,0.667,6,7,0.857,0,4,4,8,1,2,2,0,36,15,1
22022,201942,0022200250,"Nov 21, 2022",CHI vs. BOS,W,35,11,24,0.458,3,3,1.0,3,3,1.0,0,8,8,4,1,0,2,3,28,20,1
22022,201942,0022200227,"Nov 18, 2022",CHI vs. ORL,L,44,16,30,0.533,1,2,0.5,8,9,0.889,1,3,4,2,0,0,2,2,41,13,1
22022,201942,0022200217,"Nov 16, 2022",CHI @ NOP,L,31,11,15,0.733,0,1,0.0,6,7,0.857,1,3,4,7,0,0,0,3,28,-14,1
22022,201942,0022200196,"Nov 13, 2022",CHI vs. DEN,L,26,6,11,0.545,0,1,0.0,4,6,0.667,0,2,2,4,0,1,0,3,16,-26,1
22022,201942,0022200166,"Nov 09, 2022",CHI vs. NOP,L,37,14,26,0.538,0,2,0.0,5,6,0.833,0,3,3,3,1,1,3,5,33,-3,1
22022,201942,0022200151,"Nov 07, 2022",CHI vs. TOR,W,36,2,6,0.333,0,1,0.0,5,6,0.833,0,6,6,7,1,0,2,4,9,7,1
22022,201942,0022200141,"Nov 06, 2022",CHI @ TOR,L,37,7,9,0.778,0,1,0.0,6,6,1.0,1,4,5,2,1,1,5,2,20,-8,1
22022,201942,0022200124,"Nov 04, 2022",CHI @ BOS,L,36,13,23,0.565,0,3,0.0,20,22,0.909,0,3,3,5,2,1,2,3,46,10,1
22022,201942,0022200111,"Nov 02, 2022",CHI vs. CHA,W,28,2,11,0.182,0,1,0.0,5,5,1.0,2,6,8,5,1,1,5,2,9,-9,1
22022,201942,0022200103,"Nov 01, 2022",CHI @ BKN,W,33,8,21,0.381,1,2,0.5,3,3,1.0,0,4,4,1,3,0,1,2,20,-1,1
22022,201942,0022200084,"Oct 29, 2022",CHI vs. PHI,L,34,7,12,0.583,1,2,0.5,9,10,0.9,0,3,3,4,0,0,4,2,24,2,1
22022,201942,0022200077,"Oct 28, 2022",CHI @ SAS,L,36,11,20,0.55,0,1,0.0,11,12,0.917,0,1,1,1,1,0,0,1,33,-15,1
22022,201942,0022200061,"Oct 26, 2022",CHI vs. IND,W,32,6,14,0.429,0,1,0.0,5,5,1.0,0,1,1,6,0,0,3,5,17,-3,1
22022,201942,0022200047,"Oct 24, 2022",CHI vs. BOS,W,33,10,17,0.588,0,0,0.0,5,5,1.0,0,5,5,5,1,0,3,1,25,1,1
22022,201942,0022200032,"Oct 22, 2022",CHI vs. CLE,L,33,3,9,0.333,0,0,0.0,7,7,1.0,0,2,2,1,2,0,0,2,13,-6,1
22022,201942,0022200019,"Oct 21, 2022",CHI @ WAS,L,37,11,23,0.478,0,2,0.0,10,11,0.909,1,5,6,6,1,0,3,1,32,1,1
22022,201942,0022200007,"Oct 19, 2022",CHI @ MIA,W,36,14,22,0.636,2,3,0.667,7,11,0.636,1,5,6,9,2,1,1,3,37,13,1
22021,201942,0022101208,"Apr 08, 2022",CHI vs. CHA,L,30,7,13,0.538,0,1,0.0,3,4,0.75,0,1,1,1,0,0,5,2,17,-31,1
22021,201942,0022101193,"Apr 06, 2022",CHI vs. BOS,L,33,6,16,0.375,1,1,1.0,3,4,0.75,0,2,2,5,2,0,2,2,16,-18,1
22021,201942,0022101183,"Apr 05, 2022",CHI vs. MIL,L,37,16,26,0.615,0,2,0.0,8,8,1.0,2,1,3,6,1,0,4,5,40,-17,1
22021,201942,0022101164,"Apr 02, 2022",CHI vs. MIA,L,38,6,18,0.333,1,4,0.25,13,13,1.0,0,1,1,2,1,0,0,1,26,-19,1
22021,201942,0022101149,"Mar 31, 2022",CHI vs. LAC,W,43,17,26,0.654,2,2,1.0,14,15,0.933,0,5,5,6,1,0,2,4,50,19,1
22021,201942,0022101132,"Mar 29, 2022",CHI @ WAS,W,36,12,27,0.444,1,2,0.5,7,7,1.0,0,7,7,4,2,0,1,3,32,10,1
22021,201942,0022101126,"Mar 28, 2022",CHI @ NYK,L,41,12,26,0.462,1,1,1.0,12,12,1.0,0,6,6,7,0,0,4,4,37,-8,1
22021,201942,0022101110,"Mar 26, 2022",CHI @ CLE,W,35,8,17,0.471,0,1,0.0,4,5,0.8,0,5,5,2,0,0,4,5,20,-1,1
22021,201942,0022101082,"Mar 22, 2022",CHI @ MIL,L,36,10,23,0.435,1,5,0.2,0,0,0.0,1,3,4,2,1,1,1,3,21,-16,1
22021,201942,0022101076,"Mar 21, 2022",CHI vs. TOR,W,35,11,14,0.786,1,4,0.25,3,5,0.6,0,5,5,1,1,3,1,3,26,13,1
22021,201942,0022101056,"Mar 18, 2022",CHI @ PHX,L,34,6,14,0.429,0,1,0.0,7,8,0.875,0,1,1,2,0,0,2,4,19,-24,1
22021,201942,0022101041,"Mar 16, 2022",CHI @ UTA,L,35,10,20,0.5,2,2,1.0,3,4,0.75,0,5,5,7,0,0,4,3,25,-24,1
22021,201942,0022101026,"Mar 14, 2022",CHI @ SAC,L,40,7,17,0.412,0,0,0.0,7,7,1.0,1,6,7,6,0,0,2,3,21,0,1
22021,201942,0022101006,"Mar 12, 2022",CHI vs. CLE,W,40,9,26,0.346,0,3,0.0,7,7,1.0,1,3,4,6,1,0,3,0,25,12,1
22021,201942,0022100982,"Mar 09, 2022",CHI @ DET,W,41,12,25,0.48,0,1,0.0,12,13,0.923,0,8,8,4,2,0,2,0,36,8,1
22021,201942,0022100969,"Mar 07, 2022",CHI @ PHI,L,39,6,17,0.353,0,2,0.0,11,12,0.917,2,9,11,8,0,0,3,3,23,-11,1
22021,201942,0022100949,"Mar 04, 2022",CHI vs. MIL,L,39,11,30,0.367,2,3,0.667,5,5,1.0,0,3,3,5,1,1,2,1,29,-21,1
22021,201942,0022100710,"Mar 03, 2022",CHI @ ATL,L,39,10,20,0.5,0,1,0.0,2,2,1.0,1,6,7,8,2,0,4,6,22,-8,1
22021,201942,0022100922,"Feb 28, 2022",CHI @ MIA,L,34,7,16,0.438,0,2,0.0,4,5,0.8,0,7,7,3,3,1,3,2,18,-19,1
22021,201942,0022100909,"Feb 26, 2022",CHI vs. MEM,L,42,10,29,0.345,2,2,1.0,9,10,0.9,1,6,7,3,2,1,1,2,31,-1,1
22021,201942,0022100891,"Feb 24, 2022",CHI vs. ATL,W,37,15,21,0.714,2,3,0.667,5,7,0.714,1,5,6,3,1,0,2,2,37,1,1
22021,201942,0022100878,"Feb 16, 2022",CHI vs. SAC,W,41,16,27,0.593,1,1,1.0,5,5,1.0,1,5,6,6,1,0,4,3,38,9,1
22021,201942,0022100861,"Feb 14, 2022",CHI vs. SAS,W,35,16,24,0.667,0,0,0.0,8,8,1.0,0,3,3,7,0,0,3,1,40,15,1
22021,201942,0022100852,"Feb 12, 2022",CHI vs. OKC,W,40,12,24,0.5,0,1,0.0,14,16,0.875,1,5,6,5,1,0,2,2,38,-4,1
22021,201942,0022100843,"Feb 11, 2022",CHI vs. MIN,W,38,14,22,0.636,0,1,0.0,7,7,1.0,0,6,6,6,1,0,0,1,35,19,1
22021,201942,0022100826,"Feb 09, 2022",CHI @ CHA,W,38,13,19,0.684,3,4,0.75,7,10,0.7,0,5,5,4,0,0,5,4,36,-8,1
22021,201942,0022100812,"Feb 07, 2022",CHI vs. PHX,L,36,16,27,0.593,0,1,0.0,6,8,0.75,2,3,5,4,2,0,3,2,38,-23,1
22021,201942,0022100802,"Feb 06, 2022",CHI vs. PHI,L,41,18,30,0.6,0,2,0.0,9,11,0.818,1,8,9,7,1,0,3,3,45,-3,1
22021,201942,0022100789,"Feb 04, 2022",CHI @ IND,W,39,11,26,0.423,0,4,0.0,9,9,1.0,1,4,5,7,1,1,6,4,31,5,1
22021,201942,0022100430,"Feb 03, 2022",CHI @ TOR,L,45,7,17,0.412,0,1,0.0,14,14,1.0,0,6,6,7,2,0,4,1,28,2,1
22021,201942,0022100769,"Feb 01, 2022",CHI vs. ORL,W,37,12,20,0.6,2,3,0.667,3,4,0.75,4,6,10,5,2,1,1,1,29,15,1
22021,201942,0022100753,"Jan 30, 2022",CHI vs. POR,W,34,9,13,0.692,1,1,1.0,4,4,1.0,0,4,4,10,2,0,1,0,23,16,1
22021,201942,0022100742,"Jan 28, 2022",CHI @ SAS,L,37,13,22,0.591,1,1,1.0,5,5,1.0,0,6,6,8,0,0,1,1,32,-6,1
22021,201942,0022100472,"Jan 26, 2022",CHI vs. TOR,W,37,11,19,0.579,1,4,0.25,6,7,0.857,3,4,7,7,0,0,4,4,29,2,1
22021,201942,0022100701,"Jan 23, 2022",CHI @ ORL,L,38,15,21,0.714,0,0,0.0,11,13,0.846,2,3,5,3,2,0,3,3,41,3,1
22021,201942,0022100690,"Jan 21, 2022",CHI @ MIL,L,38,9,18,0.5,0,3,0.0,17,18,0.944,1,5,6,3,0,0,1,0,35,1,1
22021,201942,0022100673,"Jan 19, 2022",CHI vs. CLE,W,36,14,24,0.583,0,0,0.0,2,5,0.4,0,2,2,7,1,2,4,4,30,10,1
22021,201942,0022100658,"Jan 17, 2022",CHI @ MEM,L,33,10,24,0.417,0,1,0.0,4,4,1.0,0,0,0,5,0,0,4,2,24,-16,1
22021,201942,0022100647,"Jan 15, 2022",CHI @ BOS,L,37,7,20,0.35,0,0,0.0,9,9,1.0,1,7,8,7,0,1,2,1,23,11,1
22021,201942,0022100637,"Jan 14, 2022",CHI vs. GSW,L,29,5,10,0.5,0,0,0.0,7,7,1.0,0,2,2,7,1,0,1,1,17,-31,1
22021,201942,0022100625,"Jan 12, 2022",CHI vs. BKN,L,32,7,16,0.438,0,0,0.0,5,7,0.714,2,2,4,1,1,0,2,1,19,-24,1
22021,201942,0022100415,"Jan 11, 2022",CHI vs. DET,W,27,8,13,0.615,0,0,0.0,4,5,0.8,2,10,12,7,0,0,3,1,20,27,1
22021,201942,0022100603,"Jan 09, 2022",CHI @ DAL,L,33,9,16,0.563,0,1,0.0,2,4,0.5,0,4,4,8,0,1,1,3,20,-12,1
22021,201942,0022100585,"Jan 07, 2022",CHI vs. WAS,W,31,5,16,0.313,0,1,0.0,5,6,0.833,2,3,5,8,0,1,4,3,15,5,1
22021,201942,0022100555,"Jan 03, 2022",CHI vs. ORL,W,36,11,24,0.458,0,2,0.0,7,13,0.538,1,2,3,2,1,0,3,3,29,14,1
22021,201942,0022100541,"Jan 01, 2022",CHI @ WAS,W,35,10,22,0.455,1,1,1.0,7,10,0.7,2,7,9,5,0,0,4,3,28,12,1
22021,201942,0022100530,"Dec 31, 2021",CHI @ IND,W,35,8,24,0.333,1,3,0.333,11,12,0.917,2,1,3,6,3,0,3,3,28,18,1
22021,201942,0022100519,"Dec 29, 2021",CHI vs. ATL,W,36,8,18,0.444,0,0,0.0,4,4,1.0,0,4,4,8,0,1,0,1,20,18,1
22021,201942,0022100502,"Dec 27, 2021",CHI @ ATL,W,38,14,20,0.7,2,2,1.0,5,8,0.625,1,4,5,10,0,0,3,3,35,7,1
22021,201942,0022100499,"Dec 26, 2021",CHI vs. IND,W,36,9,20,0.45,1,1,1.0,5,7,0.714,1,2,3,3,2,0,2,3,24,-13,1
22021,201942,0022100459,"Dec 20, 2021",CHI vs. HOU,W,32,11,18,0.611,0,0,0.0,4,4,1.0,0,3,3,6,0,0,0,1,26,10,1
22021,201942,0022100448,"Dec 19, 2021",CHI vs. LAL,W,34,11,24,0.458,0,0,0.0,16,17,0.941,1,3,4,6,1,0,3,2,38,6,1
22021,201942,0022100343,"Dec 04, 2021",CHI @ BKN,W,38,13,24,0.542,1,2,0.5,2,4,0.5,0,6,6,3,0,0,2,3,29,-1,1
22021,201942,0022100328,"Dec 02, 2021",CHI @ NYK,W,38,12,19,0.632,0,0,0.0,10,11,0.909,0,6,6,3,1,1,2,4,34,-3,1
22021,201942,0022100307,"Nov 29, 2021",CHI vs. CHA,W,34,12,20,0.6,0,2,0.0,4,5,0.8,0,5,5,6,1,0,0,3,28,6,1
22021,201942,0022100296,"Nov 27, 2021",CHI vs. MIA,L,41,11,19,0.579,0,4,0.0,6,7,0.857,2,5,7,1,1,0,4,3,28,-7,1
22021,201942,0022100283,"Nov 26, 2021",CHI @ ORL,W,28,7,16,0.438,3,3,1.0,6,6,1.0,0,5,5,4,0,0,0,2,23,15,1
22021,201942,0022100271,"Nov 24, 2021",CHI @ HOU,L,36,6,19,0.316,0,4,0.0,5,5,1.0,0,5,5,7,1,0,2,1,17,13,1
22021,201942,0022100257,"Nov 22, 2021",CHI vs. IND,L,27,8,16,0.5,0,1,0.0,2,2,1.0,0,1,1,2,1,0,4,2,18,-18,1
22021,201942,0022100250,"Nov 21, 2021",CHI vs. NYK,W,38,10,20,0.5,2,2,1.0,9,9,1.0,1,5,6,5,2,0,3,1,31,21,1
22021,201942,0022100236,"Nov 19, 2021",CHI @ DEN,W,36,7,21,0.333,0,2,0.0,12,12,1.0,0,6,6,4,2,0,0,1,26,-4,1
22021,201942,0022100223,"Nov 17, 2021",CHI @ POR,L,36,7,19,0.368,1,5,0.2,7,8,0.875,1,3,4,5,1,2,5,3,22,6,1
22021,201942,0022100209,"Nov 15, 2021",CHI @ LAL,W,35,15,23,0.652,2,5,0.4,6,6,1.0,0,3,3,6,1,1,3,2,38,17,1
22021,201942,0022100198,"Nov 14, 2021",CHI @ LAC,W,38,12,16,0.75,1,1,1.0,10,11,0.909,1,6,7,5,0,0,2,3,35,14,1
22021,201942,0022100183,"Nov 12, 2021",CHI @ GSW,L,36,4,13,0.308,1,3,0.333,9,10,0.9,1,1,2,5,1,0,2,3,18,-13,1
22021,201942,0022100163,"Nov 10, 2021",CHI vs. DAL,W,37,7,20,0.35,0,3,0.0,3,4,0.75,0,7,7,6,0,1,3,3,17,20,1
22021,201942,0022100148,"Nov 08, 2021",CHI vs. BKN,W,35,10,20,0.5,1,4,0.25,7,9,0.778,1,3,4,3,1,0,3,3,28,13,1
22021,201942,0022100135,"Nov 06, 2021",CHI vs. PHI,L,35,7,15,0.467,1,1,1.0,10,12,0.833,2,2,4,4,2,0,0,2,25,-1,1
22021,201942,0022100111,"Nov 03, 2021",CHI @ PHI,L,36,13,22,0.591,0,1,0.0,11,12,0.917,2,8,10,1,1,0,3,2,37,12,1
22021,201942,0022100098,"Nov 01, 2021",CHI @ BOS,W,34,15,20,0.75,3,4,0.75,4,5,0.8,0,6,6,2,1,1,1,3,37,4,1
22021,201942,0022100083,"Oct 30, 2021",CHI vs. UTA,W,35,13,22,0.591,0,1,0.0,6,6,1.0,1,5,6,3,0,0,1,1,32,15,1
22021,201942,0022100067,"Oct 28, 2021",CHI vs. NYK,L,35,7,18,0.389,1,4,0.25,5,5,1.0,0,3,3,5,2,1,2,2,20,-8,1
22021,201942,0022100046,"Oct 25, 2021",CHI @ TOR,W,36,7,19,0.368,2,4,0.5,10,10,1.0,0,5,5,6,0,0,2,2,26,7,1
22021,201942,0022100030,"Oct 23, 2021",CHI vs. DET,W,34,7,18,0.389,0,1,0.0,7,9,0.778,1,5,6,6,0,2,2,2,21,19,1
22021,201942,0022100022,"Oct 22, 2021",CHI vs. NOP,W,32,9,20,0.45,0,2,0.0,8,9,0.889,2,4,6,4,0,0,1,2,26,15,1
22021,201942,0022100004,"Oct 20, 2021",CHI @ DET,W,38,8,17,0.471,1,1,1.0,0,2,0.0,0,7,7,2,3,0,2,2,17,5,1
22020,201942,0022001078,"May 16, 2021",SAS vs. PHX,L,25,8,14,0.571,1,1,1.0,6,7,0.857,1,2,3,4,0,0,2,1,23,-4,1
22020,201942,0022000458,"May 13, 2021",SAS @ NYK,L,38,10,18,0.556,0,0,0.0,7,9,0.778,0,8,8,4,1,0,3,2,27,6,1
22020,201942,0022001043,"May 12, 2021",SAS @ BKN,L,30,9,14,0.643,0,0,0.0,3,4,0.75,0,2,2,5,1,0,2,4,21,-19,1
22020,201942,0022001029,"May 10, 2021",SAS vs. MIL,W,29,9,17,0.529,0,0,0.0,5,7,0.714,0,3,3,3,0,0,5,2,23,6,1
22020,201942,0022001018,"May 08, 2021",SAS @ POR,L,31,6,15,0.4,0,0,0.0,8,8,1.0,0,2,2,4,2,0,1,2,20,-9,1
22020,201942,0022001011,"May 07, 2021",SAS @ SAC,W,36,7,14,0.5,0,0,0.0,11,13,0.846,0,6,6,3,1,1,2,4,25,0,1
22020,201942,0022000996,"May 05, 2021",SAS @ UTA,L,18,3,8,0.375,0,0,0.0,0,0,0.0,0,1,1,3,1,0,0,1,6,-22,1
22020,201942,0022000981,"May 03, 2021",SAS @ UTA,L,33,10,17,0.588,0,0,0.0,2,2,1.0,0,1,1,6,3,1,0,3,22,-17,1
22020,201942,0022000950,"Apr 30, 2021",SAS @ BOS,L,42,7,21,0.333,0,2,0.0,16,19,0.842,0,5,5,14,2,0,2,1,30,1,1
22020,201942,0022000938,"Apr 28, 2021",SAS @ MIA,L,35,7,13,0.538,0,1,0.0,6,7,0.857,0,4,4,8,1,0,2,3,20,-9,1
22020,201942,0022000919,"Apr 26, 2021",SAS @ WAS,W,41,12,23,0.522,0,0,0.0,13,13,1.0,1,1,2,10,0,0,2,3,37,5,1
22020,201942,0022000264,"Apr 24, 2021",SAS @ NOP,W,37,10,21,0.476,0,3,0.0,12,12,1.0,2,5,7,8,1,0,5,2,32,5,1
22020,201942,0022000888,"Apr 21, 2021",SAS vs. MIA,L,32,6,13,0.462,0,1,0.0,3,4,0.75,1,4,5,4,0,0,2,2,15,-14,1
22020,201942,0022000473,"Apr 19, 2021",SAS @ IND,W,32,5,13,0.385,0,2,0.0,8,9,0.889,2,6,8,6,0,1,0,4,18,15,1
22020,201942,0022000853,"Apr 16, 2021",SAS vs. POR,L,37,11,25,0.44,0,1,0.0,4,4,1.0,1,3,4,10,1,1,2,3,26,2,1
22020,201942,0022000831,"Apr 14, 2021",SAS @ TOR,L,38,6,11,0.545,0,0,0.0,7,9,0.778,2,2,4,11,1,0,3,3,19,3,1
22020,201942,0022000816,"Apr 12, 2021",SAS @ ORL,W,26,7,11,0.636,0,0,0.0,5,5,1.0,0,2,2,6,0,0,1,3,19,16,1
22020,201942,0022000810,"Apr 11, 2021",SAS @ DAL,W,35,13,25,0.52,0,1,0.0,7,8,0.875,1,4,5,8,0,0,2,1,33,-5,1
22020,201942,0022000797,"Apr 09, 2021",SAS @ DEN,L,37,8,14,0.571,0,0,0.0,8,8,1.0,1,2,3,12,1,0,3,3,24,0,1
22020,201942,0022000782,"Apr 07, 2021",SAS @ DEN,L,30,5,13,0.385,0,0,0.0,4,6,0.667,1,3,4,4,2,0,4,1,14,-3,1
22020,201942,0022000767,"Apr 05, 2021",SAS vs. CLE,L,27,4,9,0.444,0,1,0.0,12,13,0.923,1,3,4,2,0,0,1,1,20,-10,1
22020,201942,0022000751,"Apr 03, 2021",SAS vs. IND,L,37,6,12,0.5,0,0,0.0,13,15,0.867,1,3,4,6,0,0,5,4,25,1,1
22020,201942,0022000735,"Apr 01, 2021",SAS vs. ATL,L,47,14,27,0.519,0,1,0.0,8,10,0.8,1,4,5,9,0,0,1,4,36,-6,1
22020,201942,0022000728,"Mar 31, 2021",SAS vs. SAC,W,33,12,20,0.6,0,0,0.0,2,2,1.0,2,3,5,7,0,1,4,1,26,17,1
22020,201942,0022000714,"Mar 29, 2021",SAS vs. SAC,L,32,6,15,0.4,0,1,0.0,5,5,1.0,0,3,3,8,0,0,2,2,17,1,1
22020,201942,0022000697,"Mar 27, 2021",SAS vs. CHI,W,32,7,14,0.5,0,0,0.0,3,4,0.75,0,4,4,7,4,0,2,0,17,20,1
22020,201942,0022000680,"Mar 25, 2021",SAS vs. LAC,L,31,8,19,0.421,0,1,0.0,7,8,0.875,0,4,4,2,2,0,3,1,23,-16,1
22020,201942,0022000675,"Mar 24, 2021",SAS vs. LAC,L,28,7,18,0.389,0,0,0.0,5,5,1.0,0,3,3,3,1,0,4,2,19,-30,1
22020,201942,0022000655,"Mar 22, 2021",SAS vs. CHA,L,35,11,16,0.688,0,2,0.0,6,7,0.857,0,2,2,5,1,0,0,5,28,-12,1
22020,201942,0022000643,"Mar 20, 2021",SAS @ MIL,L,38,8,18,0.444,1,3,0.333,5,6,0.833,0,3,3,13,1,2,1,0,22,-5,1
22020,201942,0022000435,"Mar 19, 2021",SAS @ CLE,W,36,7,12,0.583,0,0,0.0,6,7,0.857,0,1,1,7,0,0,3,1,20,13,1
22020,201942,0022000567,"Mar 10, 2021",SAS @ DAL,L,37,12,19,0.632,1,1,1.0,5,8,0.625,0,0,0,11,4,0,1,4,30,-1,1
22020,201942,0022000556,"Mar 04, 2021",SAS vs. OKC,L,36,8,21,0.381,0,2,0.0,4,4,1.0,1,5,6,4,0,0,4,2,20,-20,1
22020,201942,0022000541,"Mar 02, 2021",SAS vs. NYK,W,30,2,5,0.4,0,0,0.0,6,6,1.0,0,4,4,11,4,0,0,1,10,12,1
22020,201942,0022000534,"Mar 01, 2021",SAS vs. BKN,L,42,9,21,0.429,0,1,0.0,4,5,0.8,2,4,6,11,0,0,3,4,22,-8,1
22020,201942,0022000514,"Feb 27, 2021",SAS vs. NOP,W,38,11,18,0.611,0,1,0.0,10,12,0.833,0,1,1,11,2,0,1,4,32,3,1
22020,201942,0022000414,"Feb 14, 2021",SAS @ CHA,W,35,3,8,0.375,1,3,0.333,1,1,1.0,0,2,2,9,2,0,1,1,8,10,1
22020,201942,0022000397,"Feb 12, 2021",SAS @ ATL,W,26,7,11,0.636,0,0,0.0,9,10,0.9,2,4,6,8,0,0,2,1,23,30,1
22020,201942,0022000378,"Feb 09, 2021",SAS vs. GSW,L,28,4,11,0.364,0,2,0.0,4,4,1.0,1,2,3,6,0,0,1,1,12,-18,1
22020,201942,0022000371,"Feb 08, 2021",SAS vs. GSW,W,36,6,15,0.4,1,3,0.333,8,8,1.0,0,6,6,10,0,0,2,0,21,6,1
22020,201942,0022000358,"Feb 06, 2021",SAS @ HOU,W,37,9,16,0.563,1,3,0.333,11,12,0.917,0,8,8,7,0,0,1,0,30,8,1
22020,201942,0022000334,"Feb 03, 2021",SAS vs. MIN,W,40,10,19,0.526,0,0,0.0,10,11,0.909,2,6,8,6,0,0,2,0,30,6,1
22020,201942,0022000320,"Feb 01, 2021",SAS vs. MEM,L,30,6,12,0.5,0,2,0.0,2,4,0.5,2,3,5,6,1,0,2,2,14,-17,1
22020,201942,0022000304,"Jan 30, 2021",SAS vs. MEM,L,25,2,6,0.333,1,2,0.5,0,0,0.0,0,1,1,1,0,0,1,2,5,-8,1
22020,201942,0022000296,"Jan 29, 2021",SAS vs. DEN,W,36,11,14,0.786,1,2,0.5,7,7,1.0,0,1,1,10,0,0,1,2,30,9,1
22020,201942,0022000280,"Jan 27, 2021",SAS vs. BOS,W,34,7,8,0.875,2,2,1.0,5,6,0.833,0,5,5,7,0,0,3,1,21,3,1
22020,201942,0022000253,"Jan 24, 2021",SAS vs. WAS,W,27,3,7,0.429,0,1,0.0,3,4,0.75,0,3,3,8,1,0,2,5,9,1,1
22020,201942,0022000237,"Jan 22, 2021",SAS vs. DAL,L,41,8,20,0.4,0,1,0.0,13,16,0.813,0,6,6,6,1,0,1,4,29,-5,1
22020,201942,0022000223,"Jan 20, 2021",SAS @ GSW,L,25,3,8,0.375,0,1,0.0,9,9,1.0,1,1,2,3,1,0,2,3,15,-17,1
22020,201942,0022000207,"Jan 18, 2021",SAS @ POR,W,32,6,9,0.667,0,0,0.0,8,8,1.0,1,5,6,11,2,0,4,0,20,9,1
22020,201942,0022000189,"Jan 16, 2021",SAS vs. HOU,W,37,9,25,0.36,0,1,0.0,6,6,1.0,3,4,7,4,2,1,3,1,24,8,1
22020,201942,0022000176,"Jan 14, 2021",SAS vs. HOU,L,35,5,14,0.357,0,2,0.0,3,3,1.0,1,5,6,7,1,1,1,1,13,0,1
22020,201942,0022000138,"Jan 09, 2021",SAS @ MIN,W,44,13,23,0.565,0,2,0.0,12,13,0.923,1,4,5,5,0,0,1,1,38,4,1
22020,201942,0022000121,"Jan 07, 2021",SAS @ LAL,W,36,5,13,0.385,2,6,0.333,7,8,0.875,0,4,4,8,2,1,0,1,19,14,1
22020,201942,0022000105,"Jan 05, 2021",SAS @ LAC,W,29,3,9,0.333,0,0,0.0,0,0,0.0,1,4,5,6,0,1,2,3,6,-20,1
22020,201942,0022000089,"Jan 03, 2021",SAS vs. UTA,L,27,9,17,0.529,0,2,0.0,1,2,0.5,0,5,5,4,2,0,2,3,19,-14,1
22020,201942,0022000075,"Jan 01, 2021",SAS vs. LAL,L,37,8,16,0.5,3,4,0.75,4,5,0.8,1,8,9,7,0,1,0,2,23,-5,1
22020,201942,0022000060,"Dec 30, 2020",SAS vs. LAL,L,36,7,12,0.583,1,1,1.0,8,10,0.8,0,5,5,6,1,1,2,2,23,-12,1
22020,201942,0022000034,"Dec 27, 2020",SAS @ NOP,L,31,3,12,0.25,0,4,0.0,2,2,1.0,0,3,3,10,0,1,2,5,8,-18,1
22020,201942,0022000027,"Dec 26, 2020",SAS vs. TOR,W,36,10,17,0.588,3,4,0.75,4,5,0.8,1,4,5,8,2,0,2,2,27,7,1
22020,201942,0022000017,"Dec 23, 2020",SAS @ MEM,W,35,7,14,0.5,0,0,0.0,14,15,0.933,2,7,9,9,1,1,1,1,28,-1,1
22019,201942,0021901298,"Aug 11, 2020",SAS vs. HOU,W,28,9,13,0.692,0,0,0.0,5,6,0.833,0,6,6,4,2,1,0,1,23,19,1
22019,201942,0021901287,"Aug 09, 2020",SAS @ NOP,W,33,10,16,0.625,0,0,0.0,7,7,1.0,1,3,4,2,1,0,3,3,27,6,1
22019,201942,0021901274,"Aug 07, 2020",SAS vs. UTA,W,30,4,10,0.4,0,0,0.0,5,6,0.833,1,1,2,5,2,0,5,3,13,5,1
22019,201942,0021901264,"Aug 05, 2020",SAS vs. DEN,L,32,5,11,0.455,0,2,0.0,8,9,0.889,1,4,5,8,1,2,2,3,18,-6,1
22019,201942,0021901254,"Aug 03, 2020",SAS @ PHI,L,31,11,20,0.55,1,3,0.333,7,7,1.0,1,4,5,4,1,2,1,1,30,-3,1
22019,201942,0021901246,"Aug 02, 2020",SAS @ MEM,W,34,5,10,0.5,0,0,0.0,4,6,0.667,0,4,4,7,1,1,2,1,14,-4,1
22019,201942,0021901237,"Jul 31, 2020",SAS vs. SAC,W,38,10,13,0.769,0,0,0.0,7,9,0.778,1,4,5,10,0,0,4,4,27,7,1
22019,201942,0021900965,"Mar 10, 2020",SAS vs. DAL,W,35,5,12,0.417,0,0,0.0,3,4,0.75,2,3,5,12,2,0,3,1,13,9,1
22019,201942,0021900954,"Mar 08, 2020",SAS @ CLE,L,42,7,19,0.368,0,0,0.0,11,12,0.917,0,8,8,4,2,0,3,5,25,-8,1
22019,201942,0021900931,"Mar 06, 2020",SAS @ BKN,L,31,10,13,0.769,0,0,0.0,4,5,0.8,0,5,5,9,0,0,1,3,24,-22,1
22019,201942,0021900909,"Mar 03, 2020",SAS @ CHA,W,36,5,11,0.455,0,0,0.0,2,3,0.667,1,4,5,10,1,0,1,3,12,-3,1
22019,201942,0021900908,"Mar 02, 2020",SAS vs. IND,L,38,4,10,0.4,0,0,0.0,2,3,0.667,0,6,6,7,0,0,1,2,10,-7,1
22019,201942,0021900893,"Feb 29, 2020",SAS vs. ORL,W,33,6,13,0.462,0,0,0.0,4,6,0.667,0,3,3,9,1,1,3,0,16,20,1
22019,201942,0021900869,"Feb 26, 2020",SAS vs. DAL,L,34,9,15,0.6,0,1,0.0,9,9,1.0,2,6,8,9,1,0,2,3,27,-10,1
22019,201942,0021900846,"Feb 23, 2020",SAS @ OKC,L,23,4,12,0.333,0,0,0.0,3,4,0.75,1,4,5,3,0,0,2,2,11,-21,1
22019,201942,0021900832,"Feb 21, 2020",SAS @ UTA,W,36,8,17,0.471,0,0,0.0,2,2,1.0,0,5,5,7,0,1,3,1,18,10,1
22019,201942,0021900785,"Feb 08, 2020",SAS @ SAC,L,30,5,10,0.5,0,0,0.0,4,5,0.8,0,3,3,6,0,0,3,5,14,9,1
22019,201942,0021900767,"Feb 06, 2020",SAS @ POR,L,37,6,16,0.375,0,0,0.0,9,9,1.0,0,7,7,6,3,0,1,0,21,-2,1
22019,201942,0021900754,"Feb 04, 2020",SAS @ LAL,L,33,12,21,0.571,0,0,0.0,4,5,0.8,2,6,8,7,1,0,2,3,28,-5,1
22019,201942,0021900750,"Feb 03, 2020",SAS @ LAC,L,34,11,23,0.478,0,0,0.0,4,6,0.667,0,5,5,2,2,0,3,2,26,-14,1
22019,201942,0021900734,"Feb 01, 2020",SAS vs. CHA,W,33,10,15,0.667,0,0,0.0,4,5,0.8,0,2,2,6,2,0,2,2,24,17,1
22019,201942,0021900711,"Jan 29, 2020",SAS vs. UTA,W,37,11,19,0.579,0,0,0.0,16,19,0.842,0,5,5,5,0,0,1,5,38,10,1
22019,201942,0021900695,"Jan 27, 2020",SAS @ CHI,L,36,11,21,0.524,0,0,0.0,14,17,0.824,1,9,10,3,0,0,3,1,36,12,1
22019,201942,0021900686,"Jan 26, 2020",SAS vs. TOR,L,35,4,9,0.444,0,1,0.0,6,6,1.0,0,6,6,7,0,0,2,1,14,-12,1
22019,201942,0021900678,"Jan 24, 2020",SAS vs. PHX,L,36,10,15,0.667,0,1,0.0,10,11,0.909,2,6,8,4,1,0,3,2,30,-7,1
22019,201942,0021900663,"Jan 22, 2020",SAS @ NOP,W,36,8,16,0.5,0,0,0.0,4,4,1.0,1,4,5,1,1,0,1,3,20,-6,1
22019,201942,0021900650,"Jan 20, 2020",SAS @ PHX,W,35,5,15,0.333,0,0,0.0,8,9,0.889,2,7,9,8,3,0,5,3,18,12,1
22019,201942,0021900637,"Jan 19, 2020",SAS vs. MIA,W,38,7,16,0.438,0,1,0.0,6,6,1.0,1,8,9,9,1,0,2,4,20,-7,1
22019,201942,0021900624,"Jan 17, 2020",SAS vs. ATL,L,38,9,18,0.5,0,1,0.0,7,7,1.0,1,8,9,9,2,0,4,3,25,-1,1
22019,201942,0021900606,"Jan 15, 2020",SAS @ MIA,L,35,12,14,0.857,0,0,0.0,6,7,0.857,0,5,5,7,2,0,2,3,30,3,1
22019,201942,0021900587,"Jan 12, 2020",SAS @ TOR,W,35,7,12,0.583,0,0,0.0,11,14,0.786,1,7,8,4,2,0,2,3,25,-2,1
22019,201942,0021900571,"Jan 10, 2020",SAS @ MEM,L,38,11,18,0.611,1,1,1.0,13,14,0.929,2,7,9,9,1,0,1,5,36,-1,1
22019,201942,0021900554,"Jan 08, 2020",SAS @ BOS,W,34,10,17,0.588,0,1,0.0,11,11,1.0,0,6,6,4,1,0,4,0,31,18,1
22019,201942,0021900546,"Jan 06, 2020",SAS vs. MIL,W,33,11,15,0.733,1,1,1.0,2,2,1.0,0,3,3,7,0,0,4,2,25,14,1
22019,201942,0021900531,"Jan 04, 2020",SAS @ MIL,L,32,8,14,0.571,0,0,0.0,10,11,0.909,2,2,4,5,1,0,1,3,26,-3,1
22019,201942,0021900514,"Jan 02, 2020",SAS vs. OKC,L,39,13,25,0.52,1,3,0.333,3,3,1.0,1,2,3,3,0,0,2,2,30,-17,1
22019,201942,0021900502,"Dec 31, 2019",SAS vs. GSW,W,37,11,18,0.611,0,0,0.0,2,4,0.5,1,4,5,4,3,0,1,2,24,-4,1
22019,201942,0021900481,"Dec 28, 2019",SAS vs. DET,W,32,13,16,0.813,0,0,0.0,3,5,0.6,0,5,5,8,0,0,2,3,29,38,1
22019,201942,0021900463,"Dec 26, 2019",SAS @ DAL,L,35,8,15,0.533,0,0,0.0,5,6,0.833,0,5,5,4,1,0,2,1,21,-11,1
22019,201942,0021900450,"Dec 23, 2019",SAS @ MEM,W,29,10,11,0.909,0,0,0.0,6,6,1.0,0,3,3,10,3,0,2,3,26,31,1
22019,201942,0021900436,"Dec 21, 2019",SAS vs. LAC,L,25,9,14,0.643,0,1,0.0,6,6,1.0,0,3,3,3,0,0,2,4,24,-17,1
22019,201942,0021900418,"Dec 19, 2019",SAS vs. BKN,W,32,4,14,0.286,0,2,0.0,4,4,1.0,1,3,4,6,1,0,4,3,12,-7,1
22019,201942,0021900396,"Dec 16, 2019",SAS @ HOU,L,31,5,13,0.385,0,1,0.0,2,2,1.0,0,5,5,5,0,0,4,2,12,-14,1
22019,201942,0021900380,"Dec 14, 2019",SAS @ PHX,W,34,7,15,0.467,0,1,0.0,4,7,0.571,2,4,6,3,0,1,3,5,18,-6,1
22019,201942,0021900368,"Dec 12, 2019",SAS vs. CLE,L,39,8,17,0.471,0,0,0.0,5,8,0.625,1,3,4,4,2,0,1,3,21,-12,1
22019,201942,0021900328,"Dec 06, 2019",SAS vs. SAC,W,40,5,14,0.357,3,5,0.6,2,3,0.667,1,9,10,7,2,0,3,3,15,3,1
22019,201942,0021900303,"Dec 03, 2019",SAS vs. HOU,W,41,9,25,0.36,0,1,0.0,5,6,0.833,1,4,5,9,0,0,3,3,23,-12,1
22019,201942,0021900288,"Dec 01, 2019",SAS @ DET,L,25,6,12,0.5,1,3,0.333,7,8,0.875,0,4,4,2,1,0,0,1,20,-8,1
22019,201942,0021900276,"Nov 29, 2019",SAS vs. LAC,W,35,7,16,0.438,1,1,1.0,0,0,0.0,1,8,9,5,3,0,4,3,15,3,1
22019,201942,0021900262,"Nov 27, 2019",SAS vs. MIN,L,34,8,16,0.5,0,0,0.0,4,7,0.571,0,7,7,5,2,1,1,3,20,-8,1
22019,201942,0021900249,"Nov 25, 2019",SAS vs. LAL,L,35,11,19,0.579,0,0,0.0,2,2,1.0,0,4,4,5,0,1,0,4,24,-2,1
22019,201942,0021900229,"Nov 23, 2019",SAS @ NYK,W,31,8,14,0.571,0,0,0.0,5,5,1.0,1,8,9,4,0,1,4,2,21,3,1
22019,201942,0021900218,"Nov 22, 2019",SAS @ PHI,L,33,12,23,0.522,0,0,0.0,5,5,1.0,0,7,7,2,1,0,2,3,29,-21,1
22019,201942,0021900203,"Nov 20, 2019",SAS @ WAS,L,40,9,13,0.692,0,0,0.0,13,17,0.765,0,4,4,5,0,1,1,3,31,-7,1
22019,201942,0021900194,"Nov 18, 2019",SAS @ DAL,L,34,14,20,0.7,0,0,0.0,8,8,1.0,1,7,8,4,1,0,1,4,36,-8,1
22019,201942,0021900181,"Nov 16, 2019",SAS vs. POR,L,37,4,15,0.267,0,0,0.0,8,9,0.889,2,5,7,5,1,0,3,5,16,-16,1
22019,201942,0021900168,"Nov 15, 2019",SAS @ ORL,L,37,9,15,0.6,0,0,0.0,3,3,1.0,0,2,2,5,1,0,2,6,21,-15,1
22019,201942,0021900158,"Nov 13, 2019",SAS @ MIN,L,33,12,18,0.667,0,0,0.0,3,4,0.75,1,4,5,4,1,2,2,3,27,-15,1
22019,201942,0021900143,"Nov 11, 2019",SAS vs. MEM,L,35,6,15,0.4,0,2,0.0,0,1,0.0,0,7,7,7,0,0,2,4,12,-10,1
22019,201942,0021900127,"Nov 09, 2019",SAS vs. BOS,L,27,6,15,0.4,0,0,0.0,10,11,0.909,0,2,2,4,0,0,2,2,22,-16,1
22019,201942,0021900113,"Nov 07, 2019",SAS vs. OKC,W,34,7,13,0.538,0,0,0.0,2,2,1.0,0,6,6,9,1,0,3,2,16,11,1
22019,201942,0021900099,"Nov 05, 2019",SAS @ ATL,L,36,10,16,0.625,0,1,0.0,2,3,0.667,1,3,4,4,3,2,3,2,22,-2,1
22019,201942,0021900088,"Nov 03, 2019",SAS vs. LAL,L,34,5,15,0.333,0,0,0.0,4,5,0.8,2,5,7,5,0,1,3,2,14,-19,1
22019,201942,0021900076,"Nov 01, 2019",SAS @ GSW,W,29,4,7,0.571,0,0,0.0,5,7,0.714,0,1,1,11,0,0,3,1,13,10,1
22019,201942,0021900068,"Oct 31, 2019",SAS @ LAC,L,35,13,21,0.619,0,0,0.0,3,4,0.75,0,7,7,2,1,0,7,4,29,-2,1
22019,201942,0021900048,"Oct 28, 2019",SAS vs. POR,W,33,10,16,0.625,0,0,0.0,7,9,0.778,1,6,7,0,2,0,5,2,27,2,1
22019,201942,0021900033,"Oct 26, 2019",SAS vs. WAS,W,36,11,24,0.458,0,0,0.0,4,4,1.0,0,4,4,3,2,1,1,1,26,1,1
22019,201942,0021900010,"Oct 23, 2019",SAS vs. NYK,W,32,3,10,0.3,0,1,0.0,7,11,0.636,0,4,4,4,0,1,4,3,13,2,1
22018,201942,0021801227,"Apr 10, 2019",SAS vs. DAL,W,34,7,15,0.467,0,1,0.0,5,6,0.833,1,4,5,4,3,0,2,2,19,21,1
22018,201942,0021801196,"Apr 07, 2019",SAS @ CLE,W,32,4,9,0.444,0,0,0.0,6,7,0.857,0,3,3,9,1,0,3,2,14,19,1
22018,201942,0021801182,"Apr 05, 2019",SAS @ WAS,W,28,8,14,0.571,0,0,0.0,0,0,0.0,2,3,5,4,0,0,3,1,16,9,1
22018,201942,0021801173,"Apr 03, 2019",SAS @ DEN,L,24,4,7,0.571,0,0,0.0,3,5,0.6,0,1,1,3,1,2,2,1,11,-17,1
22018,201942,0021801162,"Apr 02, 2019",SAS vs. ATL,W,36,7,11,0.636,0,0,0.0,15,16,0.938,0,7,7,7,2,0,5,6,29,18,1
22018,201942,0021801149,"Mar 31, 2019",SAS vs. SAC,L,36,8,16,0.5,0,0,0.0,0,0,0.0,1,1,2,7,3,0,2,4,16,6,1
22018,201942,0021801129,"Mar 28, 2019",SAS vs. CLE,W,35,10,12,0.833,0,0,0.0,5,5,1.0,1,1,2,8,2,0,2,2,25,13,1
22018,201942,0021801107,"Mar 26, 2019",SAS @ CHA,L,40,12,23,0.522,0,1,0.0,6,8,0.75,2,6,8,4,0,0,1,2,30,-14,1
22018,201942,0021801100,"Mar 24, 2019",SAS @ BOS,W,36,8,18,0.444,0,0,0.0,0,0,0.0,0,0,0,11,0,2,1,1,16,16,1
22018,201942,0021801084,"Mar 22, 2019",SAS @ HOU,L,33,7,19,0.368,0,0,0.0,2,2,1.0,1,7,8,8,1,0,2,5,16,-12,1
22018,201942,0021801071,"Mar 20, 2019",SAS vs. MIA,L,34,6,12,0.5,0,1,0.0,4,6,0.667,0,15,15,6,1,1,3,0,16,-16,1
22018,201942,0021801055,"Mar 18, 2019",SAS vs. GSW,W,38,9,17,0.529,0,0,0.0,8,9,0.889,1,8,9,8,1,0,3,0,26,7,1
22018,201942,0021801039,"Mar 16, 2019",SAS vs. POR,W,34,6,14,0.429,0,0,0.0,9,10,0.9,0,8,8,3,0,1,1,1,21,-5,1
22018,201942,0021801032,"Mar 15, 2019",SAS vs. NYK,W,26,6,11,0.545,0,0,0.0,1,1,1.0,0,4,4,7,1,0,3,2,13,5,2
22018,201942,0021801011,"Mar 12, 2019",SAS @ DAL,W,38,11,19,0.579,0,0,0.0,11,11,1.0,0,4,4,6,4,0,3,4,33,9,1
22018,201942,0021800999,"Mar 10, 2019",SAS vs. MIL,W,36,10,20,0.5,0,1,0.0,8,9,0.889,0,4,4,6,2,1,1,3,28,-12,1
22018,201942,0021800968,"Mar 06, 2019",SAS @ ATL,W,35,7,14,0.5,0,0,0.0,0,0,0.0,0,3,3,7,1,0,4,4,14,0,1
22018,201942,0021800954,"Mar 04, 2019",SAS vs. DEN,W,37,11,19,0.579,0,0,0.0,2,3,0.667,1,5,6,7,3,1,3,2,24,2,1
22018,201942,0021800940,"Mar 02, 2019",SAS vs. OKC,W,34,8,16,0.5,0,0,0.0,2,4,0.5,1,5,6,7,0,0,4,1,18,21,1
22018,201942,0021800917,"Feb 27, 2019",SAS vs. DET,W,37,7,13,0.538,0,0,0.0,3,6,0.5,1,12,13,8,2,0,2,0,17,17,1
22018,201942,0021800900,"Feb 25, 2019",SAS @ BKN,L,34,9,14,0.643,0,0,0.0,5,5,1.0,0,5,5,2,1,0,3,3,23,-10,1
22018,201942,0021800896,"Feb 24, 2019",SAS @ NYK,L,32,12,22,0.545,0,0,0.0,8,10,0.8,0,9,9,4,1,1,0,4,32,-17,1
22018,201942,0021800876,"Feb 22, 2019",SAS @ TOR,L,34,7,12,0.583,0,0,0.0,9,9,1.0,0,4,4,8,2,1,4,4,23,-5,1
22018,201942,0021800850,"Feb 12, 2019",SAS @ MEM,W,41,5,19,0.263,0,0,0.0,2,3,0.667,1,5,6,5,1,0,1,3,12,3,1
22018,201942,0021800825,"Feb 09, 2019",SAS @ UTA,L,35,10,19,0.526,0,0,0.0,3,3,1.0,0,2,2,5,1,0,4,5,23,-15,1
22018,201942,0021800816,"Feb 07, 2019",SAS @ POR,L,35,14,28,0.5,0,0,0.0,7,8,0.875,1,5,6,6,0,0,5,1,35,-15,1
22018,201942,0021800795,"Feb 04, 2019",SAS @ SAC,L,33,10,15,0.667,0,0,0.0,4,6,0.667,1,3,4,4,1,1,1,2,24,-15,1
22018,201942,0021800779,"Feb 02, 2019",SAS vs. NOP,W,29,3,10,0.3,0,0,0.0,7,8,0.875,1,5,6,5,0,1,1,1,13,17,1
22018,201942,0021800767,"Jan 31, 2019",SAS vs. BKN,W,36,5,16,0.313,0,1,0.0,5,6,0.833,2,8,10,4,0,0,0,1,15,5,1
22018,201942,0021800711,"Jan 23, 2019",SAS @ PHI,L,37,12,19,0.632,0,0,0.0,2,3,0.667,1,8,9,3,2,1,6,2,26,-2,1
22018,201942,0021800690,"Jan 20, 2019",SAS vs. LAC,L,29,4,16,0.25,0,0,0.0,0,0,0.0,0,7,7,3,1,1,4,3,8,-14,1
22018,201942,0021800661,"Jan 16, 2019",SAS @ DAL,W,40,6,13,0.462,0,0,0.0,2,2,1.0,0,4,4,9,1,0,2,2,14,0,1
22018,201942,0021800647,"Jan 14, 2019",SAS vs. CHA,L,39,7,15,0.467,0,0,0.0,0,1,0.0,1,4,5,5,1,0,6,4,14,-7,1
22018,201942,0021800634,"Jan 12, 2019",SAS @ OKC,L,35,7,19,0.368,0,0,0.0,4,6,0.667,2,4,6,4,1,1,4,2,18,-15,1
22018,201942,0021800619,"Jan 10, 2019",SAS vs. OKC,W,49,7,22,0.318,0,0,0.0,2,5,0.4,0,8,8,11,1,1,4,5,16,-2,1
22018,201942,0021800611,"Jan 09, 2019",SAS @ MEM,L,31,4,15,0.267,0,0,0.0,1,3,0.333,2,3,5,4,1,0,4,0,9,-17,1
22018,201942,0021800591,"Jan 07, 2019",SAS @ DET,W,34,12,21,0.571,0,0,0.0,2,2,1.0,1,6,7,9,2,2,2,5,26,6,1
22018,201942,0021800581,"Jan 05, 2019",SAS vs. MEM,W,34,3,10,0.3,0,0,0.0,6,7,0.857,1,8,9,4,1,0,5,2,12,11,1
22018,201942,0021800563,"Jan 03, 2019",SAS vs. TOR,W,33,7,15,0.467,0,0,0.0,7,7,1.0,1,13,14,11,2,0,3,2,21,16,1
22018,201942,0021800545,"Dec 31, 2018",SAS vs. BOS,W,35,6,18,0.333,0,0,0.0,1,1,1.0,0,7,7,10,1,0,1,1,13,7,1
22018,201942,0021800535,"Dec 29, 2018",SAS @ LAC,W,38,9,19,0.474,0,1,0.0,7,7,1.0,1,12,13,6,4,1,3,3,25,13,1
22018,201942,0021800524,"Dec 28, 2018",SAS @ DEN,L,38,6,12,0.5,0,0,0.0,3,6,0.5,0,5,5,5,1,0,3,3,15,6,1
22018,201942,0021800510,"Dec 26, 2018",SAS vs. DEN,W,38,9,17,0.529,1,2,0.5,11,14,0.786,1,6,7,5,2,1,2,3,30,15,1
22018,201942,0021800483,"Dec 22, 2018",SAS @ HOU,L,38,12,24,0.5,0,0,0.0,4,5,0.8,1,6,7,8,1,2,1,2,28,-17,1
22018,201942,0021800475,"Dec 21, 2018",SAS vs. MIN,W,32,5,10,0.5,0,0,0.0,2,4,0.5,0,5,5,8,0,0,4,3,12,6,1
22018,201942,0021800456,"Dec 19, 2018",SAS @ ORL,W,30,7,12,0.583,0,0,0.0,3,4,0.75,0,7,7,6,1,0,1,1,17,18,1
22018,201942,0021800448,"Dec 17, 2018",SAS vs. PHI,W,29,9,16,0.563,0,0,0.0,2,2,1.0,1,5,6,7,0,0,0,1,20,12,1
22018,201942,0021800433,"Dec 15, 2018",SAS vs. CHI,L,37,8,23,0.348,0,1,0.0,5,6,0.833,1,4,5,3,0,1,4,2,21,-17,1
22018,201942,0021800417,"Dec 13, 2018",SAS vs. LAC,W,30,6,14,0.429,0,1,0.0,2,3,0.667,1,3,4,7,1,0,2,3,14,10,1
22018,201942,0021800403,"Dec 11, 2018",SAS vs. PHX,W,26,2,6,0.333,0,0,0.0,1,2,0.5,0,2,2,9,0,0,1,1,5,15,1
22018,201942,0021800390,"Dec 09, 2018",SAS vs. UTA,W,38,10,23,0.435,0,1,0.0,6,6,1.0,0,6,6,8,2,1,0,2,26,8,1
22018,201942,0021800375,"Dec 07, 2018",SAS vs. LAL,W,36,11,20,0.55,0,0,0.0,14,18,0.778,1,7,8,9,0,2,1,1,36,10,1
22018,201942,0021800364,"Dec 05, 2018",SAS @ LAL,L,41,12,27,0.444,0,1,0.0,8,8,1.0,1,6,7,3,2,0,2,0,32,-14,1
22018,201942,0021800354,"Dec 04, 2018",SAS @ UTA,L,24,7,13,0.538,0,0,0.0,2,3,0.667,0,2,2,7,0,1,2,2,16,-18,1
22018,201942,0021800342,"Dec 02, 2018",SAS vs. POR,W,38,13,27,0.481,0,0,0.0,10,10,1.0,1,7,8,6,2,0,4,2,36,9,1
22018,201942,0021800326,"Nov 30, 2018",SAS vs. HOU,L,27,5,13,0.385,0,0,0.0,8,10,0.8,1,1,2,5,2,0,4,2,18,-26,1
22018,201942,0021800311,"Nov 28, 2018",SAS @ MIN,L,28,4,9,0.444,0,1,0.0,2,2,1.0,0,2,2,2,0,4,5,2,10,-22,1
22018,201942,0021800297,"Nov 26, 2018",SAS @ CHI,W,34,9,18,0.5,0,2,0.0,3,3,1.0,2,6,8,5,0,0,3,3,21,-11,1
22018,201942,0021800284,"Nov 24, 2018",SAS @ MIL,L,35,13,26,0.5,1,2,0.5,7,10,0.7,2,2,4,7,1,0,0,0,34,-32,1
22018,201942,0021800272,"Nov 23, 2018",SAS @ IND,W,37,7,13,0.538,0,0,0.0,3,6,0.5,0,3,3,6,0,1,2,2,17,18,1
22018,201942,0021800262,"Nov 21, 2018",SAS vs. MEM,L,37,10,21,0.476,0,0,0.0,4,5,0.8,0,5,5,5,1,0,5,2,24,-9,1
22018,201942,0021800246,"Nov 19, 2018",SAS @ NOP,L,31,7,19,0.368,0,0,0.0,7,7,1.0,3,3,6,5,1,0,3,2,21,-20,1
22018,201942,0021800238,"Nov 18, 2018",SAS vs. GSW,W,40,8,19,0.421,0,0,0.0,4,6,0.667,1,5,6,9,0,0,2,2,20,16,1
22018,201942,0021800215,"Nov 15, 2018",SAS @ LAC,L,41,14,30,0.467,0,3,0.0,6,8,0.75,0,6,6,5,3,1,1,4,34,11,1
22018,201942,0021800211,"Nov 14, 2018",SAS @ PHX,L,32,7,15,0.467,0,0,0.0,10,10,1.0,0,5,5,4,0,0,2,2,24,-17,1
22018,201942,0021800197,"Nov 12, 2018",SAS @ SAC,L,37,8,17,0.471,0,2,0.0,7,8,0.875,0,2,2,8,0,0,4,1,23,-6,1
22018,201942,0021800180,"Nov 10, 2018",SAS vs. HOU,W,39,5,12,0.417,0,3,0.0,3,4,0.75,1,10,11,3,0,0,4,2,13,12,1
22018,201942,0021800156,"Nov 07, 2018",SAS @ MIA,L,37,6,15,0.4,1,2,0.5,5,5,1.0,3,11,14,8,2,1,3,3,18,1,1
22018,201942,0021800137,"Nov 04, 2018",SAS vs. ORL,L,33,9,16,0.563,1,4,0.25,6,6,1.0,1,6,7,5,2,0,4,2,25,0,1
22018,201942,0021800130,"Nov 03, 2018",SAS vs. NOP,W,38,11,24,0.458,0,3,0.0,4,4,1.0,0,3,3,4,0,0,2,3,26,3,1
22018,201942,0021800110,"Oct 31, 2018",SAS @ PHX,W,28,10,12,0.833,0,0,0.0,5,5,1.0,0,4,4,3,1,1,1,1,25,24,1
22018,201942,0021800094,"Oct 29, 2018",SAS vs. DAL,W,43,12,21,0.571,0,1,0.0,10,10,1.0,1,5,6,9,3,0,2,4,34,-7,1
22018,201942,0021800082,"Oct 27, 2018",SAS vs. LAL,W,39,14,23,0.609,0,0,0.0,2,2,1.0,1,11,12,8,2,1,4,4,30,2,1
22018,201942,0021800058,"Oct 24, 2018",SAS vs. IND,L,33,8,18,0.444,0,1,0.0,2,3,0.667,0,3,3,4,0,0,1,3,18,-3,1
22018,201942,0021800048,"Oct 22, 2018",SAS @ LAL,W,45,11,29,0.379,2,5,0.4,8,9,0.889,1,7,8,14,1,0,2,3,32,7,1
22018,201942,0021800034,"Oct 20, 2018",SAS @ POR,L,34,11,22,0.5,0,1,0.0,6,6,1.0,1,2,3,9,2,0,2,3,28,-12,1
22018,201942,0021800010,"Oct 17, 2018",SAS vs. MIN,W,38,10,21,0.476,1,3,0.333,7,11,0.636,0,4,4,4,0,0,3,3,28,7,1
22017,201942,0021701221,"Apr 11, 2018",TOR @ MIA,L,38,6,17,0.353,0,2,0.0,7,9,0.778,1,5,6,3,0,1,3,2,19,1,1
22017,201942,0021701204,"Apr 09, 2018",TOR @ DET,W,28,6,12,0.5,2,5,0.4,2,2,1.0,1,2,3,7,0,0,1,2,16,14,1
22017,201942,0021701187,"Apr 06, 2018",TOR vs. IND,W,28,5,17,0.294,0,2,0.0,2,3,0.667,1,4,5,8,2,1,3,0,12,32,1
22017,201942,0021701171,"Apr 04, 2018",TOR vs. BOS,W,27,6,17,0.353,3,4,0.75,1,1,1.0,0,3,3,2,1,1,0,3,16,5,1
22017,201942,0021701156,"Apr 03, 2018",TOR @ CLE,L,33,7,13,0.538,0,2,0.0,5,5,1.0,0,3,3,7,1,0,1,3,19,-10,1
22017,201942,0021701140,"Mar 31, 2018",TOR @ BOS,L,36,12,19,0.632,0,5,0.0,8,10,0.8,1,6,7,7,0,1,2,5,32,-8,1
22017,201942,0021701109,"Mar 27, 2018",TOR vs. DEN,W,30,7,12,0.583,1,3,0.333,0,0,0.0,0,1,1,8,2,0,2,2,15,1,1
22017,201942,0021701097,"Mar 25, 2018",TOR vs. LAC,L,34,3,12,0.25,0,1,0.0,5,5,1.0,0,2,2,7,0,0,3,2,11,-3,1
22017,201942,0021701082,"Mar 23, 2018",TOR vs. BKN,W,33,8,21,0.381,0,4,0.0,5,9,0.556,0,2,2,3,0,0,3,3,21,-2,1
22017,201942,0021701065,"Mar 21, 2018",TOR @ CLE,L,35,6,16,0.375,0,3,0.0,9,10,0.9,1,2,3,5,0,0,0,3,21,-10,1
22017,201942,0021701046,"Mar 18, 2018",TOR vs. OKC,L,33,8,18,0.444,3,6,0.5,5,7,0.714,0,3,3,5,0,0,1,2,24,-22,1
22017,201942,0021701031,"Mar 16, 2018",TOR vs. DAL,W,41,8,23,0.348,1,3,0.333,12,14,0.857,1,3,4,6,1,0,3,1,29,19,1
22017,201942,0021701020,"Mar 15, 2018",TOR @ IND,W,32,8,15,0.533,2,5,0.4,6,7,0.857,0,4,4,7,1,0,4,3,24,13,1
22017,201942,0021701008,"Mar 13, 2018",TOR @ BKN,W,33,6,12,0.5,1,2,0.5,2,2,1.0,1,6,7,2,1,0,4,0,15,2,1
22017,201942,0021700992,"Mar 11, 2018",TOR @ NYK,W,28,4,16,0.25,0,3,0.0,1,2,0.5,2,2,4,5,0,0,1,2,9,19,1
22017,201942,0021700979,"Mar 09, 2018",TOR vs. HOU,W,37,8,19,0.421,3,7,0.429,4,6,0.667,3,4,7,2,0,0,3,3,23,8,1
22017,201942,0021700966,"Mar 07, 2018",TOR @ DET,W,43,16,28,0.571,2,6,0.333,8,8,1.0,0,4,4,6,0,0,1,1,42,9,1
22017,201942,0021700958,"Mar 06, 2018",TOR vs. ATL,W,28,6,12,0.5,1,2,0.5,12,14,0.857,1,2,3,4,1,0,4,4,25,17,1
22017,201942,0021700944,"Mar 04, 2018",TOR vs. CHA,W,36,7,17,0.412,2,7,0.286,3,5,0.6,0,4,4,8,1,0,2,2,19,14,1
22017,201942,0021700929,"Mar 02, 2018",TOR @ WAS,W,34,9,17,0.529,0,3,0.0,5,7,0.714,1,3,4,4,3,0,0,0,23,-2,1
22017,201942,0021700914,"Feb 28, 2018",TOR @ ORL,W,34,6,13,0.462,0,3,0.0,9,11,0.818,0,3,3,4,1,0,1,2,21,11,2
22017,201942,0021700901,"Feb 26, 2018",TOR vs. DET,W,29,5,9,0.556,0,1,0.0,10,11,0.909,0,1,1,7,2,1,3,0,20,14,1
22017,201942,0021700876,"Feb 23, 2018",TOR vs. MIL,L,41,13,26,0.5,2,6,0.333,5,6,0.833,1,7,8,4,2,0,5,3,33,1,1
22017,201942,0021700859,"Feb 14, 2018",TOR @ CHI,W,28,3,11,0.273,0,3,0.0,1,1,1.0,1,1,2,8,0,0,0,1,7,8,1
22017,201942,0021700847,"Feb 13, 2018",TOR vs. MIA,W,35,11,25,0.44,1,7,0.143,4,6,0.667,1,1,2,4,1,0,3,2,27,10,1
22017,201942,0021700833,"Feb 11, 2018",TOR @ CHA,W,29,10,19,0.526,3,6,0.5,2,2,1.0,0,2,2,8,1,1,2,3,25,9,1
22017,201942,0021700812,"Feb 08, 2018",TOR vs. NYK,W,29,2,11,0.182,1,5,0.2,3,3,1.0,0,5,5,5,1,2,2,0,8,8,1
22017,201942,0021700798,"Feb 06, 2018",TOR vs. BOS,W,29,6,17,0.353,2,6,0.333,1,1,1.0,0,3,3,6,1,0,0,2,15,11,1
22017,201942,0021700787,"Feb 04, 2018",TOR vs. MEM,W,27,5,14,0.357,0,2,0.0,3,4,0.75,0,2,2,2,2,0,0,0,13,-14,1
22017,201942,0021700769,"Feb 02, 2018",TOR vs. POR,W,30,11,22,0.5,6,10,0.6,7,8,0.875,1,1,2,3,1,0,1,1,35,24,1
22017,201942,0021700762,"Feb 01, 2018",TOR @ WAS,L,38,7,17,0.412,0,3,0.0,9,10,0.9,1,4,5,6,2,1,2,3,23,2,1
22017,201942,0021700746,"Jan 30, 2018",TOR vs. MIN,W,37,6,18,0.333,1,6,0.167,10,11,0.909,1,3,4,8,1,0,1,1,23,1,1
22017,201942,0021700735,"Jan 28, 2018",TOR vs. LAL,W,30,7,18,0.389,1,6,0.167,4,5,0.8,0,1,1,7,0,0,3,3,19,8,1
22017,201942,0021700716,"Jan 26, 2018",TOR vs. UTA,L,37,7,22,0.318,0,1,0.0,5,7,0.714,3,3,6,8,2,0,2,1,19,-7,1
22017,201942,0021700705,"Jan 24, 2018",TOR @ ATL,W,27,4,12,0.333,1,2,0.5,5,6,0.833,1,2,3,4,1,0,3,1,14,11,1
22017,201942,0021700680,"Jan 20, 2018",TOR @ MIN,L,34,7,16,0.438,2,5,0.4,4,4,1.0,0,3,3,5,3,1,5,3,20,-3,2
22017,201942,0021700667,"Jan 19, 2018",TOR vs. SAS,W,36,9,19,0.474,0,1,0.0,3,5,0.6,0,7,7,6,1,0,1,3,21,1,1
22017,201942,0021700656,"Jan 17, 2018",TOR vs. DET,W,37,7,15,0.467,0,2,0.0,3,4,0.75,0,2,2,5,0,0,5,2,17,5,1
22017,201942,0021700639,"Jan 15, 2018",TOR @ PHI,L,35,8,18,0.444,0,4,0.0,8,9,0.889,0,1,1,5,2,0,3,4,24,-15,1
22017,201942,0021700631,"Jan 13, 2018",TOR vs. GSW,L,38,17,31,0.548,0,4,0.0,8,10,0.8,2,3,5,3,0,0,2,2,42,-3,1
22017,201942,0021700615,"Jan 11, 2018",TOR vs. CLE,W,29,5,13,0.385,3,5,0.6,0,0,0.0,2,1,3,8,0,0,0,2,13,15,1
22017,201942,0021700599,"Jan 09, 2018",TOR vs. MIA,L,35,10,29,0.345,1,3,0.333,4,4,1.0,2,2,4,6,0,0,1,3,25,3,1
22017,201942,0021700592,"Jan 08, 2018",TOR @ BKN,W,42,14,30,0.467,1,4,0.25,6,9,0.667,0,3,3,6,1,1,2,1,35,1,1
22017,201942,0021700571,"Jan 05, 2018",TOR @ MIL,W,29,7,12,0.583,1,3,0.333,5,7,0.714,1,4,5,4,2,1,3,1,20,34,1
22017,201942,0021700560,"Jan 03, 2018",TOR @ CHI,W,34,10,20,0.5,5,8,0.625,10,10,1.0,0,3,3,6,3,0,0,2,35,-5,1
22017,201942,0021700546,"Jan 01, 2018",TOR vs. MIL,W,43,17,29,0.586,5,9,0.556,13,13,1.0,1,4,5,8,1,1,2,4,52,9,1
22017,201942,0021700522,"Dec 29, 2017",TOR vs. ATL,W,34,10,18,0.556,2,4,0.5,3,3,1.0,1,0,1,5,0,2,2,2,25,10,1
22017,201942,0021700512,"Dec 27, 2017",TOR @ OKC,L,36,4,16,0.25,0,3,0.0,7,7,1.0,0,6,6,2,1,0,2,3,15,-18,1
22017,201942,0021700499,"Dec 26, 2017",TOR @ DAL,L,35,3,16,0.188,0,2,0.0,2,3,0.667,0,3,3,5,2,0,0,1,8,-3,1
22017,201942,0021700480,"Dec 23, 2017",TOR vs. PHI,W,35,9,20,0.45,4,7,0.571,7,8,0.875,1,4,5,2,1,0,3,0,29,16,1
22017,201942,0021700467,"Dec 21, 2017",TOR @ PHI,W,39,13,21,0.619,6,9,0.667,13,15,0.867,3,2,5,3,2,1,2,3,45,12,1
22017,201942,0021700454,"Dec 20, 2017",TOR @ CHA,W,29,10,15,0.667,3,4,0.75,5,6,0.833,1,1,2,8,0,0,5,1,28,11,1
22017,201942,0021700437,"Dec 17, 2017",TOR vs. SAC,W,34,6,17,0.353,0,1,0.0,9,12,0.75,0,1,1,5,0,2,2,1,21,14,1
22017,201942,0021700424,"Dec 15, 2017",TOR vs. BKN,W,29,14,19,0.737,1,2,0.5,2,4,0.5,1,2,3,1,2,0,1,1,31,38,2
22017,201942,0021700411,"Dec 13, 2017",TOR @ PHX,W,37,12,24,0.5,0,4,0.0,13,15,0.867,2,5,7,4,0,0,1,1,37,18,1
22017,201942,0021700396,"Dec 11, 2017",TOR @ LAC,L,36,5,13,0.385,0,0,0.0,7,10,0.7,0,5,5,8,2,0,2,2,17,0,1
22017,201942,0021700385,"Dec 10, 2017",TOR @ SAC,W,35,9,15,0.6,0,1,0.0,7,11,0.636,0,3,3,9,0,0,1,1,25,19,1
22017,201942,0021700371,"Dec 08, 2017",TOR @ MEM,W,36,6,15,0.4,0,2,0.0,14,14,1.0,0,7,7,6,1,0,4,3,26,5,1
22017,201942,0021700350,"Dec 05, 2017",TOR vs. PHX,W,34,7,17,0.412,0,1,0.0,6,7,0.857,0,7,7,8,3,0,0,2,20,17,1
22017,201942,0021700319,"Dec 01, 2017",TOR vs. IND,W,34,9,21,0.429,0,1,0.0,8,10,0.8,2,3,5,5,2,1,2,0,26,-4,1
22017,201942,0021700307,"Nov 29, 2017",TOR vs. CHA,W,35,14,22,0.636,0,2,0.0,2,3,0.667,1,3,4,6,0,0,1,3,30,15,1
22017,201942,0021700280,"Nov 25, 2017",TOR @ ATL,W,28,1,5,0.2,0,1,0.0,0,0,0.0,0,2,2,8,1,0,3,2,2,20,1
22017,201942,0021700271,"Nov 24, 2017",TOR @ IND,L,39,6,16,0.375,0,3,0.0,1,2,0.5,1,2,3,2,2,0,4,2,13,-6,1
22017,201942,0021700258,"Nov 22, 2017",TOR @ NYK,L,31,7,15,0.467,2,4,0.5,2,6,0.333,1,5,6,4,0,0,0,2,18,-8,2
22017,201942,0021700237,"Nov 19, 2017",TOR vs. WAS,W,36,15,26,0.577,2,6,0.333,1,1,1.0,2,6,8,6,2,1,2,3,33,4,1
22017,201942,0021700221,"Nov 17, 2017",TOR vs. NYK,W,34,10,16,0.625,0,0,0.0,2,2,1.0,0,6,6,7,1,0,1,2,22,11,2
22017,201942,0021700211,"Nov 15, 2017",TOR @ NOP,W,33,11,18,0.611,2,4,0.5,1,1,1.0,1,8,9,6,2,0,3,0,25,7,1
22017,201942,0021700202,"Nov 14, 2017",TOR @ HOU,W,34,7,15,0.467,0,3,0.0,13,16,0.813,0,6,6,5,1,0,3,2,27,7,1
22017,201942,0021700188,"Nov 12, 2017",TOR @ BOS,L,35,8,22,0.364,1,4,0.25,7,8,0.875,2,1,3,4,0,1,3,1,24,-3,1
22017,201942,0021700165,"Nov 09, 2017",TOR vs. NOP,W,37,10,23,0.435,2,6,0.333,11,13,0.846,0,2,2,8,1,0,2,2,33,7,1
22017,201942,0021700153,"Nov 07, 2017",TOR vs. CHI,W,36,9,18,0.5,2,2,1.0,4,4,1.0,0,4,4,4,0,0,3,3,24,4,1
22017,201942,0021700139,"Nov 05, 2017",TOR vs. WAS,L,37,8,21,0.381,0,5,0.0,10,12,0.833,2,2,4,3,0,0,2,2,26,-17,1
22017,201942,0021700128,"Nov 03, 2017",TOR @ UTA,W,38,10,20,0.5,3,7,0.429,14,14,1.0,2,4,6,2,0,0,6,3,37,5,1
22017,201942,0021700114,"Nov 01, 2017",TOR @ DEN,L,26,4,10,0.4,0,1,0.0,2,3,0.667,0,1,1,2,0,0,2,1,10,-16,2
22017,201942,0021700099,"Oct 30, 2017",TOR @ POR,W,37,10,20,0.5,0,0,0.0,5,7,0.714,1,2,3,4,0,0,3,1,25,9,2
22017,201942,0021700076,"Oct 27, 2017",TOR @ LAL,W,37,9,21,0.429,0,2,0.0,6,9,0.667,1,4,5,5,3,0,4,1,24,14,1
22017,201942,0021700063,"Oct 25, 2017",TOR @ GSW,L,38,9,18,0.5,0,0,0.0,6,7,0.857,1,2,3,6,6,0,3,0,24,-8,1
22017,201942,0021700046,"Oct 23, 2017",TOR @ SAS,L,36,10,20,0.5,2,5,0.4,6,9,0.667,0,2,2,4,3,0,4,3,28,-1,1
22017,201942,0021700027,"Oct 21, 2017",TOR vs. PHI,W,27,8,12,0.667,0,1,0.0,14,16,0.875,0,3,3,3,0,0,1,3,30,26,1
22017,201942,0021700014,"Oct 19, 2017",TOR vs. CHI,W,32,2,9,0.222,0,0,0.0,7,8,0.875,1,5,6,5,2,1,5,1,11,-3,1
22016,201942,0021601196,"Apr 09, 2017",TOR @ NYK,W,29,11,15,0.733,0,0,0.0,13,15,0.867,0,2,2,0,0,0,2,2,35,8,1
22016,201942,0021601180,"Apr 07, 2017",TOR vs. MIA,W,38,14,32,0.438,0,1,0.0,10,11,0.909,1,5,6,2,1,1,6,1,38,0,1
22016,201942,0021601166,"Apr 05, 2017",TOR @ DET,W,34,5,17,0.294,0,1,0.0,2,3,0.667,1,3,4,10,0,0,3,2,12,-2,1
22016,201942,0021601157,"Apr 04, 2017",TOR @ IND,L,40,9,21,0.429,0,2,0.0,9,10,0.9,1,2,3,2,3,0,2,3,27,-21,1
22016,201942,0021601147,"Apr 02, 2017",TOR vs. PHI,W,31,6,11,0.545,0,0,0.0,5,5,1.0,1,0,1,9,0,0,3,1,17,7,1
22016,201942,0021601126,"Mar 31, 2017",TOR vs. IND,W,38,11,26,0.423,3,4,0.75,15,20,0.75,2,7,9,4,1,0,3,1,40,14,1
22016,201942,0021601114,"Mar 29, 2017",TOR vs. CHA,L,39,11,24,0.458,0,2,0.0,6,7,0.857,1,5,6,8,0,0,2,1,28,8,1
22016,201942,0021601097,"Mar 27, 2017",TOR vs. ORL,W,36,13,21,0.619,1,1,1.0,9,14,0.643,0,2,2,3,0,0,2,3,36,9,1
22016,201942,0021601084,"Mar 25, 2017",TOR @ DAL,W,37,8,17,0.471,1,2,0.5,1,2,0.5,0,3,3,6,1,1,3,3,18,3,1
22016,201942,0021601068,"Mar 23, 2017",TOR @ MIA,W,36,14,25,0.56,0,2,0.0,12,13,0.923,1,5,6,3,1,0,1,0,40,3,1
22016,201942,0021601051,"Mar 21, 2017",TOR vs. CHI,W,43,17,38,0.447,1,5,0.2,7,11,0.636,4,3,7,8,2,1,2,1,42,6,1
22016,201942,0021601040,"Mar 19, 2017",TOR vs. IND,W,29,9,19,0.474,1,2,0.5,3,4,0.75,0,3,3,4,0,0,4,1,22,11,1
22016,201942,0021601023,"Mar 17, 2017",TOR @ DET,W,36,3,9,0.333,0,1,0.0,8,8,1.0,0,8,8,6,0,0,2,1,14,15,1
22016,201942,0021601015,"Mar 16, 2017",TOR vs. OKC,L,29,8,14,0.571,0,1,0.0,6,7,0.857,0,3,3,3,0,0,3,1,22,-25,1
22016,201942,0021600992,"Mar 13, 2017",TOR vs. DAL,W,32,10,17,0.588,1,2,0.5,4,4,1.0,1,5,6,2,2,0,2,0,25,18,1
22016,201942,0021600979,"Mar 11, 2017",TOR @ MIA,L,28,5,16,0.313,0,2,0.0,7,7,1.0,1,3,4,2,1,0,2,0,17,-12,1
22016,201942,0021600969,"Mar 10, 2017",TOR @ ATL,L,37,12,30,0.4,1,8,0.125,3,4,0.75,1,7,8,6,2,0,3,5,28,-4,1
22016,201942,0021600953,"Mar 08, 2017",TOR @ NOP,W,38,5,15,0.333,0,1,0.0,4,6,0.667,1,1,2,6,3,0,0,0,14,9,1
22016,201942,0021600920,"Mar 04, 2017",TOR @ MIL,L,31,5,13,0.385,0,1,0.0,1,1,1.0,0,3,3,4,0,0,3,3,11,3,1
22016,201942,0021600910,"Mar 03, 2017",TOR @ WAS,W,38,10,17,0.588,3,3,1.0,9,12,0.75,2,11,13,5,0,0,4,2,32,-5,1
22016,201942,0021600896,"Mar 01, 2017",TOR vs. WAS,L,34,7,20,0.35,0,0,0.0,10,11,0.909,0,3,3,2,1,0,2,3,24,-2,1
22016,201942,0021600882,"Feb 27, 2017",TOR @ NYK,W,37,13,25,0.52,1,3,0.333,10,13,0.769,3,5,8,2,2,0,2,1,37,-1,1
22016,201942,0021600878,"Feb 26, 2017",TOR vs. POR,W,36,9,16,0.563,0,2,0.0,15,16,0.938,0,6,6,2,2,1,4,2,33,9,1
22016,201942,0021600858,"Feb 24, 2017",TOR vs. BOS,W,37,15,28,0.536,1,3,0.333,12,12,1.0,0,5,5,5,0,0,3,2,43,15,1
22016,201942,0021600837,"Feb 15, 2017",TOR vs. CHA,W,31,5,19,0.263,0,3,0.0,0,2,0.0,0,3,3,2,0,0,3,0,10,-15,1
22016,201942,0021600831,"Feb 14, 2017",TOR @ CHI,L,38,5,19,0.263,0,1,0.0,8,9,0.889,1,4,5,3,1,0,3,5,18,-13,1
22016,201942,0021600818,"Feb 12, 2017",TOR vs. DET,L,38,10,21,0.476,0,1,0.0,6,7,0.857,1,6,7,2,0,1,2,1,26,6,1
22016,201942,0021600790,"Feb 08, 2017",TOR @ MIN,L,38,12,25,0.48,1,4,0.25,5,7,0.714,1,3,4,2,1,0,2,3,30,-2,1
22016,201942,0021600771,"Feb 06, 2017",TOR vs. LAC,W,38,11,22,0.5,2,3,0.667,7,9,0.778,2,3,5,2,1,0,0,1,31,1,1
22016,201942,0021600715,"Jan 29, 2017",TOR vs. ORL,L,36,6,18,0.333,0,1,0.0,10,11,0.909,1,6,7,6,0,0,1,3,22,4,1
22016,201942,0021600663,"Jan 22, 2017",TOR vs. PHX,L,37,6,17,0.353,0,1,0.0,10,11,0.909,1,2,3,4,1,1,2,2,22,-11,1
22016,201942,0021600642,"Jan 20, 2017",TOR @ CHA,L,31,8,17,0.471,2,3,0.667,5,6,0.833,0,3,3,2,0,0,4,0,23,-29,1
22016,201942,0021600627,"Jan 18, 2017",TOR @ PHI,L,38,11,21,0.524,0,0,0.0,3,4,0.75,1,2,3,6,1,0,2,1,25,-6,1
22016,201942,0021600622,"Jan 17, 2017",TOR @ BKN,W,37,13,28,0.464,0,0,0.0,10,10,1.0,2,9,11,6,1,0,3,2,36,5,1
22016,201942,0021600606,"Jan 15, 2017",TOR vs. NYK,W,28,8,17,0.471,0,0,0.0,7,7,1.0,0,5,5,5,0,0,2,2,23,24,1
22016,201942,0021600592,"Jan 13, 2017",TOR vs. BKN,W,30,11,22,0.5,0,1,0.0,6,8,0.75,2,2,4,2,0,0,0,1,28,1,1
22016,201942,0021600572,"Jan 10, 2017",TOR vs. BOS,W,38,16,29,0.552,1,2,0.5,8,9,0.889,2,11,13,0,2,0,1,1,41,19,1
22016,201942,0021600563,"Jan 08, 2017",TOR vs. HOU,L,39,13,21,0.619,0,0,0.0,10,10,1.0,0,6,6,5,0,1,6,4,36,8,1
22016,201942,0021600554,"Jan 07, 2017",TOR @ CHI,L,43,10,23,0.435,0,1,0.0,16,17,0.941,1,7,8,2,2,1,2,3,36,-4,1
22016,201942,0021600537,"Jan 05, 2017",TOR vs. UTA,W,37,8,26,0.308,0,1,0.0,7,10,0.7,2,5,7,2,2,1,1,2,23,8,1
22016,201942,0021600525,"Jan 03, 2017",TOR @ SAS,L,32,12,21,0.571,0,0,0.0,2,3,0.667,1,3,4,2,0,0,3,2,26,-30,1
22016,201942,0021600512,"Jan 01, 2017",TOR @ LAL,W,35,10,25,0.4,0,0,0.0,11,13,0.846,0,1,1,3,1,1,1,3,31,-9,1
22016,201942,0021600490,"Dec 29, 2016",TOR @ PHX,L,35,8,18,0.444,0,3,0.0,8,10,0.8,0,3,3,2,0,0,2,2,24,-10,1
22016,201942,0021600485,"Dec 28, 2016",TOR @ GSW,L,39,10,23,0.435,0,1,0.0,9,10,0.9,1,4,5,6,3,1,0,2,29,-15,1
22016,201942,0021600469,"Dec 26, 2016",TOR @ POR,W,37,8,22,0.364,0,1,0.0,4,7,0.571,5,5,10,7,3,0,3,1,20,12,1
22016,201942,0021600452,"Dec 23, 2016",TOR @ UTA,W,37,10,24,0.417,0,1,0.0,4,6,0.667,1,5,6,1,4,0,2,3,24,-11,1
22016,201942,0021600420,"Dec 20, 2016",TOR vs. BKN,W,29,6,20,0.3,0,2,0.0,3,4,0.75,0,1,1,2,1,0,1,2,15,18,1
22016,201942,0021600409,"Dec 18, 2016",TOR @ ORL,W,30,13,21,0.619,1,3,0.333,4,4,1.0,0,5,5,4,1,0,3,2,31,14,1
22016,201942,0021600392,"Dec 16, 2016",TOR vs. ATL,L,37,15,26,0.577,0,0,0.0,4,6,0.667,0,5,5,4,2,1,3,3,34,-8,1
22016,201942,0021600374,"Dec 14, 2016",TOR @ PHI,W,30,11,18,0.611,0,1,0.0,9,11,0.818,2,3,5,3,0,0,2,1,31,17,1
22016,201942,0021600362,"Dec 12, 2016",TOR vs. MIL,W,32,7,11,0.636,1,1,1.0,15,15,1.0,1,2,3,3,0,0,2,0,30,-2,1
22016,201942,0021600339,"Dec 09, 2016",TOR @ BOS,W,37,9,25,0.36,0,1,0.0,6,6,1.0,0,5,5,2,0,0,4,1,24,16,1
22016,201942,0021600331,"Dec 08, 2016",TOR vs. MIN,W,37,7,20,0.35,1,1,1.0,12,13,0.923,1,7,8,5,0,0,2,2,27,5,1
22016,201942,0021600305,"Dec 05, 2016",TOR vs. CLE,L,39,12,23,0.522,0,2,0.0,7,7,1.0,0,4,4,5,3,0,1,3,31,-5,1
22016,201942,0021600293,"Dec 03, 2016",TOR vs. ATL,W,31,8,16,0.5,0,1,0.0,5,6,0.833,0,3,3,4,1,0,2,1,21,13,1
22016,201942,0021600284,"Dec 02, 2016",TOR vs. LAL,W,29,6,18,0.333,0,1,0.0,4,4,1.0,1,3,4,6,2,0,1,0,16,16,1
22016,201942,0021600268,"Nov 30, 2016",TOR vs. MEM,W,36,6,9,0.667,2,3,0.667,10,11,0.909,1,8,9,6,0,0,7,2,24,16,1
22016,201942,0021600254,"Nov 28, 2016",TOR vs. PHI,W,31,4,13,0.308,0,0,0.0,6,6,1.0,0,5,5,5,1,1,3,1,14,23,1
22016,201942,0021600232,"Nov 25, 2016",TOR @ MIL,W,35,9,18,0.5,0,2,0.0,8,10,0.8,1,6,7,4,0,0,1,1,26,5,1
22016,201942,0021600219,"Nov 23, 2016",TOR @ HOU,W,36,8,19,0.421,2,3,0.667,6,7,0.857,2,3,5,9,2,0,2,1,24,17,1
22016,201942,0021600207,"Nov 21, 2016",TOR @ LAC,L,36,11,21,0.524,0,1,0.0,3,4,0.75,1,3,4,7,1,0,1,3,25,-11,1
22016,201942,0021600196,"Nov 20, 2016",TOR @ SAC,L,39,3,15,0.2,0,1,0.0,6,6,1.0,3,6,9,4,0,0,3,3,12,-17,1
22016,201942,0021600181,"Nov 18, 2016",TOR @ DEN,W,36,12,25,0.48,0,1,0.0,6,10,0.6,0,5,5,4,2,0,4,5,30,8,1
22016,201942,0021600165,"Nov 16, 2016",TOR vs. GSW,L,38,8,18,0.444,1,4,0.25,17,17,1.0,1,5,6,4,1,0,5,3,34,1,1
22016,201942,0021600153,"Nov 15, 2016",TOR @ CLE,L,34,10,27,0.37,2,5,0.4,4,8,0.5,1,5,6,4,3,0,2,1,26,-9,1
22016,201942,0021600131,"Nov 12, 2016",TOR vs. NYK,W,36,11,23,0.478,1,1,1.0,10,13,0.769,2,5,7,4,2,0,2,1,33,7,1
22016,201942,0021600123,"Nov 11, 2016",TOR @ CHA,W,36,14,26,0.538,0,1,0.0,6,7,0.857,0,3,3,3,2,0,1,1,34,-12,1
22016,201942,0021600112,"Nov 09, 2016",TOR @ OKC,W,39,13,22,0.591,0,2,0.0,11,15,0.733,0,4,4,6,3,0,4,2,37,20,1
22016,201942,0021600089,"Nov 06, 2016",TOR vs. SAC,L,38,7,20,0.35,1,2,0.5,8,10,0.8,0,4,4,3,0,0,1,2,23,-12,1
22016,201942,0021600071,"Nov 04, 2016",TOR vs. MIA,W,37,14,26,0.538,0,2,0.0,6,6,1.0,1,3,4,4,0,0,4,2,34,-1,1
22016,201942,0021600055,"Nov 02, 2016",TOR @ WAS,W,37,14,23,0.609,1,2,0.5,11,16,0.688,1,4,5,5,2,0,1,3,40,10,1
22016,201942,0021600042,"Oct 31, 2016",TOR vs. DEN,W,39,13,23,0.565,0,1,0.0,7,9,0.778,2,3,5,1,1,0,1,1,33,0,1
22016,201942,0021600018,"Oct 28, 2016",TOR vs. CLE,L,38,12,28,0.429,0,1,0.0,8,8,1.0,2,5,7,2,2,0,3,3,32,0,1
22016,201942,0021600007,"Oct 26, 2016",TOR vs. DET,W,34,17,27,0.63,0,2,0.0,6,6,1.0,1,3,4,1,1,0,6,1,40,21,2
22015,201942,0021501214,"Apr 12, 2016",TOR vs. PHI,W,22,4,10,0.4,0,1,0.0,2,2,1.0,2,5,7,6,1,0,3,0,10,24,1
22015,201942,0021501202,"Apr 10, 2016",TOR @ NYK,W,35,12,17,0.706,0,0,0.0,3,3,1.0,1,2,3,4,0,0,2,1,27,-1,1
22015,201942,0021501173,"Apr 07, 2016",TOR @ ATL,L,34,7,24,0.292,0,2,0.0,2,2,1.0,1,3,4,4,1,0,1,3,16,-10,1
22015,201942,0021501156,"Apr 05, 2016",TOR vs. CHA,W,36,7,19,0.368,1,2,0.5,11,12,0.917,0,7,7,6,1,0,1,0,26,16,1
22015,201942,0021501132,"Apr 01, 2016",TOR @ MEM,W,36,8,17,0.471,1,2,0.5,10,11,0.909,1,5,6,4,1,0,3,1,27,11,1
22015,201942,0021501113,"Mar 30, 2016",TOR vs. ATL,W,37,9,16,0.563,3,4,0.75,5,6,0.833,2,3,5,6,3,0,1,2,26,16,1
22015,201942,0021501098,"Mar 28, 2016",TOR vs. OKC,L,34,8,22,0.364,0,0,0.0,3,3,1.0,0,2,2,5,0,0,0,2,19,-26,1
22015,201942,0021501084,"Mar 26, 2016",TOR @ NOP,W,30,9,11,0.818,1,2,0.5,4,4,1.0,0,5,5,5,0,0,2,2,23,23,1
22015,201942,0021501077,"Mar 25, 2016",TOR @ HOU,L,37,6,13,0.462,1,2,0.5,5,6,0.833,2,3,5,4,2,0,1,3,18,5,1
22015,201942,0021501057,"Mar 23, 2016",TOR @ BOS,L,36,6,16,0.375,1,3,0.333,8,9,0.889,0,0,0,2,1,0,2,0,21,-10,1
22015,201942,0021501038,"Mar 20, 2016",TOR vs. ORL,W,37,6,16,0.375,0,2,0.0,13,16,0.813,1,3,4,5,1,0,3,3,25,3,1
22015,201942,0021501023,"Mar 18, 2016",TOR vs. BOS,W,32,6,14,0.429,1,2,0.5,2,2,1.0,0,7,7,6,1,0,3,4,15,4,1
22015,201942,0021501012,"Mar 17, 2016",TOR @ IND,W,44,9,26,0.346,0,1,0.0,10,12,0.833,1,4,5,3,0,1,1,2,28,10,1
22015,201942,0021500991,"Mar 14, 2016",TOR vs. CHI,L,39,10,22,0.455,0,1,0.0,7,7,1.0,1,4,5,2,1,0,1,3,27,-3,1
22015,201942,0021500977,"Mar 12, 2016",TOR vs. MIA,W,43,13,26,0.5,0,2,0.0,12,15,0.8,0,10,10,7,2,1,3,1,38,4,1
22015,201942,0021500959,"Mar 10, 2016",TOR vs. ATL,W,35,11,20,0.55,1,2,0.5,7,9,0.778,0,5,5,0,0,0,4,4,30,4,1
22015,201942,0021500944,"Mar 08, 2016",TOR vs. BKN,W,38,8,18,0.444,0,1,0.0,9,9,1.0,1,2,3,2,4,0,5,1,25,2,1
22015,201942,0021500936,"Mar 06, 2016",TOR vs. HOU,L,34,4,10,0.4,0,1,0.0,11,14,0.786,1,5,6,7,2,0,5,4,19,-6,1
22015,201942,0021500916,"Mar 04, 2016",TOR vs. POR,W,37,7,19,0.368,0,0,0.0,24,25,0.96,1,2,3,2,0,0,4,3,38,2,1
22015,201942,0021500900,"Mar 02, 2016",TOR vs. UTA,W,35,11,15,0.733,0,1,0.0,9,11,0.818,1,4,5,0,0,0,0,4,31,15,1
22015,201942,0021500879,"Feb 28, 2016",TOR @ DET,L,35,9,21,0.429,0,1,0.0,2,3,0.667,2,2,4,7,0,1,0,2,20,-29,1
22015,201942,0021500864,"Feb 26, 2016",TOR vs. CLE,W,32,1,11,0.091,0,1,0.0,4,4,1.0,0,6,6,2,1,0,2,3,6,6,1
22015,201942,0021500849,"Feb 24, 2016",TOR vs. MIN,W,38,11,19,0.579,2,2,1.0,7,8,0.875,3,1,4,4,2,0,2,1,31,5,1
22015,201942,0021500835,"Feb 22, 2016",TOR @ NYK,W,32,8,17,0.471,1,3,0.333,5,7,0.714,0,3,3,2,3,0,0,2,22,23,1
22015,201942,0021500829,"Feb 21, 2016",TOR vs. MEM,W,36,6,16,0.375,0,0,0.0,9,10,0.9,1,4,5,3,0,0,4,4,21,10,1
22015,201942,0021500809,"Feb 19, 2016",TOR @ CHI,L,40,6,21,0.286,1,3,0.333,9,10,0.9,1,3,4,3,2,0,3,2,22,-1,1
22015,201942,0021500797,"Feb 10, 2016",TOR @ MIN,L,37,11,19,0.579,3,3,1.0,10,13,0.769,1,2,3,4,0,1,1,5,35,-9,1
22015,201942,0021500779,"Feb 08, 2016",TOR @ DET,W,33,5,14,0.357,0,1,0.0,7,8,0.875,1,6,7,6,1,0,4,3,17,5,1
22015,201942,0021500748,"Feb 04, 2016",TOR @ POR,W,35,11,25,0.44,1,1,1.0,6,9,0.667,2,3,5,4,1,0,1,0,29,4,1
22015,201942,0021500732,"Feb 02, 2016",TOR @ PHX,W,34,8,16,0.5,1,5,0.2,5,9,0.556,0,2,2,3,1,1,3,3,22,-6,1
22015,201942,0021500727,"Feb 01, 2016",TOR @ DEN,L,28,7,14,0.5,0,0,0.0,10,11,0.909,0,1,1,4,1,0,0,1,24,-13,1
22015,201942,0021500708,"Jan 30, 2016",TOR vs. DET,W,34,10,21,0.476,0,1,0.0,9,10,0.9,2,1,3,4,2,0,4,4,29,-6,1
22015,201942,0021500694,"Jan 28, 2016",TOR vs. NYK,W,36,9,18,0.5,1,3,0.333,7,8,0.875,0,1,1,4,1,2,3,4,26,3,1
22015,201942,0021500680,"Jan 26, 2016",TOR vs. WAS,W,34,5,13,0.385,1,3,0.333,6,8,0.75,0,4,4,4,1,0,4,2,17,5,1
22015,201942,0021500666,"Jan 24, 2016",TOR vs. LAC,W,33,6,17,0.353,2,2,1.0,4,4,1.0,1,4,5,2,0,0,1,2,18,-6,1
22015,201942,0021500649,"Jan 22, 2016",TOR vs. MIA,W,36,12,25,0.48,4,5,0.8,5,6,0.833,1,5,6,4,1,0,1,3,33,16,1
22015,201942,0021500633,"Jan 20, 2016",TOR vs. BOS,W,38,13,25,0.52,0,1,0.0,8,9,0.889,0,2,2,6,1,0,2,1,34,13,1
22015,201942,0021500621,"Jan 18, 2016",TOR vs. BKN,W,34,12,25,0.48,0,2,0.0,6,8,0.75,2,2,4,5,2,0,0,2,30,-5,1
22015,201942,0021500588,"Jan 14, 2016",TOR @ ORL,W,40,4,19,0.211,0,2,0.0,5,6,0.833,2,9,11,4,1,1,2,2,13,-2,1
22015,201942,0021500554,"Jan 09, 2016",TOR @ PHI,W,37,9,17,0.529,0,2,0.0,1,2,0.5,0,7,7,5,0,0,2,0,19,6,1
22015,201942,0021500540,"Jan 08, 2016",TOR @ WAS,W,40,11,24,0.458,1,4,0.25,12,13,0.923,1,7,8,1,1,1,1,0,35,5,1
22015,201942,0021500529,"Jan 06, 2016",TOR @ BKN,W,36,5,13,0.385,1,2,0.5,4,5,0.8,1,3,4,5,2,0,4,2,15,21,1
22015,201942,0021500511,"Jan 04, 2016",TOR @ CLE,L,35,8,15,0.533,0,1,0.0,3,5,0.6,1,1,2,4,1,0,3,4,19,-17,1
22015,201942,0021500507,"Jan 03, 2016",TOR vs. CHI,L,35,7,17,0.412,3,6,0.5,7,8,0.875,1,1,2,4,0,0,0,3,24,-15,1
22015,201942,0021500492,"Jan 01, 2016",TOR vs. CHA,W,37,7,18,0.389,2,2,1.0,7,7,1.0,0,0,0,1,1,0,1,2,23,3,1
22015,201942,0021500477,"Dec 30, 2015",TOR vs. WAS,W,37,9,24,0.375,1,3,0.333,15,15,1.0,2,4,6,5,2,2,3,2,34,1,1
22015,201942,0021500463,"Dec 28, 2015",TOR @ CHI,L,36,7,14,0.5,0,1,0.0,5,8,0.625,3,5,8,8,1,0,1,1,19,8,1
22015,201942,0021500441,"Dec 26, 2015",TOR @ MIL,W,33,7,14,0.5,1,4,0.25,7,8,0.875,0,3,3,8,1,0,3,3,22,5,1
22015,201942,0021500421,"Dec 22, 2015",TOR vs. DAL,W,40,10,17,0.588,2,3,0.667,6,8,0.75,1,3,4,4,0,0,7,5,28,3,1
22015,201942,0021500408,"Dec 20, 2015",TOR vs. SAC,L,35,10,24,0.417,0,1,0.0,8,8,1.0,2,5,7,1,2,0,3,4,28,-12,1
22015,201942,0021500390,"Dec 18, 2015",TOR @ MIA,W,40,10,17,0.588,0,1,0.0,10,13,0.769,0,4,4,4,2,0,3,0,30,11,1
22015,201942,0021500383,"Dec 17, 2015",TOR @ CHA,L,44,12,25,0.48,0,1,0.0,7,8,0.875,0,4,4,5,1,1,1,2,31,-8,1
22015,201942,0021500357,"Dec 14, 2015",TOR @ IND,L,38,7,18,0.389,2,4,0.5,4,5,0.8,0,5,5,2,2,1,2,2,20,-11,1
22015,201942,0021500355,"Dec 13, 2015",TOR vs. PHI,W,34,6,14,0.429,0,1,0.0,13,14,0.929,1,7,8,2,1,0,1,0,25,30,1
22015,201942,0021500337,"Dec 11, 2015",TOR vs. MIL,W,35,8,17,0.471,0,1,0.0,11,12,0.917,0,3,3,1,2,1,0,3,27,-2,1
22015,201942,0021500323,"Dec 09, 2015",TOR vs. SAS,W,37,10,15,0.667,0,0,0.0,8,8,1.0,1,3,4,6,1,1,6,3,28,3,1
22015,201942,0021500308,"Dec 07, 2015",TOR vs. LAL,W,35,7,14,0.5,0,1,0.0,2,3,0.667,0,5,5,6,0,0,2,0,16,7,1
22015,201942,0021500290,"Dec 05, 2015",TOR vs. GSW,L,37,5,19,0.263,0,1,0.0,6,8,0.75,1,2,3,5,0,0,2,2,16,-10,1
22015,201942,0021500278,"Dec 03, 2015",TOR vs. DEN,L,38,14,26,0.538,0,2,0.0,6,6,1.0,2,3,5,5,0,0,0,2,34,1,1
22015,201942,0021500272,"Dec 02, 2015",TOR @ ATL,W,36,7,16,0.438,1,1,1.0,2,3,0.667,1,3,4,2,0,1,2,2,17,9,1
22015,201942,0021500250,"Nov 29, 2015",TOR vs. PHX,L,37,11,20,0.55,0,2,0.0,7,7,1.0,0,3,3,7,0,1,1,4,29,-6,1
22015,201942,0021500239,"Nov 28, 2015",TOR @ WAS,W,38,8,20,0.4,1,2,0.5,3,4,0.75,0,3,3,2,0,0,4,2,20,3,1
22015,201942,0021500219,"Nov 25, 2015",TOR vs. CLE,W,40,7,16,0.438,1,1,1.0,5,7,0.714,0,3,3,4,1,1,1,2,20,-2,1
22015,201942,0021500196,"Nov 22, 2015",TOR @ LAC,W,40,4,16,0.25,0,2,0.0,13,14,0.929,1,5,6,3,0,0,4,2,21,11,1
22015,201942,0021500188,"Nov 20, 2015",TOR @ LAL,W,34,5,12,0.417,1,2,0.5,7,8,0.875,2,2,4,2,1,0,3,2,18,-6,1
22015,201942,0021500173,"Nov 18, 2015",TOR @ UTA,L,35,6,15,0.4,0,1,0.0,2,2,1.0,0,3,3,6,1,0,2,3,14,-9,1
22015,201942,0021500164,"Nov 17, 2015",TOR @ GSW,L,39,9,22,0.409,0,0,0.0,10,13,0.769,0,5,5,6,1,0,4,3,28,-6,1
22015,201942,0021500150,"Nov 15, 2015",TOR @ SAC,L,37,9,22,0.409,0,3,0.0,6,8,0.75,0,4,4,5,5,0,4,0,24,-12,1
22015,201942,0021500131,"Nov 13, 2015",TOR vs. NOP,W,35,5,12,0.417,0,1,0.0,5,6,0.833,0,6,6,11,1,0,2,1,15,20,1
22015,201942,0021500115,"Nov 11, 2015",TOR @ PHI,W,27,4,9,0.444,1,1,1.0,5,6,0.833,2,2,4,2,0,0,0,1,14,8,1
22015,201942,0021500109,"Nov 10, 2015",TOR vs. NYK,L,39,11,23,0.478,0,1,0.0,7,9,0.778,0,5,5,2,1,0,1,1,29,-10,1
22015,201942,0021500096,"Nov 08, 2015",TOR @ MIA,L,36,5,14,0.357,0,3,0.0,6,6,1.0,0,1,1,3,0,0,6,3,16,-8,1
22015,201942,0021500075,"Nov 06, 2015",TOR @ ORL,L,41,7,15,0.467,0,1,0.0,9,12,0.75,3,4,7,2,0,2,2,1,23,3,1
22015,201942,0021500066,"Nov 04, 2015",TOR @ OKC,W,39,7,18,0.389,0,0,0.0,14,15,0.933,1,4,5,3,2,0,2,1,28,2,1
22015,201942,0021500057,"Nov 03, 2015",TOR @ DAL,W,28,6,13,0.462,0,0,0.0,8,8,1.0,1,3,4,2,1,0,3,3,20,12,1
22015,201942,0021500042,"Nov 01, 2015",TOR vs. MIL,W,37,7,13,0.538,0,1,0.0,1,2,0.5,0,1,1,4,1,1,2,1,15,25,1
22015,201942,0021500024,"Oct 30, 2015",TOR @ BOS,W,35,5,15,0.333,1,4,0.25,12,14,0.857,1,6,7,6,2,0,3,4,23,13,1
22015,201942,0021500009,"Oct 28, 2015",TOR vs. IND,W,36,7,17,0.412,1,2,0.5,10,16,0.625,0,5,5,6,2,0,2,2,25,0,1
22014,201942,0021401228,"Apr 15, 2015",TOR vs. CHA,W,34,8,13,0.615,0,2,0.0,0,0,0.0,1,3,4,6,2,0,4,1,16,8,1
22014,201942,0021401188,"Apr 11, 2015",TOR @ MIA,W,37,7,17,0.412,1,1,1.0,9,11,0.818,0,6,6,2,4,0,4,4,24,-6,1
22014,201942,0021401175,"Apr 10, 2015",TOR @ ORL,W,37,10,21,0.476,3,5,0.6,6,6,1.0,2,1,3,5,0,0,1,2,29,11,1
22014,201942,0021401160,"Apr 08, 2015",TOR @ CHA,W,34,6,16,0.375,0,3,0.0,6,7,0.857,1,1,2,7,0,3,1,0,18,29,1
22014,201942,0021401140,"Apr 04, 2015",TOR vs. BOS,L,43,14,25,0.56,0,1,0.0,10,12,0.833,0,1,1,3,1,0,6,1,38,2,1
22014,201942,0021401130,"Apr 03, 2015",TOR @ BKN,L,41,10,20,0.5,0,3,0.0,7,8,0.875,3,5,8,8,1,0,5,2,27,-6,1
22014,201942,0021401119,"Apr 01, 2015",TOR @ MIN,W,30,6,12,0.5,1,1,1.0,4,5,0.8,1,1,2,3,1,0,1,0,17,4,1
22014,201942,0021401104,"Mar 30, 2015",TOR vs. HOU,W,41,14,27,0.519,2,4,0.5,12,17,0.706,1,10,11,1,1,1,6,2,42,12,1
22014,201942,0021401080,"Mar 27, 2015",TOR vs. LAL,W,41,1,10,0.1,0,0,0.0,4,6,0.667,1,9,10,7,1,0,1,4,6,10,1
22014,201942,0021401065,"Mar 25, 2015",TOR vs. CHI,L,39,7,19,0.368,0,0,0.0,6,6,1.0,0,2,2,5,1,0,2,1,20,-16,1
22014,201942,0021401054,"Mar 24, 2015",TOR @ DET,L,42,5,17,0.294,0,2,0.0,12,12,1.0,1,9,10,4,0,0,3,2,22,-7,1
22014,201942,0021401041,"Mar 22, 2015",TOR vs. NYK,W,36,8,15,0.533,1,1,1.0,6,6,1.0,1,6,7,5,0,0,2,0,23,0,1
22014,201942,0021401025,"Mar 20, 2015",TOR @ CHI,L,37,8,14,0.571,3,3,1.0,8,10,0.8,1,6,7,3,0,0,2,2,27,-23,1
22014,201942,0021401008,"Mar 18, 2015",TOR vs. MIN,W,39,4,14,0.286,1,1,1.0,12,12,1.0,0,7,7,4,2,0,2,1,21,10,1
22014,201942,0021400990,"Mar 16, 2015",TOR @ IND,W,37,6,19,0.316,0,0,0.0,10,11,0.909,0,3,3,3,0,0,1,2,22,12,1
22014,201942,0021400987,"Mar 15, 2015",TOR vs. POR,L,35,9,18,0.5,0,1,0.0,4,5,0.8,1,7,8,2,1,0,2,1,22,-15,1
22014,201942,0021400970,"Mar 13, 2015",TOR vs. MIA,W,38,3,12,0.25,0,1,0.0,12,13,0.923,3,3,6,6,0,0,3,4,18,6,1
22014,201942,0021400949,"Mar 10, 2015",TOR @ SAS,L,39,8,18,0.444,0,1,0.0,5,7,0.714,0,3,3,4,1,0,1,5,21,-7,1
22014,201942,0021400936,"Mar 08, 2015",TOR @ OKC,L,36,11,22,0.5,0,2,0.0,2,2,1.0,1,3,4,9,0,0,3,4,24,-9,1
22014,201942,0021400911,"Mar 06, 2015",TOR @ CHA,L,39,14,26,0.538,0,0,0.0,2,2,1.0,0,2,2,3,1,1,1,2,30,-4,1
22014,201942,0021400900,"Mar 04, 2015",TOR vs. CLE,L,39,10,19,0.526,2,3,0.667,3,3,1.0,0,1,1,0,1,0,2,2,25,-18,1
22014,201942,0021400885,"Mar 02, 2015",TOR @ PHI,W,38,12,24,0.5,1,3,0.333,10,10,1.0,0,9,9,5,2,0,2,1,35,13,1
22014,201942,0021400872,"Feb 28, 2015",TOR @ NYK,L,40,3,15,0.2,0,0,0.0,7,8,0.875,0,3,3,2,3,0,0,3,13,-1,1
22014,201942,0021400861,"Feb 27, 2015",TOR vs. GSW,L,26,4,16,0.25,0,1,0.0,6,6,1.0,1,2,3,0,0,0,3,2,14,-12,1
22014,201942,0021400841,"Feb 24, 2015",TOR @ DAL,L,35,7,21,0.333,0,2,0.0,4,5,0.8,1,2,3,4,0,0,3,1,18,-4,1
22014,201942,0021400833,"Feb 23, 2015",TOR @ NOP,L,31,6,15,0.4,0,1,0.0,2,4,0.5,1,3,4,1,1,0,1,1,14,-1,1
22014,201942,0021400819,"Feb 21, 2015",TOR @ HOU,L,38,4,14,0.286,0,0,0.0,2,3,0.667,0,3,3,3,3,1,5,4,10,-11,1
22014,201942,0021400805,"Feb 20, 2015",TOR @ ATL,W,28,9,16,0.563,1,4,0.25,2,2,1.0,0,8,8,1,3,0,3,2,21,16,1
22014,201942,0021400791,"Feb 11, 2015",TOR vs. WAS,W,35,6,18,0.333,1,2,0.5,10,10,1.0,1,2,3,2,3,0,3,1,23,4,1
22014,201942,0021400772,"Feb 08, 2015",TOR vs. SAS,W,36,4,14,0.286,0,1,0.0,10,12,0.833,0,3,3,4,3,1,3,4,18,20,1
22014,201942,0021400752,"Feb 06, 2015",TOR vs. LAC,W,32,6,16,0.375,0,1,0.0,12,13,0.923,1,8,9,8,2,0,0,1,24,11,1
22014,201942,0021400734,"Feb 04, 2015",TOR vs. BKN,L,35,5,13,0.385,0,2,0.0,3,3,1.0,1,4,5,6,0,0,3,2,13,-9,1
22014,201942,0021400721,"Feb 02, 2015",TOR vs. MIL,L,25,5,16,0.313,0,2,0.0,6,8,0.75,0,2,2,2,1,0,2,3,16,-12,1
22014,201942,0021400707,"Jan 31, 2015",TOR @ WAS,W,43,5,16,0.313,0,0,0.0,5,9,0.556,2,8,10,7,0,1,3,4,15,-3,1
22014,201942,0021400699,"Jan 30, 2015",TOR @ BKN,W,41,9,17,0.529,0,1,0.0,8,9,0.889,0,4,4,9,1,0,1,3,26,9,1
22014,201942,0021400684,"Jan 28, 2015",TOR vs. SAC,W,31,5,13,0.385,1,3,0.333,1,4,0.25,1,4,5,6,1,0,2,4,12,13,1
22014,201942,0021400675,"Jan 27, 2015",TOR @ IND,W,33,7,15,0.467,0,1,0.0,10,13,0.769,1,5,6,2,2,0,4,4,24,2,1
22014,201942,0021400664,"Jan 25, 2015",TOR vs. DET,W,35,8,14,0.571,1,2,0.5,8,10,0.8,0,6,6,4,2,0,0,1,25,2,1
22014,201942,0021400641,"Jan 23, 2015",TOR @ PHI,W,29,4,14,0.286,0,2,0.0,0,0,0.0,1,0,1,1,1,0,3,1,8,-4,1
22014,201942,0021400630,"Jan 21, 2015",TOR @ MEM,L,33,2,11,0.182,0,0,0.0,2,2,1.0,0,3,3,1,0,1,2,1,6,-8,1
22014,201942,0021400619,"Jan 19, 2015",TOR @ MIL,W,26,0,9,0.0,0,3,0.0,0,1,0.0,1,2,3,4,0,0,1,3,0,6,1
22014,201942,0021400608,"Jan 18, 2015",TOR vs. NOP,L,36,7,18,0.389,1,4,0.25,7,9,0.778,0,3,3,1,1,0,1,3,22,0,1
22014,201942,0021400592,"Jan 16, 2015",TOR vs. ATL,L,32,11,18,0.611,1,2,0.5,2,4,0.5,0,3,3,2,2,0,4,1,25,-27,1
22014,201942,0021400578,"Jan 14, 2015",TOR vs. PHI,W,29,9,14,0.643,0,0,0.0,2,4,0.5,0,4,4,3,1,1,3,1,20,18,1
22014,201942,0021400227,"Nov 28, 2014",TOR vs. DAL,L,20,0,8,0.0,0,0,0.0,0,0,0.0,1,3,4,2,0,0,2,2,0,-5,1
22014,201942,0021400215,"Nov 26, 2014",TOR @ ATL,W,33,8,16,0.5,2,3,0.667,9,9,1.0,1,2,3,2,0,0,5,2,27,7,1
22014,201942,0021400201,"Nov 24, 2014",TOR vs. PHX,W,37,7,20,0.35,0,0,0.0,9,13,0.692,1,2,3,1,1,0,1,2,23,9,1
22014,201942,0021400186,"Nov 22, 2014",TOR @ CLE,W,42,7,18,0.389,0,1,0.0,6,7,0.857,0,5,5,3,1,0,3,3,20,5,1
22014,201942,0021400175,"Nov 21, 2014",TOR vs. MIL,W,29,1,8,0.125,0,0,0.0,5,6,0.833,0,5,5,5,0,0,3,1,7,36,1
22014,201942,0021400166,"Nov 19, 2014",TOR vs. MEM,W,38,10,22,0.455,0,1,0.0,1,2,0.5,1,4,5,4,2,0,1,1,21,3,1
22014,201942,0021400134,"Nov 15, 2014",TOR vs. UTA,W,36,10,17,0.588,0,1,0.0,7,8,0.875,1,2,3,2,1,0,0,0,27,17,1
22014,201942,0021400119,"Nov 13, 2014",TOR vs. CHI,L,34,3,17,0.176,0,1,0.0,4,4,1.0,0,1,1,2,1,0,0,3,10,-2,1
22014,201942,0021400103,"Nov 11, 2014",TOR vs. ORL,W,33,4,15,0.267,0,2,0.0,8,9,0.889,0,4,4,4,1,0,0,3,16,-3,1
22014,201942,0021400093,"Nov 09, 2014",TOR vs. PHI,W,26,8,12,0.667,0,0,0.0,8,8,1.0,1,5,6,2,2,1,3,1,24,10,1
22014,201942,0021400077,"Nov 07, 2014",TOR vs. WAS,W,36,7,13,0.538,0,0,0.0,11,11,1.0,0,3,3,1,1,0,3,2,25,12,1
22014,201942,0021400059,"Nov 05, 2014",TOR @ BOS,W,40,9,25,0.36,0,1,0.0,5,6,0.833,0,0,0,6,2,0,2,3,23,-1,1
22014,201942,0021400052,"Nov 04, 2014",TOR vs. OKC,W,31,4,12,0.333,1,3,0.333,7,9,0.778,0,3,3,3,0,0,2,1,16,7,1
22014,201942,0021400040,"Nov 02, 2014",TOR @ MIA,L,41,11,22,0.5,1,1,1.0,7,12,0.583,1,2,3,1,4,0,2,1,30,-3,1
22014,201942,0021400029,"Nov 01, 2014",TOR @ ORL,W,30,9,18,0.5,0,1,0.0,8,10,0.8,1,7,8,1,1,0,0,1,26,20,1
22014,201942,0021400008,"Oct 29, 2014",TOR vs. ATL,W,35,4,16,0.25,0,1,0.0,7,10,0.7,3,8,11,3,6,0,5,3,15,4,1
22013,201942,0021301226,"Apr 16, 2014",TOR @ NYK,L,22,2,5,0.4,0,0,0.0,5,6,0.833,2,3,5,1,1,0,3,1,9,-11,1
22013,201942,0021301198,"Apr 13, 2014",TOR @ DET,W,38,10,19,0.526,2,4,0.5,8,10,0.8,0,1,1,3,0,0,0,3,30,7,1
22013,201942,0021301177,"Apr 11, 2014",TOR vs. NYK,L,43,6,18,0.333,2,4,0.5,12,13,0.923,1,4,5,5,0,0,4,2,26,-16,1
22013,201942,0021301164,"Apr 09, 2014",TOR vs. PHI,W,34,4,14,0.286,0,1,0.0,9,10,0.9,1,4,5,5,0,0,2,0,17,7,1
22013,201942,0021301148,"Apr 05, 2014",TOR @ MIL,W,38,7,19,0.368,0,1,0.0,9,10,0.9,0,2,2,5,1,0,2,3,23,3,1
22013,201942,0021301131,"Apr 04, 2014",TOR vs. IND,W,40,8,19,0.421,0,1,0.0,4,5,0.8,0,4,4,9,0,1,3,3,20,9,1
22013,201942,0021301118,"Apr 02, 2014",TOR vs. HOU,W,40,10,19,0.526,1,3,0.333,8,10,0.8,0,6,6,4,2,0,2,5,29,0,1
22013,201942,0021301105,"Mar 31, 2014",TOR @ MIA,L,39,8,14,0.571,0,2,0.0,0,1,0.0,0,2,2,7,2,0,2,3,16,-8,1
22013,201942,0021301096,"Mar 30, 2014",TOR @ ORL,W,38,6,14,0.429,1,2,0.5,15,16,0.938,0,2,2,1,1,0,0,1,28,-1,1
22013,201942,0021301076,"Mar 28, 2014",TOR vs. BOS,W,35,12,27,0.444,0,2,0.0,6,6,1.0,0,3,3,4,1,0,1,3,30,-16,1
22013,201942,0021301063,"Mar 26, 2014",TOR @ BOS,W,40,5,13,0.385,0,1,0.0,10,11,0.909,1,6,7,3,0,0,4,4,20,20,1
22013,201942,0021301057,"Mar 25, 2014",TOR @ CLE,L,38,5,16,0.313,0,1,0.0,3,7,0.429,0,3,3,8,1,0,1,4,13,-3,1
22013,201942,0021301040,"Mar 23, 2014",TOR vs. ATL,W,38,8,18,0.444,2,3,0.667,3,4,0.75,0,2,2,3,0,1,4,3,21,6,1
22013,201942,0021301024,"Mar 21, 2014",TOR vs. OKC,L,49,9,23,0.391,0,3,0.0,15,16,0.938,0,8,8,3,2,0,6,3,33,3,1
22013,201942,0021301012,"Mar 19, 2014",TOR @ NOP,W,39,9,19,0.474,2,4,0.5,11,13,0.846,0,3,3,4,3,0,1,3,31,6,1
22013,201942,0021301004,"Mar 18, 2014",TOR @ ATL,L,45,8,18,0.444,0,1,0.0,13,14,0.929,0,10,10,6,1,0,3,4,29,2,1
22013,201942,0021300988,"Mar 16, 2014",TOR vs. PHX,L,39,6,16,0.375,0,1,0.0,5,5,1.0,1,3,4,7,4,0,3,3,17,0,1
22013,201942,0021300974,"Mar 14, 2014",TOR vs. MEM,W,43,4,12,0.333,1,2,0.5,7,8,0.875,0,0,0,2,1,0,4,4,16,14,1
22013,201942,0021300960,"Mar 12, 2014",TOR vs. DET,W,41,8,20,0.4,1,3,0.333,8,9,0.889,0,3,3,3,1,0,0,3,25,30,1
22013,201942,0021300944,"Mar 10, 2014",TOR @ BKN,L,35,3,9,0.333,0,2,0.0,8,8,1.0,0,3,3,1,0,0,2,3,14,-12,1
22013,201942,0021300940,"Mar 09, 2014",TOR @ MIN,W,34,8,17,0.471,2,3,0.667,7,9,0.778,1,6,7,0,0,1,4,5,25,2,1
22013,201942,0021300919,"Mar 07, 2014",TOR vs. SAC,W,33,4,13,0.308,0,0,0.0,7,10,0.7,0,1,1,6,1,1,2,3,15,4,1
22013,201942,0021300884,"Mar 02, 2014",TOR vs. GSW,W,42,10,16,0.625,1,2,0.5,11,12,0.917,0,4,4,6,1,0,0,2,32,12,1
22013,201942,0021300864,"Feb 27, 2014",TOR vs. WAS,L,57,11,23,0.478,0,1,0.0,12,14,0.857,1,3,4,6,2,0,4,3,34,-4,1
22013,201942,0021300846,"Feb 25, 2014",TOR @ CLE,W,40,12,25,0.48,0,1,0.0,9,13,0.692,1,3,4,6,1,0,0,3,33,8,1
22013,201942,0021300836,"Feb 23, 2014",TOR vs. ORL,W,32,9,17,0.529,0,1,0.0,6,6,1.0,0,3,3,4,0,1,5,4,24,6,1
22013,201942,0021300818,"Feb 21, 2014",TOR vs. CLE,W,39,5,14,0.357,0,0,0.0,4,4,1.0,0,4,4,5,0,0,1,1,14,2,1
22013,201942,0021300803,"Feb 19, 2014",TOR vs. CHI,L,42,11,25,0.44,0,4,0.0,10,11,0.909,1,4,5,1,0,0,2,3,32,0,1
22013,201942,0021300794,"Feb 18, 2014",TOR @ WAS,W,41,6,13,0.462,0,3,0.0,2,3,0.667,0,4,4,3,0,1,3,3,14,9,1
22013,201942,0021300779,"Feb 12, 2014",TOR vs. ATL,W,34,11,19,0.579,2,3,0.667,7,7,1.0,2,3,5,3,2,0,1,4,31,18,1
22013,201942,0021300765,"Feb 10, 2014",TOR vs. NOP,W,40,7,21,0.333,1,5,0.2,7,10,0.7,0,2,2,4,1,0,3,2,22,5,1
22013,201942,0021300748,"Feb 07, 2014",TOR @ LAC,L,41,9,21,0.429,1,4,0.25,17,19,0.895,1,4,5,8,2,1,0,2,36,-15,1
22013,201942,0021300735,"Feb 05, 2014",TOR @ SAC,L,38,5,17,0.294,1,4,0.25,7,7,1.0,2,4,6,4,2,0,3,4,18,2,1
22013,201942,0021300719,"Feb 03, 2014",TOR @ UTA,W,37,7,15,0.467,2,3,0.667,7,7,1.0,0,4,4,4,1,0,0,2,23,30,1
22013,201942,0021300707,"Feb 01, 2014",TOR @ POR,L,41,14,29,0.483,2,4,0.5,6,9,0.667,1,3,4,12,0,1,3,3,36,6,1
22013,201942,0021300694,"Jan 31, 2014",TOR @ DEN,W,33,6,17,0.353,0,1,0.0,7,8,0.875,1,2,3,1,1,0,3,0,19,5,1
22013,201942,0021300647,"Jan 25, 2014",TOR vs. LAC,L,21,2,6,0.333,2,2,1.0,4,4,1.0,0,3,3,3,1,0,0,1,10,-8,1
22013,201942,0021300634,"Jan 24, 2014",TOR @ PHI,W,39,10,22,0.455,1,3,0.333,13,16,0.813,3,6,9,1,0,0,3,2,34,15,1
22013,201942,0021300624,"Jan 22, 2014",TOR vs. DAL,W,38,15,22,0.682,1,1,1.0,9,14,0.643,1,2,3,3,1,1,4,1,40,-5,1
22013,201942,0021300608,"Jan 20, 2014",TOR @ CHA,L,39,10,23,0.435,1,3,0.333,4,5,0.8,2,4,6,2,3,0,1,3,25,-12,1
22013,201942,0021300601,"Jan 19, 2014",TOR vs. LAL,L,42,10,24,0.417,0,3,0.0,3,4,0.75,0,6,6,7,1,0,1,4,23,-13,1
22013,201942,0021300584,"Jan 17, 2014",TOR vs. MIN,W,40,5,17,0.294,1,2,0.5,4,5,0.8,1,4,5,5,2,0,3,3,15,3,1
22013,201942,0021300569,"Jan 15, 2014",TOR @ BOS,L,37,9,22,0.409,1,2,0.5,4,9,0.444,2,6,8,3,1,0,1,4,23,-9,1
22013,201942,0021300555,"Jan 13, 2014",TOR vs. MIL,W,33,8,16,0.5,0,3,0.0,3,5,0.6,2,5,7,7,1,1,1,2,19,13,1
22013,201942,0021300543,"Jan 11, 2014",TOR vs. BKN,W,37,9,18,0.5,1,1,1.0,7,8,0.875,2,5,7,5,1,1,2,3,26,7,1
22013,201942,0021300521,"Jan 08, 2014",TOR vs. DET,W,36,3,15,0.2,0,1,0.0,13,16,0.813,1,5,6,4,2,2,3,0,19,14,1
22013,201942,0021300510,"Jan 07, 2014",TOR @ IND,L,37,9,22,0.409,0,4,0.0,10,11,0.909,0,2,2,6,1,0,0,2,28,-1,1
22013,201942,0021300500,"Jan 05, 2014",TOR @ MIA,L,38,11,19,0.579,1,4,0.25,3,4,0.75,1,3,4,7,2,0,1,3,26,-7,1
22013,201942,0021300482,"Jan 03, 2014",TOR @ WAS,W,36,7,14,0.5,0,0,0.0,6,7,0.857,1,2,3,5,1,1,0,1,20,8,1
22013,201942,0021300469,"Jan 01, 2014",TOR vs. IND,W,39,9,24,0.375,0,1,0.0,8,9,0.889,2,7,9,3,3,0,3,1,26,11,1
22013,201942,0021300463,"Dec 31, 2013",TOR @ CHI,W,36,3,12,0.25,0,1,0.0,5,7,0.714,1,7,8,1,0,0,4,1,11,4,1
22013,201942,0021300438,"Dec 28, 2013",TOR vs. NYK,W,36,7,18,0.389,0,3,0.0,6,7,0.857,0,4,4,4,3,0,3,3,20,17,1
22013,201942,0021300430,"Dec 27, 2013",TOR @ NYK,W,36,7,13,0.538,2,5,0.4,9,14,0.643,2,2,4,2,0,1,3,2,25,16,1
22013,201942,0021300414,"Dec 23, 2013",TOR @ SAS,L,36,5,16,0.313,1,4,0.25,2,2,1.0,1,6,7,3,1,0,3,3,13,-18,1
22013,201942,0021300405,"Dec 22, 2013",TOR @ OKC,W,38,7,20,0.35,0,0,0.0,3,5,0.6,0,2,2,4,0,0,2,4,17,-4,1
22013,201942,0021300389,"Dec 20, 2013",TOR @ DAL,W,42,6,18,0.333,1,2,0.5,2,3,0.667,2,5,7,9,1,1,6,1,15,1,1
22013,201942,0021300371,"Dec 18, 2013",TOR vs. CHA,L,41,11,26,0.423,0,4,0.0,8,10,0.8,0,6,6,1,3,1,2,3,30,-1,1
22013,201942,0021300346,"Dec 14, 2013",TOR @ CHI,W,39,7,14,0.5,0,2,0.0,1,2,0.5,0,7,7,4,0,1,2,2,15,22,1
22013,201942,0021300331,"Dec 13, 2013",TOR vs. PHI,W,40,9,19,0.474,2,7,0.286,7,9,0.778,1,4,5,6,1,0,2,2,27,24,1
22013,201942,0021300312,"Dec 10, 2013",TOR vs. SAS,L,30,6,16,0.375,0,2,0.0,7,7,1.0,0,0,0,7,0,1,2,2,19,-7,1
22013,201942,0021300303,"Dec 08, 2013",TOR @ LAL,W,41,8,19,0.421,0,3,0.0,10,11,0.909,0,5,5,5,3,2,2,4,26,22,1
22013,201942,0021300287,"Dec 06, 2013",TOR @ PHX,L,39,5,15,0.333,0,3,0.0,3,4,0.75,0,3,3,2,2,0,2,5,13,-17,1
22013,201942,0021300268,"Dec 03, 2013",TOR @ GSW,L,43,10,18,0.556,2,4,0.5,4,5,0.8,0,0,0,3,0,0,3,2,26,-18,1
22013,201942,0021300248,"Dec 01, 2013",TOR vs. DEN,L,35,5,14,0.357,1,3,0.333,6,8,0.75,1,6,7,4,1,1,3,3,17,-9,1
22013,201942,0021300230,"Nov 29, 2013",TOR vs. MIA,L,44,10,20,0.5,2,7,0.286,3,7,0.429,1,6,7,3,1,1,3,1,25,-14,1
22013,201942,0021300211,"Nov 26, 2013",TOR vs. BKN,L,39,9,15,0.6,4,6,0.667,5,5,1.0,0,6,6,3,1,0,3,0,27,4,1
22013,201942,0021300178,"Nov 22, 2013",TOR vs. WAS,W,37,7,14,0.5,0,2,0.0,3,4,0.75,1,5,6,4,0,1,4,2,17,-7,1
22013,201942,0021300165,"Nov 20, 2013",TOR @ PHI,W,38,10,19,0.526,3,5,0.6,10,12,0.833,0,3,3,0,0,1,1,3,33,5,1
22013,201942,0021300147,"Nov 17, 2013",TOR vs. POR,L,47,11,27,0.407,1,5,0.2,6,8,0.75,0,3,3,3,0,0,4,2,29,-3,1
22013,201942,0021300126,"Nov 15, 2013",TOR vs. CHI,L,37,13,22,0.591,4,6,0.667,7,10,0.7,0,1,1,1,0,0,3,3,37,-12,1
22013,201942,0021300114,"Nov 13, 2013",TOR @ MEM,W,33,7,13,0.538,1,1,1.0,3,3,1.0,2,1,3,4,2,1,1,0,18,14,1
22013,201942,0021300103,"Nov 11, 2013",TOR @ HOU,L,53,6,25,0.24,0,2,0.0,10,11,0.909,1,2,3,1,4,1,0,1,22,-9,1
22013,201942,0021300085,"Nov 09, 2013",TOR vs. UTA,W,24,5,14,0.357,1,3,0.333,7,7,1.0,1,4,5,3,1,0,1,1,18,19,0
22013,201942,0021300074,"Nov 08, 2013",TOR @ IND,L,36,2,15,0.133,0,1,0.0,2,2,1.0,1,4,5,3,1,0,1,1,6,-2,1
22013,201942,0021300060,"Nov 06, 2013",TOR @ CHA,L,38,5,16,0.313,2,5,0.4,2,2,1.0,0,3,3,3,0,0,1,4,14,-1,1
22013,201942,0021300051,"Nov 05, 2013",TOR vs. MIA,L,40,8,15,0.533,0,3,0.0,5,5,1.0,0,0,0,3,1,0,2,3,21,-7,1
22013,201942,0021300037,"Nov 02, 2013",TOR @ MIL,W,35,5,14,0.357,1,3,0.333,6,8,0.75,1,5,6,5,2,0,2,1,17,17,0
22013,201942,0021300023,"Nov 01, 2013",TOR @ ATL,L,37,14,23,0.609,2,5,0.4,1,2,0.5,0,4,4,2,1,1,2,3,31,-10,1
22013,201942,0021300006,"Oct 30, 2013",TOR vs. BOS,W,40,6,19,0.316,1,3,0.333,0,2,0.0,0,2,2,2,2,0,5,3,13,6,1
22012,201942,0021201216,"Apr 17, 2013",TOR vs. BOS,W,29,8,13,0.615,3,3,1.0,5,5,1.0,1,2,3,2,0,0,0,1,24,23,1
22012,201942,0021201213,"Apr 16, 2013",TOR @ ATL,W,28,11,17,0.647,3,5,0.6,5,6,0.833,0,1,1,0,0,0,1,3,30,13,1
22012,201942,0021201195,"Apr 14, 2013",TOR vs. BKN,W,42,12,22,0.545,3,4,0.75,9,9,1.0,0,5,5,0,0,0,0,3,36,1,1
22012,201942,0021201176,"Apr 12, 2013",TOR vs. CHI,W,40,6,10,0.6,0,0,0.0,7,8,0.875,0,1,1,1,1,0,4,2,19,12,1
22012,201942,0021201158,"Apr 09, 2013",TOR @ CHI,W,34,8,13,0.615,0,2,0.0,4,7,0.571,0,2,2,2,1,0,0,1,20,6,1
22012,201942,0021201142,"Apr 06, 2013",TOR @ MIL,L,24,6,14,0.429,0,0,0.0,0,0,0.0,1,1,2,0,0,0,2,0,12,-25,1
22012,201942,0021201132,"Apr 05, 2013",TOR @ MIN,W,36,12,23,0.522,0,1,0.0,1,1,1.0,1,3,4,1,0,0,1,3,25,-4,1
22012,201942,0021201111,"Apr 03, 2013",TOR vs. WAS,W,37,11,21,0.524,0,0,0.0,3,5,0.6,0,1,1,1,1,1,3,0,25,20,1
22012,201942,0021201100,"Apr 01, 2013",TOR vs. DET,L,41,7,17,0.412,0,3,0.0,1,2,0.5,1,6,7,5,2,0,2,2,15,-4,1
22012,201942,0021201095,"Mar 31, 2013",TOR @ WAS,L,34,6,18,0.333,0,0,0.0,3,4,0.75,1,5,6,3,1,0,1,2,15,-21,1
22012,201942,0021201077,"Mar 29, 2013",TOR @ DET,W,33,10,20,0.5,0,0,0.0,1,1,1.0,0,4,4,3,3,0,0,3,21,21,1
22012,201942,0021201057,"Mar 27, 2013",TOR vs. ATL,L,36,5,14,0.357,0,2,0.0,4,6,0.667,0,2,2,1,1,0,3,2,14,-21,1
22012,201942,0021201034,"Mar 23, 2013",TOR @ NYK,L,39,7,15,0.467,0,2,0.0,3,5,0.6,2,1,3,3,1,1,2,3,17,-20,1
22012,201942,0021201022,"Mar 22, 2013",TOR vs. NYK,L,35,7,14,0.5,1,3,0.333,3,3,1.0,0,3,3,2,1,0,1,2,18,-3,1
22012,201942,0021201008,"Mar 20, 2013",TOR @ CHA,L,40,7,12,0.583,1,2,0.5,4,4,1.0,1,2,3,2,0,0,2,2,19,-3,1
22012,201942,0021200985,"Mar 17, 2013",TOR vs. MIA,L,37,5,17,0.294,0,1,0.0,2,3,0.667,2,3,5,0,0,0,4,2,12,-16,1
22012,201942,0021200969,"Mar 15, 2013",TOR vs. CHA,W,31,1,5,0.2,0,0,0.0,7,8,0.875,0,4,4,4,0,1,3,1,9,-1,1
22012,201942,0021200959,"Mar 13, 2013",TOR @ BOS,L,29,5,13,0.385,0,0,0.0,7,7,1.0,0,2,2,2,1,0,2,2,17,-18,1
22012,201942,0021200936,"Mar 10, 2013",TOR vs. CLE,W,40,3,13,0.231,0,1,0.0,7,8,0.875,0,3,3,6,1,0,4,2,13,-2,1
22012,201942,0021200925,"Mar 08, 2013",TOR @ LAL,L,44,12,18,0.667,0,0,0.0,4,4,1.0,0,5,5,5,1,0,0,1,28,0,1
22012,201942,0021200910,"Mar 06, 2013",TOR @ PHX,W,30,7,13,0.538,0,1,0.0,1,2,0.5,2,4,6,4,1,0,5,1,15,17,1
22012,201942,0021200895,"Mar 04, 2013",TOR @ GSW,L,39,6,13,0.462,0,2,0.0,3,3,1.0,0,1,1,4,0,0,3,3,15,-6,1
22012,201942,0021200878,"Mar 02, 2013",TOR @ MIL,L,46,6,21,0.286,0,0,0.0,6,8,0.75,0,3,3,9,0,1,2,6,18,-5,1
22012,201942,0021200864,"Mar 01, 2013",TOR vs. IND,L,34,2,10,0.2,0,0,0.0,5,10,0.5,1,2,3,3,1,0,0,1,9,-12,1
22012,201942,0021200852,"Feb 27, 2013",TOR @ CLE,L,44,10,19,0.526,0,2,0.0,14,15,0.933,0,5,5,2,0,0,3,2,34,-3,1
22012,201942,0021200839,"Feb 25, 2013",TOR vs. WAS,L,39,9,17,0.529,0,1,0.0,7,9,0.778,1,3,4,1,1,1,2,2,25,-4,1
22012,201942,0021200811,"Feb 22, 2013",TOR vs. NYK,W,39,6,13,0.462,0,1,0.0,6,6,1.0,0,1,1,6,1,1,3,1,18,8,1
22012,201942,0021200798,"Feb 20, 2013",TOR vs. MEM,L,36,1,9,0.111,0,1,0.0,5,6,0.833,0,3,3,5,2,0,1,2,7,-9,1
22012,201942,0021200789,"Feb 19, 2013",TOR @ WAS,W,37,9,18,0.5,0,0,0.0,6,7,0.857,0,3,3,3,3,0,4,4,24,19,1
22012,201942,0021200780,"Feb 13, 2013",TOR @ NYK,W,40,5,11,0.455,0,1,0.0,10,10,1.0,0,4,4,3,0,0,3,2,20,10,1
22012,201942,0021200769,"Feb 12, 2013",TOR vs. DEN,W,39,8,18,0.444,0,1,0.0,6,6,1.0,2,6,8,3,2,1,2,0,22,1,1
22012,201942,0021200755,"Feb 10, 2013",TOR vs. NOH,W,32,3,7,0.429,0,1,0.0,1,2,0.5,0,4,4,2,0,0,4,2,7,0,1
22012,201942,0021200737,"Feb 08, 2013",TOR @ IND,W,41,7,17,0.412,1,1,1.0,7,9,0.778,0,3,3,2,0,0,1,3,22,-2,1
22012,201942,0021200720,"Feb 06, 2013",TOR vs. BOS,L,40,5,16,0.313,0,1,0.0,3,5,0.6,1,2,3,2,1,0,2,2,13,-1,1
22012,201942,0021200707,"Feb 03, 2013",TOR vs. MIA,L,44,6,17,0.353,1,3,0.333,14,14,1.0,0,3,3,3,0,0,3,2,27,-21,1
22012,201942,0021200684,"Feb 01, 2013",TOR vs. LAC,W,34,8,17,0.471,2,3,0.667,1,1,1.0,0,2,2,7,1,1,2,0,19,31,1
22012,201942,0021200674,"Jan 30, 2013",TOR @ ATL,L,35,8,16,0.5,2,3,0.667,5,6,0.833,1,3,4,2,2,0,2,1,23,-3,1
22012,201942,0021200659,"Jan 28, 2013",TOR vs. GSW,L,36,7,18,0.389,0,1,0.0,7,8,0.875,0,0,0,9,0,0,1,2,21,-4,1
22012,201942,0021200642,"Jan 26, 2013",TOR vs. CLE,L,35,7,17,0.412,0,1,0.0,1,3,0.333,1,3,4,2,1,1,1,2,15,9,1
22012,201942,0021200629,"Jan 24, 2013",TOR @ ORL,W,43,10,17,0.588,0,0,0.0,2,2,1.0,0,4,4,7,0,1,1,3,22,4,1
22012,201942,0021200619,"Jan 23, 2013",TOR @ MIA,L,32,5,10,0.5,0,1,0.0,2,4,0.5,0,2,2,7,1,0,1,4,12,2,1
22012,201942,0021200601,"Jan 20, 2013",TOR vs. LAL,W,30,4,9,0.444,0,1,0.0,0,0,0.0,0,3,3,3,0,0,5,3,8,10,1
22012,201942,0021200585,"Jan 18, 2013",TOR @ PHI,L,33,4,10,0.4,0,3,0.0,0,0,0.0,0,4,4,0,1,1,2,0,8,-10,1
22012,201942,0021200570,"Jan 16, 2013",TOR vs. CHI,L,40,6,13,0.462,0,0,0.0,6,6,1.0,0,3,3,1,0,0,2,4,18,-12,1
22012,201942,0021200566,"Jan 15, 2013",TOR @ BKN,L,34,5,15,0.333,0,0,0.0,2,2,1.0,2,0,2,1,0,0,2,1,12,-19,1
22012,201942,0021200550,"Jan 13, 2013",TOR vs. MIL,L,37,7,19,0.368,0,2,0.0,9,10,0.9,2,3,5,2,0,0,1,4,23,3,1
22012,201942,0021200530,"Jan 11, 2013",TOR vs. CHA,W,34,2,8,0.25,0,1,0.0,2,2,1.0,0,2,2,3,1,0,1,1,6,12,1
22012,201942,0021200516,"Jan 09, 2013",TOR vs. PHI,W,41,8,15,0.533,0,1,0.0,3,3,1.0,0,5,5,1,1,1,1,2,19,21,1
22012,201942,0021200499,"Jan 06, 2013",TOR vs. OKC,L,33,4,16,0.25,0,1,0.0,3,4,0.75,1,2,3,2,1,0,2,2,11,-14,1
22012,201942,0021200478,"Jan 04, 2013",TOR vs. SAC,L,33,3,11,0.273,0,2,0.0,8,10,0.8,0,4,4,1,1,0,2,2,14,-24,1
22012,201942,0021200464,"Jan 02, 2013",TOR vs. POR,W,35,11,17,0.647,1,3,0.333,1,1,1.0,0,2,2,0,3,0,1,2,24,20,1
22012,201942,0021200439,"Dec 29, 2012",TOR @ ORL,W,33,7,14,0.5,0,0,0.0,7,8,0.875,0,3,3,3,1,0,0,2,21,21,1
22012,201942,0021200430,"Dec 28, 2012",TOR @ NOH,W,49,9,22,0.409,1,3,0.333,11,13,0.846,1,5,6,1,3,0,0,1,30,6,1
22012,201942,0021200418,"Dec 26, 2012",TOR @ SAS,L,27,3,9,0.333,0,0,0.0,2,2,1.0,1,1,2,1,0,0,2,0,8,-22,1
22012,201942,0021200380,"Dec 21, 2012",TOR vs. ORL,W,40,5,17,0.294,0,1,0.0,7,7,1.0,2,6,8,0,1,0,2,4,17,8,1
22012,201942,0021200366,"Dec 19, 2012",TOR vs. DET,W,37,10,19,0.526,2,4,0.5,1,2,0.5,1,1,2,1,1,1,0,2,23,1,1
22012,201942,0021200357,"Dec 18, 2012",TOR @ CLE,W,36,4,9,0.444,0,1,0.0,8,8,1.0,1,4,5,4,2,0,1,2,16,17,1
22012,201942,0021200346,"Dec 16, 2012",TOR vs. HOU,W,35,8,19,0.421,1,3,0.333,2,2,1.0,0,7,7,3,3,1,2,4,19,7,1
22012,201942,0021200325,"Dec 14, 2012",TOR vs. DAL,W,32,6,13,0.462,1,3,0.333,1,2,0.5,0,4,4,4,0,1,2,2,14,13,1
22012,201942,0021200309,"Dec 12, 2012",TOR vs. BKN,L,44,5,13,0.385,1,3,0.333,0,0,0.0,0,5,5,2,4,1,3,3,11,-1,1
22012,201942,0021200303,"Dec 10, 2012",TOR @ POR,L,43,7,16,0.438,0,2,0.0,6,6,1.0,0,4,4,1,0,0,3,0,20,-11,1
22012,201942,0021200292,"Dec 09, 2012",TOR @ LAC,L,42,10,17,0.588,1,2,0.5,3,4,0.75,1,4,5,4,0,0,1,3,24,-18,1
22012,201942,0021200279,"Dec 07, 2012",TOR @ UTA,L,34,5,15,0.333,0,2,0.0,7,7,1.0,1,4,5,2,0,0,2,2,17,-21,1
22012,201942,0021200266,"Dec 05, 2012",TOR @ SAC,L,40,7,16,0.438,0,0,0.0,0,2,0.0,1,4,5,1,2,4,3,1,14,-6,1
22012,201942,0021200248,"Dec 03, 2012",TOR @ DEN,L,40,8,13,0.615,1,3,0.333,1,1,1.0,1,6,7,2,2,1,1,4,18,6,1
22012,201942,0021200222,"Nov 30, 2012",TOR vs. PHX,W,35,8,18,0.444,0,0,0.0,7,9,0.778,1,7,8,4,1,0,2,3,23,-3,1
22012,201942,0021200216,"Nov 28, 2012",TOR @ MEM,L,32,5,10,0.5,2,3,0.667,4,4,1.0,0,4,4,1,1,0,1,2,16,-18,1
22012,201942,0021200206,"Nov 27, 2012",TOR @ HOU,L,27,5,10,0.5,0,0,0.0,2,3,0.667,0,3,3,1,2,0,4,2,12,-16,1
22012,201942,0021200191,"Nov 25, 2012",TOR vs. SAS,L,51,11,28,0.393,0,2,0.0,7,8,0.875,1,6,7,3,3,0,1,2,29,-8,1
22012,201942,0021200175,"Nov 23, 2012",TOR @ DET,L,34,2,9,0.222,0,0,0.0,1,2,0.5,0,1,1,1,0,0,2,2,5,-5,1
22012,201942,0021200157,"Nov 21, 2012",TOR @ CHA,L,37,6,13,0.462,0,0,0.0,2,3,0.667,1,2,3,2,0,1,5,3,14,3,1
22012,201942,0021200154,"Nov 20, 2012",TOR @ PHI,L,42,8,18,0.444,1,1,1.0,7,8,0.875,1,3,4,0,1,0,0,0,24,-11,1
22012,201942,0021200140,"Nov 18, 2012",TOR vs. ORL,W,38,8,16,0.5,1,2,0.5,3,5,0.6,2,7,9,2,0,0,1,2,20,8,1
22012,201942,0021200131,"Nov 17, 2012",TOR @ BOS,L,24,5,10,0.5,0,1,0.0,0,0,0.0,0,3,3,1,1,0,0,1,10,-5,1
22012,201942,0021200105,"Nov 13, 2012",TOR @ IND,W,40,5,13,0.385,0,0,0.0,5,6,0.833,1,4,5,0,0,1,2,4,15,-2,1
22012,201942,0021200095,"Nov 12, 2012",TOR vs. UTA,L,60,16,33,0.485,1,6,0.167,4,7,0.571,1,7,8,6,2,0,5,4,37,-9,1
22012,201942,0021200081,"Nov 10, 2012",TOR vs. PHI,L,44,6,17,0.353,1,1,1.0,6,8,0.75,1,5,6,0,1,0,1,4,19,-4,1
22012,201942,0021200061,"Nov 07, 2012",TOR @ DAL,L,40,8,17,0.471,0,3,0.0,8,10,0.8,0,6,6,7,0,0,1,2,24,5,1
22012,201942,0021200051,"Nov 06, 2012",TOR @ OKC,L,28,2,10,0.2,0,2,0.0,4,4,1.0,0,1,1,0,1,0,2,2,8,-27,1
22012,201942,0021200038,"Nov 04, 2012",TOR vs. MIN,W,32,8,14,0.571,1,2,0.5,5,6,0.833,2,5,7,2,3,0,2,3,22,13,1
22012,201942,0021200029,"Nov 03, 2012",TOR @ BKN,L,34,8,13,0.615,1,2,0.5,8,10,0.8,0,3,3,1,1,0,0,3,25,-3,1
22012,201942,0021200004,"Oct 31, 2012",TOR vs. IND,L,27,5,14,0.357,0,0,0.0,0,0,0.0,3,2,5,1,0,1,0,1,10,-5,1
22011,201942,0021100963,"Apr 23, 2012",TOR @ MIL,L,15,2,5,0.4,0,0,0.0,0,0,0.0,0,3,3,2,0,0,2,1,4,2,0
22011,201942,0021100955,"Apr 22, 2012",TOR @ DET,L,28,7,15,0.467,1,2,0.5,1,2,0.5,0,1,1,3,1,1,1,2,16,-3,0
22011,201942,0021100923,"Apr 18, 2012",TOR @ MIA,L,30,5,14,0.357,0,2,0.0,2,3,0.667,0,1,1,2,1,0,1,2,12,-17,0
22011,201942,0021100902,"Apr 16, 2012",TOR vs. ATL,L,37,8,14,0.571,1,1,1.0,5,5,1.0,1,1,2,3,1,0,2,1,22,-10,0
22011,201942,0021100896,"Apr 15, 2012",TOR @ ATL,W,35,8,15,0.533,0,0,0.0,7,11,0.636,0,4,4,3,1,0,1,3,23,20,0
22011,201942,0021100874,"Apr 13, 2012",TOR vs. BOS,W,35,4,14,0.286,1,3,0.333,13,13,1.0,1,1,2,2,0,1,2,0,22,9,0
22011,201942,0021100858,"Apr 11, 2012",TOR vs. PHI,L,31,5,9,0.556,0,2,0.0,1,1,1.0,1,2,3,0,0,0,0,1,11,-11,0
22011,201942,0021100844,"Apr 09, 2012",TOR @ IND,L,34,4,12,0.333,0,0,0.0,2,2,1.0,0,4,4,0,1,0,1,2,10,-5,0
22011,201942,0021100840,"Apr 08, 2012",TOR @ OKC,L,38,6,22,0.273,0,1,0.0,4,4,1.0,1,2,3,4,0,0,1,0,16,-2,0
22011,201942,0021100816,"Apr 06, 2012",TOR vs. CLE,L,38,10,16,0.625,1,2,0.5,7,8,0.875,0,4,4,4,0,1,4,5,28,1,0
22011,201942,0021100799,"Apr 04, 2012",TOR @ PHI,W,38,7,18,0.389,0,1,0.0,4,4,1.0,2,1,3,5,1,0,1,0,18,8,0
22011,201942,0021100791,"Apr 03, 2012",TOR vs. CHA,W,38,8,16,0.5,0,0,0.0,4,4,1.0,0,4,4,2,0,0,2,4,20,7,0
22011,201942,0021100779,"Apr 01, 2012",TOR vs. WAS,W,32,4,11,0.364,0,0,0.0,7,9,0.778,2,3,5,3,0,0,4,3,15,2,0
22011,201942,0021100757,"Mar 30, 2012",TOR vs. MIA,L,40,9,17,0.529,0,2,0.0,10,10,1.0,0,1,1,2,1,0,2,2,28,-12,0
22011,201942,0021100743,"Mar 28, 2012",TOR vs. DEN,W,37,6,20,0.3,0,0,0.0,5,11,0.455,2,3,5,5,1,0,2,2,17,5,0
22011,201942,0021100699,"Mar 23, 2012",TOR vs. NYK,W,37,11,17,0.647,0,0,0.0,8,9,0.889,1,2,3,1,0,0,2,2,30,25,0
22011,201942,0021100683,"Mar 21, 2012",TOR vs. CHI,L,37,11,25,0.44,0,2,0.0,1,1,1.0,1,5,6,0,0,0,1,2,23,-7,0
22011,201942,0021100677,"Mar 20, 2012",TOR @ NYK,L,37,7,13,0.538,0,0,0.0,3,3,1.0,0,5,5,0,0,0,1,2,17,-19,0
22011,201942,0021100655,"Mar 17, 2012",TOR @ CHA,L,36,6,12,0.5,0,2,0.0,8,12,0.667,0,2,2,2,1,0,5,4,20,5,0
22011,201942,0021100648,"Mar 16, 2012",TOR @ MEM,W,46,7,16,0.438,0,1,0.0,4,4,1.0,0,1,1,4,1,0,2,3,18,6,0
22011,201942,0021100627,"Mar 14, 2012",TOR @ NJN,L,35,5,15,0.333,0,1,0.0,2,4,0.5,1,4,5,1,2,0,1,2,12,-9,0
22011,201942,0021100619,"Mar 13, 2012",TOR @ CLE,W,33,1,6,0.167,0,0,0.0,2,2,1.0,1,1,2,4,0,1,0,2,4,0,0
22011,201942,0021100605,"Mar 11, 2012",TOR vs. MIL,L,41,9,22,0.409,0,1,0.0,3,4,0.75,1,4,5,3,0,0,1,4,21,-6,0
22011,201942,0021100596,"Mar 10, 2012",TOR @ DET,L,37,3,10,0.3,0,1,0.0,9,10,0.9,0,5,5,1,0,0,3,2,15,-8,0
22011,201942,0021100569,"Mar 07, 2012",TOR vs. HOU,W,39,8,16,0.5,0,1,0.0,7,8,0.875,1,2,3,4,1,0,0,3,23,26,0
22011,201942,0021100554,"Mar 05, 2012",TOR vs. ORL,L,38,9,22,0.409,1,4,0.25,4,4,1.0,0,2,2,1,2,0,1,3,23,-3,0
22011,201942,0021100548,"Mar 04, 2012",TOR vs. GSW,W,46,9,17,0.529,1,1,1.0,6,6,1.0,1,2,3,4,0,0,1,1,25,11,0
22011,201942,0021100528,"Mar 02, 2012",TOR vs. MEM,L,35,2,8,0.25,0,1,0.0,0,0,0.0,0,2,2,0,0,2,0,3,4,-10,0
22011,201942,0021100519,"Feb 29, 2012",TOR @ NOH,W,40,8,18,0.444,0,0,0.0,5,8,0.625,1,5,6,4,0,0,1,3,21,5,0
22011,201942,0021100508,"Feb 28, 2012",TOR @ HOU,L,28,6,14,0.429,0,2,0.0,5,6,0.833,1,1,2,1,1,2,2,1,17,-4,0
22011,201942,0021100486,"Feb 22, 2012",TOR vs. DET,W,39,9,15,0.6,0,1,0.0,5,6,0.833,1,6,7,2,0,0,3,4,23,2,0
22011,201942,0021100445,"Feb 17, 2012",TOR vs. CHA,L,32,8,15,0.533,0,1,0.0,8,12,0.667,0,0,0,0,2,0,3,5,24,5,0
22011,201942,0021100429,"Feb 15, 2012",TOR vs. SAS,L,37,13,21,0.619,1,1,1.0,2,2,1.0,1,2,3,2,1,0,2,3,29,-2,0
22011,201942,0021100420,"Feb 14, 2012",TOR vs. NYK,L,42,5,12,0.417,0,1,0.0,4,4,1.0,1,3,4,2,0,1,6,4,14,-4,0
22011,201942,0021100408,"Feb 12, 2012",TOR vs. LAL,L,37,2,13,0.154,0,1,0.0,4,5,0.8,0,2,2,7,2,0,4,3,8,-4,0
22011,201942,0021100388,"Feb 10, 2012",TOR vs. BOS,W,38,7,13,0.538,0,2,0.0,7,7,1.0,0,0,0,4,1,0,2,4,21,25,0
22011,201942,0021100373,"Feb 08, 2012",TOR vs. MIL,L,37,9,18,0.5,4,6,0.667,3,3,1.0,2,2,4,1,1,0,2,4,25,-2,0
22011,201942,0021100358,"Feb 06, 2012",TOR @ WAS,L,44,4,10,0.4,0,0,0.0,7,8,0.875,1,3,4,2,0,1,1,4,15,0,0
22011,201942,0021100356,"Feb 05, 2012",TOR @ MIA,L,37,8,16,0.5,0,1,0.0,9,11,0.818,0,3,3,3,2,0,2,2,25,-7,0
22011,201942,0021100332,"Feb 03, 2012",TOR vs. WAS,W,28,4,12,0.333,0,1,0.0,3,5,0.6,2,5,7,2,0,1,1,3,11,8,0
22011,201942,0021100317,"Feb 01, 2012",TOR @ BOS,L,26,3,12,0.25,0,0,0.0,2,5,0.4,0,0,0,0,0,0,3,2,8,-29,0
22011,201942,0021100308,"Jan 31, 2012",TOR vs. ATL,L,34,3,9,0.333,0,1,0.0,3,4,0.75,0,4,4,2,1,0,4,2,9,-14,0
22011,201942,0021100293,"Jan 29, 2012",TOR @ NJN,W,41,8,12,0.667,0,2,0.0,11,16,0.688,0,3,3,2,1,1,0,1,27,19,0
22011,201942,0021100282,"Jan 27, 2012",TOR @ DEN,L,33,3,15,0.2,0,1,0.0,2,2,1.0,2,2,4,3,0,0,3,2,8,-19,0
22011,201942,0021100266,"Jan 25, 2012",TOR @ UTA,W,44,6,11,0.545,1,2,0.5,4,4,1.0,1,7,8,2,2,0,1,4,17,-6,0
22011,201942,0021100255,"Jan 24, 2012",TOR @ PHX,W,23,2,8,0.25,0,0,0.0,0,0,0.0,0,1,1,2,2,0,1,2,4,7,0
22011,201942,0021100238,"Jan 22, 2012",TOR @ LAC,L,33,4,19,0.211,0,2,0.0,7,8,0.875,6,2,8,1,3,0,2,4,15,-5,0
22011,201942,0021100216,"Jan 20, 2012",TOR vs. POR,L,33,7,21,0.333,0,2,0.0,8,10,0.8,0,2,2,2,0,0,1,5,22,-3,0
22011,201942,0021100205,"Jan 18, 2012",TOR @ BOS,L,31,4,16,0.25,1,2,0.5,2,3,0.667,0,2,2,0,0,0,5,1,11,-24,0
22011,201942,0021100189,"Jan 16, 2012",TOR @ ATL,L,35,5,17,0.294,0,4,0.0,0,0,0.0,0,2,2,1,0,0,2,4,10,-5,0
22011,201942,0021100174,"Jan 14, 2012",TOR @ CHI,L,38,7,15,0.467,1,1,1.0,0,0,0.0,1,3,4,0,0,2,3,2,15,-11,0
22011,201942,0021100159,"Jan 13, 2012",TOR vs. IND,L,41,8,15,0.533,0,4,0.0,7,11,0.636,1,1,2,0,1,0,0,4,23,-7,0
22011,201942,0021100143,"Jan 11, 2012",TOR vs. SAC,L,29,5,9,0.556,0,1,0.0,3,3,1.0,0,3,3,1,0,0,3,5,13,-6,0
22011,201942,0021100133,"Jan 10, 2012",TOR @ WAS,L,30,4,16,0.25,0,1,0.0,3,4,0.75,0,4,4,0,3,0,3,1,11,-15,0
22011,201942,0021100126,"Jan 09, 2012",TOR vs. MIN,W,38,3,11,0.273,0,3,0.0,3,3,1.0,0,6,6,3,2,0,3,5,9,22,0
22011,201942,0021100114,"Jan 07, 2012",TOR @ PHI,L,31,4,13,0.308,0,1,0.0,0,0,0.0,0,1,1,2,1,2,3,2,8,-22,0
22011,201942,0021100098,"Jan 06, 2012",TOR vs. NJN,L,27,1,6,0.167,0,1,0.0,1,2,0.5,0,2,2,2,2,1,3,3,3,-11,0
22011,201942,0021100082,"Jan 04, 2012",TOR vs. CLE,W,37,9,18,0.5,5,8,0.625,2,2,1.0,0,5,5,0,0,0,1,1,25,13,0
22011,201942,0021100069,"Jan 02, 2012",TOR @ NYK,W,35,7,13,0.538,2,2,1.0,5,6,0.833,0,3,3,2,0,0,4,4,21,0,0
22011,201942,0021100058,"Jan 01, 2012",TOR @ ORL,L,36,4,12,0.333,1,2,0.5,8,9,0.889,1,5,6,0,2,0,2,3,17,-11,0
22011,201942,0021100047,"Dec 30, 2011",TOR @ DAL,L,35,4,12,0.333,0,1,0.0,3,4,0.75,0,4,4,4,1,0,1,2,11,-3,0
22011,201942,0021100023,"Dec 28, 2011",TOR vs. IND,L,30,9,16,0.563,2,2,1.0,2,2,1.0,1,3,4,2,1,0,2,2,22,-6,0
22011,201942,0021100009,"Dec 26, 2011",TOR @ CLE,W,26,7,13,0.538,0,1,0.0,1,2,0.5,0,2,2,2,1,0,0,0,15,14,0
22010,201942,0021001221,"Apr 13, 2011",TOR vs. MIA,L,41,8,20,0.4,0,2,0.0,2,5,0.4,0,4,4,3,2,1,2,1,18,-12,0
22010,201942,0021001207,"Apr 11, 2011",TOR @ MIL,L,39,4,14,0.286,0,1,0.0,9,10,0.9,2,2,4,2,1,0,4,0,17,-1,0
22010,201942,0021001196,"Apr 10, 2011",TOR vs. NJN,W,38,7,16,0.438,0,0,0.0,4,4,1.0,1,4,5,3,2,0,4,3,18,2,0
22010,201942,0021001178,"Apr 08, 2011",TOR @ PHI,L,42,8,19,0.421,0,3,0.0,11,12,0.917,0,2,2,3,3,1,2,3,27,-9,0
22010,201942,0021001166,"Apr 06, 2011",TOR vs. CLE,L,38,7,17,0.412,0,2,0.0,5,5,1.0,3,2,5,0,0,0,4,5,19,-13,0
22010,201942,0021001155,"Apr 05, 2011",TOR @ NYK,L,40,13,27,0.481,1,3,0.333,9,12,0.75,1,9,10,3,1,1,1,3,36,-10,0
22010,201942,0021001144,"Apr 03, 2011",TOR vs. ORL,W,42,8,16,0.5,0,0,0.0,8,8,1.0,2,3,5,2,2,0,1,1,24,10,0
22010,201942,0021001133,"Apr 02, 2011",TOR @ CHI,L,40,10,21,0.476,0,0,0.0,6,7,0.857,1,3,4,2,0,0,0,1,26,-2,0
22010,201942,0021001109,"Mar 30, 2011",TOR vs. MIL,L,35,8,15,0.533,0,0,0.0,4,4,1.0,0,3,3,1,3,0,2,1,20,1,0
22010,201942,0021001086,"Mar 26, 2011",TOR @ LAC,L,35,3,15,0.2,0,2,0.0,1,2,0.5,1,5,6,1,2,0,1,2,7,-6,0
22010,201942,0021001079,"Mar 25, 2011",TOR @ GSW,L,28,8,12,0.667,1,1,1.0,2,2,1.0,0,1,1,0,2,0,4,1,19,-37,0
22010,201942,0021001063,"Mar 23, 2011",TOR @ PHX,L,34,9,20,0.45,0,1,0.0,1,1,1.0,0,8,8,4,3,0,1,0,19,5,0
22010,201942,0021001050,"Mar 21, 2011",TOR @ DEN,L,20,6,13,0.462,0,0,0.0,2,2,1.0,0,2,2,2,0,0,0,2,14,-13,0
22010,201942,0021001041,"Mar 20, 2011",TOR @ OKC,W,36,7,14,0.5,0,1,0.0,2,2,1.0,1,7,8,1,1,0,2,2,16,12,0
22010,201942,0021001019,"Mar 18, 2011",TOR vs. WAS,W,37,11,15,0.733,0,1,0.0,8,9,0.889,1,2,3,1,2,0,1,3,30,24,0
22010,201942,0021001005,"Mar 16, 2011",TOR @ DET,L,35,8,11,0.727,0,0,0.0,0,0,0.0,1,2,3,1,2,1,2,1,16,-10,0
22010,201942,0021000986,"Mar 13, 2011",TOR vs. CHA,L,30,4,13,0.308,0,2,0.0,3,4,0.75,0,3,3,0,1,0,2,3,11,-3,0
22010,201942,0021000970,"Mar 11, 2011",TOR vs. IND,W,30,7,13,0.538,0,1,0.0,2,4,0.5,1,1,2,2,1,1,4,3,16,4,0
22010,201942,0021000956,"Mar 09, 2011",TOR vs. UTA,L,33,4,16,0.25,0,1,0.0,9,11,0.818,4,4,8,2,0,0,4,2,17,-15,0
22010,201942,0021000925,"Mar 05, 2011",TOR @ NJN,L,54,11,26,0.423,1,2,0.5,7,7,1.0,2,3,5,5,1,0,1,3,30,2,0
22010,201942,0021000914,"Mar 04, 2011",TOR @ NJN,L,34,12,19,0.632,0,0,0.0,6,6,1.0,1,2,3,2,0,0,0,4,30,-5,0
22010,201942,0021000897,"Mar 01, 2011",TOR vs. NOH,W,36,8,17,0.471,0,1,0.0,1,1,1.0,0,1,1,0,0,0,0,1,17,25,0
22010,201942,0021000884,"Feb 27, 2011",TOR vs. DAL,L,37,7,16,0.438,0,0,0.0,5,5,1.0,1,2,3,2,1,1,3,4,19,-9,0
22010,201942,0021000864,"Feb 25, 2011",TOR vs. PHX,L,24,6,11,0.545,0,0,0.0,2,2,1.0,0,2,2,1,0,1,3,5,14,-12,0
22010,201942,0021000851,"Feb 23, 2011",TOR vs. CHI,W,32,8,17,0.471,0,0,0.0,8,8,1.0,3,0,3,4,0,0,0,3,24,11,0
22010,201942,0021000838,"Feb 22, 2011",TOR @ CHA,L,35,7,15,0.467,0,0,0.0,0,0,0.0,1,3,4,1,0,0,2,4,14,-12,0
22010,201942,0021000825,"Feb 16, 2011",TOR vs. MIA,L,42,9,20,0.45,0,1,0.0,6,6,1.0,1,3,4,2,2,1,1,4,24,-8,0
22010,201942,0021000808,"Feb 13, 2011",TOR vs. LAC,W,42,7,18,0.389,0,1,0.0,3,5,0.6,2,5,7,2,0,1,4,4,17,3,0
22010,201942,0021000790,"Feb 11, 2011",TOR vs. POR,L,38,7,13,0.538,0,1,0.0,3,5,0.6,1,3,4,1,3,0,1,1,17,-1,0
22010,201942,0021000777,"Feb 09, 2011",TOR vs. SAS,L,37,10,18,0.556,0,0,0.0,5,7,0.714,2,2,4,4,0,0,0,3,25,5,0
22010,201942,0021000770,"Feb 08, 2011",TOR @ MIL,L,39,9,13,0.692,0,0,0.0,0,0,0.0,1,6,7,2,1,0,0,3,18,-18,0
22010,201942,0021000736,"Feb 04, 2011",TOR vs. MIN,W,40,10,13,0.769,0,0,0.0,0,0,0.0,0,5,5,2,3,1,0,1,20,16,0
22010,201942,0021000719,"Feb 02, 2011",TOR @ ATL,L,34,8,17,0.471,0,0,0.0,0,0,0.0,2,2,4,1,0,0,4,4,16,-13,0
22010,201942,0021000708,"Jan 31, 2011",TOR @ IND,L,37,3,15,0.2,0,0,0.0,4,4,1.0,1,4,5,4,3,2,2,3,10,-7,0
22010,201942,0021000695,"Jan 29, 2011",TOR @ MIN,L,33,2,11,0.182,0,0,0.0,2,2,1.0,1,5,6,4,1,0,2,3,6,-15,0
22010,201942,0021000683,"Jan 28, 2011",TOR vs. MIL,L,38,5,14,0.357,0,0,0.0,1,3,0.333,0,1,1,2,4,0,3,5,11,6,0
22010,201942,0021000670,"Jan 26, 2011",TOR vs. PHI,L,40,9,18,0.5,0,0,0.0,11,12,0.917,1,4,5,1,0,0,1,3,29,0,0
22010,201942,0021000656,"Jan 24, 2011",TOR vs. MEM,L,41,9,20,0.45,0,2,0.0,7,7,1.0,2,7,9,2,1,2,1,1,25,-4,0
22010,201942,0021000643,"Jan 22, 2011",TOR @ MIA,L,36,13,25,0.52,0,1,0.0,4,4,1.0,0,2,2,1,2,0,0,3,30,-6,0
22010,201942,0021000630,"Jan 21, 2011",TOR @ ORL,L,31,6,16,0.375,0,0,0.0,4,4,1.0,1,2,3,1,1,0,1,2,16,-24,0
22010,201942,0021000620,"Jan 19, 2011",TOR @ SAS,L,42,10,19,0.526,0,0,0.0,8,9,0.889,1,2,3,1,4,0,5,3,28,-1,0
22010,201942,0021000603,"Jan 17, 2011",TOR @ NOH,L,39,8,18,0.444,0,0,0.0,7,9,0.778,0,3,3,0,0,0,2,3,23,-15,0
22010,201942,0021000589,"Jan 15, 2011",TOR @ WAS,L,34,3,11,0.273,0,0,0.0,1,2,0.5,0,0,0,2,0,1,2,2,7,2,0
22010,201942,0021000578,"Jan 14, 2011",TOR vs. DET,L,33,6,11,0.545,0,0,0.0,3,4,0.75,1,4,5,0,0,0,2,5,15,-11,0
22010,201942,0021000563,"Jan 12, 2011",TOR vs. ATL,L,39,4,11,0.364,0,0,0.0,1,1,1.0,0,5,5,2,0,1,5,4,9,-9,0
22010,201942,0021000544,"Jan 09, 2011",TOR vs. SAC,W,39,13,20,0.65,0,0,0.0,2,3,0.667,0,3,3,4,1,1,3,4,28,10,0
22010,201942,0021000528,"Jan 07, 2011",TOR @ BOS,L,42,8,15,0.533,0,0,0.0,4,4,1.0,1,2,3,3,0,1,1,3,20,-17,0
22010,201942,0021000512,"Jan 05, 2011",TOR @ CLE,W,28,6,15,0.4,0,0,0.0,1,1,1.0,1,2,3,1,0,0,3,4,13,-16,0
22010,201942,0021000507,"Jan 04, 2011",TOR @ CHI,L,37,7,14,0.5,0,0,0.0,4,4,1.0,1,3,4,3,2,2,5,2,18,-10,0
22010,201942,0021000494,"Jan 02, 2011",TOR vs. BOS,L,41,11,25,0.44,0,1,0.0,5,8,0.625,3,3,6,2,3,1,5,3,27,-17,0
22010,201942,0021000480,"Dec 31, 2010",TOR @ HOU,L,33,12,21,0.571,0,1,0.0,13,14,0.929,1,2,3,0,0,0,1,3,37,-14,0
22010,201942,0021000459,"Dec 28, 2010",TOR @ DAL,W,35,7,13,0.538,0,0,0.0,2,3,0.667,0,3,3,1,1,1,3,1,16,7,0
22010,201942,0021000447,"Dec 27, 2010",TOR @ MEM,L,37,7,13,0.538,0,0,0.0,4,8,0.5,1,3,4,2,0,0,3,4,18,-9,0
22010,201942,0021000422,"Dec 22, 2010",TOR vs. DET,L,34,4,7,0.571,0,0,0.0,2,2,1.0,0,4,4,3,1,0,2,3,10,-34,0
22010,201942,0021000402,"Dec 19, 2010",TOR vs. LAL,L,39,6,12,0.5,0,0,0.0,11,11,1.0,1,1,2,2,3,0,2,3,23,-17,0
22010,201942,0021000384,"Dec 17, 2010",TOR vs. NJN,W,33,5,16,0.313,0,3,0.0,4,7,0.571,2,2,4,1,1,0,1,2,14,3,0
22010,201942,0021000370,"Dec 15, 2010",TOR vs. CHI,L,31,4,12,0.333,0,0,0.0,4,4,1.0,0,0,0,0,2,1,1,3,12,-19,0
22010,201942,0021000360,"Dec 14, 2010",TOR @ CHA,L,34,7,14,0.5,0,3,0.0,0,3,0.0,2,3,5,2,1,0,2,2,14,-3,0
22010,201942,0021000344,"Dec 11, 2010",TOR @ DET,W,32,7,12,0.583,0,1,0.0,2,3,0.667,0,4,4,1,0,2,1,2,16,-20,0
22010,201942,0021000331,"Dec 10, 2010",TOR vs. DEN,L,33,3,11,0.273,0,0,0.0,0,0,0.0,2,2,4,3,0,0,2,4,6,-10,0
22010,201942,0021000318,"Dec 08, 2010",TOR @ NYK,L,34,6,11,0.545,0,1,0.0,7,8,0.875,1,4,5,2,0,1,0,1,19,-1,0
22010,201942,0021000302,"Dec 06, 2010",TOR @ IND,L,33,3,9,0.333,0,0,0.0,1,2,0.5,0,1,1,1,2,2,0,0,7,-14,0
22010,201942,0021000295,"Dec 05, 2010",TOR vs. NYK,L,36,4,8,0.5,0,0,0.0,4,6,0.667,0,0,0,2,2,0,1,2,12,-9,0
22010,201942,0021000276,"Dec 03, 2010",TOR vs. OKC,W,30,6,13,0.462,0,2,0.0,2,2,1.0,1,4,5,2,0,0,2,2,14,14,0
22010,201942,0021000263,"Dec 01, 2010",TOR vs. WAS,W,28,7,11,0.636,1,1,1.0,5,7,0.714,1,5,6,3,0,0,1,2,20,13,0
22010,201942,0021000242,"Nov 28, 2010",TOR vs. ATL,L,34,4,6,0.667,0,0,0.0,5,6,0.833,0,6,6,1,1,0,1,1,13,-8,0
22010,201942,0021000224,"Nov 26, 2010",TOR @ BOS,L,17,2,3,0.667,0,0,0.0,4,4,1.0,0,1,1,2,0,0,2,3,8,-22,0
22010,201942,0021000211,"Nov 24, 2010",TOR vs. PHI,W,22,1,5,0.2,0,0,0.0,3,4,0.75,1,0,1,1,2,0,0,2,5,6,0
22010,201942,0021000191,"Nov 21, 2010",TOR vs. BOS,W,33,2,8,0.25,0,0,0.0,2,3,0.667,1,1,2,3,1,0,0,1,6,-19,0
22010,201942,0021000173,"Nov 19, 2010",TOR vs. HOU,W,42,4,13,0.308,0,1,0.0,7,12,0.583,0,7,7,1,1,0,1,3,15,10,0
22010,201942,0021000159,"Nov 17, 2010",TOR @ PHI,W,32,1,3,0.333,0,0,0.0,2,2,1.0,0,1,1,5,0,0,1,3,4,-4,0
22010,201942,0021000153,"Nov 16, 2010",TOR @ WAS,L,31,5,9,0.556,0,0,0.0,2,2,1.0,0,3,3,0,0,0,0,3,12,-10,0
22010,201942,0021000133,"Nov 13, 2010",TOR @ MIA,L,42,7,12,0.583,0,1,0.0,7,11,0.636,1,5,6,3,1,0,1,4,21,-7,0
22010,201942,0021000123,"Nov 12, 2010",TOR @ ORL,W,40,8,13,0.615,0,1,0.0,10,12,0.833,2,5,7,2,1,0,1,3,26,3,0
22010,201942,0021000110,"Nov 10, 2010",TOR vs. CHA,L,21,2,3,0.667,0,0,0.0,0,2,0.0,0,0,0,2,0,0,1,5,4,-16,0
22010,201942,0021000097,"Nov 08, 2010",TOR vs. GSW,L,33,4,8,0.5,0,0,0.0,0,0,0.0,0,4,4,1,2,1,2,2,8,-8,0
22010,201942,0021000087,"Nov 06, 2010",TOR @ POR,L,29,1,10,0.1,0,0,0.0,0,0,0.0,2,2,4,1,0,0,2,3,2,-18,0
22010,201942,0021000079,"Nov 05, 2010",TOR @ LAL,L,34,7,18,0.389,0,2,0.0,1,2,0.5,1,0,1,1,0,0,3,5,15,-10,0
22010,201942,0021000061,"Nov 03, 2010",TOR @ UTA,L,28,6,10,0.6,1,3,0.333,3,3,1.0,0,2,2,1,0,0,2,2,16,-3,0
22010,201942,0021000045,"Nov 01, 2010",TOR @ SAC,L,32,7,12,0.583,0,0,0.0,10,14,0.714,1,3,4,1,0,1,1,4,24,9,0
22010,201942,0021000022,"Oct 29, 2010",TOR vs. CLE,W,27,6,13,0.462,0,0,0.0,2,2,1.0,2,3,5,1,1,1,0,2,14,18,0
22010,201942,0021000007,"Oct 27, 2010",TOR vs. NYK,L,26,2,7,0.286,0,1,0.0,5,6,0.833,2,1,3,2,1,0,1,3,9,4,0
22009,201942,0020901226,"Apr 14, 2010",TOR vs. NYK,W,38,9,11,0.818,0,0,0.0,6,8,0.75,0,9,9,2,1,1,2,3,24,12,0
22009,201942,0020901204,"Apr 12, 2010",TOR @ DET,W,26,6,10,0.6,0,1,0.0,0,1,0.0,0,3,3,0,0,0,1,2,12,-8,0
22009,201942,0020901197,"Apr 11, 2010",TOR vs. CHI,L,13,0,2,0.0,0,0,0.0,0,0,0.0,0,0,0,1,0,0,0,0,0,-5,0
22009,201942,0020901176,"Apr 09, 2010",TOR @ ATL,L,19,2,7,0.286,0,0,0.0,2,3,0.667,1,0,1,0,0,0,0,3,6,-9,0
22009,201942,0020901159,"Apr 07, 2010",TOR vs. BOS,L,23,7,9,0.778,0,0,0.0,0,0,0.0,1,3,4,1,0,0,0,3,14,-2,0
22009,201942,0020901150,"Apr 06, 2010",TOR @ CLE,L,16,4,4,1.0,0,0,0.0,2,2,1.0,0,1,1,0,1,0,0,1,10,12,0
22009,201942,0020901145,"Apr 04, 2010",TOR vs. GSW,L,16,2,5,0.4,0,0,0.0,1,2,0.5,2,3,5,0,0,0,0,2,5,2,0
22009,201942,0020901132,"Apr 03, 2010",TOR @ PHI,W,10,0,2,0.0,0,0,0.0,0,0,0.0,0,0,0,0,0,0,0,1,0,-7,0
22009,201942,0020901110,"Mar 31, 2010",TOR vs. LAC,W,21,5,9,0.556,0,0,0.0,0,0,0.0,0,1,1,0,0,0,1,0,10,10,0
22009,201942,0020901097,"Mar 29, 2010",TOR @ CHA,W,20,3,5,0.6,0,0,0.0,2,4,0.5,0,1,1,2,1,0,0,3,8,-1,0
22009,201942,0020901091,"Mar 28, 2010",TOR @ MIA,L,24,1,1,1.0,0,0,0.0,6,6,1.0,0,1,1,0,1,0,0,1,8,-7,0
22009,201942,0020901075,"Mar 26, 2010",TOR vs. DEN,L,21,7,8,0.875,0,0,0.0,1,1,1.0,1,3,4,1,0,1,2,3,15,-6,0
22009,201942,0020901061,"Mar 24, 2010",TOR vs. UTA,L,32,3,7,0.429,0,0,0.0,0,0,0.0,0,1,1,0,1,0,1,2,6,-24,0
22009,201942,0020901047,"Mar 22, 2010",TOR @ MIN,W,26,4,11,0.364,0,0,0.0,2,2,1.0,1,4,5,1,0,0,1,1,10,4,0
22009,201942,0020901031,"Mar 20, 2010",TOR @ NJN,W,18,2,5,0.4,0,0,0.0,0,0,0.0,2,3,5,0,0,0,0,2,4,13,0
22009,201942,0020901019,"Mar 19, 2010",TOR vs. OKC,L,25,1,5,0.2,0,0,0.0,2,2,1.0,1,1,2,1,0,0,1,2,4,-29,0
22009,201942,0020901008,"Mar 17, 2010",TOR vs. ATL,W,35,7,12,0.583,0,0,0.0,5,7,0.714,2,1,3,0,1,0,0,3,19,-10,0
22009,201942,0020900989,"Mar 14, 2010",TOR @ POR,L,24,5,7,0.714,0,0,0.0,2,2,1.0,0,3,3,2,1,0,1,5,12,3,0
22009,201942,0020900982,"Mar 13, 2010",TOR @ GSW,L,26,8,11,0.727,0,0,0.0,2,3,0.667,0,2,2,0,1,0,2,4,18,-6,0
22009,201942,0020900961,"Mar 10, 2010",TOR @ SAC,L,31,5,10,0.5,0,0,0.0,4,4,1.0,0,1,1,2,0,0,0,4,14,-27,0
22009,201942,0020900952,"Mar 09, 2010",TOR @ LAL,L,21,4,6,0.667,0,0,0.0,3,4,0.75,1,1,2,0,0,0,1,4,11,-2,0
22009,201942,0020900934,"Mar 07, 2010",TOR vs. PHI,L,17,3,8,0.375,0,0,0.0,3,4,0.75,2,0,2,0,1,0,0,1,9,-6,0
22009,201942,0020900917,"Mar 05, 2010",TOR vs. NYK,W,25,5,8,0.625,0,0,0.0,0,0,0.0,0,2,2,2,1,0,0,4,10,2,0
22009,201942,0020900892,"Mar 01, 2010",TOR @ HOU,L,15,0,2,0.0,0,0,0.0,0,0,0.0,0,1,1,0,0,0,2,2,0,-15,0
22009,201942,0020900882,"Feb 28, 2010",TOR @ OKC,L,28,4,10,0.4,0,0,0.0,5,6,0.833,4,3,7,0,0,0,2,2,13,-9,0
22009,201942,0020900859,"Feb 26, 2010",TOR vs. CLE,L,19,1,6,0.167,0,0,0.0,2,2,1.0,2,3,5,3,0,0,1,2,4,-13,0
22009,201942,0020900846,"Feb 24, 2010",TOR vs. POR,L,17,0,2,0.0,0,0,0.0,2,2,1.0,0,2,2,2,0,0,1,3,2,-6,0
22009,201942,0020900816,"Feb 20, 2010",TOR vs. WAS,W,17,1,2,0.5,0,0,0.0,0,0,0.0,1,0,1,1,1,0,1,2,2,-10,0
22009,201942,0020900810,"Feb 19, 2010",TOR @ NJN,W,23,6,7,0.857,0,0,0.0,2,6,0.333,2,4,6,0,2,0,0,2,14,-6,0
22009,201942,0020900793,"Feb 17, 2010",TOR vs. MEM,L,22,4,10,0.4,0,1,0.0,1,2,0.5,2,1,3,1,0,0,1,1,9,-18,0
22009,201942,0020900770,"Feb 10, 2010",TOR vs. PHI,W,29,6,9,0.667,0,0,0.0,2,5,0.4,2,5,7,1,2,0,2,0,14,14,0
22009,201942,0020900753,"Feb 07, 2010",TOR vs. SAC,W,24,3,6,0.5,0,0,0.0,1,1,1.0,0,2,2,0,1,0,2,2,7,2,0
22009,201942,0020900648,"Jan 24, 2010",TOR vs. LAL,W,24,4,12,0.333,0,0,0.0,2,4,0.5,1,5,6,0,0,1,2,1,10,-8,0
22009,201942,0020900625,"Jan 22, 2010",TOR vs. MIL,W,21,5,8,0.625,0,0,0.0,2,2,1.0,0,5,5,0,1,0,1,1,12,-5,0
22009,201942,0020900614,"Jan 20, 2010",TOR @ MIL,L,26,1,6,0.167,0,0,0.0,0,0,0.0,2,2,4,1,0,1,0,0,2,-10,0
22009,201942,0020900606,"Jan 19, 2010",TOR @ CLE,L,27,6,10,0.6,0,1,0.0,2,2,1.0,0,0,0,2,1,0,0,1,14,-4,0
22009,201942,0020900592,"Jan 17, 2010",TOR vs. DAL,W,24,4,9,0.444,0,0,0.0,0,0,0.0,2,1,3,0,0,0,0,4,8,-6,0
22009,201942,0020900578,"Jan 15, 2010",TOR @ NYK,W,29,4,8,0.5,0,0,0.0,11,14,0.786,1,1,2,2,0,0,0,3,19,1,0
22009,201942,0020900544,"Jan 11, 2010",TOR @ IND,L,20,3,7,0.429,0,1,0.0,1,2,0.5,0,2,2,0,0,0,0,3,7,-1,0
22009,201942,0020900538,"Jan 10, 2010",TOR vs. BOS,L,25,3,5,0.6,0,0,0.0,1,2,0.5,1,1,2,0,1,0,1,3,7,-7,0
22009,201942,0020900518,"Jan 08, 2010",TOR @ PHI,W,24,4,7,0.571,0,0,0.0,4,4,1.0,2,4,6,1,1,0,1,1,12,-3,0
22009,201942,0020900509,"Jan 06, 2010",TOR @ ORL,W,19,6,7,0.857,0,0,0.0,0,0,0.0,0,1,1,1,1,0,1,2,12,2,0
22009,201942,0020900491,"Jan 03, 2010",TOR vs. SAS,W,23,5,8,0.625,0,0,0.0,1,1,1.0,0,2,2,0,0,0,0,3,11,-6,0
22009,201942,0020900481,"Jan 02, 2010",TOR @ BOS,L,15,1,3,0.333,0,0,0.0,1,2,0.5,0,0,0,0,1,0,1,4,3,-2,0
22009,201942,0020900462,"Dec 30, 2009",TOR vs. CHA,W,20,4,7,0.571,0,0,0.0,2,2,1.0,2,0,2,1,1,0,0,4,10,2,0
22009,201942,0020900439,"Dec 27, 2009",TOR vs. DET,W,16,2,4,0.5,0,0,0.0,0,0,0.0,0,1,1,1,1,0,0,2,4,-5,0
22009,201942,0020900415,"Dec 23, 2009",TOR @ DET,W,19,2,5,0.4,0,0,0.0,2,2,1.0,0,0,0,0,2,0,2,3,6,6,0
22009,201942,0020900393,"Dec 20, 2009",TOR vs. NOH,W,21,5,8,0.625,0,0,0.0,0,0,0.0,1,2,3,1,0,0,1,2,10,7,0
22009,201942,0020900373,"Dec 18, 2009",TOR vs. NJN,W,24,6,8,0.75,0,0,0.0,4,5,0.8,1,3,4,1,1,1,3,0,16,16,0
22009,201942,0020900360,"Dec 16, 2009",TOR @ ORL,L,17,2,5,0.4,0,0,0.0,0,0,0.0,1,2,3,2,0,0,0,3,4,-11,0
22009,201942,0020900353,"Dec 15, 2009",TOR @ MIA,L,28,2,9,0.222,0,0,0.0,0,0,0.0,1,6,7,0,2,0,0,3,4,-14,0
22009,201942,0020900339,"Dec 13, 2009",TOR vs. HOU,W,21,1,4,0.25,0,0,0.0,0,0,0.0,0,2,2,0,2,1,0,2,2,22,0
22009,201942,0020900322,"Dec 11, 2009",TOR vs. ATL,L,24,0,5,0.0,0,0,0.0,2,4,0.5,1,1,2,0,1,0,1,2,2,-3,0
22009,201942,0020900312,"Dec 09, 2009",TOR @ MIL,L,24,2,4,0.5,0,0,0.0,4,6,0.667,1,5,6,0,0,0,1,3,8,-11,0
22009,201942,0020900301,"Dec 08, 2009",TOR vs. MIN,W,25,4,10,0.4,0,0,0.0,7,7,1.0,3,3,6,0,0,0,2,4,15,13,0
22009,201942,0020900283,"Dec 05, 2009",TOR @ CHI,W,25,3,8,0.375,0,1,0.0,5,5,1.0,1,3,4,0,0,0,1,1,11,23,0
22009,201942,0020900272,"Dec 04, 2009",TOR @ WAS,W,27,6,10,0.6,0,1,0.0,4,5,0.8,0,2,2,1,0,0,0,4,16,10,0
22009,201942,0020900259,"Dec 02, 2009",TOR @ ATL,L,30,6,11,0.545,0,0,0.0,9,12,0.75,0,3,3,2,0,0,0,3,21,-15,0
22009,201942,0020900254,"Dec 01, 2009",TOR vs. WAS,L,16,1,4,0.25,0,0,0.0,0,0,0.0,1,1,2,1,0,1,2,1,2,-4,0
22009,201942,0020900241,"Nov 29, 2009",TOR vs. PHX,L,23,4,9,0.444,0,1,0.0,6,6,1.0,1,0,1,1,1,0,1,5,14,-22,0
22009,201942,0020900225,"Nov 27, 2009",TOR @ BOS,L,17,4,8,0.5,1,1,1.0,0,0,0.0,1,0,1,0,2,0,1,2,9,-9,0
22009,201942,0020900208,"Nov 25, 2009",TOR @ CHA,L,25,4,12,0.333,0,0,0.0,4,4,1.0,1,5,6,0,0,1,1,5,12,-25,0
22009,201942,0020900202,"Nov 24, 2009",TOR vs. IND,W,10,2,4,0.5,0,0,0.0,4,5,0.8,1,0,1,0,0,0,0,2,8,-5,0
22009,201942,0020900192,"Nov 22, 2009",TOR vs. ORL,L,17,0,2,0.0,0,0,0.0,1,2,0.5,0,1,1,0,0,1,0,4,1,-4,0
22009,201942,0020900175,"Nov 20, 2009",TOR vs. MIA,W,22,2,4,0.5,0,1,0.0,3,3,1.0,1,6,7,0,1,1,4,3,7,-7,0
22009,201942,0020900167,"Nov 18, 2009",TOR @ UTA,L,15,1,5,0.2,0,1,0.0,0,0,0.0,0,0,0,1,1,0,0,2,2,-10,0
22009,201942,0020900155,"Nov 17, 2009",TOR @ DEN,L,23,6,9,0.667,1,2,0.5,4,6,0.667,1,2,3,0,1,0,2,1,17,1,0
22009,201942,0020900145,"Nov 15, 2009",TOR @ PHX,L,19,3,7,0.429,0,1,0.0,0,0,0.0,0,2,2,1,1,0,0,1,6,-1,0
22009,201942,0020900132,"Nov 13, 2009",TOR @ LAC,W,11,1,4,0.25,0,0,0.0,0,0,0.0,0,0,0,1,0,0,1,2,2,5,0
22009,201942,0020900110,"Nov 11, 2009",TOR vs. CHI,W,19,4,10,0.4,1,1,1.0,0,0,0.0,3,6,9,1,0,2,3,0,9,9,0
22009,201942,0020900100,"Nov 09, 2009",TOR @ SAS,L,13,1,2,0.5,0,0,0.0,0,0,0.0,1,0,1,0,1,1,1,2,2,4,0
22009,201942,0020900088,"Nov 07, 2009",TOR @ DAL,L,17,1,1,1.0,0,0,0.0,0,2,0.0,0,1,1,2,1,1,1,5,2,-10,0
22009,201942,0020900079,"Nov 06, 2009",TOR @ NOH,W,18,2,3,0.667,0,0,0.0,0,0,0.0,0,2,2,2,0,1,1,1,4,7,0
22009,201942,0020900061,"Nov 04, 2009",TOR vs. DET,W,18,1,5,0.2,0,0,0.0,1,2,0.5,3,0,3,2,1,1,0,2,3,-10,0
22009,201942,0020900039,"Nov 01, 2009",TOR vs. ORL,L,19,3,5,0.6,1,1,1.0,1,2,0.5,2,1,3,0,0,0,0,3,8,-6,0
22009,201942,0020900025,"Oct 30, 2009",TOR @ MEM,L,20,3,7,0.429,0,0,0.0,0,0,0.0,2,3,5,1,0,1,0,1,6,3,0
22009,201942,0020900007,"Oct 28, 2009",TOR vs. CLE,W,24,3,6,0.5,0,1,0.0,2,2,1.0,0,5,5,1,1,1,1,2,8,11,0
