SEASON_ID,Player_ID,Game_ID,GAME_DATE,MATCHUP,WL,MIN,FGM,FGA,FG_PCT,FG3M,FG3A,FG3_PCT,FTM,FTA,FT_PCT,OREB,DREB,REB,AST,STL,BLK,TOV,PF,PTS,PLUS_MINUS,VIDEO_AVAILABLE
22025,201566,0022501015,"Mar 19, 2026",SAC vs. PHI,L,27,4,10,0.4,2,6,0.333,1,4,0.25,0,3,3,8,1,2,4,1,11,-25,1
22025,201566,0022500998,"Mar 17, 2026",SAC vs. SAS,L,25,2,6,0.333,0,3,0.0,1,2,0.5,1,0,1,10,0,0,0,0,5,-27,1
22025,201566,0022500975,"Mar 14, 2026",SAC @ LAC,W,37,4,15,0.267,2,8,0.25,2,4,0.5,2,10,12,10,4,0,4,2,12,14,1
22025,201566,0022500945,"Mar 10, 2026",SAC vs. IND,W,25,5,10,0.5,2,4,0.5,4,6,0.667,0,7,7,9,0,0,1,1,16,-7,1
22025,201566,0022500930,"Mar 08, 2026",SAC vs. CHI,W,35,7,17,0.412,3,5,0.6,6,6,1.0,2,9,11,12,1,0,0,2,23,10,1
22025,201566,0022500907,"Mar 05, 2026",SAC vs. NOP,L,34,7,15,0.467,2,6,0.333,3,5,0.6,1,1,2,10,2,0,2,3,19,-4,1
22025,201566,0022500892,"Mar 03, 2026",SAC vs. PHX,L,31,6,14,0.429,3,6,0.5,1,2,0.5,0,2,2,7,4,1,3,2,16,-2,1
22025,201566,0022500878,"Mar 01, 2026",SAC @ LAL,L,22,6,16,0.375,1,7,0.143,1,1,1.0,0,4,4,5,0,0,4,3,14,-12,1
22025,201566,0022500845,"Feb 25, 2026",SAC @ HOU,L,25,10,19,0.526,1,7,0.143,1,1,1.0,2,3,5,3,0,0,2,2,22,-9,1
22025,201566,0022500829,"Feb 23, 2026",SAC @ MEM,W,33,8,17,0.471,3,7,0.429,6,7,0.857,0,2,2,7,1,0,4,0,25,9,1
22025,201566,0022500815,"Feb 21, 2026",SAC @ SAS,L,21,3,9,0.333,1,4,0.25,0,0,0.0,0,3,3,2,1,1,5,2,7,-21,1
22025,201566,0022500800,"Feb 19, 2026",SAC vs. ORL,L,17,2,8,0.25,1,6,0.167,0,0,0.0,0,0,0,1,1,0,3,1,5,-14,1
22025,201566,0022500766,"Feb 09, 2026",SAC @ NOP,L,21,7,17,0.412,1,6,0.167,2,2,1.0,1,1,2,2,0,0,2,0,17,-3,1
22025,201566,0022500756,"Feb 07, 2026",SAC vs. CLE,L,32,8,14,0.571,5,10,0.5,0,2,0.0,1,4,5,9,0,0,7,2,21,-6,1
22025,201566,0022500746,"Feb 06, 2026",SAC vs. LAC,L,20,2,8,0.25,0,4,0.0,2,3,0.667,0,3,3,5,0,0,2,2,6,-10,1
22025,201566,0022500731,"Feb 04, 2026",SAC vs. MEM,L,26,5,14,0.357,3,10,0.3,0,0,0.0,0,0,0,5,1,0,2,1,13,0,1
22025,201566,0022500665,"Jan 27, 2026",SAC @ NYK,L,33,6,19,0.316,2,9,0.222,0,0,0.0,3,1,4,5,1,0,6,4,14,-17,1
22025,201566,0022500650,"Jan 25, 2026",SAC @ DET,L,22,4,9,0.444,2,3,0.667,3,3,1.0,1,1,2,4,2,0,4,4,13,-16,1
22025,201566,0022500638,"Jan 23, 2026",SAC @ CLE,L,27,3,12,0.25,3,10,0.3,2,2,1.0,1,4,5,3,0,0,0,2,11,-18,1
22025,201566,0022500626,"Jan 21, 2026",SAC vs. TOR,L,35,9,22,0.409,2,8,0.25,3,3,1.0,0,3,3,3,3,0,4,2,23,-16,1
22025,201566,0022500619,"Jan 20, 2026",SAC vs. MIA,L,31,9,14,0.643,1,6,0.167,3,4,0.75,1,1,2,7,2,1,6,3,22,-13,1
22025,201566,0022500606,"Jan 18, 2026",SAC vs. POR,L,34,9,15,0.6,3,6,0.5,2,3,0.667,0,3,3,7,3,0,2,2,23,-7,1
22025,201566,0022500592,"Jan 16, 2026",SAC vs. WAS,W,31,9,14,0.643,6,9,0.667,2,2,1.0,1,1,2,6,1,0,4,2,26,0,1
22025,201566,0022500576,"Jan 14, 2026",SAC vs. NYK,W,39,6,13,0.462,2,6,0.333,5,7,0.714,1,5,6,11,0,0,4,3,19,4,1
22025,201566,0022500562,"Jan 12, 2026",SAC vs. LAL,W,34,8,16,0.5,4,8,0.5,2,4,0.5,0,5,5,7,1,0,5,1,22,10,1
22025,201566,0022500557,"Jan 11, 2026",SAC vs. HOU,W,34,6,12,0.5,3,6,0.5,0,0,0.0,2,4,6,10,1,0,3,1,15,7,1
22025,201566,0022500539,"Jan 09, 2026",SAC @ GSW,L,28,6,11,0.545,1,4,0.25,0,0,0.0,0,4,4,7,0,0,3,4,13,-21,1
22025,201566,0022500515,"Jan 06, 2026",SAC vs. DAL,L,31,4,15,0.267,1,7,0.143,2,4,0.5,0,6,6,4,1,0,3,0,11,1,1
22025,201566,0022500500,"Jan 04, 2026",SAC vs. MIL,L,38,5,16,0.313,1,8,0.125,10,12,0.833,1,5,6,3,4,3,3,5,21,-11,1
22025,201566,0022500483,"Jan 02, 2026",SAC @ PHX,L,26,6,12,0.5,1,3,0.333,4,5,0.8,6,3,9,6,1,0,4,3,17,-11,1
22025,201566,0022500474,"Jan 01, 2026",SAC vs. BOS,L,27,3,11,0.273,2,9,0.222,2,2,1.0,1,2,3,6,0,0,3,5,10,-14,1
22025,201566,0022500461,"Dec 30, 2025",SAC @ LAC,L,19,4,10,0.4,2,4,0.5,2,2,1.0,1,2,3,4,0,0,3,3,12,-21,1
22025,201566,0022500446,"Dec 28, 2025",SAC @ LAL,L,26,6,17,0.353,1,5,0.2,0,0,0.0,2,3,5,4,2,0,6,1,13,-17,1
22025,201566,0022500432,"Dec 27, 2025",SAC vs. DAL,W,28,8,16,0.5,5,9,0.556,0,0,0.0,2,3,5,9,1,0,4,3,21,8,1
22025,201566,0022500421,"Dec 23, 2025",SAC vs. DET,L,38,9,21,0.429,4,12,0.333,5,7,0.714,2,4,6,4,2,0,3,3,27,0,1
22025,201566,0022500401,"Dec 21, 2025",SAC vs. HOU,W,29,8,24,0.333,5,12,0.417,0,2,0.0,6,7,13,4,2,0,4,3,21,1,1
22025,201566,0022500394,"Dec 20, 2025",SAC vs. POR,L,30,2,10,0.2,0,5,0.0,3,6,0.5,1,7,8,7,4,0,1,3,7,-21,1
22025,201566,0022500380,"Dec 18, 2025",SAC @ POR,L,35,8,11,0.727,0,0,0.0,4,4,1.0,0,3,3,10,0,0,3,4,20,2,1
22025,201566,0022501220,"Dec 14, 2025",SAC @ MIN,L,28,4,13,0.308,0,3,0.0,0,0,0.0,0,7,7,10,3,0,4,3,8,-13,1
22025,201566,0022501208,"Dec 11, 2025",SAC vs. DEN,L,27,5,11,0.455,1,5,0.2,6,6,1.0,0,3,3,5,0,0,2,2,17,-19,1
22025,201566,0022500364,"Dec 08, 2025",SAC @ IND,L,40,10,16,0.625,2,3,0.667,2,4,0.5,2,10,12,14,2,1,3,2,24,-7,1
22025,201566,0022500354,"Dec 06, 2025",SAC @ MIA,W,32,5,11,0.455,1,4,0.25,1,1,1.0,0,1,1,10,4,0,6,3,12,19,1
22025,201566,0022500330,"Dec 03, 2025",SAC @ HOU,L,28,5,13,0.385,2,7,0.286,0,2,0.0,1,3,4,9,1,0,4,3,12,-9,1
22025,201566,0022500307,"Nov 30, 2025",SAC vs. MEM,L,20,1,10,0.1,0,4,0.0,1,1,1.0,2,4,6,7,2,0,3,1,3,-24,1
22025,201566,0022500077,"Nov 28, 2025",SAC @ UTA,L,33,6,16,0.375,2,5,0.4,2,3,0.667,4,8,12,14,4,0,3,4,16,11,1
22025,201566,0022500068,"Nov 26, 2025",SAC vs. PHX,L,31,8,13,0.615,3,5,0.6,0,0,0.0,0,8,8,3,0,0,5,1,19,-8,1
22025,201566,0022500292,"Nov 24, 2025",SAC vs. MIN,W,29,3,11,0.273,1,5,0.2,0,0,0.0,1,6,7,7,2,0,4,3,7,3,1
22025,201566,0022500274,"Nov 22, 2025",SAC @ DEN,W,30,9,16,0.563,2,6,0.333,1,2,0.5,2,4,6,11,1,1,1,4,21,-13,1
22025,201566,0022500265,"Nov 20, 2025",SAC @ MEM,L,21,4,10,0.4,2,6,0.333,1,2,0.5,1,6,7,4,0,0,4,3,11,-28,1
22025,201566,0022500261,"Nov 19, 2025",SAC @ OKC,L,30,3,7,0.429,1,4,0.25,0,2,0.0,1,10,11,6,3,0,2,3,7,-7,1
22025,201566,0022500234,"Nov 16, 2025",SAC @ SAS,L,35,4,11,0.364,3,6,0.5,3,6,0.5,1,8,9,7,2,0,5,2,14,-3,1
22025,201566,0022500044,"Nov 14, 2025",SAC @ MIN,L,31,5,11,0.455,2,5,0.4,1,4,0.25,5,5,10,14,0,0,6,3,13,-10,1
22025,201566,0022500223,"Nov 12, 2025",SAC vs. ATL,L,22,4,11,0.364,1,5,0.2,1,2,0.5,0,2,2,3,0,0,3,2,10,-34,1
22025,201566,0022500212,"Nov 11, 2025",SAC vs. DEN,L,31,3,12,0.25,1,7,0.143,7,7,1.0,2,6,8,11,0,0,2,2,14,-1,1
22025,201566,0022500197,"Nov 09, 2025",SAC vs. MIN,L,16,2,7,0.286,2,5,0.4,0,0,0.0,0,0,0,1,1,1,2,1,6,-19,1
22025,201566,0022500038,"Nov 07, 2025",SAC vs. OKC,L,35,9,17,0.529,5,9,0.556,1,2,0.5,1,6,7,9,0,0,7,3,24,-18,1
22025,201566,0022500181,"Nov 05, 2025",SAC vs. GSW,W,35,9,13,0.692,3,4,0.75,2,2,1.0,4,12,16,10,1,0,3,1,23,4,1
22025,201566,0022500162,"Nov 03, 2025",SAC @ DEN,L,37,10,17,0.588,3,6,0.5,3,3,1.0,1,11,12,6,2,0,6,2,26,-5,1
22025,201566,0022500142,"Nov 01, 2025",SAC @ MIL,W,34,4,14,0.286,0,5,0.0,4,4,1.0,3,2,5,10,2,0,1,5,12,14,1
22025,201566,0022500132,"Oct 29, 2025",SAC @ CHI,L,29,4,9,0.444,1,4,0.25,3,4,0.75,1,1,2,4,3,0,2,4,12,-3,1
22025,201566,0022500126,"Oct 28, 2025",SAC @ OKC,L,30,6,16,0.375,4,8,0.5,0,0,0.0,1,8,9,4,1,0,2,2,16,-16,1
22025,201566,0022500113,"Oct 26, 2025",SAC vs. LAL,L,27,6,12,0.5,4,6,0.667,2,6,0.333,4,2,6,6,1,0,2,1,18,0,1
22025,201566,0022500098,"Oct 24, 2025",SAC vs. UTA,W,17,3,5,0.6,1,2,0.5,0,0,0.0,0,1,1,4,1,0,2,2,7,5,1
22025,201566,0022500088,"Oct 22, 2025",SAC @ PHX,L,19,2,8,0.25,0,2,0.0,2,3,0.667,1,5,6,1,0,1,2,0,6,2,1
22024,201566,0022401193,"Apr 13, 2025",DEN @ HOU,W,23,5,9,0.556,0,3,0.0,7,8,0.875,0,0,0,6,0,0,1,1,17,8,1
22024,201566,0022401180,"Apr 11, 2025",DEN vs. MEM,W,27,4,9,0.444,1,3,0.333,5,5,1.0,0,3,3,4,2,0,2,0,14,11,1
22024,201566,0022401165,"Apr 09, 2025",DEN @ SAC,W,17,2,11,0.182,0,4,0.0,1,1,1.0,2,2,4,4,1,0,3,2,5,-4,1
22024,201566,0022401142,"Apr 06, 2025",DEN vs. IND,L,24,6,10,0.6,1,2,0.5,3,4,0.75,0,5,5,4,0,0,1,4,16,-14,1
22024,201566,0022401125,"Apr 04, 2025",DEN @ GSW,L,20,2,9,0.222,1,3,0.333,0,0,0.0,1,3,4,2,1,1,4,1,5,-8,1
22024,201566,0022401110,"Apr 02, 2025",DEN vs. SAS,L,40,11,25,0.44,3,10,0.3,5,6,0.833,1,10,11,6,3,0,4,0,30,0,1
22024,201566,0022401102,"Apr 01, 2025",DEN vs. MIN,L,38,4,11,0.364,0,3,0.0,4,7,0.571,0,6,6,7,1,2,5,5,12,-5,1
22024,201566,0022401073,"Mar 28, 2025",DEN vs. UTA,W,24,6,10,0.6,1,3,0.333,4,5,0.8,0,2,2,7,3,0,6,1,17,18,1
22024,201566,0022401057,"Mar 26, 2025",DEN vs. MIL,W,24,2,9,0.222,1,6,0.167,1,4,0.25,0,2,2,6,1,0,1,2,6,-1,1
22024,201566,0022401042,"Mar 24, 2025",DEN vs. CHI,L,26,5,14,0.357,1,5,0.2,3,4,0.75,2,3,5,10,1,0,5,4,14,-11,1
22024,201566,0022401035,"Mar 23, 2025",DEN @ HOU,W,24,5,11,0.455,2,4,0.5,2,4,0.5,0,2,2,1,1,2,5,6,14,-5,1
22024,201566,0022401022,"Mar 21, 2025",DEN @ POR,L,30,6,13,0.462,0,1,0.0,6,8,0.75,1,3,4,4,3,0,9,5,18,-8,1
22024,201566,0022401006,"Mar 19, 2025",DEN @ LAL,L,29,4,14,0.286,1,4,0.25,3,5,0.6,3,1,4,9,2,0,3,2,12,-15,1
22024,201566,0022400990,"Mar 17, 2025",DEN @ GSW,W,42,5,18,0.278,2,9,0.222,0,0,0.0,4,8,12,16,3,2,7,4,12,5,1
22024,201566,0022400975,"Mar 15, 2025",DEN vs. WAS,L,37,9,19,0.474,4,8,0.5,0,0,0.0,0,4,4,11,1,0,3,2,22,0,1
22024,201566,0022400965,"Mar 14, 2025",DEN vs. LAL,W,28,7,16,0.438,3,6,0.5,0,0,0.0,1,5,6,7,1,0,4,2,17,2,1
22024,201566,0022400952,"Mar 12, 2025",DEN vs. MIN,L,33,8,12,0.667,1,4,0.25,2,2,1.0,1,3,4,1,3,0,4,2,19,-22,1
22024,201566,0022400936,"Mar 10, 2025",DEN @ OKC,W,33,6,10,0.6,3,5,0.6,1,2,0.5,2,3,5,7,0,1,2,3,16,2,1
22024,201566,0022400920,"Mar 09, 2025",DEN @ OKC,L,31,1,9,0.111,1,5,0.2,1,2,0.5,7,4,11,5,0,1,1,2,4,-17,1
22024,201566,0022400909,"Mar 07, 2025",DEN vs. PHX,W,26,6,11,0.545,1,2,0.5,1,1,1.0,2,1,3,4,1,0,2,2,14,-11,1
22024,201566,0022400896,"Mar 05, 2025",DEN vs. SAC,W,35,10,20,0.5,4,7,0.571,1,1,1.0,1,4,5,3,2,2,4,2,25,6,1
22024,201566,0022400866,"Mar 02, 2025",DEN @ BOS,L,36,5,13,0.385,2,8,0.25,0,1,0.0,1,2,3,6,2,1,3,3,12,-3,1
22024,201566,0022400850,"Feb 28, 2025",DEN @ DET,W,21,3,7,0.429,1,2,0.5,1,2,0.5,2,2,4,2,1,1,4,4,8,-16,1
22024,201566,0022400846,"Feb 27, 2025",DEN @ MIL,L,25,4,13,0.308,1,4,0.25,1,1,1.0,2,4,6,5,1,0,1,2,10,7,1
22024,201566,0022400822,"Feb 24, 2025",DEN @ IND,W,23,2,8,0.25,0,3,0.0,3,4,0.75,0,3,3,5,0,0,3,3,7,-5,1
22024,201566,0022400808,"Feb 22, 2025",DEN vs. LAL,L,24,7,17,0.412,3,7,0.429,0,2,0.0,3,1,4,1,0,0,4,1,17,-15,1
22024,201566,0022400794,"Feb 20, 2025",DEN vs. CHA,W,26,3,10,0.3,1,4,0.25,1,1,1.0,0,3,3,7,0,0,5,2,8,17,1
22024,201566,0022400681,"Jan 31, 2025",DEN @ PHI,W,25,2,3,0.667,0,1,0.0,0,0,0.0,0,0,0,7,2,0,6,2,4,1,1
22024,201566,0022400668,"Jan 29, 2025",DEN @ NYK,L,37,5,11,0.455,0,2,0.0,4,6,0.667,5,9,14,4,0,1,4,4,14,-5,1
22024,201566,0022400655,"Jan 27, 2025",DEN @ CHI,L,35,6,10,0.6,0,1,0.0,2,2,1.0,2,1,3,5,1,0,2,2,14,6,1
22024,201566,0022400634,"Jan 25, 2025",DEN @ MIN,L,28,6,10,0.6,0,3,0.0,1,1,1.0,2,4,6,4,2,0,4,4,13,-17,1
22024,201566,0022400626,"Jan 23, 2025",DEN vs. SAC,W,32,7,10,0.7,2,4,0.5,2,6,0.333,1,4,5,3,1,0,3,1,18,2,1
22024,201566,0022400609,"Jan 21, 2025",DEN vs. PHI,W,25,4,5,0.8,1,2,0.5,2,2,1.0,0,7,7,9,1,0,5,0,11,20,1
22024,201566,0022400593,"Jan 19, 2025",DEN @ ORL,W,25,5,9,0.556,1,3,0.333,1,2,0.5,1,4,5,6,0,0,5,1,12,9,1
22024,201566,0022400579,"Jan 17, 2025",DEN @ MIA,W,26,4,7,0.571,3,4,0.75,0,0,0.0,0,0,0,7,0,0,0,1,11,12,1
22024,201566,0022400568,"Jan 15, 2025",DEN vs. HOU,L,25,6,14,0.429,3,5,0.6,2,2,1.0,3,1,4,2,1,0,5,3,17,-15,1
22024,201566,0022400559,"Jan 14, 2025",DEN @ DAL,W,26,3,11,0.273,1,3,0.333,2,2,1.0,2,4,6,3,2,1,4,2,9,22,1
22024,201566,0022400540,"Jan 12, 2025",DEN @ DAL,W,34,10,17,0.588,0,2,0.0,1,3,0.333,2,8,10,7,1,2,4,3,21,-3,1
22024,201566,0022400531,"Jan 10, 2025",DEN vs. BKN,W,36,8,17,0.471,2,5,0.4,7,9,0.778,4,7,11,10,1,1,2,3,25,21,1
22024,201566,0022400515,"Jan 08, 2025",DEN vs. LAC,W,29,8,16,0.5,1,5,0.2,2,5,0.4,2,4,6,8,0,0,3,3,19,18,1
22024,201566,0022400507,"Jan 07, 2025",DEN vs. BOS,L,33,9,18,0.5,4,9,0.444,4,5,0.8,3,6,9,6,1,1,8,2,26,-10,1
22024,201566,0022400484,"Jan 04, 2025",DEN @ SAS,W,36,4,11,0.364,1,4,0.25,0,0,0.0,4,6,10,6,3,1,1,3,9,5,1
22024,201566,0022400475,"Jan 03, 2025",DEN vs. SAS,L,31,4,7,0.571,1,2,0.5,0,2,0.0,1,5,6,8,2,0,3,5,9,6,1
22024,201566,0022400461,"Jan 01, 2025",DEN vs. ATL,W,26,5,6,0.833,1,2,0.5,5,5,1.0,0,2,2,11,0,0,2,3,16,24,1
22024,201566,0022400445,"Dec 30, 2024",DEN @ UTA,W,33,7,7,1.0,0,0,0.0,2,2,1.0,3,7,10,10,4,0,0,3,16,23,1
22024,201566,0022400432,"Dec 28, 2024",DEN vs. DET,W,31,4,6,0.667,0,1,0.0,0,0,0.0,2,7,9,8,2,0,6,4,8,13,1
22024,201566,0022400424,"Dec 27, 2024",DEN vs. CLE,L,30,5,13,0.385,1,5,0.2,0,0,0.0,0,4,4,7,1,0,4,3,11,-13,1
22024,201566,0022400409,"Dec 25, 2024",DEN @ PHX,L,27,6,12,0.5,1,4,0.25,4,7,0.571,1,5,6,2,1,0,4,1,17,3,1
22024,201566,0022400402,"Dec 23, 2024",DEN vs. PHX,W,25,5,12,0.417,1,5,0.2,0,0,0.0,3,2,5,7,2,0,3,2,11,10,1
22024,201566,0022400390,"Dec 22, 2024",DEN @ NOP,W,36,9,14,0.643,1,4,0.25,2,4,0.5,3,2,5,5,3,1,5,3,21,6,1
22024,201566,0022400371,"Dec 19, 2024",DEN @ POR,L,33,8,12,0.667,2,4,0.5,1,2,0.5,2,2,4,7,1,2,3,3,19,7,1
22024,201566,0022401225,"Dec 16, 2024",DEN @ SAC,W,35,8,13,0.615,0,3,0.0,2,4,0.5,3,6,9,10,3,0,3,3,18,3,1
22024,201566,0022401213,"Dec 13, 2024",DEN vs. LAC,W,24,2,9,0.222,0,3,0.0,1,2,0.5,0,1,1,5,3,0,4,2,5,21,1
22024,201566,0022400350,"Dec 08, 2024",DEN @ ATL,W,31,4,6,0.667,1,3,0.333,0,1,0.0,0,1,1,11,2,1,4,3,9,12,1
22024,201566,0022400341,"Dec 07, 2024",DEN @ WAS,L,32,3,6,0.5,0,2,0.0,1,4,0.25,1,9,10,12,4,1,2,5,7,-9,1
22024,201566,0022400325,"Dec 05, 2024",DEN @ CLE,L,16,4,9,0.444,1,3,0.333,1,2,0.5,1,2,3,3,1,1,2,1,10,-15,1
22024,201566,0022400058,"Dec 03, 2024",DEN vs. GSW,W,23,3,7,0.429,1,3,0.333,0,0,0.0,0,1,1,5,0,0,1,3,7,-10,1
22024,201566,0022400314,"Dec 01, 2024",DEN @ LAC,L,25,3,11,0.273,1,5,0.2,2,4,0.5,0,3,3,8,2,1,0,2,9,-7,1
22024,201566,0022400298,"Nov 27, 2024",DEN @ UTA,W,19,3,9,0.333,1,4,0.25,3,4,0.75,0,1,1,5,2,1,3,0,10,6,1
22024,201566,0022400283,"Nov 25, 2024",DEN vs. NYK,L,26,9,16,0.563,4,7,0.571,5,5,1.0,1,2,3,3,2,1,3,1,27,-16,1
22024,201566,0022400270,"Nov 23, 2024",DEN @ LAL,W,24,6,10,0.6,1,4,0.25,1,2,0.5,2,5,7,11,1,0,3,3,14,17,1
22024,201566,0022400033,"Nov 22, 2024",DEN vs. DAL,L,27,5,13,0.385,4,6,0.667,2,5,0.4,0,1,1,4,2,0,1,2,16,0,1
22024,201566,0022400023,"Nov 19, 2024",DEN @ MEM,W,32,5,12,0.417,1,4,0.25,1,2,0.5,1,9,10,14,2,1,5,3,12,-2,1
22024,201566,0022400238,"Nov 17, 2024",DEN @ MEM,L,23,4,10,0.4,2,3,0.667,2,4,0.5,0,3,3,3,1,1,3,1,12,-10,1
22024,201566,0022400017,"Nov 15, 2024",DEN @ NOP,L,22,2,8,0.25,1,3,0.333,0,0,0.0,1,3,4,7,0,0,1,3,5,-1,1
22024,201566,0022400208,"Nov 10, 2024",DEN vs. DAL,W,20,3,10,0.3,0,2,0.0,0,0,0.0,2,3,5,5,1,0,2,2,6,-13,1
22024,201566,0022400194,"Nov 08, 2024",DEN vs. MIA,W,24,2,5,0.4,2,3,0.667,0,0,0.0,0,4,4,10,0,1,2,2,6,-5,1
22024,201566,0022400177,"Nov 06, 2024",DEN vs. OKC,W,32,10,15,0.667,3,4,0.75,6,9,0.667,1,5,6,6,1,0,4,4,29,-14,1
22024,201566,0022400166,"Nov 04, 2024",DEN vs. TOR,W,34,6,10,0.6,1,5,0.2,8,10,0.8,1,5,6,6,1,1,4,4,21,-3,1
22024,201566,0022400148,"Nov 02, 2024",DEN vs. UTA,W,31,2,11,0.182,1,4,0.25,0,4,0.0,1,2,3,7,5,0,4,4,5,12,1
22024,201566,0022400139,"Nov 01, 2024",DEN @ MIN,L,25,1,8,0.125,0,3,0.0,3,4,0.75,3,3,6,5,2,1,4,2,5,-13,1
22024,201566,0022400113,"Oct 29, 2024",DEN @ BKN,W,21,5,12,0.417,2,2,1.0,10,10,1.0,0,1,1,5,1,0,1,2,22,0,1
22024,201566,0022400107,"Oct 28, 2024",DEN @ TOR,W,18,3,7,0.429,0,1,0.0,3,4,0.75,1,3,4,3,1,0,2,4,9,-1,1
22024,201566,0022400087,"Oct 26, 2024",DEN vs. LAC,L,19,0,8,0.0,0,3,0.0,2,2,1.0,0,1,1,2,2,1,0,4,2,-13,1
22024,201566,0022400075,"Oct 24, 2024",DEN vs. OKC,L,21,2,10,0.2,1,6,0.167,1,4,0.25,1,4,5,5,1,2,2,0,6,-24,1
22023,201566,0022301184,"Apr 12, 2024",LAC vs. UTA,L,9,2,4,0.5,0,0,0.0,0,2,0.0,0,0,0,0,0,0,1,2,4,-2,1
22023,201566,0022301156,"Apr 09, 2024",LAC @ PHX,W,40,7,17,0.412,2,4,0.5,0,0,0.0,2,13,15,15,2,0,5,3,16,17,1
22023,201566,0022301132,"Apr 07, 2024",LAC vs. CLE,W,25,3,9,0.333,0,2,0.0,2,2,1.0,2,5,7,6,1,1,2,2,8,18,1
22023,201566,0022301126,"Apr 05, 2024",LAC vs. UTA,W,21,8,11,0.727,1,1,1.0,0,1,0.0,0,5,5,4,2,0,5,2,17,10,1
22023,201566,0022301114,"Apr 04, 2024",LAC vs. DEN,W,24,4,9,0.444,0,2,0.0,4,4,1.0,1,5,6,5,1,1,2,1,12,8,1
22023,201566,0022301101,"Apr 02, 2024",LAC @ SAC,L,24,7,14,0.5,2,3,0.667,4,4,1.0,0,2,2,2,0,0,4,5,20,-14,1
22023,201566,0022301079,"Mar 31, 2024",LAC @ CHA,W,20,4,6,0.667,0,0,0.0,3,4,0.75,2,3,5,4,2,0,3,1,11,9,1
22023,201566,0022301064,"Mar 29, 2024",LAC @ ORL,W,18,2,6,0.333,0,1,0.0,1,2,0.5,2,1,3,5,1,0,2,1,5,3,1
22023,201566,0022301052,"Mar 27, 2024",LAC @ PHI,W,17,2,8,0.25,0,1,0.0,2,2,1.0,2,0,2,2,0,0,1,0,6,-6,1
22023,201566,0022301043,"Mar 25, 2024",LAC vs. IND,L,18,5,10,0.5,0,2,0.0,4,6,0.667,2,2,4,7,0,0,1,1,14,-2,1
22023,201566,0022300865,"Mar 01, 2024",LAC vs. WAS,W,10,2,3,0.667,0,0,0.0,2,2,1.0,0,0,0,1,0,0,0,1,6,8,1
22023,201566,0022300848,"Feb 28, 2024",LAC vs. LAL,L,17,3,9,0.333,0,2,0.0,2,2,1.0,1,1,2,3,3,0,1,5,8,3,1
22023,201566,0022300827,"Feb 25, 2024",LAC vs. SAC,L,18,3,10,0.3,0,2,0.0,2,2,1.0,1,3,4,2,1,0,1,1,8,10,1
22023,201566,0022300807,"Feb 23, 2024",LAC @ MEM,W,23,6,15,0.4,1,4,0.25,0,0,0.0,0,2,2,0,1,0,3,0,13,-2,1
22023,201566,0022300799,"Feb 22, 2024",LAC @ OKC,L,16,1,9,0.111,0,2,0.0,0,0,0.0,0,1,1,5,1,0,1,2,2,-11,1
22023,201566,0022300789,"Feb 14, 2024",LAC @ GSW,W,31,6,14,0.429,0,3,0.0,3,5,0.6,4,1,5,6,1,0,2,2,15,8,1
22023,201566,0022300770,"Feb 12, 2024",LAC vs. MIN,L,29,3,11,0.273,1,5,0.2,4,5,0.8,0,2,2,3,2,0,1,2,11,-21,1
22023,201566,0022300749,"Feb 10, 2024",LAC vs. DET,W,28,5,10,0.5,2,4,0.5,1,2,0.5,0,3,3,2,1,0,1,1,13,10,1
22023,201566,0022300731,"Feb 07, 2024",LAC vs. NOP,L,18,2,7,0.286,0,2,0.0,0,0,0.0,2,1,3,4,1,0,3,2,4,-12,1
22023,201566,0022300716,"Feb 05, 2024",LAC @ ATL,W,26,6,10,0.6,0,2,0.0,1,3,0.333,0,5,5,3,2,1,2,1,13,-3,1
22023,201566,0022300708,"Feb 04, 2024",LAC @ MIA,W,15,2,9,0.222,1,4,0.25,0,0,0.0,0,1,1,2,1,0,3,0,5,1,1
22023,201566,0022300688,"Feb 02, 2024",LAC @ DET,W,25,10,13,0.769,2,3,0.667,1,2,0.5,1,2,3,9,2,0,2,2,23,15,1
22023,201566,0022300676,"Jan 31, 2024",LAC @ WAS,W,21,4,11,0.364,0,1,0.0,1,2,0.5,2,1,3,7,0,0,0,0,9,10,1
22023,201566,0022300658,"Jan 29, 2024",LAC @ CLE,L,22,5,8,0.625,0,2,0.0,3,4,0.75,0,4,4,3,0,0,4,1,13,-5,1
22023,201566,0022300646,"Jan 27, 2024",LAC @ BOS,W,15,2,9,0.222,0,2,0.0,0,0,0.0,1,3,4,5,0,0,1,0,4,3,1
22023,201566,0022300637,"Jan 26, 2024",LAC @ TOR,W,26,7,14,0.5,0,2,0.0,6,6,1.0,3,2,5,3,2,2,0,3,20,-2,1
22023,201566,0022300618,"Jan 23, 2024",LAC vs. LAL,W,18,6,11,0.545,3,3,1.0,1,1,1.0,0,6,6,3,2,0,3,1,16,1,1
22023,201566,0022300600,"Jan 21, 2024",LAC vs. BKN,W,31,10,16,0.625,1,2,0.5,2,4,0.5,3,6,9,6,1,1,2,3,23,22,1
22023,201566,0022300568,"Jan 16, 2024",LAC vs. OKC,W,22,4,8,0.5,0,3,0.0,3,4,0.75,1,1,2,4,1,0,2,0,11,6,1
22023,201566,0022300553,"Jan 14, 2024",LAC @ MIN,L,29,3,8,0.375,2,2,1.0,4,5,0.8,3,5,8,13,2,0,3,4,12,2,1
22023,201566,0022300537,"Jan 12, 2024",LAC @ MEM,W,16,5,11,0.455,1,3,0.333,1,3,0.333,1,1,2,2,0,0,1,1,12,0,1
22023,201566,0022300526,"Jan 10, 2024",LAC vs. TOR,W,14,3,9,0.333,0,1,0.0,0,0,0.0,0,0,0,3,0,0,0,0,6,-2,1
22023,201566,0022300511,"Jan 08, 2024",LAC vs. PHX,W,15,3,6,0.5,0,1,0.0,3,3,1.0,2,0,2,7,2,0,1,2,9,-3,1
22023,201566,0022300505,"Jan 07, 2024",LAC @ LAL,L,19,3,9,0.333,1,4,0.25,0,0,0.0,0,1,1,3,1,0,0,1,7,-12,1
22023,201566,0022300486,"Jan 05, 2024",LAC @ NOP,W,22,3,6,0.5,1,3,0.333,1,2,0.5,2,3,5,5,2,2,4,2,8,7,1
22023,201566,0022300473,"Jan 03, 2024",LAC @ PHX,W,18,2,7,0.286,0,2,0.0,2,2,1.0,2,3,5,2,2,0,2,1,6,6,1
22023,201566,0022300458,"Jan 01, 2024",LAC vs. MIA,W,18,4,10,0.4,0,1,0.0,0,0,0.0,2,2,4,3,2,0,2,0,8,-4,1
22023,201566,0022300438,"Dec 29, 2023",LAC vs. MEM,W,20,6,9,0.667,2,4,0.5,0,0,0.0,1,5,6,6,0,0,4,1,14,2,1
22023,201566,0022300414,"Dec 26, 2023",LAC vs. CHA,W,28,5,8,0.625,2,2,1.0,2,3,0.667,1,10,11,6,2,1,2,2,14,4,1
22023,201566,0022300389,"Dec 23, 2023",LAC vs. BOS,L,21,4,11,0.364,0,2,0.0,4,4,1.0,1,4,5,5,0,1,1,3,12,0,1
22023,201566,0022300379,"Dec 21, 2023",LAC @ OKC,L,30,7,12,0.583,0,2,0.0,1,1,1.0,4,9,13,4,0,0,5,3,15,-5,1
22023,201566,0022300372,"Dec 20, 2023",LAC @ DAL,W,23,5,9,0.556,0,2,0.0,0,0,0.0,0,6,6,3,2,0,2,3,10,15,1
22023,201566,0022300350,"Dec 18, 2023",LAC @ IND,W,17,4,6,0.667,0,0,0.0,2,4,0.5,3,1,4,5,1,1,1,2,10,-2,1
22023,201566,0022300343,"Dec 16, 2023",LAC vs. NYK,W,15,4,7,0.571,0,1,0.0,2,4,0.5,3,3,6,4,1,0,0,1,10,2,1
22023,201566,0022300325,"Dec 14, 2023",LAC vs. GSW,W,19,4,7,0.571,1,2,0.5,0,0,0.0,0,4,4,2,0,1,2,0,9,7,1
22023,201566,0022300309,"Dec 12, 2023",LAC vs. SAC,W,20,4,8,0.5,0,1,0.0,0,0,0.0,2,5,7,3,0,0,4,0,8,12,1
22023,201566,0022300304,"Dec 11, 2023",LAC vs. POR,W,16,5,7,0.714,1,2,0.5,1,2,0.5,1,1,2,6,0,1,4,1,12,0,1
22023,201566,0022301225,"Dec 08, 2023",LAC @ UTA,W,17,2,7,0.286,1,2,0.5,0,0,0.0,0,5,5,2,1,2,3,2,5,-5,1
22023,201566,0022301215,"Dec 06, 2023",LAC vs. DEN,W,16,4,8,0.5,0,2,0.0,1,2,0.5,4,4,8,1,0,2,1,1,9,3,1
22023,201566,0022300280,"Dec 02, 2023",LAC vs. GSW,W,19,2,5,0.4,2,4,0.5,2,4,0.5,0,6,6,2,0,1,0,0,8,-11,1
22023,201566,0022300273,"Nov 30, 2023",LAC @ GSW,L,26,5,13,0.385,0,3,0.0,4,6,0.667,6,5,11,6,0,0,0,1,14,-10,1
22023,201566,0022300264,"Nov 29, 2023",LAC @ SAC,W,19,2,6,0.333,0,1,0.0,5,6,0.833,1,4,5,8,1,0,1,2,9,-3,1
22023,201566,0022300257,"Nov 27, 2023",LAC vs. DEN,L,27,5,9,0.556,0,0,0.0,4,6,0.667,1,10,11,3,0,1,2,4,14,-11,1
22023,201566,0022300244,"Nov 25, 2023",LAC vs. DAL,W,25,6,9,0.667,0,1,0.0,2,3,0.667,4,4,8,7,0,0,2,2,14,1,1
22023,201566,0022300052,"Nov 24, 2023",LAC vs. NOP,L,14,1,8,0.125,0,2,0.0,1,2,0.5,1,3,4,2,0,1,0,2,3,-8,1
22023,201566,0022300235,"Nov 22, 2023",LAC @ SAS,W,27,3,8,0.375,0,1,0.0,2,2,1.0,1,5,6,7,2,0,4,4,8,3,1
22023,201566,0022300223,"Nov 20, 2023",LAC @ SAS,W,25,4,11,0.364,0,1,0.0,2,4,0.5,0,2,2,6,3,0,0,1,10,7,1
22023,201566,0022300037,"Nov 17, 2023",LAC vs. HOU,W,17,2,9,0.222,2,6,0.333,2,4,0.5,0,3,3,2,0,0,2,1,8,-9,1
22023,201566,0022300024,"Nov 14, 2023",LAC @ DEN,L,24,4,12,0.333,0,1,0.0,0,0,0.0,1,5,6,3,2,0,3,3,8,1,1
22023,201566,0022300179,"Nov 12, 2023",LAC vs. MEM,L,31,5,13,0.385,1,4,0.25,1,2,0.5,1,8,9,5,3,0,4,3,12,10,1
22023,201566,0022300014,"Nov 10, 2023",LAC @ DAL,L,20,5,11,0.455,0,1,0.0,4,5,0.8,2,3,5,2,3,0,2,1,14,-26,1
22023,201566,0022300160,"Nov 08, 2023",LAC @ BKN,L,31,6,18,0.333,1,5,0.2,0,0,0.0,3,4,7,8,0,0,1,1,13,-5,1
22023,201566,0022300151,"Nov 06, 2023",LAC @ NYK,L,31,8,13,0.615,1,3,0.333,0,0,0.0,0,4,4,4,0,0,4,2,17,-7,1
22023,201566,0022300127,"Nov 01, 2023",LAC @ LAL,L,44,9,21,0.429,3,6,0.5,3,5,0.6,4,7,11,8,4,0,6,5,24,-8,1
22023,201566,0022300114,"Oct 31, 2023",LAC vs. ORL,W,33,8,16,0.5,0,4,0.0,2,2,1.0,0,6,6,7,5,1,3,4,18,16,1
22023,201566,0022300099,"Oct 29, 2023",LAC vs. SAS,W,27,8,13,0.615,3,5,0.6,0,3,0.0,1,7,8,3,1,1,2,3,19,30,1
22023,201566,0022300085,"Oct 27, 2023",LAC @ UTA,L,37,2,4,0.5,0,1,0.0,0,0,0.0,1,8,9,4,1,1,5,4,4,-4,1
22023,201566,0022300074,"Oct 25, 2023",LAC vs. POR,W,29,5,8,0.625,1,2,0.5,0,0,0.0,2,3,5,13,0,0,3,3,11,30,1
22022,201566,0022201229,"Apr 09, 2023",LAC @ PHX,W,40,8,19,0.421,2,4,0.5,7,10,0.7,6,1,7,9,1,0,2,1,25,8,1
22022,201566,0022201215,"Apr 08, 2023",LAC vs. POR,W,25,9,14,0.643,2,3,0.667,0,0,0.0,4,2,6,6,0,0,3,0,20,7,1
22022,201566,0022201196,"Apr 05, 2023",LAC vs. LAL,W,21,6,12,0.5,2,4,0.5,0,1,0.0,0,3,3,4,1,1,3,0,14,-1,1
22022,201566,0022201162,"Apr 01, 2023",LAC @ NOP,L,40,9,18,0.5,3,6,0.5,3,5,0.6,0,3,3,10,1,1,1,5,24,-7,1
22022,201566,0022201156,"Mar 31, 2023",LAC @ MEM,L,26,2,8,0.25,0,3,0.0,0,0,0.0,0,4,4,11,1,1,5,0,4,-10,1
22022,201566,0022201141,"Mar 29, 2023",LAC @ MEM,W,35,13,18,0.722,5,5,1.0,5,9,0.556,1,3,4,10,0,2,2,1,36,3,1
22022,201566,0022201129,"Mar 27, 2023",LAC vs. CHI,W,33,6,11,0.545,0,3,0.0,0,3,0.0,1,4,5,10,3,0,3,0,12,16,1
22022,201566,0022201112,"Mar 25, 2023",LAC vs. NOP,L,26,4,12,0.333,1,5,0.2,5,5,1.0,0,3,3,5,0,0,4,2,14,-17,1
22022,201566,0022201096,"Mar 23, 2023",LAC vs. OKC,W,30,8,13,0.615,2,4,0.5,6,8,0.75,1,1,2,7,0,1,4,2,24,-1,1
22022,201566,0022201082,"Mar 21, 2023",LAC vs. OKC,L,26,6,10,0.6,0,3,0.0,3,5,0.6,3,5,8,2,2,1,2,4,15,9,1
22022,201566,0022201069,"Mar 19, 2023",LAC @ POR,W,34,3,12,0.25,1,2,0.5,2,2,1.0,4,8,12,10,0,0,4,1,9,13,1
22022,201566,0022201056,"Mar 18, 2023",LAC vs. ORL,L,37,5,14,0.357,0,3,0.0,4,7,0.571,2,3,5,9,1,0,6,2,14,-15,1
22022,201566,0022201041,"Mar 15, 2023",LAC vs. GSW,W,27,6,16,0.375,2,5,0.4,1,2,0.5,4,5,9,7,2,0,0,1,15,10,1
22022,201566,0022201004,"Mar 11, 2023",LAC vs. NYK,W,23,3,8,0.375,0,2,0.0,1,3,0.333,0,5,5,3,1,0,3,2,7,1,1
22022,201566,0022200991,"Mar 08, 2023",LAC vs. TOR,W,23,3,6,0.5,1,3,0.333,0,0,0.0,1,1,2,7,1,1,3,2,7,12,1
22022,201566,0022200970,"Mar 05, 2023",LAC vs. MEM,W,34,4,9,0.444,0,2,0.0,1,1,1.0,0,5,5,6,1,0,4,3,9,9,1
22022,201566,0022200954,"Mar 03, 2023",LAC @ SAC,L,36,12,16,0.75,1,2,0.5,2,5,0.4,0,2,2,10,1,2,5,1,27,10,1
22022,201566,0022200945,"Mar 02, 2023",LAC @ GSW,L,28,3,12,0.25,0,5,0.0,2,2,1.0,0,0,0,6,0,0,4,3,8,-10,1
22022,201566,0022200932,"Feb 28, 2023",LAC vs. MIN,L,28,5,11,0.455,2,3,0.667,2,2,1.0,2,5,7,10,1,0,4,2,14,-5,1
22022,201566,0022200918,"Feb 26, 2023",LAC @ DEN,L,25,6,10,0.6,1,2,0.5,4,4,1.0,0,5,5,4,5,0,2,3,17,-12,1
22022,201566,0022200902,"Feb 24, 2023",LAC vs. SAC,L,39,7,13,0.538,1,4,0.25,2,2,1.0,1,4,5,14,1,0,7,6,17,3,1
22022,201566,0022200821,"Feb 07, 2023",LAL vs. OKC,L,28,10,19,0.526,4,7,0.571,3,6,0.5,0,4,4,8,2,1,6,1,27,4,1
22022,201566,0022200798,"Feb 04, 2023",LAL @ NOP,L,23,6,11,0.545,2,3,0.667,1,2,0.5,2,2,4,4,0,0,2,1,15,-4,1
22022,201566,0022200778,"Feb 02, 2023",LAL @ IND,W,32,2,16,0.125,0,5,0.0,6,8,0.75,1,2,3,10,0,0,4,2,10,0,1
22022,201566,0022200765,"Jan 31, 2023",LAL @ NYK,W,36,7,13,0.538,1,4,0.25,2,5,0.4,3,3,6,8,3,0,1,4,17,-5,1
22022,201566,0022200757,"Jan 30, 2023",LAL @ BKN,L,30,5,15,0.333,3,6,0.5,4,7,0.571,2,6,8,10,1,1,6,2,17,-10,1
22022,201566,0022200749,"Jan 28, 2023",LAL @ BOS,L,25,4,14,0.286,0,3,0.0,4,5,0.8,2,2,4,7,1,0,5,4,12,-10,1
22022,201566,0022200729,"Jan 25, 2023",LAL vs. SAS,W,28,7,15,0.467,0,3,0.0,0,0,0.0,0,2,2,4,1,0,3,4,14,-10,1
22022,201566,0022200719,"Jan 24, 2023",LAL vs. LAC,L,25,4,13,0.308,1,4,0.25,8,13,0.615,1,0,1,5,2,0,2,1,17,-11,1
22022,201566,0022200705,"Jan 22, 2023",LAL @ POR,W,26,3,13,0.231,0,4,0.0,0,0,0.0,1,7,8,5,0,0,3,2,6,-13,1
22022,201566,0022200690,"Jan 20, 2023",LAL vs. MEM,W,31,10,18,0.556,2,4,0.5,7,11,0.636,3,2,5,6,0,1,4,3,29,3,1
22022,201566,0022200677,"Jan 18, 2023",LAL vs. SAC,L,32,8,17,0.471,2,5,0.4,1,4,0.25,0,7,7,5,1,0,2,1,19,1,1
22022,201566,0022200664,"Jan 16, 2023",LAL vs. HOU,W,32,9,16,0.563,0,3,0.0,6,8,0.75,2,3,5,4,1,0,0,2,24,17,1
22022,201566,0022200655,"Jan 15, 2023",LAL vs. PHI,L,34,7,14,0.5,2,5,0.4,4,5,0.8,0,14,14,11,1,1,4,2,20,3,1
22022,201566,0022200630,"Jan 12, 2023",LAL vs. DAL,L,40,10,23,0.435,3,6,0.5,5,8,0.625,1,6,7,5,2,0,3,3,28,3,1
22022,201566,0022200609,"Jan 09, 2023",LAL @ DEN,L,31,10,21,0.476,1,4,0.25,4,7,0.571,1,6,7,7,1,0,7,2,25,-9,1
22022,201566,0022200595,"Jan 07, 2023",LAL @ SAC,W,34,7,14,0.5,2,5,0.4,7,10,0.7,1,4,5,15,0,1,4,3,23,15,1
22022,201566,0022200590,"Jan 06, 2023",LAL vs. ATL,W,31,7,14,0.5,2,4,0.5,2,2,1.0,0,11,11,9,2,1,2,3,18,15,1
22022,201566,0022200574,"Jan 04, 2023",LAL vs. MIA,W,36,8,18,0.444,2,6,0.333,3,6,0.5,1,7,8,9,3,0,7,3,21,12,1
22022,201566,0022200551,"Jan 02, 2023",LAL @ CHA,W,11,1,8,0.125,0,3,0.0,0,0,0.0,0,4,4,2,0,0,3,1,2,8,1
22022,201566,0022200530,"Dec 30, 2022",LAL @ ATL,W,29,6,12,0.5,0,3,0.0,2,2,1.0,2,6,8,11,1,1,6,1,14,11,1
22022,201566,0022200518,"Dec 28, 2022",LAL @ MIA,L,32,6,16,0.375,2,7,0.286,1,3,0.333,1,3,4,8,0,1,3,1,15,-9,1
22022,201566,0022200505,"Dec 27, 2022",LAL @ ORL,W,29,6,11,0.545,1,3,0.333,2,2,1.0,0,13,13,13,0,0,4,3,15,18,1
22022,201566,0022200494,"Dec 25, 2022",LAL @ DAL,L,24,7,16,0.438,2,5,0.4,1,2,0.5,0,5,5,4,0,0,0,3,17,-30,1
22022,201566,0022200492,"Dec 23, 2022",LAL vs. CHA,L,25,6,12,0.5,2,4,0.5,3,4,0.75,2,3,5,7,1,0,3,2,17,8,1
22022,201566,0022200451,"Dec 18, 2022",LAL vs. WAS,W,23,4,12,0.333,0,2,0.0,1,4,0.25,2,7,9,8,1,1,3,0,9,-5,1
22022,201566,0022200437,"Dec 16, 2022",LAL vs. DEN,W,30,5,13,0.385,0,3,0.0,5,8,0.625,2,9,11,12,2,0,4,2,15,25,1
22022,201566,0022200413,"Dec 13, 2022",LAL vs. BOS,L,35,7,19,0.368,1,6,0.167,5,6,0.833,1,13,14,5,1,4,2,4,20,-1,1
22022,201566,0022200396,"Dec 11, 2022",LAL @ DET,W,21,5,9,0.556,0,1,0.0,1,2,0.5,0,4,4,9,1,0,4,1,11,-12,1
22022,201566,0022200382,"Dec 09, 2022",LAL @ PHI,L,36,4,14,0.286,1,5,0.2,3,4,0.75,2,9,11,11,4,0,4,4,12,-7,1
22022,201566,0022200366,"Dec 07, 2022",LAL @ TOR,L,28,5,13,0.385,1,4,0.25,5,7,0.714,4,5,9,4,1,0,5,3,16,-18,1
22022,201566,0022200360,"Dec 06, 2022",LAL @ CLE,L,26,6,13,0.462,0,1,0.0,4,5,0.8,1,2,3,3,0,2,4,2,16,-13,1
22022,201566,0022200349,"Dec 04, 2022",LAL @ WAS,W,29,3,8,0.375,0,1,0.0,0,0,0.0,0,7,7,15,0,0,6,2,6,0,1
22022,201566,0022200331,"Dec 02, 2022",LAL @ MIL,W,29,6,11,0.545,0,2,0.0,3,7,0.429,2,5,7,11,0,0,0,4,15,4,1
22022,201566,0022200324,"Nov 30, 2022",LAL vs. POR,W,23,4,14,0.286,2,6,0.333,0,2,0.0,1,4,5,4,1,0,0,1,10,12,1
22022,201566,0022200308,"Nov 28, 2022",LAL vs. IND,L,27,10,18,0.556,2,4,0.5,2,3,0.667,0,4,4,6,1,1,6,1,24,1,1
22022,201566,0022200288,"Nov 26, 2022",LAL @ SAS,W,27,4,12,0.333,0,3,0.0,3,6,0.5,1,6,7,6,0,1,6,3,11,-2,1
22022,201566,0022200282,"Nov 25, 2022",LAL @ SAS,W,19,1,7,0.143,0,3,0.0,1,2,0.5,1,3,4,7,2,1,3,3,3,-2,1
22022,201566,0022200259,"Nov 22, 2022",LAL @ PHX,L,31,8,20,0.4,2,6,0.333,3,7,0.429,1,2,3,5,1,0,1,1,21,-1,1
22022,201566,0022200247,"Nov 20, 2022",LAL vs. SAS,W,22,4,9,0.444,2,5,0.4,0,0,0.0,0,4,4,10,1,0,3,2,10,14,1
22022,201566,0022200234,"Nov 18, 2022",LAL vs. DET,W,30,4,13,0.308,0,2,0.0,2,3,0.667,1,4,5,12,0,0,4,2,10,11,1
22022,201566,0022200198,"Nov 13, 2022",LAL vs. BKN,W,28,4,15,0.267,1,6,0.167,5,6,0.833,1,5,6,12,0,1,4,3,14,-6,1
22022,201566,0022200183,"Nov 11, 2022",LAL vs. SAC,L,34,6,17,0.353,4,7,0.571,5,6,0.833,3,1,4,11,0,0,5,5,21,-13,1
22022,201566,0022200170,"Nov 09, 2022",LAL @ LAC,L,30,6,15,0.4,0,3,0.0,2,2,1.0,1,3,4,9,2,0,4,1,14,-12,1
22022,201566,0022200157,"Nov 07, 2022",LAL @ UTA,L,24,8,14,0.571,2,3,0.667,4,4,1.0,1,2,3,5,1,1,2,5,22,-23,1
22022,201566,0022200140,"Nov 06, 2022",LAL vs. CLE,L,32,6,13,0.462,3,5,0.6,4,5,0.8,1,2,3,10,2,1,7,3,19,-8,1
22022,201566,0022200131,"Nov 04, 2022",LAL vs. UTA,L,29,9,14,0.643,3,5,0.6,5,5,1.0,0,3,3,6,2,0,4,1,26,-1,1
22022,201566,0022200117,"Nov 02, 2022",LAL vs. NOP,W,25,6,10,0.6,1,4,0.25,0,0,0.0,1,6,7,9,0,1,6,2,13,4,1
22022,201566,0022200095,"Oct 30, 2022",LAL vs. DEN,W,32,6,12,0.5,2,4,0.5,4,4,1.0,4,4,8,8,0,0,3,3,18,18,1
22022,201566,0022200076,"Oct 28, 2022",LAL @ MIN,L,33,6,17,0.353,1,4,0.25,5,10,0.5,1,7,8,3,1,1,5,4,18,0,1
22022,201566,0022200037,"Oct 23, 2022",LAL vs. POR,L,28,4,15,0.267,0,3,0.0,2,3,0.667,0,6,6,6,0,0,0,1,10,-4,1
22022,201566,0022200016,"Oct 20, 2022",LAL vs. LAC,L,27,0,11,0.0,0,6,0.0,2,2,1.0,0,3,3,4,5,0,1,3,2,-6,1
22022,201566,0022200002,"Oct 18, 2022",LAL @ GSW,L,31,7,12,0.583,1,3,0.333,4,5,0.8,1,10,11,3,1,0,4,1,19,-6,1
22021,201566,0022101189,"Apr 05, 2022",LAL @ PHX,L,34,10,20,0.5,2,3,0.667,6,8,0.75,1,4,5,3,0,0,6,2,28,-9,1
22021,201566,0022101168,"Apr 03, 2022",LAL vs. DEN,L,34,11,15,0.733,0,1,0.0,5,10,0.5,2,8,10,7,2,1,2,5,27,1,1
22021,201566,0022101160,"Apr 01, 2022",LAL vs. NOP,L,31,5,15,0.333,2,4,0.5,0,0,0.0,2,2,4,5,0,0,1,6,12,-11,1
22021,201566,0022101150,"Mar 31, 2022",LAL @ UTA,L,34,9,18,0.5,0,2,0.0,6,10,0.6,1,5,6,7,0,0,3,2,24,-17,1
22021,201566,0022101134,"Mar 29, 2022",LAL @ DAL,L,32,9,17,0.529,1,5,0.2,6,6,1.0,0,8,8,6,0,0,2,3,25,-25,1
22021,201566,0022101119,"Mar 27, 2022",LAL @ NOP,L,32,8,15,0.533,2,5,0.4,0,0,0.0,3,4,7,6,1,0,3,2,18,-18,1
22021,201566,0022101093,"Mar 23, 2022",LAL vs. PHI,L,33,10,20,0.5,2,5,0.4,2,5,0.4,2,7,9,8,1,0,7,2,24,-12,1
22021,201566,0022101072,"Mar 21, 2022",LAL @ CLE,W,35,7,14,0.5,2,6,0.333,4,7,0.571,0,5,5,11,1,0,1,4,20,23,1
22021,201566,0022101061,"Mar 19, 2022",LAL @ WAS,L,37,10,15,0.667,2,3,0.667,0,0,0.0,2,8,10,8,1,1,5,3,22,-1,1
22021,201566,0022101051,"Mar 18, 2022",LAL @ TOR,W,41,8,18,0.444,4,7,0.571,2,2,1.0,1,9,10,10,1,0,4,2,22,7,1
22021,201566,0022101039,"Mar 16, 2022",LAL @ MIN,L,36,5,12,0.417,1,4,0.25,4,6,0.667,2,2,4,5,2,0,3,3,15,-1,1
22021,201566,0022101028,"Mar 14, 2022",LAL vs. TOR,L,35,4,10,0.4,0,1,0.0,6,7,0.857,2,6,8,4,1,0,1,2,14,4,1
22021,201566,0022101019,"Mar 13, 2022",LAL @ PHX,L,29,5,10,0.5,0,2,0.0,3,4,0.75,1,1,2,2,0,0,4,1,13,-6,1
22021,201566,0022101004,"Mar 11, 2022",LAL vs. WAS,W,31,2,11,0.182,0,1,0.0,1,4,0.25,0,3,3,9,1,1,1,3,5,2,1
22021,201566,0022100985,"Mar 09, 2022",LAL @ HOU,L,40,11,21,0.524,1,3,0.333,7,8,0.875,3,5,8,6,0,1,2,2,30,-2,1
22021,201566,0022100973,"Mar 07, 2022",LAL @ SAS,L,35,5,14,0.357,0,2,0.0,7,13,0.538,3,7,10,6,0,0,5,5,17,5,1
22021,201566,0022100959,"Mar 05, 2022",LAL vs. GSW,W,32,9,17,0.529,1,3,0.333,1,2,0.5,0,4,4,4,0,0,5,5,20,13,1
22021,201566,0022100945,"Mar 03, 2022",LAL @ LAC,L,29,7,16,0.438,0,2,0.0,3,4,0.75,2,6,8,3,0,0,2,4,17,-15,1
22021,201566,0022100931,"Mar 01, 2022",LAL vs. DAL,L,38,5,17,0.294,0,4,0.0,2,2,1.0,2,4,6,8,2,1,0,3,12,-8,1
22021,201566,0022100919,"Feb 27, 2022",LAL vs. NOP,L,28,5,15,0.333,0,2,0.0,6,7,0.857,1,5,6,1,1,0,7,3,16,-26,1
22021,201566,0022100904,"Feb 25, 2022",LAL vs. LAC,L,33,9,21,0.429,0,3,0.0,0,2,0.0,0,3,3,1,1,0,0,3,18,2,1
22021,201566,0022100884,"Feb 16, 2022",LAL vs. UTA,W,33,6,13,0.462,1,4,0.25,4,7,0.571,4,3,7,6,1,0,6,2,17,5,1
22021,201566,0022100854,"Feb 12, 2022",LAL @ GSW,L,35,7,13,0.538,1,2,0.5,4,4,1.0,1,6,7,5,1,0,1,4,19,2,1
22021,201566,0022100822,"Feb 08, 2022",LAL vs. MIL,L,26,3,11,0.273,0,1,0.0,4,7,0.571,2,8,10,5,0,1,4,1,10,-16,1
22021,201566,0022100799,"Feb 05, 2022",LAL vs. NYK,W,29,1,10,0.1,0,3,0.0,3,7,0.429,1,3,4,6,1,1,4,2,5,-15,1
22021,201566,0022100786,"Feb 03, 2022",LAL @ LAC,L,36,7,18,0.389,1,5,0.2,2,3,0.667,1,5,6,4,1,0,2,0,17,5,1
22021,201566,0022100781,"Feb 02, 2022",LAL vs. POR,W,34,3,12,0.25,1,4,0.25,2,3,0.667,2,8,10,13,1,0,4,5,9,2,1
22021,201566,0022100751,"Jan 30, 2022",LAL @ ATL,L,35,8,15,0.533,2,4,0.5,2,5,0.4,0,7,7,12,1,0,4,1,20,-6,1
22021,201566,0022100735,"Jan 28, 2022",LAL @ CHA,L,37,12,23,0.522,3,7,0.429,8,10,0.8,1,3,4,5,0,0,1,4,35,-11,1
22021,201566,0022100733,"Jan 27, 2022",LAL @ PHI,L,34,9,15,0.6,2,3,0.667,0,0,0.0,1,3,4,3,1,1,6,1,20,-11,1
22021,201566,0022100718,"Jan 25, 2022",LAL @ BKN,W,33,7,14,0.5,0,2,0.0,1,1,1.0,0,6,6,4,1,0,5,3,15,-1,1
22021,201566,0022100700,"Jan 23, 2022",LAL @ MIA,L,32,9,15,0.6,0,3,0.0,6,8,0.75,2,7,9,9,0,0,3,5,24,-1,1
22021,201566,0022100685,"Jan 21, 2022",LAL @ ORL,W,35,8,17,0.471,0,1,0.0,2,2,1.0,2,9,11,7,3,0,3,3,18,11,1
22021,201566,0022100680,"Jan 19, 2022",LAL vs. IND,L,27,5,17,0.294,4,6,0.667,0,0,0.0,1,1,2,3,1,0,1,4,14,-18,1
22021,201566,0022100665,"Jan 17, 2022",LAL vs. UTA,W,28,5,15,0.333,1,4,0.25,4,4,1.0,2,6,8,3,1,0,2,3,15,-11,1
22021,201566,0022100649,"Jan 15, 2022",LAL @ DEN,L,26,7,15,0.467,1,2,0.5,4,4,1.0,1,4,5,3,0,0,0,1,19,-11,1
22021,201566,0022100626,"Jan 12, 2022",LAL @ SAC,L,37,2,14,0.143,0,5,0.0,4,5,0.8,3,9,12,6,1,0,1,3,8,-7,1
22021,201566,0022100606,"Jan 09, 2022",LAL vs. MEM,L,26,2,12,0.167,0,1,0.0,2,2,1.0,1,6,7,6,0,1,0,2,6,-22,1
22021,201566,0022100589,"Jan 07, 2022",LAL vs. ATL,W,31,4,14,0.286,0,0,0.0,1,3,0.333,1,10,11,13,0,0,3,6,9,22,1
22021,201566,0022100566,"Jan 04, 2022",LAL vs. SAC,W,34,7,19,0.368,0,1,0.0,5,8,0.625,2,5,7,2,1,1,0,2,19,17,1
22021,201566,0022100551,"Jan 02, 2022",LAL vs. MIN,W,33,7,16,0.438,0,5,0.0,6,8,0.75,0,3,3,5,1,1,9,5,20,-2,1
22021,201566,0022100538,"Dec 31, 2021",LAL vs. POR,W,30,5,10,0.5,0,3,0.0,5,6,0.833,0,13,13,12,2,0,4,2,15,29,1
22021,201566,0022100520,"Dec 29, 2021",LAL @ MEM,L,40,7,16,0.438,2,4,0.5,0,0,0.0,2,8,10,12,0,0,5,5,16,1,1
22021,201566,0022100511,"Dec 28, 2021",LAL @ HOU,W,35,10,17,0.588,2,2,1.0,2,6,0.333,4,9,13,10,2,0,7,1,24,9,1
22021,201566,0022100491,"Dec 25, 2021",LAL vs. BKN,L,37,4,20,0.2,0,3,0.0,5,6,0.833,5,7,12,11,1,0,3,5,13,-23,1
22021,201566,0022100487,"Dec 23, 2021",LAL vs. SAS,L,35,12,20,0.6,1,2,0.5,5,9,0.556,0,7,7,4,1,0,5,3,30,-14,1
22021,201566,0022100469,"Dec 21, 2021",LAL vs. PHX,L,37,10,20,0.5,0,2,0.0,2,4,0.5,1,9,10,5,3,0,7,3,22,-6,1
22021,201566,0022100448,"Dec 19, 2021",LAL @ CHI,L,38,9,19,0.474,0,2,0.0,2,6,0.333,2,7,9,8,1,2,6,4,20,-2,1
22021,201566,0022100436,"Dec 17, 2021",LAL @ MIN,L,29,4,7,0.571,0,1,0.0,6,11,0.545,0,4,4,3,0,1,1,3,14,-15,1
22021,201566,0022100420,"Dec 15, 2021",LAL @ DAL,W,42,8,18,0.444,1,4,0.25,6,8,0.75,1,9,10,9,0,0,4,2,23,8,1
22021,201566,0022100403,"Dec 12, 2021",LAL vs. ORL,W,35,9,18,0.5,0,0,0.0,1,2,0.5,2,5,7,5,2,0,5,2,19,3,1
22021,201566,0022100389,"Dec 10, 2021",LAL @ OKC,W,33,4,8,0.5,0,1,0.0,0,0,0.0,2,7,9,7,0,1,5,1,8,18,1
22021,201566,0022100380,"Dec 09, 2021",LAL @ MEM,L,33,3,9,0.333,2,3,0.667,1,4,0.25,0,6,6,7,0,1,6,4,9,-16,1
22021,201566,0022100365,"Dec 07, 2021",LAL vs. BOS,W,36,9,16,0.563,1,4,0.25,5,6,0.833,1,2,3,11,1,0,4,2,24,11,1
22021,201566,0022100341,"Dec 03, 2021",LAL vs. LAC,L,36,4,8,0.5,2,2,1.0,0,0,0.0,1,1,2,9,1,0,2,4,10,-6,1
22021,201566,0022100318,"Nov 30, 2021",LAL @ SAC,W,35,9,21,0.429,1,5,0.2,4,7,0.571,0,5,5,6,1,0,4,2,23,12,1
22021,201566,0022100304,"Nov 28, 2021",LAL vs. DET,W,37,10,16,0.625,1,3,0.333,4,8,0.5,2,4,6,9,1,0,3,2,25,4,1
22021,201566,0022100291,"Nov 26, 2021",LAL vs. SAC,L,51,10,18,0.556,2,4,0.5,7,9,0.778,4,6,10,11,2,0,3,3,29,-4,1
22021,201566,0022100268,"Nov 24, 2021",LAL @ IND,W,40,5,15,0.333,1,3,0.333,9,11,0.818,1,6,7,5,0,1,4,3,20,14,1
22021,201566,0022100264,"Nov 23, 2021",LAL @ NYK,L,37,10,18,0.556,3,6,0.5,8,9,0.889,1,12,13,10,2,0,6,2,31,0,1
22021,201566,0022100249,"Nov 21, 2021",LAL @ DET,W,35,10,21,0.476,1,6,0.167,5,8,0.625,1,8,9,10,2,0,3,4,26,8,1
22021,201566,0022100232,"Nov 19, 2021",LAL @ BOS,L,31,5,13,0.385,1,4,0.25,1,4,0.25,1,3,4,6,1,0,2,5,12,-12,1
22021,201566,0022100219,"Nov 17, 2021",LAL @ MIL,L,36,7,16,0.438,2,5,0.4,3,4,0.75,1,3,4,15,1,0,3,3,19,3,1
22021,201566,0022100209,"Nov 15, 2021",LAL vs. CHI,L,31,8,19,0.421,0,6,0.0,9,10,0.9,0,6,6,8,1,0,4,3,25,-13,1
22021,201566,0022100192,"Nov 14, 2021",LAL vs. SAS,W,34,5,11,0.455,3,5,0.6,1,2,0.5,1,10,11,7,2,0,7,3,14,11,1
22021,201566,0022100184,"Nov 12, 2021",LAL vs. MIN,L,31,7,11,0.636,2,4,0.5,4,6,0.667,0,5,5,3,0,0,5,1,20,-32,1
22021,201566,0022100170,"Nov 10, 2021",LAL vs. MIA,W,43,10,22,0.455,3,7,0.429,2,2,1.0,1,11,12,14,1,2,8,5,25,10,1
22021,201566,0022100154,"Nov 08, 2021",LAL vs. CHA,W,41,5,15,0.333,0,2,0.0,7,10,0.7,0,12,12,14,3,0,7,3,17,-17,1
22021,201566,0022100138,"Nov 06, 2021",LAL @ POR,L,29,1,13,0.077,1,3,0.333,5,8,0.625,2,7,9,6,2,0,6,3,8,-20,1
22021,201566,0022100123,"Nov 04, 2021",LAL vs. OKC,L,35,10,23,0.435,3,6,0.5,4,4,1.0,1,5,6,5,0,0,4,2,27,6,1
22021,201566,0022100107,"Nov 02, 2021",LAL vs. HOU,W,37,10,21,0.476,0,4,0.0,7,8,0.875,5,4,9,7,0,0,3,1,27,-6,1
22021,201566,0022100093,"Oct 31, 2021",LAL vs. HOU,W,35,9,22,0.409,2,4,0.5,0,1,0.0,1,7,8,9,1,0,2,4,20,25,1
22021,201566,0022100077,"Oct 29, 2021",LAL vs. CLE,W,34,8,13,0.615,1,1,1.0,2,3,0.667,1,5,6,5,0,0,4,2,19,4,1
22021,201566,0022100061,"Oct 27, 2021",LAL @ OKC,L,35,8,20,0.4,2,8,0.25,2,3,0.667,4,10,14,13,1,0,10,4,20,-12,1
22021,201566,0022100053,"Oct 26, 2021",LAL @ SAS,W,40,15,27,0.556,1,4,0.25,2,4,0.5,0,10,10,8,3,0,3,5,33,1,1
22021,201566,0022100040,"Oct 24, 2021",LAL vs. MEM,W,37,5,15,0.333,1,4,0.25,2,4,0.5,1,6,7,13,4,0,9,3,13,-8,1
22021,201566,0022100025,"Oct 22, 2021",LAL vs. PHX,L,35,6,15,0.4,0,3,0.0,3,8,0.375,2,9,11,9,2,1,4,5,15,4,1
22021,201566,0022100002,"Oct 19, 2021",LAL vs. GSW,L,35,4,13,0.308,0,4,0.0,0,0,0.0,1,4,5,4,0,0,4,4,8,-23,1
22020,201566,0022001080,"May 16, 2021",WAS vs. CHA,W,40,6,15,0.4,2,8,0.25,9,12,0.75,3,12,15,10,1,0,3,4,23,9,1
22020,201566,0022000204,"May 14, 2021",WAS vs. CLE,W,40,7,18,0.389,1,5,0.2,6,8,0.75,0,12,12,17,3,0,1,2,21,20,1
22020,201566,0022001042,"May 12, 2021",WAS @ ATL,L,40,12,28,0.429,4,9,0.444,6,8,0.75,1,4,5,15,3,0,4,3,34,-4,1
22020,201566,0022001026,"May 10, 2021",WAS @ ATL,L,40,10,22,0.455,3,7,0.429,5,5,1.0,0,13,13,21,0,0,3,4,28,-1,1
22020,201566,0022001012,"May 08, 2021",WAS @ IND,W,44,11,26,0.423,3,7,0.429,8,9,0.889,4,15,19,15,1,2,7,4,33,4,1
22020,201566,0022000997,"May 06, 2021",WAS @ TOR,W,44,5,19,0.263,1,6,0.167,2,4,0.5,1,16,17,17,1,0,7,6,13,8,1
22020,201566,0022000235,"May 05, 2021",WAS @ MIL,L,40,12,20,0.6,0,2,0.0,5,8,0.625,0,12,12,17,3,1,2,3,29,2,1
22020,201566,0022000976,"May 03, 2021",WAS vs. IND,W,39,5,8,0.625,0,0,0.0,4,4,1.0,4,17,21,24,1,1,6,3,14,21,1
22020,201566,0022000964,"May 01, 2021",WAS @ DAL,L,40,17,30,0.567,3,6,0.5,5,7,0.714,2,8,10,9,2,0,2,4,42,-3,1
22020,201566,0022000951,"Apr 30, 2021",WAS @ CLE,W,31,5,12,0.417,0,1,0.0,5,5,1.0,2,10,12,11,1,0,3,1,15,15,1
22020,201566,0022000935,"Apr 28, 2021",WAS vs. LAL,W,41,7,16,0.438,1,3,0.333,3,4,0.75,2,16,18,14,2,0,2,3,18,12,1
22020,201566,0022000919,"Apr 26, 2021",WAS vs. SAS,L,42,9,26,0.346,0,3,0.0,4,4,1.0,4,9,13,14,1,1,6,4,22,-11,1
22020,201566,0022000197,"Apr 25, 2021",WAS vs. CLE,W,36,5,13,0.385,0,2,0.0,4,7,0.571,0,5,5,11,2,0,4,2,14,3,1
22020,201566,0022000902,"Apr 23, 2021",WAS @ OKC,W,37,14,23,0.609,3,4,0.75,6,7,0.857,1,10,11,11,0,0,3,5,37,16,1
22020,201566,0022000885,"Apr 21, 2021",WAS vs. GSW,W,41,5,17,0.294,1,4,0.25,3,4,0.75,2,18,20,10,3,0,9,3,14,9,1
22020,201566,0022000872,"Apr 19, 2021",WAS vs. OKC,W,39,5,18,0.278,1,4,0.25,2,6,0.333,2,9,11,17,3,0,8,3,13,12,1
22020,201566,0022000856,"Apr 17, 2021",WAS vs. DET,W,30,7,17,0.412,0,0,0.0,1,3,0.333,3,11,14,11,2,0,2,5,15,14,1
22020,201566,0022000847,"Apr 16, 2021",WAS vs. NOP,W,44,13,24,0.542,3,6,0.5,7,11,0.636,1,14,15,9,0,0,4,3,36,6,1
22020,201566,0022000839,"Apr 14, 2021",WAS @ SAC,W,36,12,22,0.545,0,2,0.0,1,2,0.5,2,13,15,11,4,0,7,3,25,11,1
22020,201566,0022000820,"Apr 12, 2021",WAS @ UTA,W,39,8,15,0.533,0,2,0.0,9,11,0.818,2,12,14,14,1,0,3,1,25,10,1
22020,201566,0022000803,"Apr 10, 2021",WAS @ PHX,L,33,6,17,0.353,0,4,0.0,5,8,0.625,2,9,11,14,1,0,5,2,17,-21,1
22020,201566,0022000798,"Apr 09, 2021",WAS @ GSW,W,37,8,17,0.471,1,4,0.25,2,3,0.667,2,12,14,14,1,0,6,1,19,1,1
22020,201566,0022000777,"Apr 07, 2021",WAS @ ORL,W,38,8,11,0.727,3,3,1.0,4,4,1.0,1,13,14,15,0,1,5,3,23,13,1
22020,201566,0022000763,"Apr 05, 2021",WAS @ TOR,L,40,9,25,0.36,1,6,0.167,4,4,1.0,2,12,14,11,1,0,4,1,23,-4,1
22020,201566,0022000747,"Apr 03, 2021",WAS vs. DAL,L,37,11,24,0.458,0,3,0.0,4,6,0.667,2,12,14,5,1,0,4,2,26,-19,1
22020,201566,0022000179,"Apr 01, 2021",WAS @ DET,L,36,7,16,0.438,1,5,0.2,1,6,0.167,2,9,11,12,0,1,9,3,16,-23,1
22020,201566,0022000718,"Mar 30, 2021",WAS vs. CHA,L,38,7,20,0.35,4,9,0.444,4,6,0.667,5,10,15,14,2,0,5,3,22,-6,1
22020,201566,0022000707,"Mar 29, 2021",WAS vs. IND,W,39,14,26,0.538,4,6,0.667,3,5,0.6,1,13,14,21,2,1,4,3,35,7,1
22020,201566,0022000694,"Mar 27, 2021",WAS vs. DET,W,35,8,20,0.4,1,3,0.333,2,2,1.0,1,18,19,10,0,0,6,3,19,18,1
22020,201566,0022000679,"Mar 25, 2021",WAS @ NYK,L,40,3,15,0.2,0,5,0.0,7,12,0.583,1,17,18,9,2,4,8,6,13,-1,1
22020,201566,0022000662,"Mar 23, 2021",WAS @ NYK,L,29,3,14,0.214,0,3,0.0,8,10,0.8,0,4,4,12,2,0,4,1,14,-17,1
22020,201566,0022000647,"Mar 21, 2021",WAS @ BKN,L,39,10,20,0.5,2,7,0.286,7,9,0.778,2,11,13,13,2,0,8,3,29,-4,1
22020,201566,0022000166,"Mar 18, 2021",WAS vs. UTA,W,38,12,23,0.522,2,5,0.4,9,11,0.818,1,14,15,13,2,1,5,0,35,10,1
22020,201566,0022000619,"Mar 17, 2021",WAS vs. SAC,L,39,8,19,0.421,1,3,0.333,9,12,0.75,1,13,14,10,1,0,6,3,26,-8,1
22020,201566,0022000603,"Mar 15, 2021",WAS vs. MIL,L,39,8,19,0.421,3,6,0.5,4,6,0.667,2,3,5,17,1,1,5,2,23,-20,1
22020,201566,0022000589,"Mar 13, 2021",WAS vs. MIL,L,39,16,32,0.5,5,11,0.455,5,9,0.556,1,9,10,12,2,0,6,4,42,-18,1
22020,201566,0022000579,"Mar 12, 2021",WAS vs. PHI,L,33,10,19,0.526,2,4,0.5,3,7,0.429,1,4,5,8,1,0,2,2,25,-24,1
22020,201566,0022000566,"Mar 10, 2021",WAS @ MEM,L,36,10,19,0.526,0,3,0.0,0,1,0.0,2,3,5,10,3,0,4,3,20,3,1
22020,201566,0022000554,"Mar 04, 2021",WAS vs. LAC,W,36,9,19,0.474,2,4,0.5,7,15,0.467,2,7,9,11,4,0,1,4,27,14,1
22020,201566,0022000536,"Mar 02, 2021",WAS vs. MEM,L,36,8,16,0.5,3,7,0.429,4,9,0.444,0,6,6,15,3,0,8,3,23,-4,1
22020,201566,0022000524,"Feb 28, 2021",WAS @ BOS,L,36,10,22,0.455,1,5,0.2,3,4,0.75,3,8,11,4,1,1,5,4,24,-12,1
22020,201566,0022000517,"Feb 27, 2021",WAS vs. MIN,W,32,7,19,0.368,0,2,0.0,5,10,0.5,0,14,14,12,2,0,5,1,19,16,1
22020,201566,0022000502,"Feb 25, 2021",WAS @ DEN,W,37,6,17,0.353,1,3,0.333,3,4,0.75,1,9,10,10,3,0,5,3,16,1,1
22020,201566,0022000488,"Feb 23, 2021",WAS @ LAC,L,34,9,18,0.5,0,1,0.0,2,5,0.4,1,8,9,10,2,1,3,1,20,-26,1
22020,201566,0022000479,"Feb 22, 2021",WAS @ LAL,W,44,13,25,0.52,0,1,0.0,6,12,0.5,1,13,14,9,0,0,2,5,32,0,1
22020,201566,0022000464,"Feb 20, 2021",WAS @ POR,W,37,11,17,0.647,0,1,0.0,5,7,0.714,2,9,11,13,0,0,7,4,27,2,1
22020,201566,0022000437,"Feb 17, 2021",WAS vs. DEN,W,39,5,15,0.333,0,2,0.0,2,6,0.333,4,9,13,12,2,1,8,5,12,0,1
22020,201566,0022000421,"Feb 15, 2021",WAS vs. HOU,W,33,8,22,0.364,0,3,0.0,0,1,0.0,3,10,13,15,0,0,5,1,16,1,1
22020,201566,0022000560,"Feb 14, 2021",WAS vs. BOS,W,29,6,19,0.316,0,2,0.0,1,3,0.333,2,7,9,11,1,0,3,3,13,27,1
22020,201566,0022000396,"Feb 12, 2021",WAS vs. NYK,L,35,10,22,0.455,0,4,0.0,3,6,0.5,2,7,9,10,1,0,5,1,23,-19,1
22020,201566,0022000382,"Feb 10, 2021",WAS vs. TOR,L,34,9,20,0.45,3,8,0.375,2,2,1.0,1,5,6,7,1,0,5,4,23,-22,1
22020,201566,0022000215,"Feb 07, 2021",WAS @ CHA,L,28,4,9,0.444,0,3,0.0,4,8,0.5,4,7,11,9,0,2,5,1,12,-20,1
22020,201566,0022000347,"Feb 05, 2021",WAS @ MIA,L,25,4,9,0.444,0,1,0.0,5,7,0.714,1,2,3,3,0,0,6,2,13,-22,1
22020,201566,0022000559,"Feb 02, 2021",WAS vs. POR,L,33,7,15,0.467,1,3,0.333,2,2,1.0,1,11,12,10,0,0,4,4,17,-14,1
22020,201566,0022000310,"Jan 31, 2021",WAS vs. BKN,W,35,16,28,0.571,4,7,0.571,5,7,0.714,4,6,10,8,2,1,3,4,41,7,1
22020,201566,0022000290,"Jan 29, 2021",WAS vs. ATL,L,27,8,18,0.444,3,5,0.6,7,8,0.875,0,6,6,4,0,1,3,2,26,-9,1
22020,201566,0022000269,"Jan 26, 2021",WAS @ HOU,L,28,7,17,0.412,1,4,0.25,4,8,0.5,2,9,11,7,0,0,6,3,19,-13,1
22020,201566,0022000253,"Jan 24, 2021",WAS @ SAS,L,25,3,11,0.273,1,3,0.333,2,4,0.5,3,5,8,6,0,0,4,1,9,-20,1
22020,201566,0022000124,"Jan 08, 2021",WAS @ BOS,L,33,4,16,0.25,2,5,0.4,2,2,1.0,0,4,4,8,0,1,7,4,12,-17,1
22020,201566,0022000109,"Jan 06, 2021",WAS @ PHI,L,39,8,18,0.444,3,6,0.5,1,4,0.25,0,8,8,12,3,1,6,4,20,-4,1
22020,201566,0022000086,"Jan 03, 2021",WAS @ BKN,W,38,7,25,0.28,1,7,0.143,9,12,0.75,1,4,5,10,2,0,2,2,24,0,1
22020,201566,0022000063,"Dec 31, 2020",WAS vs. CHI,L,39,8,18,0.444,3,5,0.6,3,6,0.5,2,8,10,11,1,0,5,4,22,-10,1
22020,201566,0022000050,"Dec 29, 2020",WAS vs. CHI,L,38,9,17,0.529,1,4,0.25,2,2,1.0,0,15,15,11,1,0,6,3,21,3,1
22020,201566,0022000024,"Dec 26, 2020",WAS vs. ORL,L,36,6,19,0.316,0,4,0.0,3,4,0.75,2,13,15,12,2,0,5,3,15,2,1
22020,201566,0022000013,"Dec 23, 2020",WAS @ PHI,L,36,9,22,0.409,0,2,0.0,3,5,0.6,2,9,11,15,0,0,6,3,21,10,1
22019,201566,0021901298,"Aug 11, 2020",HOU @ SAS,L,28,8,17,0.471,2,4,0.5,2,2,1.0,0,5,5,6,1,0,7,1,20,-15,1
22019,201566,0021901261,"Aug 04, 2020",HOU @ POR,L,35,5,14,0.357,0,2,0.0,5,12,0.417,0,3,3,9,2,1,1,5,15,-10,1
22019,201566,0021901248,"Aug 02, 2020",HOU vs. MIL,W,38,10,21,0.476,1,3,0.333,10,12,0.833,1,5,6,8,0,1,5,2,31,-5,1
22019,201566,0021901238,"Jul 31, 2020",HOU @ DAL,W,44,13,30,0.433,1,3,0.333,4,8,0.5,5,6,11,8,2,1,6,5,31,12,1
22019,201566,0021900963,"Mar 10, 2020",HOU vs. MIN,W,37,11,17,0.647,0,0,0.0,5,6,0.833,0,6,6,7,4,0,6,5,27,8,1
22019,201566,0021900953,"Mar 08, 2020",HOU vs. ORL,L,30,9,19,0.474,2,5,0.4,4,5,0.8,2,6,8,4,1,0,8,2,24,-29,1
22019,201566,0021900927,"Mar 05, 2020",HOU vs. LAC,L,33,11,27,0.407,0,2,0.0,7,11,0.636,7,8,15,5,1,0,2,2,29,-13,1
22019,201566,0021900903,"Mar 02, 2020",HOU @ NYK,L,37,9,19,0.474,1,3,0.333,5,7,0.714,3,6,9,3,0,1,6,3,24,-9,1
22019,201566,0021900892,"Feb 29, 2020",HOU @ BOS,W,43,16,27,0.593,1,2,0.5,8,12,0.667,2,6,8,5,3,0,6,2,41,-3,1
22019,201566,0021900870,"Feb 26, 2020",HOU vs. MEM,W,34,15,24,0.625,1,2,0.5,2,3,0.667,2,7,9,8,4,0,5,3,33,37,1
22019,201566,0021900841,"Feb 22, 2020",HOU @ UTA,W,39,14,26,0.538,2,4,0.5,4,4,1.0,2,4,6,4,1,0,2,4,34,-2,1
22019,201566,0021900825,"Feb 20, 2020",HOU @ GSW,W,30,10,19,0.526,1,2,0.5,0,0,0.0,2,3,5,10,1,0,4,3,21,18,1
22019,201566,0021900806,"Feb 11, 2020",HOU vs. BOS,W,37,13,23,0.565,0,2,0.0,10,13,0.769,1,9,10,5,2,0,4,3,36,9,1
22019,201566,0021900790,"Feb 09, 2020",HOU vs. UTA,L,38,18,33,0.545,1,2,0.5,2,4,0.5,1,5,6,4,1,1,3,3,39,4,1
22019,201566,0021900768,"Feb 06, 2020",HOU @ LAL,W,37,17,28,0.607,1,2,0.5,6,8,0.75,1,7,8,5,1,0,8,5,41,12,1
22019,201566,0021900738,"Feb 02, 2020",HOU vs. NOP,W,36,9,24,0.375,1,4,0.25,3,3,1.0,2,4,6,7,1,0,2,4,22,-1,1
22019,201566,0021900722,"Jan 31, 2020",HOU vs. DAL,W,40,13,28,0.464,0,1,0.0,6,7,0.857,2,4,6,9,3,0,1,5,32,7,1
22019,201566,0021900712,"Jan 29, 2020",HOU @ POR,L,42,16,29,0.552,1,3,0.333,6,6,1.0,3,7,10,6,2,1,6,3,39,-7,1
22019,201566,0021900685,"Jan 26, 2020",HOU @ DEN,L,39,14,29,0.483,0,1,0.0,4,5,0.8,3,4,7,7,2,1,10,4,32,-8,1
22019,201566,0021900675,"Jan 24, 2020",HOU @ MIN,W,38,16,27,0.593,0,0,0.0,13,13,1.0,0,6,6,10,1,0,3,2,45,3,1
22019,201566,0021900662,"Jan 22, 2020",HOU vs. DEN,W,34,11,25,0.44,0,0,0.0,6,7,0.857,6,10,16,8,4,1,5,2,28,25,1
22019,201566,0021900645,"Jan 20, 2020",HOU vs. OKC,L,38,16,24,0.667,0,1,0.0,0,1,0.0,2,9,11,12,2,0,3,0,32,-13,1
22019,201566,0021900633,"Jan 18, 2020",HOU vs. LAL,L,40,15,23,0.652,0,0,0.0,5,9,0.556,2,7,9,7,3,0,5,5,35,-5,1
22019,201566,0021900611,"Jan 15, 2020",HOU vs. POR,L,42,11,22,0.5,2,5,0.4,7,12,0.583,1,10,11,12,1,0,1,1,31,1,1
22019,201566,0021900577,"Jan 11, 2020",HOU vs. MIN,W,33,10,23,0.435,1,5,0.2,9,10,0.9,1,5,6,10,2,0,4,4,30,34,1
22019,201566,0021900566,"Jan 09, 2020",HOU @ OKC,L,34,14,26,0.538,1,6,0.167,5,6,0.833,0,2,2,5,0,0,7,5,34,-13,1
22019,201566,0021900520,"Jan 03, 2020",HOU vs. PHI,W,35,9,22,0.409,1,2,0.5,1,5,0.2,1,6,7,4,3,0,4,4,20,-3,1
22019,201566,0021900501,"Dec 31, 2019",HOU vs. DEN,W,34,11,22,0.5,0,2,0.0,6,6,1.0,1,2,3,7,1,1,3,4,28,16,1
22019,201566,0021900478,"Dec 28, 2019",HOU vs. BKN,W,38,11,28,0.393,0,2,0.0,1,1,1.0,2,7,9,7,1,1,4,2,23,6,1
22019,201566,0021900457,"Dec 25, 2019",HOU @ GSW,L,40,11,32,0.344,0,8,0.0,8,8,1.0,4,8,12,5,0,0,4,5,30,-9,1
22019,201566,0021900453,"Dec 23, 2019",HOU @ SAC,W,40,10,22,0.455,3,4,0.75,5,6,0.833,0,7,7,6,1,0,3,5,28,19,1
22019,201566,0021900437,"Dec 21, 2019",HOU @ PHX,W,33,11,21,0.524,1,2,0.5,7,9,0.778,0,4,4,10,2,1,4,2,30,12,1
22019,201566,0021900419,"Dec 19, 2019",HOU @ LAC,W,40,13,31,0.419,2,6,0.333,12,13,0.923,2,8,10,5,1,0,8,5,40,13,1
22019,201566,0021900396,"Dec 16, 2019",HOU vs. SAS,W,40,11,25,0.44,1,7,0.143,8,9,0.889,2,8,10,4,1,1,5,1,31,-10,1
22019,201566,0021900371,"Dec 13, 2019",HOU @ ORL,W,35,9,18,0.5,1,3,0.333,4,4,1.0,1,6,7,6,0,0,2,4,23,9,1
22019,201566,0021900356,"Dec 11, 2019",HOU @ CLE,W,37,9,20,0.45,1,4,0.25,4,4,1.0,2,5,7,6,4,0,2,2,23,4,1
22019,201566,0021900346,"Dec 09, 2019",HOU vs. SAC,L,36,13,17,0.765,2,4,0.5,6,7,0.857,0,3,3,8,2,0,6,5,34,1,1
22019,201566,0021900333,"Dec 07, 2019",HOU vs. PHX,W,37,10,18,0.556,1,3,0.333,3,4,0.75,4,10,14,11,3,2,4,2,24,-2,1
22019,201566,0021900318,"Dec 05, 2019",HOU @ TOR,W,35,7,27,0.259,0,6,0.0,5,6,0.833,5,8,13,11,2,0,8,3,19,7,1
22019,201566,0021900303,"Dec 03, 2019",HOU @ SAS,L,48,7,30,0.233,1,6,0.167,4,4,1.0,2,8,10,10,2,1,5,6,19,-8,1
22019,201566,0021900282,"Nov 30, 2019",HOU vs. ATL,W,27,6,11,0.545,1,1,1.0,2,2,1.0,1,7,8,8,0,0,4,4,15,36,1
22019,201566,0021900259,"Nov 27, 2019",HOU vs. MIA,W,36,11,21,0.524,0,2,0.0,5,6,0.833,1,8,9,7,2,0,9,5,27,9,1
22019,201566,0021900235,"Nov 24, 2019",HOU vs. DAL,L,38,8,20,0.4,2,5,0.4,9,10,0.9,0,5,5,6,0,0,4,5,27,-23,1
22019,201566,0021900224,"Nov 22, 2019",HOU @ LAC,L,34,9,22,0.409,1,7,0.143,3,7,0.429,2,3,5,6,2,0,6,6,22,-6,1
22019,201566,0021900211,"Nov 20, 2019",HOU @ DEN,L,35,8,22,0.364,2,9,0.222,7,9,0.778,0,2,2,5,0,0,1,4,25,-5,1
22019,201566,0021900193,"Nov 18, 2019",HOU vs. POR,W,34,9,26,0.346,3,11,0.273,7,9,0.778,3,10,13,10,2,1,5,4,28,19,1
22019,201566,0021900169,"Nov 15, 2019",HOU vs. IND,W,35,5,21,0.238,1,6,0.167,6,6,1.0,3,5,8,6,1,0,1,4,17,9,1
22019,201566,0021900157,"Nov 13, 2019",HOU vs. LAC,W,30,6,20,0.3,2,7,0.286,3,4,0.75,0,2,2,2,0,0,2,4,17,7,1
22019,201566,0021900142,"Nov 11, 2019",HOU @ NOP,W,35,11,21,0.524,1,8,0.125,3,4,0.75,0,5,5,4,4,0,6,4,26,-6,1
22019,201566,0021900129,"Nov 09, 2019",HOU @ CHI,W,32,10,20,0.5,0,3,0.0,6,8,0.75,0,6,6,2,1,0,7,5,26,1,1
22019,201566,0021900107,"Nov 06, 2019",HOU vs. GSW,W,30,8,18,0.444,1,3,0.333,1,4,0.25,0,8,8,6,2,0,3,5,18,40,1
22019,201566,0021900086,"Nov 03, 2019",HOU @ MIA,L,26,3,11,0.273,1,6,0.167,3,6,0.5,0,4,4,6,1,1,7,3,10,-46,1
22019,201566,0021900069,"Nov 01, 2019",HOU @ BKN,L,36,12,25,0.48,1,6,0.167,2,4,0.5,0,7,7,8,4,1,2,2,27,-15,1
22019,201566,0021900061,"Oct 30, 2019",HOU @ WAS,W,35,7,16,0.438,1,5,0.2,2,4,0.5,4,6,10,12,2,1,4,2,17,2,1
22019,201566,0021900045,"Oct 28, 2019",HOU vs. OKC,W,35,9,16,0.563,0,1,0.0,3,4,0.75,5,7,12,9,1,0,5,4,21,19,1
22019,201566,0021900032,"Oct 26, 2019",HOU vs. NOP,W,34,9,17,0.529,1,3,0.333,9,10,0.9,0,10,10,13,1,0,4,3,28,-7,1
22019,201566,0021900015,"Oct 24, 2019",HOU vs. MIL,L,33,7,17,0.412,3,7,0.429,7,11,0.636,4,12,16,7,2,1,3,3,24,0,1
22018,201566,0021801226,"Apr 10, 2019",OKC @ MIL,W,36,7,10,0.7,1,3,0.333,0,2,0.0,0,11,11,17,1,1,4,3,15,6,1
22018,201566,0021801218,"Apr 09, 2019",OKC vs. HOU,W,37,11,23,0.478,4,10,0.4,3,3,1.0,2,10,12,10,0,0,3,4,29,3,1
22018,201566,0021801197,"Apr 07, 2019",OKC @ MIN,W,38,10,22,0.455,2,6,0.333,5,7,0.714,1,9,10,15,1,0,4,3,27,-1,1
22018,201566,0021801186,"Apr 05, 2019",OKC vs. DET,W,35,6,18,0.333,1,4,0.25,6,10,0.6,1,7,8,15,1,0,4,2,19,4,1
22018,201566,0021801161,"Apr 02, 2019",OKC vs. LAL,W,37,8,23,0.348,2,9,0.222,2,3,0.667,5,15,20,21,3,0,2,2,20,24,1
22018,201566,0021801146,"Mar 31, 2019",OKC vs. DAL,L,38,9,19,0.474,3,8,0.375,4,4,1.0,2,9,11,11,2,0,3,2,25,-3,1
22018,201566,0021801133,"Mar 29, 2019",OKC vs. DEN,L,36,11,22,0.5,1,5,0.2,4,5,0.8,3,6,9,9,2,0,3,3,27,-1,1
22018,201566,0021801119,"Mar 27, 2019",OKC vs. IND,W,37,6,15,0.4,2,4,0.5,3,4,0.75,1,10,11,12,2,1,2,0,17,8,1
22018,201566,0021801104,"Mar 25, 2019",OKC @ MEM,L,37,6,20,0.3,1,6,0.167,3,6,0.5,0,5,5,7,0,0,1,3,16,-20,1
22018,201566,0021801083,"Mar 22, 2019",OKC @ TOR,W,37,6,20,0.3,2,9,0.222,4,5,0.8,4,8,12,13,4,1,3,3,18,18,1
22018,201566,0021801072,"Mar 20, 2019",OKC vs. TOR,L,44,16,29,0.552,5,10,0.5,5,8,0.625,2,9,11,6,1,0,9,3,42,-7,1
22018,201566,0021801038,"Mar 16, 2019",OKC vs. GSW,L,32,2,16,0.125,0,7,0.0,3,4,0.75,0,8,8,9,1,1,4,5,7,-18,1
22018,201566,0021801020,"Mar 14, 2019",OKC @ IND,L,38,8,18,0.444,1,5,0.2,2,2,1.0,1,13,14,11,4,2,4,2,19,-1,1
22018,201566,0021801017,"Mar 13, 2019",OKC vs. BKN,W,36,12,23,0.522,4,8,0.5,3,5,0.6,3,9,12,11,3,0,5,3,31,18,1
22018,201566,0021801005,"Mar 11, 2019",OKC @ UTA,W,37,9,19,0.474,2,4,0.5,3,6,0.5,0,11,11,8,1,1,3,2,23,10,1
22018,201566,0021800985,"Mar 08, 2019",OKC @ LAC,L,32,12,23,0.522,2,9,0.222,6,8,0.75,0,8,8,7,0,1,1,6,32,-4,1
22018,201566,0021800976,"Mar 07, 2019",OKC @ POR,W,40,14,28,0.5,5,8,0.625,4,6,0.667,1,6,7,3,0,0,8,5,37,1,1
22018,201566,0021800963,"Mar 05, 2019",OKC @ MIN,L,38,15,28,0.536,5,10,0.5,3,7,0.429,2,11,13,6,0,0,2,3,38,-2,1
22018,201566,0021800951,"Mar 03, 2019",OKC vs. MEM,W,36,7,20,0.35,4,13,0.308,4,6,0.667,2,4,6,5,3,1,4,3,22,-1,1
22018,201566,0021800940,"Mar 02, 2019",OKC @ SAS,L,34,7,17,0.412,1,5,0.2,4,7,0.571,1,8,9,8,1,0,7,2,19,-15,1
22018,201566,0021800927,"Feb 28, 2019",OKC vs. PHI,L,38,8,24,0.333,1,9,0.111,6,9,0.667,0,11,11,11,1,1,4,3,23,-3,1
22018,201566,0021800910,"Feb 26, 2019",OKC @ DEN,L,36,8,14,0.571,2,5,0.4,4,8,0.5,4,10,14,9,0,0,7,5,22,-16,1
22018,201566,0021800890,"Feb 23, 2019",OKC vs. SAC,L,35,15,30,0.5,5,12,0.417,6,8,0.75,1,9,10,4,1,1,7,5,41,-1,1
22018,201566,0021800881,"Feb 22, 2019",OKC vs. UTA,W,43,15,29,0.517,6,13,0.462,7,10,0.7,2,13,15,8,2,1,5,6,43,9,1
22018,201566,0021800866,"Feb 14, 2019",OKC @ NOP,L,39,18,30,0.6,4,12,0.333,4,4,1.0,3,11,14,11,1,2,5,3,44,-15,1
22018,201566,0021800846,"Feb 11, 2019",OKC vs. POR,W,37,5,19,0.263,1,6,0.167,10,13,0.769,2,12,14,11,1,2,6,4,21,1,1
22018,201566,0021800832,"Feb 09, 2019",OKC @ HOU,W,38,8,21,0.381,1,5,0.2,4,5,0.8,0,12,12,11,2,1,10,3,21,2,1
22018,201566,0021800815,"Feb 07, 2019",OKC vs. MEM,W,33,5,16,0.313,1,4,0.25,4,6,0.667,1,12,13,15,4,0,1,3,15,18,1
22018,201566,0021800802,"Feb 05, 2019",OKC vs. ORL,W,36,5,14,0.357,0,2,0.0,6,10,0.6,1,14,15,16,1,1,7,3,16,9,1
22018,201566,0021800788,"Feb 03, 2019",OKC @ BOS,L,37,8,19,0.421,1,3,0.333,5,8,0.625,2,10,12,16,2,0,4,4,22,-5,1
22018,201566,0021800772,"Feb 01, 2019",OKC @ MIA,W,32,6,10,0.6,0,1,0.0,2,5,0.4,1,11,12,14,1,1,4,0,14,11,1
22018,201566,0021800751,"Jan 29, 2019",OKC @ ORL,W,38,7,12,0.583,1,2,0.5,8,12,0.667,1,13,14,14,0,1,5,3,23,-3,1
22018,201566,0021800738,"Jan 27, 2019",OKC vs. MIL,W,36,5,20,0.25,2,5,0.4,1,2,0.5,1,12,13,11,1,1,4,3,13,-11,1
22018,201566,0021800717,"Jan 24, 2019",OKC vs. NOP,W,37,9,19,0.474,1,3,0.333,4,8,0.5,1,16,17,16,2,0,4,3,23,14,1
22018,201566,0021800703,"Jan 22, 2019",OKC vs. POR,W,37,9,20,0.45,1,4,0.25,10,12,0.833,2,8,10,14,1,0,5,4,29,5,1
22018,201566,0021800691,"Jan 21, 2019",OKC @ NYK,W,29,6,12,0.5,1,2,0.5,4,5,0.8,3,7,10,9,0,0,3,3,17,22,1
22018,201566,0021800678,"Jan 19, 2019",OKC @ PHI,W,37,8,21,0.381,1,6,0.167,4,7,0.571,3,7,10,6,1,0,4,6,21,9,1
22018,201566,0021800670,"Jan 17, 2019",OKC vs. LAL,L,43,7,30,0.233,5,12,0.417,7,10,0.7,2,7,9,13,1,1,3,5,26,5,1
22018,201566,0021800653,"Jan 15, 2019",OKC @ ATL,L,36,10,21,0.476,0,3,0.0,11,14,0.786,2,4,6,11,5,0,2,2,31,1,1
22018,201566,0021800634,"Jan 12, 2019",OKC vs. SAS,W,33,9,24,0.375,1,2,0.5,5,5,1.0,2,8,10,7,2,0,4,4,24,7,1
22018,201566,0021800619,"Jan 10, 2019",OKC @ SAS,L,50,11,22,0.5,0,4,0.0,2,5,0.4,2,11,13,24,2,0,3,4,24,-9,1
22018,201566,0021800603,"Jan 08, 2019",OKC vs. MIN,L,39,11,22,0.5,1,6,0.167,2,2,1.0,1,4,5,16,1,2,7,2,25,7,1
22018,201566,0021800588,"Jan 06, 2019",OKC vs. WAS,L,37,9,23,0.391,2,5,0.4,2,6,0.333,2,13,15,13,0,1,8,2,22,-7,1
22018,201566,0021800575,"Jan 04, 2019",OKC @ POR,W,37,13,28,0.464,0,2,0.0,5,6,0.833,0,9,9,7,1,0,3,3,31,7,1
22018,201566,0021800562,"Jan 02, 2019",OKC @ LAL,W,36,3,20,0.15,1,7,0.143,7,10,0.7,1,15,16,10,2,2,4,4,14,1,1
22018,201566,0021800547,"Dec 31, 2018",OKC vs. DAL,W,35,13,24,0.542,0,1,0.0,6,6,1.0,0,11,11,11,4,0,5,4,32,22,1
22018,201566,0021800539,"Dec 30, 2018",OKC @ DAL,L,38,4,22,0.182,0,8,0.0,1,2,0.5,0,9,9,8,6,0,5,2,9,-4,1
22018,201566,0021800525,"Dec 28, 2018",OKC @ PHX,W,39,17,29,0.586,3,7,0.429,3,6,0.5,2,10,12,8,0,0,6,3,40,6,1
22018,201566,0021800498,"Dec 25, 2018",OKC @ HOU,L,38,6,20,0.3,2,6,0.333,7,10,0.7,3,6,9,9,4,1,6,3,21,6,1
22018,201566,0021800493,"Dec 23, 2018",OKC vs. MIN,L,36,10,19,0.526,1,1,1.0,2,4,0.5,1,10,11,10,1,0,4,6,23,7,1
22018,201566,0021800485,"Dec 22, 2018",OKC @ UTA,W,35,3,17,0.176,0,4,0.0,2,2,1.0,0,12,12,9,3,0,6,6,8,-12,1
22018,201566,0021800466,"Dec 19, 2018",OKC @ SAC,W,35,8,19,0.421,1,5,0.2,2,7,0.286,2,9,11,17,6,0,5,4,19,8,1
22018,201566,0021800447,"Dec 17, 2018",OKC vs. CHI,W,32,5,13,0.385,0,0,0.0,3,4,0.75,4,12,16,11,5,0,4,3,13,25,1
22018,201566,0021800434,"Dec 15, 2018",OKC vs. LAC,W,36,4,17,0.235,3,4,0.75,2,3,0.667,2,7,9,12,6,0,4,3,13,0,1
22018,201566,0021800426,"Dec 14, 2018",OKC @ DEN,L,36,5,15,0.333,1,3,0.333,2,2,1.0,1,13,14,8,4,1,4,3,13,-9,1
22018,201566,0021800411,"Dec 12, 2018",OKC @ NOP,L,38,8,16,0.5,2,7,0.286,2,5,0.4,1,5,6,7,4,2,7,2,20,0,1
22018,201566,0021800396,"Dec 10, 2018",OKC vs. UTA,W,36,4,18,0.222,0,5,0.0,4,8,0.5,3,8,11,10,1,0,4,3,12,15,1
22018,201566,0021800373,"Dec 07, 2018",OKC @ CHI,L,35,9,21,0.429,2,6,0.333,4,7,0.571,2,15,17,13,4,0,10,5,24,10,1
22018,201566,0021800358,"Dec 05, 2018",OKC @ BKN,W,40,9,23,0.391,2,9,0.222,1,2,0.5,2,13,15,17,1,0,2,5,21,10,1
22018,201566,0021800343,"Dec 03, 2018",OKC @ DET,W,29,7,17,0.412,2,7,0.286,2,3,0.667,1,5,6,6,2,0,5,2,18,24,1
22018,201566,0021800325,"Nov 30, 2018",OKC vs. ATL,W,31,8,15,0.533,2,4,0.5,5,6,0.833,1,8,9,10,1,0,5,4,23,18,1
22018,201566,0021800313,"Nov 28, 2018",OKC vs. CLE,W,37,10,17,0.588,2,5,0.4,1,2,0.5,1,17,18,15,2,0,3,3,23,12,1
22018,201566,0021800282,"Nov 24, 2018",OKC vs. DEN,L,39,6,23,0.261,1,12,0.083,3,7,0.429,3,7,10,12,1,0,4,5,16,-3,1
22018,201566,0021800274,"Nov 23, 2018",OKC vs. CHA,W,35,10,18,0.556,1,4,0.25,9,11,0.818,0,12,12,8,2,0,4,3,30,17,1
22018,201566,0021800264,"Nov 21, 2018",OKC @ GSW,W,33,5,15,0.333,1,5,0.2,0,2,0.0,0,11,11,13,2,1,4,4,11,25,1
22018,201566,0021800247,"Nov 19, 2018",OKC @ SAC,L,37,12,25,0.48,4,10,0.4,1,2,0.5,2,11,13,7,3,0,4,5,29,4,1
22018,201566,0021800144,"Nov 05, 2018",OKC vs. NOP,W,25,6,16,0.375,0,2,0.0,5,8,0.625,0,7,7,9,1,0,6,3,17,11,1
22018,201566,0021800119,"Nov 02, 2018",OKC @ WAS,W,26,10,16,0.625,0,1,0.0,3,4,0.75,0,3,3,12,4,0,1,1,23,10,1
22018,201566,0021800111,"Nov 01, 2018",OKC @ CHA,W,37,12,24,0.5,0,3,0.0,5,7,0.714,1,7,8,10,3,0,3,3,29,3,1
22018,201566,0021800103,"Oct 30, 2018",OKC vs. LAC,W,34,13,25,0.52,1,3,0.333,5,7,0.714,2,2,4,8,3,1,3,4,32,18,1
22018,201566,0021800085,"Oct 28, 2018",OKC vs. PHX,W,31,8,13,0.615,0,0,0.0,7,10,0.7,1,8,9,7,4,0,6,3,23,8,1
22018,201566,0021800065,"Oct 25, 2018",OKC vs. BOS,L,32,5,20,0.25,0,5,0.0,3,5,0.6,1,14,15,8,0,0,5,5,13,-5,1
22018,201566,0021800037,"Oct 21, 2018",OKC vs. SAC,L,35,13,23,0.565,1,6,0.167,5,11,0.455,2,10,12,8,0,0,5,2,32,-13,1
22017,201566,0021701227,"Apr 11, 2018",OKC vs. MEM,W,37,2,9,0.222,0,2,0.0,2,3,0.667,3,17,20,19,2,0,5,0,6,17,1
22017,201566,0021701206,"Apr 09, 2018",OKC @ MIA,W,38,8,21,0.381,2,5,0.4,5,6,0.833,3,15,18,13,1,0,6,3,23,12,1
22017,201566,0021701194,"Apr 07, 2018",OKC @ HOU,W,38,10,28,0.357,1,3,0.333,3,5,0.6,5,2,7,10,4,1,4,4,24,3,1
22017,201566,0021701163,"Apr 03, 2018",OKC vs. GSW,L,41,15,26,0.577,3,7,0.429,11,12,0.917,5,11,16,6,2,0,6,3,44,3,1
22017,201566,0021701150,"Apr 01, 2018",OKC @ NOP,W,37,9,17,0.529,0,1,0.0,8,11,0.727,1,14,15,13,2,0,7,5,26,15,1
22017,201566,0021701133,"Mar 30, 2018",OKC vs. DEN,L,44,12,32,0.375,4,9,0.444,5,8,0.625,3,6,9,13,2,1,2,2,33,2,1
22017,201566,0021701126,"Mar 29, 2018",OKC @ SAS,L,38,7,19,0.368,0,4,0.0,5,8,0.625,1,10,11,5,3,1,7,5,19,7,1
22017,201566,0021701100,"Mar 25, 2018",OKC vs. POR,L,36,9,20,0.45,1,2,0.5,4,6,0.667,1,7,8,9,4,0,3,6,23,-2,1
22017,201566,0021701084,"Mar 23, 2018",OKC vs. MIA,W,36,9,15,0.6,2,2,1.0,9,10,0.9,0,13,13,8,1,0,5,4,29,-3,1
22017,201566,0021701059,"Mar 20, 2018",OKC @ BOS,L,37,9,21,0.429,2,5,0.4,7,11,0.636,2,6,8,7,1,0,5,2,27,5,1
22017,201566,0021701046,"Mar 18, 2018",OKC @ TOR,W,37,15,22,0.682,1,1,1.0,6,8,0.75,5,8,13,14,2,0,5,3,37,17,1
22017,201566,0021701032,"Mar 16, 2018",OKC vs. LAC,W,37,7,17,0.412,0,1,0.0,2,2,1.0,1,9,10,11,0,0,6,3,16,-1,1
22017,201566,0021701007,"Mar 13, 2018",OKC @ ATL,W,35,12,20,0.6,0,0,0.0,8,10,0.8,4,8,12,12,1,1,4,3,32,20,1
22017,201566,0021701003,"Mar 12, 2018",OKC vs. SAC,W,36,7,19,0.368,2,3,0.667,1,3,0.333,0,10,10,11,0,0,2,2,17,4,1
22017,201566,0021700990,"Mar 10, 2018",OKC vs. SAS,W,36,7,15,0.467,0,1,0.0,7,11,0.636,1,11,12,10,1,0,5,1,21,1,1
22017,201566,0021700975,"Mar 08, 2018",OKC vs. PHX,W,29,11,14,0.786,0,0,0.0,5,7,0.714,0,8,8,9,0,0,2,1,27,27,1
22017,201566,0021700960,"Mar 06, 2018",OKC vs. HOU,L,39,15,27,0.556,0,4,0.0,2,2,1.0,2,2,4,7,1,1,9,4,32,-4,1
22017,201566,0021700941,"Mar 03, 2018",OKC @ POR,L,35,12,31,0.387,1,5,0.2,5,7,0.714,2,9,11,6,0,1,4,4,30,-7,1
22017,201566,0021700933,"Mar 02, 2018",OKC @ PHX,W,40,16,25,0.64,2,4,0.5,9,11,0.818,7,7,14,8,1,1,5,2,43,2,1
22017,201566,0021700919,"Feb 28, 2018",OKC @ DAL,W,42,11,25,0.44,0,5,0.0,8,9,0.889,3,8,11,7,3,1,9,3,30,8,2
22017,201566,0021700903,"Feb 26, 2018",OKC vs. ORL,W,35,3,12,0.25,0,1,0.0,2,2,1.0,2,10,12,11,1,0,7,5,8,-5,1
22017,201566,0021700887,"Feb 24, 2018",OKC @ GSW,L,31,4,15,0.267,1,5,0.2,6,6,1.0,2,10,12,7,2,0,5,1,15,-19,1
22017,201566,0021700871,"Feb 22, 2018",OKC @ SAC,W,38,4,14,0.286,1,6,0.167,8,10,0.8,0,15,15,11,2,0,8,1,17,4,1
22017,201566,0021700861,"Feb 14, 2018",OKC @ MEM,W,37,6,14,0.429,0,4,0.0,11,12,0.917,2,11,13,15,1,2,4,1,23,14,1
22017,201566,0021700850,"Feb 13, 2018",OKC vs. CLE,L,39,7,19,0.368,0,3,0.0,7,8,0.875,2,5,7,12,2,0,1,2,21,-3,1
22017,201566,0021700803,"Feb 06, 2018",OKC @ GSW,W,36,13,26,0.5,2,5,0.4,6,6,1.0,0,9,9,9,0,0,4,2,34,21,1
22017,201566,0021700788,"Feb 04, 2018",OKC vs. LAL,L,40,15,25,0.6,0,4,0.0,6,8,0.75,1,4,5,9,1,0,7,1,36,-10,1
22017,201566,0021700772,"Feb 02, 2018",OKC vs. NOP,L,36,7,21,0.333,1,7,0.143,1,1,1.0,2,9,11,14,1,0,9,3,16,-9,1
22017,201566,0021700765,"Feb 01, 2018",OKC @ DEN,L,39,7,18,0.389,2,5,0.4,4,4,1.0,0,9,9,21,2,1,3,5,20,-8,1
22017,201566,0021700744,"Jan 30, 2018",OKC @ WAS,L,36,5,18,0.278,1,4,0.25,2,2,1.0,2,4,6,10,4,0,7,3,13,-7,1
22017,201566,0021700736,"Jan 28, 2018",OKC vs. PHI,W,41,14,33,0.424,1,6,0.167,8,11,0.727,2,7,9,14,2,0,2,3,37,22,1
22017,201566,0021700724,"Jan 27, 2018",OKC @ DET,W,36,13,22,0.591,3,4,0.75,2,4,0.5,4,7,11,13,2,0,6,3,31,20,1
22017,201566,0021700711,"Jan 25, 2018",OKC vs. WAS,W,37,19,29,0.655,1,3,0.333,7,10,0.7,0,6,6,6,2,0,6,3,46,0,1
22017,201566,0021700697,"Jan 23, 2018",OKC vs. BKN,W,36,12,27,0.444,0,4,0.0,8,11,0.727,1,4,5,6,1,0,1,2,32,-10,1
22017,201566,0021700674,"Jan 20, 2018",OKC @ CLE,W,35,9,17,0.529,1,1,1.0,4,5,0.8,2,7,9,20,2,0,5,1,23,26,1
22017,201566,0021700660,"Jan 17, 2018",OKC vs. LAL,W,28,8,22,0.364,1,3,0.333,2,3,0.667,2,4,6,7,2,0,3,1,19,20,1
22017,201566,0021700643,"Jan 15, 2018",OKC vs. SAC,W,33,8,14,0.571,0,1,0.0,3,7,0.429,3,13,16,9,1,0,10,2,19,16,1
22017,201566,0021700629,"Jan 13, 2018",OKC @ CHA,W,37,10,27,0.37,0,3,0.0,5,7,0.714,2,8,10,7,2,1,3,1,25,5,1
22017,201566,0021700611,"Jan 10, 2018",OKC @ MIN,L,35,15,23,0.652,1,2,0.5,7,9,0.778,2,8,10,5,4,0,4,0,38,-13,1
22017,201566,0021700600,"Jan 09, 2018",OKC vs. POR,L,35,7,20,0.35,1,3,0.333,7,10,0.7,2,7,9,12,3,2,6,1,22,-13,1
22017,201566,0021700588,"Jan 07, 2018",OKC @ PHX,L,34,11,21,0.524,1,1,1.0,3,7,0.429,3,7,10,11,2,0,6,2,26,-10,1
22017,201566,0021700567,"Jan 04, 2018",OKC @ LAC,W,38,11,24,0.458,2,2,1.0,5,6,0.833,2,10,12,11,1,0,6,3,29,6,1
22017,201566,0021700565,"Jan 03, 2018",OKC @ LAL,W,28,10,17,0.588,0,0,0.0,0,0,0.0,0,6,6,12,1,0,2,0,20,26,1
22017,201566,0021700541,"Dec 31, 2017",OKC vs. DAL,L,37,17,28,0.607,0,4,0.0,4,7,0.571,1,14,15,11,1,0,2,2,38,0,1
22017,201566,0021700526,"Dec 29, 2017",OKC vs. MIL,L,40,16,34,0.471,2,9,0.222,6,9,0.667,3,11,14,9,1,0,5,4,40,0,1
22017,201566,0021700512,"Dec 27, 2017",OKC vs. TOR,W,35,11,22,0.5,0,1,0.0,8,10,0.8,2,6,8,13,2,0,7,1,30,26,1
22017,201566,0021700496,"Dec 25, 2017",OKC vs. HOU,W,37,12,24,0.5,0,1,0.0,7,8,0.875,0,6,6,11,3,0,5,3,31,11,1
22017,201566,0021700488,"Dec 23, 2017",OKC @ UTA,W,38,11,24,0.458,2,3,0.667,3,4,0.75,2,8,10,10,1,1,2,3,27,12,1
22017,201566,0021700477,"Dec 22, 2017",OKC vs. ATL,W,36,12,17,0.706,1,2,0.5,5,5,1.0,1,6,7,15,2,1,3,0,30,6,1
22017,201566,0021700460,"Dec 20, 2017",OKC vs. UTA,W,27,10,13,0.769,0,0,0.0,4,4,1.0,4,6,10,7,4,0,1,2,24,36,2
22017,201566,0021700447,"Dec 18, 2017",OKC vs. DEN,W,37,16,28,0.571,1,3,0.333,5,7,0.714,2,7,9,6,3,1,3,2,38,13,1
22017,201566,0021700431,"Dec 16, 2017",OKC @ NYK,L,36,9,18,0.5,0,3,0.0,7,10,0.7,2,5,7,7,2,0,4,3,25,-4,1
22017,201566,0021700421,"Dec 15, 2017",OKC @ PHI,W,52,10,33,0.303,2,5,0.4,5,12,0.417,5,12,17,15,2,0,6,1,27,-4,1
22017,201566,0021700404,"Dec 13, 2017",OKC @ IND,W,36,3,17,0.176,1,3,0.333,3,7,0.429,3,14,17,12,2,0,5,0,10,2,1
22017,201566,0021700394,"Dec 11, 2017",OKC vs. CHA,L,36,10,22,0.455,1,2,0.5,9,9,1.0,1,3,4,7,3,0,2,3,30,-12,1
22017,201566,0021700382,"Dec 09, 2017",OKC @ MEM,W,43,7,29,0.241,1,12,0.083,5,8,0.625,3,8,11,14,1,0,3,5,20,11,1
22017,201566,0021700365,"Dec 07, 2017",OKC @ BKN,L,36,10,27,0.37,2,6,0.333,9,12,0.75,0,8,8,6,0,0,3,4,31,-9,1
22017,201566,0021700351,"Dec 05, 2017",OKC vs. UTA,W,38,12,25,0.48,2,9,0.222,8,9,0.889,0,12,12,14,1,1,7,3,34,4,1
22017,201566,0021700337,"Dec 03, 2017",OKC vs. SAS,W,39,9,22,0.409,2,2,1.0,2,6,0.333,3,6,9,10,1,0,7,2,22,8,1
22017,201566,0021700324,"Dec 01, 2017",OKC vs. MIN,W,37,6,21,0.286,0,8,0.0,3,4,0.75,4,5,9,14,2,0,7,2,15,-3,2
22017,201566,0021700304,"Nov 29, 2017",OKC @ ORL,L,38,11,23,0.478,7,10,0.7,8,12,0.667,4,7,11,5,5,0,7,3,37,-5,1
22017,201566,0021700283,"Nov 25, 2017",OKC @ DAL,L,40,9,19,0.474,4,8,0.5,6,9,0.667,1,11,12,9,1,0,4,2,28,-2,1
22017,201566,0021700273,"Nov 24, 2017",OKC vs. DET,L,39,10,29,0.345,1,10,0.1,6,7,0.857,1,10,11,11,3,0,5,2,27,0,2
22017,201566,0021700263,"Nov 22, 2017",OKC vs. GSW,W,37,13,27,0.481,1,4,0.25,7,8,0.875,2,8,10,9,4,0,6,2,34,17,2
22017,201566,0021700248,"Nov 20, 2017",OKC @ NOP,L,39,6,19,0.316,2,7,0.286,8,10,0.8,3,13,16,12,3,0,3,3,22,9,1
22017,201566,0021700223,"Nov 17, 2017",OKC @ SAS,L,38,5,22,0.227,0,4,0.0,5,5,1.0,3,6,9,9,0,0,2,3,15,0,2
22017,201566,0021700212,"Nov 15, 2017",OKC vs. CHI,W,32,6,13,0.462,2,5,0.4,7,7,1.0,0,5,5,7,4,0,4,3,21,18,1
22017,201566,0021700191,"Nov 12, 2017",OKC vs. DAL,W,33,6,18,0.333,3,5,0.6,12,13,0.923,0,6,6,5,3,0,4,2,27,14,1
22017,201566,0021700172,"Nov 10, 2017",OKC vs. LAC,W,34,8,16,0.5,1,3,0.333,5,6,0.833,1,2,3,8,3,0,4,3,22,19,1
22017,201566,0021700168,"Nov 09, 2017",OKC @ DEN,L,35,6,22,0.273,1,6,0.167,0,3,0.0,4,3,7,5,3,0,3,2,13,-9,1
22017,201566,0021700158,"Nov 07, 2017",OKC @ SAC,L,37,7,21,0.333,2,8,0.25,4,5,0.8,0,12,12,6,3,0,7,2,20,2,1
22017,201566,0021700144,"Nov 05, 2017",OKC @ POR,L,36,10,25,0.4,3,10,0.3,2,7,0.286,0,6,6,9,2,0,1,4,25,-15,1
22017,201566,0021700129,"Nov 03, 2017",OKC vs. BOS,L,38,7,20,0.35,3,7,0.429,2,2,1.0,1,5,6,11,1,0,6,5,19,-7,1
22017,201566,0021700103,"Oct 31, 2017",OKC @ MIL,W,27,5,12,0.417,0,2,0.0,2,3,0.667,1,9,10,10,0,0,4,2,12,13,2
22017,201566,0021700079,"Oct 28, 2017",OKC @ CHI,W,28,5,13,0.385,0,2,0.0,2,3,0.667,2,11,13,13,2,0,2,2,12,26,1
22017,201566,0021700074,"Oct 27, 2017",OKC @ MIN,L,37,10,18,0.556,1,3,0.333,6,8,0.75,1,7,8,9,2,0,8,5,27,-13,1
22017,201566,0021700060,"Oct 25, 2017",OKC vs. IND,W,35,10,18,0.556,2,4,0.5,6,10,0.6,1,9,10,16,3,0,7,3,28,27,1
22017,201566,0021700039,"Oct 22, 2017",OKC vs. MIN,L,37,12,24,0.5,5,8,0.625,2,4,0.5,0,5,5,10,0,1,2,0,31,-17,1
22017,201566,0021700036,"Oct 21, 2017",OKC @ UTA,L,36,2,11,0.182,1,5,0.2,1,4,0.25,2,11,13,9,2,0,7,2,6,-18,1
22017,201566,0021700015,"Oct 19, 2017",OKC vs. NYK,W,33,7,12,0.583,0,1,0.0,7,10,0.7,2,8,10,16,0,1,7,4,21,29,1
22016,201566,0021601225,"Apr 12, 2017",OKC vs. DEN,L,18,2,10,0.2,1,5,0.2,0,0,0.0,0,5,5,8,0,1,3,2,5,-5,1
22016,201566,0021601198,"Apr 09, 2017",OKC @ DEN,W,37,17,32,0.531,5,12,0.417,11,11,1.0,2,14,16,10,1,0,2,1,50,10,1
22016,201566,0021601186,"Apr 07, 2017",OKC @ PHX,L,36,6,25,0.24,2,12,0.167,9,9,1.0,6,6,12,8,0,1,8,5,23,-15,1
22016,201566,0021601167,"Apr 05, 2017",OKC @ MEM,W,38,14,25,0.56,8,13,0.615,9,12,0.75,0,9,9,10,4,0,7,4,45,3,1
22016,201566,0021601159,"Apr 04, 2017",OKC vs. MIL,W,27,4,12,0.333,2,4,0.5,2,2,1.0,3,10,13,13,2,0,3,2,12,19,1
22016,201566,0021601142,"Apr 02, 2017",OKC vs. CHA,L,36,14,31,0.452,7,15,0.467,5,5,1.0,1,12,13,10,2,0,8,1,40,-6,1
22016,201566,0021601135,"Mar 31, 2017",OKC vs. SAS,L,37,8,22,0.364,2,7,0.286,14,15,0.933,2,13,15,12,0,0,8,1,32,-10,1
22016,201566,0021601112,"Mar 29, 2017",OKC @ ORL,W,42,21,40,0.525,6,15,0.4,9,11,0.818,3,10,13,11,3,0,7,3,57,8,1
22016,201566,0021601100,"Mar 27, 2017",OKC @ DAL,W,36,15,30,0.5,2,9,0.222,5,5,1.0,0,13,13,10,2,0,6,0,37,12,1
22016,201566,0021601091,"Mar 26, 2017",OKC @ HOU,L,39,13,24,0.542,3,9,0.333,10,16,0.625,0,11,11,13,0,0,5,4,39,-14,1
22016,201566,0021601062,"Mar 22, 2017",OKC vs. PHI,W,28,6,6,1.0,0,0,0.0,6,6,1.0,0,11,11,14,0,2,5,1,18,21,1
22016,201566,0021601049,"Mar 20, 2017",OKC vs. GSW,L,27,4,16,0.25,1,6,0.167,6,7,0.857,0,8,8,7,2,0,5,4,15,-25,1
22016,201566,0021601028,"Mar 18, 2017",OKC vs. SAC,W,36,9,20,0.45,4,9,0.444,6,7,0.857,3,5,8,10,4,0,7,1,28,13,1
22016,201566,0021601015,"Mar 16, 2017",OKC @ TOR,W,28,8,17,0.471,4,8,0.5,4,4,1.0,0,10,10,16,1,0,2,2,24,26,1
22016,201566,0021601000,"Mar 14, 2017",OKC @ BKN,W,35,6,18,0.333,2,7,0.286,11,13,0.846,1,11,12,19,2,1,5,3,25,7,1
22016,201566,0021600973,"Mar 11, 2017",OKC vs. UTA,W,36,9,26,0.346,3,10,0.3,12,13,0.923,1,10,11,14,2,2,5,1,33,12,1
22016,201566,0021600962,"Mar 09, 2017",OKC vs. SAS,W,35,7,21,0.333,1,6,0.167,8,9,0.889,3,10,13,13,2,0,3,2,23,12,1
22016,201566,0021600946,"Mar 07, 2017",OKC vs. POR,L,36,21,39,0.538,3,9,0.333,13,16,0.813,1,2,3,9,3,1,4,4,58,7,1
22016,201566,0021600932,"Mar 05, 2017",OKC @ DAL,L,34,8,24,0.333,2,10,0.2,11,13,0.846,0,6,6,5,2,1,1,4,29,-14,1
22016,201566,0021600916,"Mar 03, 2017",OKC @ PHX,L,38,14,30,0.467,3,12,0.25,17,18,0.944,1,16,17,9,3,0,4,4,48,10,1
22016,201566,0021600908,"Mar 02, 2017",OKC @ POR,L,37,12,36,0.333,6,16,0.375,15,15,1.0,2,5,7,4,1,1,4,0,45,-7,1
22016,201566,0021600893,"Feb 28, 2017",OKC vs. UTA,W,39,13,28,0.464,6,9,0.667,11,12,0.917,0,11,11,10,0,0,8,1,43,9,1
22016,201566,0021600880,"Feb 26, 2017",OKC vs. NOP,W,37,14,29,0.483,2,8,0.25,11,12,0.917,2,9,11,11,1,0,9,2,41,3,1
22016,201566,0021600861,"Feb 24, 2017",OKC vs. LAL,W,35,4,18,0.222,1,5,0.2,8,9,0.889,2,16,18,17,3,0,6,1,17,19,1
22016,201566,0021600845,"Feb 15, 2017",OKC vs. NYK,W,38,13,22,0.591,3,5,0.6,9,13,0.692,3,11,14,12,3,1,6,0,38,13,1
22016,201566,0021600820,"Feb 13, 2017",OKC @ WAS,L,24,5,19,0.263,0,4,0.0,7,7,1.0,2,2,4,4,2,0,2,0,17,-36,1
22016,201566,0021600813,"Feb 11, 2017",OKC vs. GSW,L,37,14,26,0.538,3,10,0.3,16,18,0.889,1,10,11,8,1,0,11,5,47,-13,1
22016,201566,0021600796,"Feb 09, 2017",OKC vs. CLE,W,35,11,27,0.407,2,6,0.333,5,5,1.0,1,11,12,11,4,0,7,4,29,3,1
22016,201566,0021600770,"Feb 06, 2017",OKC @ IND,L,37,10,27,0.37,4,10,0.4,3,4,0.75,2,16,18,9,1,2,4,3,27,1,1
22016,201566,0021600767,"Feb 05, 2017",OKC vs. POR,W,35,16,34,0.471,1,6,0.167,9,11,0.818,1,3,4,8,0,0,4,3,42,7,1
22016,201566,0021600750,"Feb 03, 2017",OKC vs. MEM,W,38,8,20,0.4,5,7,0.714,17,17,1.0,2,11,13,12,3,0,5,2,38,17,1
22016,201566,0021600740,"Feb 01, 2017",OKC vs. CHI,L,29,10,23,0.435,2,7,0.286,6,8,0.75,1,4,5,8,2,1,3,1,28,-23,1
22016,201566,0021600727,"Jan 31, 2017",OKC @ SAS,L,34,7,17,0.412,3,7,0.429,10,10,1.0,1,5,6,14,1,0,6,4,27,8,1
22016,201566,0021600712,"Jan 29, 2017",OKC @ CLE,L,36,7,26,0.269,1,6,0.167,5,8,0.625,5,7,12,10,1,1,4,3,20,-18,1
22016,201566,0021600690,"Jan 26, 2017",OKC vs. DAL,W,35,16,29,0.552,4,8,0.5,9,11,0.818,1,7,8,3,2,0,4,2,45,19,1
22016,201566,0021600686,"Jan 25, 2017",OKC @ NOP,W,36,7,22,0.318,4,9,0.444,9,12,0.75,1,11,12,10,1,1,8,3,27,-1,1
22016,201566,0021600673,"Jan 23, 2017",OKC @ UTA,W,36,11,29,0.379,3,7,0.429,13,17,0.765,1,10,11,10,4,1,6,3,38,4,1
22016,201566,0021600634,"Jan 18, 2017",OKC @ GSW,L,35,8,23,0.348,1,6,0.167,10,11,0.909,4,11,15,13,2,2,10,5,27,-19,1
22016,201566,0021600621,"Jan 16, 2017",OKC @ LAC,L,29,7,19,0.368,2,7,0.286,8,9,0.889,1,4,5,4,2,0,4,2,24,-20,1
22016,201566,0021600610,"Jan 15, 2017",OKC @ SAC,W,36,11,21,0.524,4,5,0.8,10,11,0.909,2,9,11,10,4,0,7,1,36,-1,1
22016,201566,0021600596,"Jan 13, 2017",OKC @ MIN,L,36,7,23,0.304,1,10,0.1,6,7,0.857,3,8,11,12,2,0,10,3,21,-10,1
22016,201566,0021600581,"Jan 11, 2017",OKC vs. MEM,W,37,6,20,0.3,0,7,0.0,12,15,0.8,1,12,13,12,2,1,6,1,24,13,1
22016,201566,0021600569,"Jan 09, 2017",OKC @ CHI,W,33,9,18,0.5,1,7,0.143,2,3,0.667,0,9,9,14,1,0,4,2,21,10,1
22016,201566,0021600555,"Jan 07, 2017",OKC vs. DEN,W,35,10,20,0.5,7,12,0.583,5,6,0.833,2,15,17,11,3,0,5,3,32,24,1
22016,201566,0021600540,"Jan 05, 2017",OKC @ HOU,L,38,16,34,0.471,8,15,0.533,9,11,0.818,1,7,8,5,2,0,5,2,49,2,1
22016,201566,0021600529,"Jan 04, 2017",OKC @ CHA,L,34,10,31,0.323,2,12,0.167,11,13,0.846,3,12,15,8,2,1,4,5,33,-8,1
22016,201566,0021600513,"Jan 02, 2017",OKC @ MIL,L,36,9,28,0.321,2,10,0.2,10,11,0.909,0,7,7,6,3,0,5,3,30,3,1
22016,201566,0021600507,"Dec 31, 2016",OKC vs. LAC,W,29,6,11,0.545,0,2,0.0,5,6,0.833,0,12,12,14,2,0,1,0,17,26,1
22016,201566,0021600487,"Dec 29, 2016",OKC @ MEM,L,23,6,19,0.316,2,6,0.333,7,10,0.7,2,3,5,0,2,0,6,3,21,-13,1
22016,201566,0021600473,"Dec 27, 2016",OKC @ MIA,W,37,11,22,0.5,0,1,0.0,7,10,0.7,0,17,17,11,0,0,7,0,29,12,1
22016,201566,0021600459,"Dec 25, 2016",OKC vs. MIN,W,33,11,25,0.44,1,4,0.25,8,9,0.889,3,4,7,15,1,1,5,2,31,12,1
22016,201566,0021600445,"Dec 23, 2016",OKC @ BOS,W,35,13,25,0.52,5,7,0.714,14,16,0.875,1,10,11,11,1,0,4,1,45,10,1
22016,201566,0021600433,"Dec 21, 2016",OKC @ NOP,W,34,12,26,0.462,2,7,0.286,16,18,0.889,1,9,10,7,1,0,4,2,42,-4,1
22016,201566,0021600415,"Dec 19, 2016",OKC vs. ATL,L,35,16,33,0.485,3,10,0.3,11,13,0.846,2,9,11,7,1,0,4,2,46,-2,1
22016,201566,0021600399,"Dec 17, 2016",OKC vs. PHX,W,34,9,17,0.529,1,2,0.5,7,7,1.0,0,11,11,22,2,1,5,3,26,16,1
22016,201566,0021600382,"Dec 14, 2016",OKC @ UTA,L,31,7,25,0.28,2,5,0.4,11,13,0.846,1,5,6,5,1,0,5,4,27,-6,1
22016,201566,0021600373,"Dec 13, 2016",OKC @ POR,L,27,7,19,0.368,2,5,0.4,4,4,1.0,2,4,6,6,0,0,4,1,20,-10,1
22016,201566,0021600357,"Dec 11, 2016",OKC vs. BOS,W,36,14,26,0.538,2,5,0.4,7,12,0.583,3,9,12,6,2,0,7,3,37,9,1
22016,201566,0021600341,"Dec 09, 2016",OKC vs. HOU,L,36,8,25,0.32,0,7,0.0,11,12,0.917,1,9,10,10,3,0,8,3,27,-2,1
22016,201566,0021600307,"Dec 05, 2016",OKC @ ATL,W,34,10,22,0.455,3,8,0.375,9,14,0.643,1,12,13,12,1,1,4,1,32,-4,1
22016,201566,0021600301,"Dec 04, 2016",OKC vs. NOP,W,38,10,23,0.435,2,8,0.25,6,9,0.667,1,16,17,12,1,0,10,1,28,13,1
22016,201566,0021600270,"Nov 30, 2016",OKC vs. WAS,W,41,12,35,0.343,1,6,0.167,10,10,1.0,4,10,14,11,2,0,5,3,35,4,1
22016,201566,0021600255,"Nov 28, 2016",OKC @ NYK,W,36,9,23,0.391,2,3,0.667,7,7,1.0,5,12,17,14,2,0,7,3,27,5,1
22016,201566,0021600242,"Nov 26, 2016",OKC vs. DET,W,37,8,22,0.364,0,5,0.0,1,2,0.5,3,10,13,15,1,1,5,2,17,14,1
22016,201566,0021600235,"Nov 25, 2016",OKC @ DEN,W,41,9,25,0.36,3,4,0.75,15,17,0.882,1,10,11,17,1,1,7,3,36,10,1
22016,201566,0021600224,"Nov 23, 2016",OKC @ SAC,L,35,7,18,0.389,1,5,0.2,16,19,0.842,1,10,11,9,2,0,3,1,31,-7,1
22016,201566,0021600211,"Nov 22, 2016",OKC @ LAL,L,36,13,30,0.433,4,9,0.444,4,5,0.8,3,5,8,13,2,0,8,3,34,9,1
22016,201566,0021600195,"Nov 20, 2016",OKC vs. IND,L,40,13,34,0.382,2,8,0.25,3,5,0.6,5,6,11,15,1,0,7,3,31,-18,1
22016,201566,0021600178,"Nov 18, 2016",OKC vs. BKN,W,34,13,21,0.619,0,1,0.0,4,5,0.8,3,7,10,13,1,0,3,0,30,21,1
22016,201566,0021600164,"Nov 16, 2016",OKC vs. HOU,W,36,9,20,0.45,2,4,0.5,10,11,0.909,1,6,7,9,2,0,6,0,30,12,1
22016,201566,0021600147,"Nov 14, 2016",OKC @ DET,L,34,11,21,0.524,0,2,0.0,11,12,0.917,2,13,15,8,0,0,7,4,33,-7,1
22016,201566,0021600141,"Nov 13, 2016",OKC vs. ORL,L,38,14,21,0.667,0,3,0.0,13,18,0.722,2,10,12,16,0,0,2,2,41,9,1
22016,201566,0021600126,"Nov 11, 2016",OKC vs. LAC,L,35,9,25,0.36,3,5,0.6,8,9,0.889,1,13,14,9,1,0,4,5,29,-5,1
22016,201566,0021600112,"Nov 09, 2016",OKC vs. TOR,L,39,9,26,0.346,3,12,0.25,15,18,0.833,2,5,7,7,1,2,8,2,36,-3,1
22016,201566,0021600097,"Nov 07, 2016",OKC vs. MIA,W,27,5,16,0.313,1,6,0.167,3,3,1.0,2,3,5,11,0,0,5,2,14,24,1
22016,201566,0021600079,"Nov 05, 2016",OKC vs. MIN,W,28,9,18,0.5,4,5,0.8,6,8,0.75,2,4,6,8,3,0,2,3,28,24,1
22016,201566,0021600069,"Nov 03, 2016",OKC @ GSW,L,29,4,15,0.267,2,4,0.5,10,14,0.714,1,5,6,10,1,2,6,3,20,-9,1
22016,201566,0021600064,"Nov 02, 2016",OKC @ LAC,W,33,14,30,0.467,0,7,0.0,7,9,0.778,1,5,6,5,3,0,10,4,35,12,1
22016,201566,0021600040,"Oct 30, 2016",OKC vs. LAL,W,34,11,21,0.524,5,6,0.833,6,6,1.0,4,7,11,16,1,1,7,3,33,10,1
22016,201566,0021600021,"Oct 28, 2016",OKC vs. PHX,W,45,17,44,0.386,2,10,0.2,15,20,0.75,3,10,13,10,2,0,5,3,51,7,1
22016,201566,0021600011,"Oct 26, 2016",OKC @ PHI,W,36,11,21,0.524,1,2,0.5,9,11,0.818,1,11,12,9,0,0,2,2,32,8,1
22015,201566,0021501209,"Apr 11, 2016",OKC vs. LAL,W,28,5,13,0.385,0,5,0.0,3,5,0.6,0,10,10,14,1,0,3,2,13,27,1
22015,201566,0021501193,"Apr 09, 2016",OKC @ SAC,L,34,7,15,0.467,1,5,0.2,9,10,0.9,1,4,5,10,1,0,8,5,24,3,1
22015,201566,0021501160,"Apr 05, 2016",OKC @ DEN,W,27,4,9,0.444,2,4,0.5,3,5,0.6,3,11,14,12,2,0,5,1,13,26,1
22015,201566,0021501145,"Apr 03, 2016",OKC @ HOU,L,37,8,15,0.533,1,4,0.25,6,7,0.857,3,10,13,9,2,0,8,3,23,-8,1
22015,201566,0021501126,"Mar 31, 2016",OKC vs. LAC,W,36,8,18,0.444,3,7,0.429,7,7,1.0,1,7,8,11,4,0,5,0,26,-4,1
22015,201566,0021501110,"Mar 29, 2016",OKC @ DET,L,35,8,28,0.286,2,8,0.25,6,9,0.667,2,2,4,6,1,0,3,4,24,-20,1
22015,201566,0021501098,"Mar 28, 2016",OKC @ TOR,W,34,10,16,0.625,1,3,0.333,5,8,0.625,3,7,10,12,1,0,3,1,26,35,1
22015,201566,0021501088,"Mar 26, 2016",OKC vs. SAS,W,34,10,18,0.556,0,2,0.0,9,9,1.0,2,4,6,8,1,0,2,1,29,30,1
22015,201566,0021501071,"Mar 24, 2016",OKC vs. UTA,W,27,6,15,0.4,1,3,0.333,2,3,0.667,1,6,7,9,3,0,2,1,15,16,1
22015,201566,0021501054,"Mar 22, 2016",OKC vs. HOU,W,37,7,18,0.389,0,7,0.0,7,8,0.875,3,9,12,15,1,0,4,1,21,-5,1
22015,201566,0021501031,"Mar 19, 2016",OKC @ IND,W,36,4,17,0.235,3,9,0.333,3,4,0.75,3,8,11,14,1,0,7,4,14,-2,1
22015,201566,0021501021,"Mar 18, 2016",OKC @ PHI,W,32,8,20,0.4,2,5,0.4,2,4,0.5,3,12,15,10,1,2,5,2,20,27,1
22015,201566,0021501003,"Mar 16, 2016",OKC @ BOS,W,26,8,16,0.5,4,7,0.571,4,8,0.5,1,4,5,5,3,0,2,1,24,15,1
22015,201566,0021500993,"Mar 14, 2016",OKC vs. POR,W,28,7,11,0.636,0,0,0.0,3,6,0.5,2,8,10,16,2,1,0,2,17,16,1
22015,201566,0021500979,"Mar 12, 2016",OKC @ SAS,L,38,5,16,0.313,1,4,0.25,8,10,0.8,3,3,6,7,2,0,9,3,19,-1,1
22015,201566,0021500968,"Mar 11, 2016",OKC vs. MIN,L,37,8,19,0.421,3,6,0.5,7,8,0.875,0,4,4,8,0,0,5,4,26,-10,1
22015,201566,0021500955,"Mar 09, 2016",OKC vs. LAC,W,37,9,15,0.6,0,2,0.0,7,7,1.0,2,9,11,19,2,1,7,2,25,0,1
22015,201566,0021500930,"Mar 06, 2016",OKC @ MIL,W,39,3,7,0.429,1,3,0.333,8,11,0.727,2,8,10,11,1,1,7,4,15,15,1
22015,201566,0021500911,"Mar 03, 2016",OKC @ GSW,L,36,8,24,0.333,1,8,0.125,5,7,0.714,1,5,6,7,0,1,2,4,22,-6,1
22015,201566,0021500907,"Mar 02, 2016",OKC @ LAC,L,37,8,21,0.381,2,7,0.286,6,6,1.0,0,6,6,12,1,0,5,4,24,-7,1
22015,201566,0021500889,"Feb 29, 2016",OKC @ SAC,W,35,6,8,0.75,2,3,0.667,6,7,0.857,2,11,13,15,3,0,7,2,20,2,1
22015,201566,0021500874,"Feb 27, 2016",OKC vs. GSW,L,42,10,29,0.345,0,6,0.0,6,8,0.75,3,4,7,13,2,0,7,4,26,-5,1
22015,201566,0021500857,"Feb 25, 2016",OKC @ NOP,L,38,15,25,0.6,3,5,0.6,11,14,0.786,2,2,4,9,0,0,2,3,44,6,1
22015,201566,0021500852,"Feb 24, 2016",OKC @ DAL,W,36,8,17,0.471,2,5,0.4,6,6,1.0,2,5,7,13,0,0,2,4,24,9,1
22015,201566,0021500824,"Feb 21, 2016",OKC vs. CLE,L,33,7,15,0.467,1,3,0.333,5,6,0.833,3,6,9,11,1,0,1,3,20,-16,1
22015,201566,0021500812,"Feb 19, 2016",OKC vs. IND,L,37,10,17,0.588,1,4,0.25,2,2,1.0,0,3,3,18,2,1,2,2,23,-4,1
22015,201566,0021500802,"Feb 11, 2016",OKC vs. NOP,W,28,8,14,0.571,2,5,0.4,5,6,0.833,1,8,9,10,0,0,2,2,23,19,1
22015,201566,0021500783,"Feb 08, 2016",OKC @ PHX,W,36,8,19,0.421,2,5,0.4,11,12,0.917,3,5,8,8,2,0,6,4,29,1,1
22015,201566,0021500769,"Feb 06, 2016",OKC @ GSW,L,37,8,22,0.364,2,4,0.5,9,9,1.0,2,1,3,12,3,0,3,4,27,-5,1
22015,201566,0021500740,"Feb 03, 2016",OKC vs. ORL,W,38,10,18,0.556,0,1,0.0,4,4,1.0,7,12,19,14,2,0,2,1,24,10,1
22015,201566,0021500725,"Feb 01, 2016",OKC vs. WAS,W,36,8,13,0.615,0,3,0.0,1,1,1.0,1,12,13,11,1,0,5,2,17,14,1
22015,201566,0021500701,"Jan 29, 2016",OKC vs. HOU,W,37,9,21,0.429,1,2,0.5,7,10,0.7,1,9,10,14,1,1,8,3,26,6,1
22015,201566,0021500688,"Jan 27, 2016",OKC @ MIN,W,37,7,13,0.538,3,4,0.75,7,7,1.0,2,6,8,15,0,0,4,3,24,1,1
22015,201566,0021500679,"Jan 26, 2016",OKC @ NYK,W,44,13,24,0.542,0,2,0.0,4,5,0.8,2,6,8,10,3,0,5,3,30,18,1
22015,201566,0021500664,"Jan 24, 2016",OKC @ BKN,L,40,12,27,0.444,1,4,0.25,2,5,0.4,2,9,11,7,1,0,3,1,27,-15,1
22015,201566,0021500651,"Jan 22, 2016",OKC @ DAL,W,35,8,19,0.421,0,4,0.0,0,0,0.0,3,5,8,7,2,1,4,4,16,-9,1
22015,201566,0021500636,"Jan 20, 2016",OKC vs. CHA,W,27,5,14,0.357,0,3,0.0,6,7,0.857,1,7,8,15,5,0,5,2,16,18,1
22015,201566,0021500627,"Jan 19, 2016",OKC @ DEN,W,39,10,22,0.455,1,6,0.167,6,9,0.667,4,1,5,12,3,0,4,5,27,5,1
22015,201566,0021500611,"Jan 17, 2016",OKC vs. MIA,W,33,5,16,0.313,1,4,0.25,2,2,1.0,3,7,10,15,2,0,3,2,13,15,1
22015,201566,0021500594,"Jan 15, 2016",OKC vs. MIN,W,27,6,10,0.6,0,1,0.0,0,0,0.0,3,8,11,10,2,0,2,4,12,21,1
22015,201566,0021500582,"Jan 13, 2016",OKC vs. DAL,W,15,0,3,0.0,0,0,0.0,0,4,0.0,1,6,7,8,2,0,1,0,0,20,1
22015,201566,0021500574,"Jan 12, 2016",OKC @ MIN,W,33,8,15,0.533,2,4,0.5,4,6,0.667,1,6,7,11,3,0,7,3,22,11,1
22015,201566,0021500564,"Jan 10, 2016",OKC @ POR,L,38,7,19,0.368,2,4,0.5,9,11,0.818,1,8,9,15,3,0,4,6,25,3,1
22015,201566,0021500549,"Jan 08, 2016",OKC @ LAL,W,35,11,24,0.458,1,4,0.25,13,16,0.813,3,9,12,7,1,0,6,1,36,1,1
22015,201566,0021500534,"Jan 06, 2016",OKC vs. MEM,W,30,7,17,0.412,0,2,0.0,6,6,1.0,2,5,7,7,2,0,3,3,20,15,1
22015,201566,0021500517,"Jan 04, 2016",OKC vs. SAC,L,41,6,23,0.261,2,9,0.222,3,3,1.0,1,7,8,15,1,0,7,4,17,5,1
22015,201566,0021500497,"Jan 02, 2016",OKC @ CHA,W,31,4,15,0.267,1,3,0.333,7,8,0.875,1,5,6,7,1,0,2,2,16,16,1
22015,201566,0021500488,"Dec 31, 2015",OKC vs. PHX,W,34,12,19,0.632,1,3,0.333,11,11,1.0,0,1,1,12,5,1,2,1,36,11,1
22015,201566,0021500472,"Dec 29, 2015",OKC vs. MIL,W,35,10,22,0.455,0,2,0.0,7,8,0.875,1,6,7,7,5,0,3,1,27,5,1
22015,201566,0021500456,"Dec 27, 2015",OKC vs. DEN,W,38,11,18,0.611,2,3,0.667,6,6,1.0,1,8,9,12,1,0,4,0,30,14,1
22015,201566,0021500437,"Dec 25, 2015",OKC vs. CHI,L,40,9,23,0.391,1,7,0.143,7,13,0.538,1,6,7,8,6,0,6,3,26,-5,1
22015,201566,0021500435,"Dec 23, 2015",OKC @ LAL,W,30,10,19,0.526,0,1,0.0,3,5,0.6,3,5,8,8,2,0,2,2,23,33,1
22015,201566,0021500418,"Dec 21, 2015",OKC @ LAC,W,37,11,25,0.44,2,5,0.4,9,11,0.818,1,4,5,7,3,0,1,4,33,8,1
22015,201566,0021500398,"Dec 19, 2015",OKC vs. LAL,W,28,5,11,0.455,0,1,0.0,3,6,0.5,0,1,1,11,1,0,4,2,13,18,1
22015,201566,0021500384,"Dec 17, 2015",OKC @ CLE,L,34,10,18,0.556,1,3,0.333,6,6,1.0,0,3,3,10,3,0,4,4,27,-4,1
22015,201566,0021500378,"Dec 16, 2015",OKC vs. POR,W,27,5,15,0.333,0,3,0.0,3,3,1.0,1,2,3,5,2,2,3,2,13,12,1
22015,201566,0021500356,"Dec 13, 2015",OKC vs. UTA,W,40,9,25,0.36,0,4,0.0,7,9,0.778,2,9,11,5,2,2,1,2,25,19,1
22015,201566,0021500341,"Dec 11, 2015",OKC @ UTA,W,35,8,19,0.421,2,4,0.5,6,6,1.0,1,6,7,7,2,0,3,2,24,8,1
22015,201566,0021500331,"Dec 10, 2015",OKC vs. ATL,W,38,8,17,0.471,3,4,0.75,4,6,0.667,2,4,6,10,3,0,2,2,23,15,1
22015,201566,0021500316,"Dec 08, 2015",OKC @ MEM,W,25,5,7,0.714,1,2,0.5,2,2,1.0,1,4,5,16,2,0,3,1,13,26,1
22015,201566,0021500303,"Dec 06, 2015",OKC vs. SAC,W,38,7,13,0.538,1,3,0.333,4,5,0.8,0,11,11,10,3,0,3,2,19,13,1
22015,201566,0021500277,"Dec 03, 2015",OKC @ MIA,L,34,8,18,0.444,0,3,0.0,9,9,1.0,1,4,5,6,1,0,7,1,25,8,1
22015,201566,0021500256,"Nov 30, 2015",OKC @ ATL,L,36,11,24,0.458,1,5,0.2,11,11,1.0,2,9,11,7,2,0,6,3,34,-2,1
22015,201566,0021500234,"Nov 27, 2015",OKC vs. DET,W,29,5,14,0.357,1,3,0.333,3,5,0.6,2,2,4,4,1,0,11,6,14,9,1
22015,201566,0021500223,"Nov 25, 2015",OKC vs. BKN,W,35,10,16,0.625,0,3,0.0,7,8,0.875,1,5,6,13,5,0,3,1,27,16,1
22015,201566,0021500208,"Nov 23, 2015",OKC @ UTA,W,27,5,10,0.5,0,2,0.0,10,10,1.0,2,5,7,9,1,0,4,3,20,9,1
22015,201566,0021500199,"Nov 22, 2015",OKC vs. DAL,W,37,12,22,0.545,2,5,0.4,5,6,0.833,0,5,5,11,5,1,7,1,31,4,1
22015,201566,0021500183,"Nov 20, 2015",OKC vs. NYK,L,38,11,29,0.379,2,10,0.2,10,12,0.833,3,4,7,7,4,1,3,4,34,4,1
22015,201566,0021500171,"Nov 18, 2015",OKC vs. NOP,W,36,14,25,0.56,0,3,0.0,15,20,0.75,3,6,9,8,1,1,4,1,43,-5,1
22015,201566,0021500155,"Nov 16, 2015",OKC @ MEM,L,39,13,19,0.684,5,8,0.625,9,13,0.692,1,3,4,14,3,0,8,1,40,2,1
22015,201566,0021500149,"Nov 15, 2015",OKC vs. BOS,L,33,5,20,0.25,2,10,0.2,15,17,0.882,1,3,4,5,3,2,4,4,27,-7,1
22015,201566,0021500134,"Nov 13, 2015",OKC vs. PHI,W,35,8,22,0.364,2,6,0.333,3,4,0.75,4,13,17,11,3,0,6,1,21,16,1
22015,201566,0021500107,"Nov 10, 2015",OKC @ WAS,W,28,7,17,0.412,3,4,0.75,5,6,0.833,2,9,11,11,1,0,5,0,22,23,1
22015,201566,0021500097,"Nov 08, 2015",OKC vs. PHX,W,34,9,20,0.45,0,3,0.0,3,4,0.75,4,2,6,13,4,0,2,3,21,26,1
22015,201566,0021500070,"Nov 05, 2015",OKC @ CHI,L,39,7,18,0.389,0,2,0.0,6,6,1.0,2,6,8,10,1,0,2,2,20,8,1
22015,201566,0021500066,"Nov 04, 2015",OKC vs. TOR,L,35,8,21,0.381,3,9,0.333,3,4,0.75,0,5,5,16,2,0,8,4,22,3,1
22015,201566,0021500049,"Nov 02, 2015",OKC @ HOU,L,32,10,16,0.625,3,6,0.5,2,2,1.0,2,6,8,11,2,0,7,5,25,4,1
22015,201566,0021500044,"Nov 01, 2015",OKC vs. DEN,W,25,7,13,0.538,1,4,0.25,0,0,0.0,2,7,9,8,3,0,4,0,15,22,1
22015,201566,0021500022,"Oct 30, 2015",OKC @ ORL,W,48,17,36,0.472,1,5,0.2,13,16,0.813,5,6,11,8,1,1,6,3,48,2,1
22015,201566,0021500013,"Oct 28, 2015",OKC vs. SAS,W,37,12,23,0.522,3,6,0.5,6,7,0.857,1,1,2,10,2,0,5,3,33,7,1
22014,201566,0021401222,"Apr 15, 2015",OKC @ MIN,W,32,11,20,0.55,2,5,0.4,13,17,0.765,0,8,8,7,2,0,4,2,37,23,1
22014,201566,0021401209,"Apr 13, 2015",OKC vs. POR,W,38,13,27,0.481,2,5,0.4,8,8,1.0,2,9,11,7,2,0,5,5,36,16,1
22014,201566,0021401197,"Apr 12, 2015",OKC @ IND,L,40,21,43,0.488,5,15,0.333,7,11,0.636,1,8,9,8,1,0,2,5,54,-4,1
22014,201566,0021401183,"Apr 10, 2015",OKC vs. SAC,W,38,11,19,0.579,1,4,0.25,4,4,1.0,1,4,5,10,0,0,4,3,27,12,1
22014,201566,0021401157,"Apr 07, 2015",OKC vs. SAS,L,26,7,16,0.438,1,2,0.5,2,4,0.5,0,2,2,2,6,0,4,3,17,-20,1
22014,201566,0021401147,"Apr 05, 2015",OKC vs. HOU,L,41,12,29,0.414,4,11,0.364,12,15,0.8,1,10,11,13,0,0,4,5,40,2,1
22014,201566,0021401132,"Apr 03, 2015",OKC @ MEM,L,38,5,20,0.25,0,3,0.0,8,13,0.615,3,4,7,7,1,1,5,2,18,-10,1
22014,201566,0021401120,"Apr 01, 2015",OKC vs. DAL,L,44,10,32,0.313,2,11,0.182,9,11,0.818,3,8,11,11,1,0,6,4,31,-3,1
22014,201566,0021401100,"Mar 29, 2015",OKC @ PHX,W,38,10,29,0.345,1,7,0.143,12,14,0.857,2,7,9,7,3,1,4,3,33,8,1
22014,201566,0021401090,"Mar 28, 2015",OKC @ UTA,L,41,12,29,0.414,3,9,0.333,10,12,0.833,1,7,8,6,0,0,9,4,37,0,1
22014,201566,0021401071,"Mar 25, 2015",OKC @ SAS,L,26,5,16,0.313,0,3,0.0,6,6,1.0,1,3,4,7,2,0,4,1,16,-30,1
22014,201566,0021401056,"Mar 24, 2015",OKC vs. LAL,W,30,9,17,0.529,2,3,0.667,7,8,0.875,0,2,2,11,2,1,2,3,27,12,1
22014,201566,0021401038,"Mar 22, 2015",OKC vs. MIA,W,34,5,16,0.313,1,4,0.25,1,2,0.5,3,6,9,17,4,2,5,3,12,11,1
22014,201566,0021401026,"Mar 20, 2015",OKC vs. ATL,W,44,8,24,0.333,3,6,0.5,17,17,1.0,2,8,10,14,1,0,6,3,36,14,1
22014,201566,0021401011,"Mar 18, 2015",OKC vs. BOS,W,40,8,26,0.308,1,6,0.167,19,22,0.864,2,3,5,10,5,0,7,5,36,7,1
22014,201566,0021400996,"Mar 16, 2015",OKC @ DAL,L,36,7,17,0.412,1,4,0.25,9,10,0.9,1,7,8,12,4,1,7,6,24,-3,1
22014,201566,0021400982,"Mar 15, 2015",OKC vs. CHI,W,41,12,27,0.444,2,6,0.333,10,13,0.769,1,10,11,6,1,0,4,1,36,13,1
22014,201566,0021400971,"Mar 13, 2015",OKC vs. MIN,W,35,11,24,0.458,3,6,0.5,4,4,1.0,4,6,10,12,2,0,8,1,29,18,1
22014,201566,0021400957,"Mar 11, 2015",OKC vs. LAC,L,36,5,14,0.357,3,6,0.5,11,13,0.846,2,7,9,7,2,0,10,4,24,-22,1
22014,201566,0021400936,"Mar 08, 2015",OKC vs. TOR,W,40,9,21,0.429,1,4,0.25,11,13,0.846,3,8,11,17,4,1,9,1,30,5,1
22014,201566,0021400909,"Mar 05, 2015",OKC @ CHI,L,38,14,32,0.438,3,5,0.6,12,15,0.8,2,6,8,7,2,0,5,3,43,-8,1
22014,201566,0021400904,"Mar 04, 2015",OKC vs. PHI,W,42,16,33,0.485,1,4,0.25,16,20,0.8,3,12,15,10,3,1,4,3,49,-12,1
22014,201566,0021400869,"Feb 27, 2015",OKC @ POR,L,37,14,32,0.438,0,1,0.0,12,14,0.857,5,8,13,11,1,0,6,1,40,-12,1
22014,201566,0021400855,"Feb 26, 2015",OKC @ PHX,L,43,12,38,0.316,1,10,0.1,14,16,0.875,3,11,14,11,3,0,4,3,39,4,1
22014,201566,0021400840,"Feb 24, 2015",OKC vs. IND,W,28,8,19,0.421,1,3,0.333,3,3,1.0,0,11,11,10,1,0,5,1,20,0,1
22014,201566,0021400826,"Feb 22, 2015",OKC vs. DEN,W,27,8,12,0.667,2,3,0.667,3,5,0.6,1,7,8,17,0,0,2,1,21,33,1
22014,201566,0021400816,"Feb 21, 2015",OKC @ CHA,W,35,12,27,0.444,0,3,0.0,9,9,1.0,2,5,7,10,1,0,6,2,33,2,1
22014,201566,0021400801,"Feb 19, 2015",OKC vs. DAL,W,36,9,17,0.529,2,4,0.5,14,14,1.0,2,3,5,10,2,0,6,3,34,17,1
22014,201566,0021400795,"Feb 11, 2015",OKC vs. MEM,W,32,4,15,0.267,1,3,0.333,15,15,1.0,1,8,9,9,1,0,4,1,24,21,1
22014,201566,0021400782,"Feb 09, 2015",OKC @ DEN,W,32,8,14,0.571,1,2,0.5,9,12,0.75,1,4,5,9,0,0,1,1,26,11,1
22014,201566,0021400765,"Feb 08, 2015",OKC vs. LAC,W,32,6,19,0.316,1,4,0.25,6,6,1.0,2,9,11,5,1,0,5,2,19,18,1
22014,201566,0021400755,"Feb 06, 2015",OKC vs. NOP,L,40,15,28,0.536,3,5,0.6,15,15,1.0,3,6,9,11,4,0,3,4,48,5,1
22014,201566,0021400738,"Feb 04, 2015",OKC @ NOP,W,40,18,31,0.581,2,6,0.333,7,9,0.778,0,6,6,6,1,1,6,2,45,16,1
22014,201566,0021400723,"Feb 02, 2015",OKC vs. ORL,W,38,8,15,0.533,1,3,0.333,8,8,1.0,1,10,11,14,4,1,2,1,25,3,1
22014,201566,0021400710,"Jan 31, 2015",OKC @ MEM,L,32,5,16,0.313,1,3,0.333,3,4,0.75,1,5,6,5,0,0,3,4,14,-7,1
22014,201566,0021400688,"Jan 28, 2015",OKC @ NYK,L,35,13,30,0.433,2,8,0.25,12,12,1.0,0,4,4,4,2,1,4,1,40,-15,1
22014,201566,0021400672,"Jan 26, 2015",OKC vs. MIN,W,31,7,22,0.318,0,3,0.0,4,6,0.667,1,3,4,5,1,0,4,2,18,0,1
22014,201566,0021400658,"Jan 25, 2015",OKC @ CLE,L,40,7,26,0.269,3,6,0.5,5,7,0.714,4,5,9,11,2,1,2,3,22,3,1
22014,201566,0021400642,"Jan 23, 2015",OKC @ ATL,L,36,8,16,0.5,2,4,0.5,4,6,0.667,1,2,3,11,3,0,4,3,22,-6,1
22014,201566,0021400633,"Jan 21, 2015",OKC @ WAS,W,42,12,28,0.429,0,4,0.0,8,10,0.8,2,6,8,8,1,0,3,4,32,1,1
22014,201566,0021400623,"Jan 20, 2015",OKC @ MIA,W,35,8,17,0.471,0,2,0.0,3,4,0.75,5,5,10,6,4,0,3,2,19,2,1
22014,201566,0021400609,"Jan 18, 2015",OKC @ ORL,W,24,7,12,0.583,0,3,0.0,3,6,0.5,1,0,1,6,1,1,4,2,17,15,1
22014,201566,0021400593,"Jan 16, 2015",OKC vs. GSW,W,36,7,19,0.368,1,4,0.25,2,4,0.5,3,12,15,16,4,0,3,4,17,19,1
22014,201566,0021400584,"Jan 15, 2015",OKC @ HOU,L,38,6,13,0.462,1,3,0.333,3,4,0.75,3,5,8,8,5,0,8,5,16,-11,1
22014,201566,0021400542,"Jan 09, 2015",OKC vs. UTA,W,38,9,17,0.529,1,1,1.0,6,6,1.0,1,3,4,12,3,0,3,3,25,22,1
22014,201566,0021400532,"Jan 07, 2015",OKC @ SAC,L,27,3,19,0.158,0,5,0.0,4,5,0.8,3,4,7,4,1,0,7,4,10,-23,1
22014,201566,0021400518,"Jan 05, 2015",OKC @ GSW,L,29,5,21,0.238,1,5,0.2,11,14,0.786,4,3,7,5,1,0,2,2,22,-13,1
22014,201566,0021400489,"Jan 02, 2015",OKC vs. WAS,W,30,8,23,0.348,0,3,0.0,6,7,0.857,0,3,3,6,2,0,2,5,22,-9,1
22014,201566,0021400480,"Dec 31, 2014",OKC vs. PHX,W,17,5,13,0.385,1,2,0.5,9,10,0.9,2,2,4,4,1,0,1,1,20,2,1
22014,201566,0021400455,"Dec 28, 2014",OKC @ DAL,L,36,6,23,0.261,0,1,0.0,6,9,0.667,3,6,9,9,5,0,5,5,18,-8,1
22014,201566,0021400438,"Dec 26, 2014",OKC vs. CHA,W,25,11,21,0.524,1,1,1.0,6,6,1.0,1,1,2,5,2,1,6,2,29,20,1
22014,201566,0021400428,"Dec 25, 2014",OKC @ SAS,W,35,14,28,0.5,0,1,0.0,6,8,0.75,1,4,5,11,5,0,4,0,34,27,1
22014,201566,0021400424,"Dec 23, 2014",OKC vs. POR,L,39,16,34,0.471,1,5,0.2,7,9,0.778,5,5,10,6,3,0,2,6,40,-9,1
22014,201566,0021400408,"Dec 21, 2014",OKC vs. NOP,L,35,10,27,0.37,0,6,0.0,9,11,0.818,4,1,5,8,3,0,6,2,29,5,1
22014,201566,0021400392,"Dec 19, 2014",OKC @ LAL,W,36,9,22,0.409,0,1,0.0,13,13,1.0,0,5,5,10,1,0,1,2,31,-1,1
22014,201566,0021400382,"Dec 18, 2014",OKC @ GSW,L,40,11,30,0.367,3,10,0.3,8,12,0.667,1,2,3,8,2,0,6,2,33,2,1
22014,201566,0021400368,"Dec 16, 2014",OKC @ SAC,W,32,11,20,0.55,1,3,0.333,9,12,0.75,3,3,6,7,4,0,1,4,32,23,1
22014,201566,0021400352,"Dec 14, 2014",OKC vs. PHX,W,27,7,18,0.389,1,4,0.25,13,13,1.0,4,4,8,8,2,0,3,2,28,17,1
22014,201566,0021400335,"Dec 12, 2014",OKC @ MIN,W,36,12,19,0.632,2,3,0.667,8,9,0.889,1,5,6,6,2,0,4,3,34,16,1
22014,201566,0021400326,"Dec 11, 2014",OKC vs. CLE,W,36,12,24,0.5,0,2,0.0,2,2,1.0,1,6,7,8,1,0,4,0,26,5,1
22014,201566,0021400312,"Dec 09, 2014",OKC vs. MIL,W,32,8,16,0.5,0,2,0.0,12,15,0.8,2,3,5,7,3,0,5,5,28,24,1
22014,201566,0021400297,"Dec 07, 2014",OKC @ DET,W,35,9,19,0.474,1,3,0.333,3,6,0.5,1,10,11,7,0,0,4,1,22,-9,1
22014,201566,0021400277,"Dec 05, 2014",OKC @ PHI,W,31,8,14,0.571,1,3,0.333,10,14,0.714,0,5,5,7,2,0,6,3,27,9,1
22014,201566,0021400258,"Dec 02, 2014",OKC @ NOP,L,33,6,20,0.3,1,4,0.25,8,9,0.889,1,5,6,7,2,0,7,3,21,-16,1
22014,201566,0021400229,"Nov 28, 2014",OKC vs. NYK,W,24,12,17,0.706,3,4,0.75,5,7,0.714,4,3,7,8,1,0,3,2,32,24,1
22014,201566,0021400020,"Oct 30, 2014",OKC @ LAC,L,9,1,3,0.333,0,1,0.0,0,0,0.0,0,0,0,4,1,0,3,2,2,-3,1
22014,201566,0021400015,"Oct 29, 2014",OKC @ POR,L,33,11,26,0.423,1,2,0.5,15,16,0.938,2,1,3,6,3,0,2,3,38,-4,1
22013,201566,0021301220,"Apr 16, 2014",OKC vs. DET,W,34,5,15,0.333,0,3,0.0,12,15,0.8,3,3,6,8,6,0,4,3,22,7,1
22013,201566,0021301200,"Apr 13, 2014",OKC @ IND,L,33,7,23,0.304,3,10,0.3,4,5,0.8,4,5,9,7,1,0,4,2,21,4,1
22013,201566,0021301184,"Apr 11, 2014",OKC vs. NOP,W,28,10,17,0.588,0,2,0.0,4,4,1.0,2,3,5,7,0,1,1,2,24,14,1
22013,201566,0021301173,"Apr 09, 2014",OKC @ LAC,W,33,12,24,0.5,0,3,0.0,6,8,0.75,3,8,11,6,2,0,1,2,30,15,1
22013,201566,0021301156,"Apr 06, 2014",OKC @ PHX,L,33,12,26,0.462,2,9,0.222,7,8,0.875,1,3,4,8,0,2,5,6,33,-9,1
22013,201566,0021301127,"Apr 03, 2014",OKC vs. SAS,W,31,10,20,0.5,1,4,0.25,6,6,1.0,0,1,1,6,4,0,2,1,27,2,1
22013,201566,0021301093,"Mar 30, 2014",OKC vs. UTA,W,25,5,11,0.455,0,2,0.0,9,9,1.0,0,5,5,4,1,0,2,3,19,19,1
22013,201566,0021301083,"Mar 28, 2014",OKC vs. SAC,W,24,7,12,0.583,0,2,0.0,4,4,1.0,0,5,5,6,0,0,4,2,18,14,1
22013,201566,0021301059,"Mar 25, 2014",OKC @ DAL,L,33,8,18,0.444,2,6,0.333,5,6,0.833,1,6,7,8,3,0,8,5,23,-16,1
22013,201566,0021301024,"Mar 21, 2014",OKC @ TOR,W,19,5,13,0.385,1,4,0.25,4,4,1.0,1,2,3,1,1,0,3,0,15,2,1
22013,201566,0021300999,"Mar 17, 2014",OKC @ CHI,W,28,5,14,0.357,3,7,0.429,4,6,0.667,0,9,9,9,0,0,2,4,17,22,1
22013,201566,0021300970,"Mar 13, 2014",OKC vs. LAL,W,23,9,17,0.529,4,7,0.571,7,9,0.778,1,1,2,9,3,1,3,2,29,17,1
22013,201566,0021300955,"Mar 11, 2014",OKC vs. HOU,W,30,6,14,0.429,1,4,0.25,11,14,0.786,0,4,4,7,4,0,5,2,24,5,1
22013,201566,0021300935,"Mar 09, 2014",OKC @ LAL,L,31,7,23,0.304,2,10,0.2,4,5,0.8,3,4,7,8,3,0,8,4,20,-7,1
22013,201566,0021300915,"Mar 06, 2014",OKC @ PHX,L,30,13,22,0.591,4,9,0.444,6,6,1.0,2,7,9,9,4,0,3,1,36,16,1
22013,201566,0021300901,"Mar 04, 2014",OKC vs. PHI,W,20,4,9,0.444,1,3,0.333,4,4,1.0,1,9,10,14,3,0,6,2,13,25,1
22013,201566,0021300887,"Mar 02, 2014",OKC vs. CHA,W,25,10,12,0.833,4,5,0.8,2,2,1.0,0,2,2,5,2,0,5,2,26,17,1
22013,201566,0021300868,"Feb 28, 2014",OKC vs. MEM,W,29,7,12,0.583,1,2,0.5,6,7,0.857,0,2,2,6,3,0,1,1,21,4,1
22013,201566,0021300858,"Feb 26, 2014",OKC vs. CLE,L,30,8,17,0.471,3,6,0.5,5,5,1.0,1,2,3,9,0,0,3,1,24,1,1
22013,201566,0021300833,"Feb 23, 2014",OKC vs. LAC,L,25,3,13,0.231,2,4,0.5,5,6,0.833,2,3,5,6,1,0,3,5,13,-14,1
22013,201566,0021300813,"Feb 20, 2014",OKC vs. MIA,L,24,3,11,0.273,0,2,0.0,8,10,0.8,3,2,5,2,3,0,4,1,14,-10,1
22013,201566,0021300419,"Dec 25, 2013",OKC @ NYK,W,29,5,15,0.333,1,3,0.333,3,4,0.75,1,12,13,10,1,1,2,2,14,17,1
22013,201566,0021300405,"Dec 22, 2013",OKC vs. TOR,L,35,8,17,0.471,1,2,0.5,10,11,0.909,1,8,9,5,2,0,5,2,27,-6,1
22013,201566,0021300399,"Dec 21, 2013",OKC @ SAS,W,34,13,22,0.591,2,5,0.4,3,3,1.0,2,2,4,8,0,0,3,1,31,5,1
22013,201566,0021300381,"Dec 19, 2013",OKC vs. CHI,W,28,7,12,0.583,0,0,0.0,6,7,0.857,0,2,2,10,1,0,5,4,20,8,1
22013,201566,0021300367,"Dec 17, 2013",OKC @ DEN,W,36,9,16,0.563,1,4,0.25,2,4,0.5,1,12,13,8,0,0,8,1,21,5,1
22013,201566,0021300353,"Dec 15, 2013",OKC vs. ORL,W,33,7,22,0.318,0,5,0.0,6,6,1.0,3,9,12,6,2,1,5,1,20,-4,1
22013,201566,0021300336,"Dec 13, 2013",OKC vs. LAL,W,31,7,19,0.368,1,4,0.25,4,4,1.0,0,8,8,12,2,0,3,3,19,22,1
22013,201566,0021300320,"Dec 11, 2013",OKC @ MEM,W,27,7,12,0.583,2,5,0.4,11,11,1.0,1,5,6,9,2,0,3,1,27,22,1
22013,201566,0021300313,"Dec 10, 2013",OKC @ ATL,W,35,6,21,0.286,1,6,0.167,1,2,0.5,0,9,9,11,4,0,4,1,14,8,1
22013,201566,0021300302,"Dec 08, 2013",OKC vs. IND,W,32,11,17,0.647,1,6,0.167,3,3,1.0,1,6,7,13,1,0,5,2,26,24,1
22013,201566,0021300286,"Dec 06, 2013",OKC @ NOP,W,34,8,16,0.5,3,8,0.375,6,7,0.857,0,1,1,4,4,0,4,2,25,14,1
22013,201566,0021300276,"Dec 04, 2013",OKC @ POR,L,30,7,17,0.412,2,4,0.5,5,5,1.0,1,2,3,5,0,0,3,2,21,-11,1
22013,201566,0021300267,"Dec 03, 2013",OKC @ SAC,W,32,7,19,0.368,1,5,0.2,0,0,0.0,3,5,8,7,1,0,7,1,15,-10,1
22013,201566,0021300253,"Dec 01, 2013",OKC vs. MIN,W,32,7,15,0.467,4,7,0.571,1,2,0.5,1,1,2,5,3,1,1,3,19,-6,1
22013,201566,0021300235,"Nov 29, 2013",OKC vs. GSW,W,42,10,25,0.4,2,5,0.4,12,15,0.8,0,1,1,7,5,0,1,2,34,1,1
22013,201566,0021300224,"Nov 27, 2013",OKC vs. SAS,W,32,2,16,0.125,0,5,0.0,2,4,0.5,0,3,3,8,2,0,2,3,6,2,1
22013,201566,0021300174,"Nov 21, 2013",OKC vs. LAC,W,31,5,13,0.385,0,6,0.0,2,3,0.667,0,6,6,5,1,0,3,3,12,1,1
22013,201566,0021300152,"Nov 18, 2013",OKC vs. DEN,W,38,10,25,0.4,3,4,0.75,7,10,0.7,2,10,12,7,0,0,5,2,30,5,1
22013,201566,0021300144,"Nov 16, 2013",OKC @ MIL,W,33,10,20,0.5,1,4,0.25,5,8,0.625,0,3,3,4,1,0,3,1,26,8,1
22013,201566,0021300124,"Nov 14, 2013",OKC @ GSW,L,36,13,20,0.65,2,5,0.4,3,5,0.6,2,7,9,5,3,0,5,3,31,-3,1
22013,201566,0021300122,"Nov 13, 2013",OKC @ LAC,L,35,7,18,0.389,2,4,0.5,3,5,0.6,2,2,4,10,2,0,5,2,19,-2,1
22013,201566,0021300095,"Nov 10, 2013",OKC vs. WAS,W,30,4,16,0.25,3,7,0.429,2,2,1.0,3,1,4,4,1,0,5,3,13,-9,1
22013,201566,0021300078,"Nov 08, 2013",OKC @ DET,W,30,5,19,0.263,1,3,0.333,9,10,0.9,2,3,5,0,3,0,4,3,20,-10,1
22013,201566,0021300069,"Nov 06, 2013",OKC vs. DAL,W,33,10,20,0.5,0,1,0.0,2,5,0.4,0,1,1,4,2,0,5,2,22,11,1
22013,201566,0021300044,"Nov 03, 2013",OKC vs. PHX,W,33,5,16,0.313,0,2,0.0,11,14,0.786,1,3,4,7,1,0,4,3,21,1,1
22012,201566,0021201226,"Apr 17, 2013",OKC vs. MIL,L,7,2,5,0.4,0,0,0.0,0,0,0.0,0,0,0,3,0,0,0,0,4,10,1
22012,201566,0021201209,"Apr 15, 2013",OKC vs. SAC,W,36,8,19,0.421,2,5,0.4,3,4,0.75,1,4,5,8,3,0,4,2,21,16,1
22012,201566,0021201188,"Apr 12, 2013",OKC @ POR,W,31,10,18,0.556,2,4,0.5,11,12,0.917,0,1,1,2,3,1,3,3,33,26,1
22012,201566,0021201175,"Apr 11, 2013",OKC @ GSW,W,30,7,17,0.412,1,5,0.2,3,4,0.75,2,1,3,9,0,2,6,1,18,12,0
22012,201566,0021201161,"Apr 09, 2013",OKC @ UTA,W,37,8,21,0.381,2,5,0.4,7,8,0.875,1,4,5,2,3,0,1,2,25,8,1
22012,201566,0021201145,"Apr 07, 2013",OKC vs. NYK,L,34,15,27,0.556,2,4,0.5,5,6,0.833,4,7,11,8,1,0,1,1,37,-5,1
22012,201566,0021201130,"Apr 05, 2013",OKC @ IND,W,34,10,24,0.417,0,3,0.0,4,6,0.667,2,5,7,9,1,0,2,4,24,16,1
22012,201566,0021201125,"Apr 04, 2013",OKC vs. SAS,W,35,9,21,0.429,2,6,0.333,7,7,1.0,2,5,7,7,3,0,3,0,27,-2,0
22012,201566,0021201090,"Mar 30, 2013",OKC @ MIL,W,37,6,18,0.333,1,4,0.25,10,14,0.714,2,11,13,10,3,1,5,4,23,7,1
22012,201566,0021201081,"Mar 29, 2013",OKC @ MIN,L,32,7,17,0.412,1,2,0.5,3,5,0.6,1,3,4,9,0,0,2,5,18,-3,1
22012,201566,0021201065,"Mar 27, 2013",OKC vs. WAS,W,25,5,8,0.625,1,1,1.0,10,11,0.909,0,4,4,4,0,0,4,2,21,10,1
22012,201566,0021201043,"Mar 24, 2013",OKC vs. POR,W,34,9,18,0.5,0,2,0.0,3,5,0.6,0,4,4,9,1,0,2,2,21,17,1
22012,201566,0021201023,"Mar 22, 2013",OKC @ ORL,W,35,7,17,0.412,0,2,0.0,5,7,0.714,0,6,6,9,2,2,3,3,19,7,1
22012,201566,0021201012,"Mar 20, 2013",OKC @ MEM,L,41,7,25,0.28,0,6,0.0,6,8,0.75,2,2,4,3,3,0,2,4,20,-12,1
22012,201566,0021201006,"Mar 19, 2013",OKC vs. DEN,L,37,10,21,0.476,0,4,0.0,5,7,0.714,0,4,4,6,1,0,1,5,25,-8,1
22012,201566,0021200990,"Mar 17, 2013",OKC @ DAL,W,37,13,23,0.565,0,4,0.0,9,9,1.0,3,3,6,6,2,1,5,3,35,8,0
22012,201566,0021200974,"Mar 15, 2013",OKC vs. ORL,W,37,8,19,0.421,3,6,0.5,4,5,0.8,1,5,6,6,0,0,0,0,23,-2,1
22012,201566,0021200962,"Mar 13, 2013",OKC vs. UTA,W,28,6,11,0.545,0,1,0.0,7,9,0.778,1,6,7,9,1,1,5,0,19,17,1
22012,201566,0021200944,"Mar 11, 2013",OKC @ SAS,L,38,11,27,0.407,1,3,0.333,2,3,0.667,4,2,6,6,2,0,4,3,25,6,1
22012,201566,0021200934,"Mar 10, 2013",OKC vs. BOS,W,34,5,11,0.455,1,2,0.5,4,6,0.667,0,1,1,2,2,1,3,4,15,5,1
22012,201566,0021200915,"Mar 08, 2013",OKC @ CHA,W,25,5,11,0.455,1,3,0.333,0,0,0.0,1,2,3,5,1,0,1,1,11,7,1
22012,201566,0021200913,"Mar 07, 2013",OKC @ NYK,W,36,8,22,0.364,1,4,0.25,4,6,0.667,1,5,6,5,2,0,5,3,21,-7,1
22012,201566,0021200897,"Mar 05, 2013",OKC vs. LAL,W,36,15,29,0.517,0,2,0.0,7,8,0.875,4,6,10,5,2,0,1,1,37,11,1
22012,201566,0021200881,"Mar 03, 2013",OKC @ LAC,W,40,11,20,0.55,0,2,0.0,7,10,0.7,1,5,6,10,1,0,3,2,29,13,1
22012,201566,0021200875,"Mar 01, 2013",OKC @ DEN,L,38,12,23,0.522,2,4,0.5,12,17,0.706,0,6,6,5,2,0,3,2,38,6,0
22012,201566,0021200857,"Feb 27, 2013",OKC vs. NOH,W,26,8,17,0.471,1,3,0.333,12,12,1.0,1,2,3,3,0,0,0,0,29,32,1
22012,201566,0021200838,"Feb 24, 2013",OKC vs. CHI,W,32,10,17,0.588,1,2,0.5,2,2,1.0,0,1,1,3,1,0,3,2,23,27,1
22012,201566,0021200819,"Feb 22, 2013",OKC vs. MIN,W,35,13,22,0.591,2,2,1.0,9,9,1.0,0,7,7,9,1,1,5,2,37,14,1
22012,201566,0021200804,"Feb 20, 2013",OKC @ HOU,L,42,8,20,0.4,3,5,0.6,9,10,0.9,3,7,10,8,1,0,7,3,28,-7,1
22012,201566,0021200787,"Feb 14, 2013",OKC vs. MIA,L,44,7,19,0.368,0,1,0.0,12,13,0.923,0,5,5,10,1,1,6,5,26,-8,1
22012,201566,0021200772,"Feb 12, 2013",OKC @ UTA,L,32,8,14,0.571,2,3,0.667,4,8,0.5,2,1,3,5,0,0,7,1,22,-13,1
22012,201566,0021200759,"Feb 10, 2013",OKC @ PHX,W,28,8,15,0.533,2,3,0.667,6,8,0.75,0,1,1,6,4,0,4,0,24,24,1
22012,201566,0021200744,"Feb 08, 2013",OKC vs. PHX,W,25,8,14,0.571,1,2,0.5,0,2,0.0,2,3,5,6,2,1,3,3,17,23,1
22012,201566,0021200729,"Feb 06, 2013",OKC vs. GSW,W,30,8,19,0.421,0,3,0.0,6,8,0.75,0,3,3,5,4,1,2,0,22,4,1
22012,201566,0021200712,"Feb 04, 2013",OKC vs. DAL,W,29,8,16,0.5,0,1,0.0,8,9,0.889,0,3,3,7,3,0,3,2,24,16,1
22012,201566,0021200698,"Feb 02, 2013",OKC @ CLE,L,35,12,22,0.545,0,2,0.0,4,5,0.8,0,2,2,5,3,0,1,4,28,6,1
22012,201566,0021200682,"Jan 31, 2013",OKC vs. MEM,W,31,9,17,0.529,1,4,0.25,2,2,1.0,1,8,9,6,1,0,5,0,21,20,1
22012,201566,0021200653,"Jan 27, 2013",OKC @ LAL,L,39,6,22,0.273,1,5,0.2,4,6,0.667,4,5,9,13,2,0,4,5,17,-11,0
22012,201566,0021200640,"Jan 25, 2013",OKC @ SAC,W,32,7,18,0.389,1,4,0.25,3,4,0.75,0,4,4,14,1,0,4,3,18,15,1
22012,201566,0021200628,"Jan 23, 2013",OKC @ GSW,L,36,3,16,0.188,0,5,0.0,4,6,0.667,0,5,5,4,1,0,6,2,10,-12,1
22012,201566,0021200617,"Jan 22, 2013",OKC @ LAC,W,38,9,19,0.474,3,6,0.5,5,5,1.0,0,4,4,6,1,0,5,3,26,0,0
22012,201566,0021200604,"Jan 20, 2013",OKC @ DEN,L,48,10,26,0.385,1,7,0.143,15,17,0.882,2,6,8,9,0,0,7,4,36,-1,1
22012,201566,0021200592,"Jan 18, 2013",OKC @ DAL,W,45,12,26,0.462,0,3,0.0,7,9,0.778,4,2,6,6,1,0,4,1,31,5,0
22012,201566,0021200574,"Jan 16, 2013",OKC vs. DEN,W,28,12,20,0.6,0,1,0.0,8,9,0.889,2,0,2,4,1,0,0,0,32,17,1
22012,201566,0021200562,"Jan 14, 2013",OKC @ PHX,W,36,14,24,0.583,1,3,0.333,7,9,0.778,2,6,8,5,2,0,1,2,36,14,1
22012,201566,0021200554,"Jan 13, 2013",OKC @ POR,W,34,5,21,0.238,1,5,0.2,7,9,0.778,2,6,8,9,0,0,3,1,18,9,1
22012,201566,0021200539,"Jan 11, 2013",OKC @ LAL,W,35,10,21,0.476,1,5,0.2,6,8,0.75,2,5,7,10,2,1,3,3,27,28,0
22012,201566,0021200523,"Jan 09, 2013",OKC vs. MIN,W,30,7,14,0.5,3,4,0.75,6,7,0.857,1,7,8,7,1,0,1,1,23,22,1
22012,201566,0021200504,"Jan 07, 2013",OKC @ WAS,L,40,4,17,0.235,1,6,0.167,8,10,0.8,2,2,4,8,3,0,2,1,17,0,1
22012,201566,0021200499,"Jan 06, 2013",OKC @ TOR,W,35,8,17,0.471,1,3,0.333,6,6,1.0,0,4,4,7,3,0,5,1,23,15,1
22012,201566,0021200485,"Jan 04, 2013",OKC vs. PHI,W,34,10,17,0.588,4,4,1.0,3,4,0.75,0,3,3,5,1,0,6,0,27,12,1
22012,201566,0021200472,"Jan 02, 2013",OKC vs. BKN,L,42,11,19,0.579,1,2,0.5,3,4,0.75,0,2,2,10,3,0,6,4,26,-12,1
22012,201566,0021200456,"Dec 31, 2012",OKC vs. PHX,W,33,7,16,0.438,1,2,0.5,9,11,0.818,3,4,7,9,1,0,1,2,24,6,1
22012,201566,0021200443,"Dec 29, 2012",OKC @ HOU,W,30,11,22,0.5,2,5,0.4,4,5,0.8,2,6,8,8,3,0,5,0,28,20,1
22012,201566,0021200423,"Dec 27, 2012",OKC vs. DAL,W,42,7,20,0.35,0,3,0.0,2,3,0.667,1,5,6,10,3,1,2,5,16,7,1
22012,201566,0021200407,"Dec 25, 2012",OKC @ MIA,L,43,5,19,0.263,1,4,0.25,10,12,0.833,6,5,11,3,2,0,5,4,21,-9,0
22012,201566,0021200377,"Dec 20, 2012",OKC @ MIN,L,44,9,28,0.321,1,6,0.167,11,13,0.846,4,7,11,9,3,0,8,3,30,-6,1
22012,201566,0021200371,"Dec 19, 2012",OKC @ ATL,W,39,9,21,0.429,1,4,0.25,8,8,1.0,1,2,3,11,2,1,3,2,27,4,1
22012,201566,0021200354,"Dec 17, 2012",OKC vs. SAS,W,37,6,18,0.333,1,2,0.5,9,11,0.818,1,5,6,9,3,0,1,2,22,15,1
22012,201566,0021200333,"Dec 14, 2012",OKC vs. SAC,W,32,4,13,0.308,1,4,0.25,4,4,1.0,0,2,2,13,3,1,3,1,13,5,1
22012,201566,0021200318,"Dec 12, 2012",OKC vs. NOH,W,37,4,14,0.286,1,1,1.0,5,8,0.625,3,1,4,9,0,0,2,4,14,-10,1
22012,201566,0021200294,"Dec 09, 2012",OKC vs. IND,W,34,7,17,0.412,1,3,0.333,6,7,0.857,2,5,7,6,2,2,2,0,21,6,1
22012,201566,0021200280,"Dec 07, 2012",OKC vs. LAL,W,40,12,26,0.462,5,8,0.625,4,6,0.667,0,1,1,8,1,0,2,3,33,6,0
22012,201566,0021200253,"Dec 04, 2012",OKC @ BKN,W,34,9,17,0.529,1,5,0.2,6,8,0.75,0,2,2,9,3,0,5,5,25,4,1
22012,201566,0021200236,"Dec 01, 2012",OKC @ NOH,W,30,8,18,0.444,2,3,0.667,0,0,0.0,2,3,5,10,3,1,5,3,18,16,1
22012,201566,0021200229,"Nov 30, 2012",OKC vs. UTA,W,39,6,18,0.333,3,5,0.6,8,10,0.8,3,10,13,8,7,0,8,3,23,27,1
22012,201566,0021200218,"Nov 28, 2012",OKC vs. HOU,W,36,6,15,0.4,0,3,0.0,2,5,0.4,1,4,5,9,3,1,5,2,14,7,1
22012,201566,0021200201,"Nov 26, 2012",OKC vs. CHA,W,22,4,8,0.5,0,2,0.0,4,4,1.0,0,2,2,11,2,0,2,2,12,41,1
22012,201566,0021200183,"Nov 24, 2012",OKC @ PHI,W,42,11,23,0.478,2,5,0.4,6,6,1.0,1,4,5,9,2,1,3,2,30,8,1
22012,201566,0021200173,"Nov 23, 2012",OKC @ BOS,L,38,10,21,0.476,2,7,0.286,4,4,1.0,0,7,7,8,2,1,5,4,26,7,1
22012,201566,0021200164,"Nov 21, 2012",OKC vs. LAC,W,42,8,20,0.4,3,5,0.6,4,6,0.667,1,2,3,9,0,0,3,3,23,8,1
22012,201566,0021200143,"Nov 18, 2012",OKC vs. GSW,W,36,12,22,0.545,2,2,1.0,4,5,0.8,1,1,2,7,5,0,1,0,30,20,1
22012,201566,0021200125,"Nov 16, 2012",OKC @ NOH,W,28,3,11,0.273,0,4,0.0,4,6,0.667,1,1,2,12,1,0,2,4,10,18,1
22012,201566,0021200113,"Nov 14, 2012",OKC vs. MEM,L,43,6,19,0.316,2,6,0.333,3,5,0.6,2,4,6,13,2,0,2,3,17,-7,1
22012,201566,0021200097,"Nov 12, 2012",OKC @ DET,W,44,11,25,0.44,0,3,0.0,11,15,0.733,4,6,10,4,3,0,2,1,33,9,1
22012,201566,0021200093,"Nov 11, 2012",OKC vs. CLE,W,40,10,16,0.625,4,6,0.667,3,4,0.75,1,5,6,10,4,0,8,5,27,11,1
22012,201566,0021200075,"Nov 09, 2012",OKC vs. DET,W,31,3,10,0.3,1,2,0.5,3,4,0.75,2,2,4,6,1,0,3,2,10,-4,0
22012,201566,0021200066,"Nov 08, 2012",OKC @ CHI,W,36,7,22,0.318,1,7,0.143,1,1,1.0,1,1,2,12,1,0,2,4,16,-4,1
22012,201566,0021200051,"Nov 06, 2012",OKC vs. TOR,W,29,5,12,0.417,2,4,0.5,7,8,0.875,0,1,1,8,1,1,1,2,19,21,1
22012,201566,0021200040,"Nov 04, 2012",OKC vs. ATL,L,36,5,18,0.278,2,6,0.333,2,2,1.0,1,4,5,9,0,0,3,4,14,-5,1
22012,201566,0021200022,"Nov 02, 2012",OKC vs. POR,W,35,13,24,0.542,0,2,0.0,6,8,0.75,1,4,5,6,0,0,1,1,32,6,1
22012,201566,0021200014,"Nov 01, 2012",OKC @ SAS,L,37,6,21,0.286,0,3,0.0,6,8,0.75,3,5,8,5,0,0,6,3,18,2,1
22011,201566,0021100976,"Apr 25, 2012",OKC vs. DEN,L,35,10,20,0.5,1,3,0.333,9,10,0.9,1,5,6,9,3,4,2,2,30,0,0
22011,201566,0021100968,"Apr 24, 2012",OKC vs. SAC,W,27,4,13,0.308,0,2,0.0,5,6,0.833,5,3,8,6,2,2,2,2,13,5,0
22011,201566,0021100952,"Apr 22, 2012",OKC @ LAL,L,47,3,22,0.136,0,4,0.0,8,8,1.0,1,3,4,10,1,0,3,5,14,-10,0
22011,201566,0021100942,"Apr 20, 2012",OKC @ SAC,W,32,8,15,0.533,0,1,0.0,2,4,0.5,1,2,3,3,2,1,5,2,18,8,0
22011,201566,0021100928,"Apr 18, 2012",OKC @ PHX,W,31,6,16,0.375,0,0,0.0,3,4,0.75,2,4,6,5,2,0,3,4,15,3,0
22011,201566,0021100911,"Apr 16, 2012",OKC @ LAC,L,32,4,16,0.25,1,5,0.2,0,0,0.0,2,1,3,3,1,0,5,2,9,-10,0
22011,201566,0021100890,"Apr 14, 2012",OKC @ MIN,W,38,12,25,0.48,2,4,0.5,9,10,0.9,0,1,1,8,2,0,3,4,35,17,0
22011,201566,0021100883,"Apr 13, 2012",OKC vs. SAC,W,27,10,18,0.556,0,0,0.0,2,5,0.4,0,6,6,5,1,0,2,1,22,20,0
22011,201566,0021100865,"Apr 11, 2012",OKC vs. LAC,L,37,3,14,0.214,1,5,0.2,13,15,0.867,0,4,4,7,0,0,4,2,20,1,0
22011,201566,0021100845,"Apr 09, 2012",OKC @ MIL,W,26,11,21,0.524,3,5,0.6,1,1,1.0,3,4,7,3,1,0,4,2,26,17,0
22011,201566,0021100840,"Apr 08, 2012",OKC vs. TOR,W,27,5,12,0.417,0,1,0.0,5,7,0.714,1,5,6,6,1,0,4,3,15,0,0
22011,201566,0021100815,"Apr 06, 2012",OKC @ IND,L,41,7,23,0.304,2,5,0.4,5,8,0.625,3,8,11,9,1,0,3,3,21,0,0
22011,201566,0021100803,"Apr 04, 2012",OKC @ MIA,L,40,9,26,0.346,1,4,0.25,9,9,1.0,3,1,4,2,3,0,4,4,28,-9,0
22011,201566,0021100787,"Apr 02, 2012",OKC vs. MEM,L,37,5,16,0.313,0,3,0.0,9,10,0.9,3,1,4,3,3,0,5,2,19,0,0
22011,201566,0021100777,"Apr 01, 2012",OKC vs. CHI,W,30,10,18,0.556,1,2,0.5,6,6,1.0,0,3,3,5,4,0,0,0,27,28,0
22011,201566,0021100756,"Mar 29, 2012",OKC @ LAL,W,42,13,27,0.481,1,4,0.25,9,10,0.9,1,0,1,5,2,0,1,2,36,5,0
22011,201566,0021100741,"Mar 27, 2012",OKC @ POR,W,35,16,26,0.615,0,3,0.0,0,3,0.0,1,2,3,8,3,0,2,2,32,14,0
22011,201566,0021100724,"Mar 25, 2012",OKC vs. MIA,W,33,4,16,0.25,1,3,0.333,4,4,1.0,2,1,3,6,3,1,4,3,13,12,0
22011,201566,0021100706,"Mar 23, 2012",OKC vs. MIN,W,50,17,28,0.607,2,4,0.5,9,9,1.0,2,2,4,6,2,0,4,1,45,-5,0
22011,201566,0021100689,"Mar 21, 2012",OKC vs. LAC,W,35,8,20,0.4,1,4,0.25,2,2,1.0,1,2,3,4,0,0,4,2,19,25,0
22011,201566,0021100680,"Mar 20, 2012",OKC @ UTA,L,35,8,11,0.727,3,4,0.75,4,4,1.0,1,3,4,3,0,0,3,2,23,-6,0
22011,201566,0021100668,"Mar 18, 2012",OKC vs. POR,W,35,12,21,0.571,2,3,0.667,2,6,0.333,1,2,3,5,0,1,0,0,28,18,0
22011,201566,0021100649,"Mar 16, 2012",OKC vs. SAS,L,45,13,29,0.448,1,5,0.2,9,10,0.9,2,1,3,6,3,0,2,4,36,-2,0
22011,201566,0021100640,"Mar 15, 2012",OKC @ DEN,W,35,7,17,0.412,2,3,0.667,7,8,0.875,1,5,6,5,2,0,7,4,23,2,0
22011,201566,0021100622,"Mar 13, 2012",OKC vs. HOU,L,38,7,18,0.389,0,3,0.0,5,6,0.833,1,3,4,4,0,0,2,1,19,-2,0
22011,201566,0021100599,"Mar 10, 2012",OKC vs. CHA,W,27,10,14,0.714,1,2,0.5,2,2,1.0,0,1,1,4,0,0,1,2,23,7,0
22011,201566,0021100588,"Mar 09, 2012",OKC vs. CLE,L,33,8,17,0.471,1,2,0.5,2,2,1.0,0,2,2,4,1,0,3,1,19,-5,0
22011,201566,0021100576,"Mar 07, 2012",OKC vs. PHX,W,41,11,21,0.524,3,6,0.5,6,8,0.75,1,2,3,10,4,0,3,2,31,7,0
22011,201566,0021100559,"Mar 05, 2012",OKC vs. DAL,W,36,6,20,0.3,2,6,0.333,10,12,0.833,2,4,6,3,0,0,1,0,24,12,0
22011,201566,0021100540,"Mar 03, 2012",OKC @ ATL,L,38,10,21,0.476,3,8,0.375,2,2,1.0,0,0,0,4,0,1,2,2,25,2,0
22011,201566,0021100524,"Mar 01, 2012",OKC @ ORL,W,39,11,21,0.524,0,0,0.0,7,10,0.7,1,1,2,10,1,0,2,1,29,10,0
22011,201566,0021100512,"Feb 29, 2012",OKC @ PHI,W,36,7,20,0.35,0,4,0.0,8,8,1.0,7,6,13,4,1,0,7,0,22,3,0
22011,201566,0021100502,"Feb 23, 2012",OKC vs. LAL,W,38,6,17,0.353,2,5,0.4,5,7,0.714,0,5,5,6,1,0,3,2,19,13,0
22011,201566,0021100490,"Feb 22, 2012",OKC vs. BOS,W,41,11,24,0.458,1,2,0.5,8,9,0.889,0,5,5,6,1,0,2,0,31,11,0
22011,201566,0021100475,"Feb 20, 2012",OKC vs. NOH,W,34,10,20,0.5,2,3,0.667,9,10,0.9,1,1,2,4,2,0,5,3,31,8,0
22011,201566,0021100468,"Feb 19, 2012",OKC vs. DEN,W,44,16,29,0.552,3,6,0.5,5,5,1.0,1,3,4,9,0,1,2,2,40,22,0
22011,201566,0021100453,"Feb 17, 2012",OKC vs. GSW,W,29,7,12,0.583,0,3,0.0,4,4,1.0,1,2,3,3,3,0,3,2,18,22,0
22011,201566,0021100436,"Feb 15, 2012",OKC @ HOU,L,38,11,25,0.44,1,4,0.25,3,4,0.75,3,5,8,4,0,0,6,3,26,-5,0
22011,201566,0021100425,"Feb 14, 2012",OKC vs. UTA,W,23,6,11,0.545,0,1,0.0,4,7,0.571,2,3,5,2,0,0,4,4,16,13,0
22011,201566,0021100399,"Feb 10, 2012",OKC @ UTA,W,34,10,20,0.5,1,4,0.25,7,8,0.875,1,5,6,3,5,0,4,1,28,17,0
22011,201566,0021100387,"Feb 09, 2012",OKC @ SAC,L,38,15,26,0.577,1,2,0.5,2,3,0.667,4,2,6,3,1,0,7,5,33,-6,0
22011,201566,0021100372,"Feb 07, 2012",OKC @ GSW,W,43,12,21,0.571,1,4,0.25,6,6,1.0,1,0,1,7,2,1,9,4,31,-7,0
22011,201566,0021100366,"Feb 06, 2012",OKC @ POR,W,42,10,24,0.417,0,2,0.0,8,10,0.8,5,6,11,8,2,1,5,3,28,1,0
22011,201566,0021100350,"Feb 04, 2012",OKC @ SAS,L,31,8,16,0.5,1,2,0.5,1,1,1.0,1,5,6,6,1,2,3,4,18,-26,0
22011,201566,0021100339,"Feb 03, 2012",OKC vs. MEM,W,42,6,18,0.333,1,2,0.5,8,9,0.889,2,0,2,7,0,1,5,1,21,11,0
22011,201566,0021100321,"Feb 01, 2012",OKC @ DAL,W,37,11,24,0.458,2,4,0.5,9,10,0.9,1,5,6,4,2,1,6,4,33,5,0
22011,201566,0021100307,"Jan 30, 2012",OKC @ LAC,L,38,13,26,0.5,0,3,0.0,5,6,0.833,2,2,4,4,5,1,6,1,31,-7,0
22011,201566,0021100284,"Jan 27, 2012",OKC @ GSW,W,41,10,20,0.5,1,2,0.5,7,9,0.778,2,4,6,11,7,0,7,1,28,12,0
22011,201566,0021100263,"Jan 25, 2012",OKC vs. NOH,W,36,4,14,0.286,0,2,0.0,6,9,0.667,0,1,1,5,3,0,7,3,14,13,0
22011,201566,0021100247,"Jan 23, 2012",OKC vs. DET,W,30,11,17,0.647,0,2,0.0,2,2,1.0,3,2,5,6,0,0,2,0,24,22,0
22011,201566,0021100231,"Jan 21, 2012",OKC @ NJN,W,36,9,21,0.429,1,3,0.333,2,4,0.5,0,3,3,6,2,1,3,3,21,8,0
22011,201566,0021100203,"Jan 18, 2012",OKC @ WAS,L,38,14,26,0.538,0,2,0.0,8,9,0.889,1,4,5,7,1,0,3,5,36,3,0
22011,201566,0021100192,"Jan 16, 2012",OKC @ BOS,W,40,9,18,0.5,3,4,0.75,5,6,0.833,2,5,7,4,3,0,4,1,26,6,0
22011,201566,0021100177,"Jan 14, 2012",OKC vs. NYK,W,28,6,12,0.5,2,3,0.667,7,8,0.875,1,7,8,8,3,0,2,1,21,29,0
22011,201566,0021100148,"Jan 11, 2012",OKC @ NOH,W,34,9,20,0.45,0,2,0.0,4,6,0.667,2,0,2,7,3,0,2,1,22,7,0
22011,201566,0021100137,"Jan 10, 2012",OKC @ MEM,W,38,12,20,0.6,0,1,0.0,6,10,0.6,2,4,6,4,0,1,2,2,30,11,0
22011,201566,0021100122,"Jan 08, 2012",OKC vs. SAS,W,25,5,13,0.385,1,3,0.333,2,2,1.0,1,3,4,5,0,1,2,1,13,8,0
22011,201566,0021100115,"Jan 07, 2012",OKC @ HOU,W,40,10,20,0.5,1,2,0.5,4,4,1.0,0,4,4,6,0,0,3,2,25,4,0
22011,201566,0021100105,"Jan 06, 2012",OKC vs. HOU,W,25,6,12,0.5,0,2,0.0,3,4,0.75,1,2,3,5,2,0,3,3,15,11,0
22011,201566,0021100079,"Jan 03, 2012",OKC vs. POR,L,39,8,18,0.444,1,3,0.333,5,7,0.714,1,5,6,8,1,0,3,3,22,-9,0
22011,201566,0021100073,"Jan 02, 2012",OKC @ DAL,L,35,8,20,0.4,0,2,0.0,2,4,0.5,1,7,8,3,3,0,2,0,18,-4,0
22011,201566,0021100053,"Dec 31, 2011",OKC vs. PHX,W,25,8,14,0.571,0,1,0.0,2,2,1.0,0,2,2,4,2,0,2,1,18,7,0
22011,201566,0021100035,"Dec 29, 2011",OKC vs. DAL,W,31,6,15,0.4,0,1,0.0,4,6,0.667,2,2,4,4,2,0,7,2,16,-5,0
22011,201566,0021100027,"Dec 28, 2011",OKC @ MEM,W,31,0,13,0.0,0,2,0.0,4,4,1.0,0,3,3,6,0,0,4,3,4,1,0
22011,201566,0021100011,"Dec 26, 2011",OKC @ MIN,W,36,10,21,0.476,0,2,0.0,8,8,1.0,2,4,6,6,3,0,7,4,28,10,0
22011,201566,0021100004,"Dec 25, 2011",OKC vs. ORL,W,34,6,17,0.353,1,2,0.5,1,1,1.0,1,6,7,6,3,0,7,5,14,-5,0
22010,201566,0021001225,"Apr 13, 2011",OKC vs. MIL,L,21,7,9,0.778,0,1,0.0,6,6,1.0,1,2,3,5,3,0,4,1,20,19,0
22010,201566,0021001212,"Apr 11, 2011",OKC @ SAC,W,37,12,22,0.545,0,2,0.0,6,7,0.857,1,5,6,9,2,1,5,1,30,7,0
22010,201566,0021001201,"Apr 10, 2011",OKC @ LAL,W,32,8,20,0.4,3,5,0.6,7,7,1.0,1,5,6,7,2,0,3,2,26,8,0
22010,201566,0021001185,"Apr 08, 2011",OKC vs. DEN,W,32,7,15,0.467,0,1,0.0,3,4,0.75,1,2,3,8,6,0,2,3,17,4,0
22010,201566,0021001170,"Apr 06, 2011",OKC vs. LAC,W,38,10,22,0.455,0,1,0.0,6,6,1.0,2,5,7,7,3,0,2,1,26,1,0
22010,201566,0021001159,"Apr 05, 2011",OKC @ DEN,W,31,5,17,0.294,0,1,0.0,8,10,0.8,0,1,1,6,1,1,3,3,18,-4,0
22010,201566,0021001137,"Apr 02, 2011",OKC @ LAC,L,32,1,12,0.083,0,1,0.0,7,10,0.7,1,3,4,8,3,0,4,6,9,-6,0
22010,201566,0021001130,"Apr 01, 2011",OKC @ POR,L,35,5,15,0.333,0,2,0.0,6,8,0.75,4,5,9,6,0,0,1,5,16,1,0
22010,201566,0021001116,"Mar 30, 2011",OKC @ PHX,W,32,6,9,0.667,0,1,0.0,4,5,0.8,1,2,3,8,2,1,5,2,16,14,0
22010,201566,0021001103,"Mar 29, 2011",OKC vs. GSW,W,37,4,15,0.267,0,0,0.0,7,8,0.875,1,7,8,9,1,0,6,5,15,-7,0
22010,201566,0021001092,"Mar 27, 2011",OKC vs. POR,W,34,9,19,0.474,4,5,0.8,6,7,0.857,2,5,7,7,2,0,5,5,28,9,0
22010,201566,0021001075,"Mar 25, 2011",OKC vs. MIN,W,33,7,15,0.467,0,1,0.0,5,6,0.833,1,1,2,8,5,0,4,3,19,4,0
22010,201566,0021001061,"Mar 23, 2011",OKC vs. UTA,W,36,11,17,0.647,1,2,0.5,8,9,0.889,0,4,4,5,2,1,3,2,31,13,0
22010,201566,0021001041,"Mar 20, 2011",OKC vs. TOR,L,36,7,19,0.368,0,2,0.0,8,8,1.0,1,5,6,4,0,0,4,0,22,-11,0
22010,201566,0021001022,"Mar 18, 2011",OKC vs. CHA,W,33,6,16,0.375,0,0,0.0,6,6,1.0,0,0,0,7,3,0,3,1,18,12,0
22010,201566,0021001006,"Mar 16, 2011",OKC @ MIA,W,33,5,16,0.313,1,1,1.0,7,8,0.875,0,1,1,5,2,0,6,3,18,11,0
22010,201566,0021000992,"Mar 14, 2011",OKC @ WAS,W,26,7,15,0.467,0,1,0.0,4,4,1.0,1,3,4,12,4,0,5,1,18,20,0
22010,201566,0021000985,"Mar 13, 2011",OKC @ CLE,W,24,10,16,0.625,0,0,0.0,0,0,0.0,0,1,1,5,3,1,2,0,20,2,0
22010,201566,0021000973,"Mar 11, 2011",OKC vs. DET,W,33,5,14,0.357,1,2,0.5,2,4,0.5,1,3,4,11,1,0,3,2,13,11,0
22010,201566,0021000955,"Mar 09, 2011",OKC @ PHI,W,40,12,23,0.522,1,1,1.0,2,5,0.4,3,2,5,12,1,0,7,2,27,3,0
22010,201566,0021000944,"Mar 07, 2011",OKC @ MEM,L,38,11,21,0.524,1,2,0.5,4,5,0.8,3,1,4,7,0,0,5,4,27,-13,0
22010,201566,0021000937,"Mar 06, 2011",OKC vs. PHX,W,41,9,18,0.5,1,2,0.5,13,18,0.722,1,1,2,11,2,0,5,5,32,8,0
22010,201566,0021000917,"Mar 04, 2011",OKC @ ATL,W,36,11,23,0.478,1,3,0.333,5,6,0.833,3,0,3,9,4,0,3,1,28,11,0
22010,201566,0021000908,"Mar 02, 2011",OKC vs. IND,W,28,7,11,0.636,0,0,0.0,7,9,0.778,1,2,3,9,3,0,5,1,21,17,0
22010,201566,0021000880,"Feb 27, 2011",OKC vs. LAL,L,34,8,16,0.5,1,1,1.0,5,6,0.833,2,4,6,6,0,0,7,4,22,-4,0
22010,201566,0021000867,"Feb 25, 2011",OKC @ ORL,L,27,7,19,0.368,0,0,0.0,4,5,0.8,3,0,3,3,0,0,1,2,18,-26,0
22010,201566,0021000855,"Feb 23, 2011",OKC @ SAS,L,36,9,24,0.375,0,2,0.0,7,8,0.875,0,4,4,7,1,0,3,3,25,-12,0
22010,201566,0021000843,"Feb 22, 2011",OKC vs. LAC,W,28,3,11,0.273,0,0,0.0,7,8,0.875,0,2,2,7,1,2,2,0,13,10,0
22010,201566,0021000821,"Feb 15, 2011",OKC vs. SAC,W,25,4,8,0.5,0,0,0.0,2,2,1.0,1,1,2,11,1,0,2,1,10,14,0
22010,201566,0021000811,"Feb 13, 2011",OKC @ GSW,L,31,6,14,0.429,2,4,0.5,7,9,0.778,0,0,0,5,1,0,6,5,21,-6,0
22010,201566,0021000803,"Feb 12, 2011",OKC @ SAC,W,33,8,16,0.5,0,1,0.0,6,7,0.857,3,2,5,7,2,0,3,1,22,-4,0
22010,201566,0021000771,"Feb 08, 2011",OKC vs. MEM,L,35,7,15,0.467,0,3,0.0,7,11,0.636,2,3,5,11,0,0,8,4,21,-11,0
22010,201566,0021000752,"Feb 05, 2011",OKC @ UTA,W,35,10,15,0.667,4,4,1.0,9,10,0.9,0,3,3,10,1,1,2,3,33,11,0
22010,201566,0021000742,"Feb 04, 2011",OKC @ PHX,W,35,7,17,0.412,1,2,0.5,4,4,1.0,2,5,7,11,2,0,3,2,19,0,0
22010,201566,0021000725,"Feb 02, 2011",OKC vs. NOH,W,27,3,7,0.429,1,1,1.0,3,4,0.75,1,2,3,8,1,0,5,4,10,1,0
22010,201566,0021000701,"Jan 30, 2011",OKC vs. MIA,L,37,7,22,0.318,0,2,0.0,7,8,0.875,3,4,7,10,2,1,2,3,21,-3,0
22010,201566,0021000688,"Jan 28, 2011",OKC vs. WAS,W,45,12,24,0.5,0,1,0.0,11,16,0.688,3,10,13,13,0,2,4,2,35,0,0
22010,201566,0021000673,"Jan 26, 2011",OKC @ MIN,W,38,7,19,0.368,0,0,0.0,2,2,1.0,2,1,3,8,4,0,8,5,16,0,0
22010,201566,0021000660,"Jan 24, 2011",OKC @ NOH,L,35,6,13,0.462,0,0,0.0,6,7,0.857,1,2,3,10,1,0,4,3,18,-2,0
22010,201566,0021000647,"Jan 22, 2011",OKC vs. NYK,W,36,7,15,0.467,0,0,0.0,14,17,0.824,4,1,5,5,2,1,5,3,28,1,0
22010,201566,0021000622,"Jan 19, 2011",OKC @ DEN,L,36,8,16,0.5,0,0,0.0,12,14,0.857,1,2,3,10,2,0,4,2,28,1,0
22010,201566,0021000610,"Jan 17, 2011",OKC @ LAL,L,42,12,23,0.522,0,2,0.0,8,11,0.727,1,4,5,12,2,1,4,1,32,-9,0
22010,201566,0021000574,"Jan 13, 2011",OKC vs. ORL,W,42,11,22,0.5,0,1,0.0,10,13,0.769,3,7,10,13,1,2,1,1,32,3,0
22010,201566,0021000568,"Jan 12, 2011",OKC @ HOU,W,37,7,19,0.368,0,0,0.0,9,12,0.75,2,6,8,13,2,0,3,2,23,15,0
22010,201566,0021000541,"Jan 08, 2011",OKC vs. MEM,W,41,6,16,0.375,0,1,0.0,10,10,1.0,2,3,5,11,1,3,3,2,22,11,0
22010,201566,0021000523,"Jan 06, 2011",OKC @ DAL,W,36,5,16,0.313,0,1,0.0,5,6,0.833,3,2,5,9,1,0,4,2,15,2,0
22010,201566,0021000508,"Jan 04, 2011",OKC @ MEM,L,38,10,20,0.5,1,2,0.5,7,9,0.778,0,4,4,7,0,1,1,5,28,-11,0
22010,201566,0021000488,"Jan 01, 2011",OKC @ SAS,L,26,3,11,0.273,0,0,0.0,2,2,1.0,0,4,4,2,2,0,6,1,8,-10,0
22010,201566,0021000481,"Dec 31, 2010",OKC vs. ATL,W,37,9,22,0.409,0,1,0.0,5,5,1.0,3,7,10,10,2,0,1,2,23,8,0
22010,201566,0021000468,"Dec 29, 2010",OKC vs. NJN,W,29,6,13,0.462,0,0,0.0,5,5,1.0,0,4,4,7,3,0,3,2,17,5,0
22010,201566,0021000450,"Dec 27, 2010",OKC vs. DAL,L,33,5,15,0.333,0,1,0.0,5,6,0.833,0,3,3,7,3,0,2,0,15,-17,0
22010,201566,0021000436,"Dec 25, 2010",OKC vs. DEN,W,35,7,19,0.368,0,0,0.0,5,7,0.714,1,1,2,4,3,0,0,3,19,4,0
22010,201566,0021000425,"Dec 22, 2010",OKC @ NYK,L,31,10,24,0.417,1,1,1.0,2,3,0.667,2,3,5,5,1,1,4,1,23,-21,0
22010,201566,0021000415,"Dec 21, 2010",OKC @ CHA,W,32,5,13,0.385,0,1,0.0,5,5,1.0,0,3,3,4,3,0,7,2,15,7,0
22010,201566,0021000405,"Dec 19, 2010",OKC vs. PHX,L,36,5,17,0.294,0,1,0.0,9,11,0.818,1,1,2,9,1,1,3,6,19,0,0
22010,201566,0021000388,"Dec 17, 2010",OKC vs. SAC,W,32,9,17,0.529,0,1,0.0,3,4,0.75,1,3,4,6,1,0,4,3,21,3,0
22010,201566,0021000374,"Dec 15, 2010",OKC vs. HOU,W,32,6,11,0.545,0,1,0.0,5,5,1.0,0,3,3,5,0,0,2,4,17,8,0
22010,201566,0021000352,"Dec 12, 2010",OKC vs. CLE,W,27,5,10,0.5,1,1,1.0,3,3,1.0,1,2,3,11,2,0,3,2,14,18,0
22010,201566,0021000335,"Dec 10, 2010",OKC @ NOH,W,38,10,18,0.556,2,4,0.5,7,8,0.875,2,1,3,10,1,0,7,3,29,6,0
22010,201566,0021000320,"Dec 08, 2010",OKC @ MIN,W,33,10,20,0.5,0,1,0.0,5,6,0.833,1,3,4,8,1,0,3,3,25,-1,0
22010,201566,0021000305,"Dec 06, 2010",OKC @ CHI,L,35,7,18,0.389,0,1,0.0,1,1,1.0,4,1,5,7,3,0,6,3,15,-9,0
22010,201566,0021000297,"Dec 05, 2010",OKC vs. GSW,W,38,4,16,0.25,0,1,0.0,11,13,0.846,3,4,7,13,2,1,5,3,19,8,0
22010,201566,0021000276,"Dec 03, 2010",OKC @ TOR,L,32,9,19,0.474,0,1,0.0,2,2,1.0,1,2,3,7,2,0,5,1,20,-14,0
22010,201566,0021000262,"Dec 01, 2010",OKC @ NJN,W,48,14,32,0.438,0,1,0.0,10,14,0.714,5,10,15,9,3,0,5,4,38,0,0
22010,201566,0021000251,"Nov 29, 2010",OKC vs. NOH,W,37,9,19,0.474,2,2,1.0,5,6,0.833,3,2,5,11,5,0,8,2,25,2,0
22010,201566,0021000247,"Nov 28, 2010",OKC @ HOU,L,36,10,19,0.526,0,0,0.0,3,6,0.5,1,3,4,10,2,0,0,2,23,0,0
22010,201566,0021000227,"Nov 26, 2010",OKC @ IND,W,42,13,24,0.542,0,1,0.0,17,18,0.944,2,6,8,8,3,1,3,0,43,9,0
22010,201566,0021000216,"Nov 24, 2010",OKC vs. DAL,L,36,4,13,0.308,0,1,0.0,5,6,0.833,1,2,3,10,2,0,3,2,13,-10,0
22010,201566,0021000197,"Nov 22, 2010",OKC vs. MIN,W,36,7,14,0.5,0,0,0.0,6,9,0.667,0,4,4,14,2,0,6,2,20,24,0
22010,201566,0021000186,"Nov 20, 2010",OKC @ MIL,W,34,5,18,0.278,0,0,0.0,8,8,1.0,0,3,3,6,0,0,3,1,18,-8,0
22010,201566,0021000171,"Nov 19, 2010",OKC @ BOS,W,37,9,21,0.429,2,3,0.667,11,13,0.846,1,3,4,6,2,0,7,4,31,-2,0
22010,201566,0021000164,"Nov 17, 2010",OKC vs. HOU,W,35,6,15,0.4,0,0,0.0,9,9,1.0,2,4,6,12,2,0,3,2,21,7,0
22010,201566,0021000148,"Nov 15, 2010",OKC @ UTA,W,30,8,13,0.615,0,1,0.0,6,6,1.0,0,1,1,7,1,0,5,3,22,-6,0
22010,201566,0021000141,"Nov 14, 2010",OKC vs. SAS,L,37,5,17,0.294,0,0,0.0,9,10,0.9,1,2,3,8,2,1,2,3,19,-15,0
22010,201566,0021000128,"Nov 12, 2010",OKC vs. POR,W,44,12,22,0.545,1,1,1.0,11,12,0.917,1,6,7,7,3,2,2,2,36,14,0
22010,201566,0021000115,"Nov 10, 2010",OKC vs. PHI,W,43,11,19,0.579,0,0,0.0,9,11,0.818,1,4,5,12,1,0,7,4,31,1,0
22010,201566,0021000093,"Nov 07, 2010",OKC vs. BOS,L,43,6,16,0.375,0,2,0.0,4,5,0.8,2,2,4,10,4,2,8,4,16,0,0
22010,201566,0021000067,"Nov 04, 2010",OKC @ POR,W,44,9,22,0.409,0,5,0.0,10,10,1.0,6,5,11,5,0,0,4,4,28,4,0
22010,201566,0021000064,"Nov 03, 2010",OKC @ LAC,L,34,5,16,0.313,1,2,0.5,5,6,0.833,1,3,4,6,2,0,0,2,16,-10,0
22010,201566,0021000042,"Oct 31, 2010",OKC vs. UTA,L,30,7,13,0.538,0,1,0.0,8,8,1.0,1,3,4,5,4,1,3,3,22,-17,0
22010,201566,0021000024,"Oct 29, 2010",OKC @ DET,W,39,4,13,0.308,0,1,0.0,9,10,0.9,1,5,6,11,2,0,3,3,17,6,0
22010,201566,0021000011,"Oct 27, 2010",OKC vs. CHI,W,35,8,15,0.533,0,1,0.0,12,13,0.923,3,7,10,6,2,1,3,2,28,3,0
22009,201566,0020901224,"Apr 14, 2010",OKC vs. MEM,W,25,3,10,0.3,0,1,0.0,3,3,1.0,4,3,7,7,1,0,3,3,9,9,0
22009,201566,0020901210,"Apr 12, 2010",OKC @ POR,L,31,5,14,0.357,0,1,0.0,1,1,1.0,2,5,7,0,0,0,5,3,11,-11,0
22009,201566,0020901200,"Apr 11, 2010",OKC @ GSW,L,38,6,17,0.353,0,1,0.0,8,8,1.0,4,1,5,9,3,0,6,3,20,1,0
22009,201566,0020901183,"Apr 09, 2010",OKC vs. PHX,W,42,4,16,0.25,0,1,0.0,0,0,0.0,1,7,8,10,2,1,1,4,8,5,0
22009,201566,0020901165,"Apr 07, 2010",OKC vs. DEN,L,37,10,19,0.526,0,0,0.0,1,2,0.5,3,1,4,4,1,2,7,2,21,-3,0
22009,201566,0020901156,"Apr 06, 2010",OKC @ UTA,L,38,7,15,0.467,1,2,0.5,12,13,0.923,3,2,5,9,0,2,7,5,27,0,0
22009,201566,0020901147,"Apr 04, 2010",OKC vs. MIN,W,32,4,11,0.364,0,1,0.0,2,2,1.0,1,1,2,16,2,0,1,4,10,10,0
22009,201566,0020901137,"Apr 03, 2010",OKC @ DAL,W,33,6,16,0.375,0,0,0.0,5,5,1.0,2,1,3,6,0,0,3,3,17,-7,0
22009,201566,0020901111,"Mar 31, 2010",OKC @ BOS,W,33,9,17,0.529,0,1,0.0,3,3,1.0,2,1,3,10,0,0,2,0,21,0,0
22009,201566,0020901103,"Mar 30, 2010",OKC @ PHI,W,27,3,12,0.25,0,0,0.0,4,4,1.0,1,4,5,14,1,2,1,1,10,9,0
22009,201566,0020901094,"Mar 28, 2010",OKC vs. POR,L,31,5,14,0.357,0,1,0.0,2,2,1.0,3,0,3,6,2,0,3,4,12,-5,0
22009,201566,0020901078,"Mar 26, 2010",OKC vs. LAL,W,28,10,13,0.769,0,0,0.0,3,5,0.6,1,0,1,6,4,0,2,0,23,26,0
22009,201566,0020901065,"Mar 24, 2010",OKC vs. HOU,W,26,2,7,0.286,0,1,0.0,0,0,0.0,3,2,5,8,0,1,5,2,4,2,0
22009,201566,0020901049,"Mar 22, 2010",OKC vs. SAS,L,29,5,13,0.385,0,2,0.0,2,2,1.0,1,3,4,4,0,1,1,4,12,-4,0
22009,201566,0020901037,"Mar 21, 2010",OKC @ IND,L,17,0,4,0.0,0,0,0.0,0,0,0.0,1,0,1,5,0,0,2,2,0,-20,0
22009,201566,0020901019,"Mar 19, 2010",OKC @ TOR,W,26,3,10,0.3,0,1,0.0,5,5,1.0,1,2,3,10,2,0,2,1,11,26,0
22009,201566,0020901005,"Mar 17, 2010",OKC @ CHA,L,31,6,16,0.375,0,2,0.0,3,4,0.75,0,1,1,10,1,0,5,5,15,-11,0
22009,201566,0020900987,"Mar 14, 2010",OKC vs. UTA,W,40,12,16,0.75,0,0,0.0,6,11,0.545,1,2,3,11,1,1,5,3,30,3,0
22009,201566,0020900972,"Mar 12, 2010",OKC vs. NJN,W,35,3,7,0.429,0,0,0.0,5,6,0.833,0,4,4,10,0,1,9,4,11,7,0
22009,201566,0020900958,"Mar 10, 2010",OKC vs. NOH,W,32,7,13,0.538,0,0,0.0,3,4,0.75,2,6,8,9,2,1,4,2,17,18,0
22009,201566,0020900938,"Mar 07, 2010",OKC @ SAC,W,32,8,18,0.444,0,1,0.0,5,6,0.833,3,5,8,4,0,1,1,1,21,3,0
22009,201566,0020900924,"Mar 05, 2010",OKC @ LAC,W,36,5,11,0.455,0,0,0.0,5,7,0.714,2,4,6,9,7,0,7,3,15,16,0
22009,201566,0020900908,"Mar 03, 2010",OKC @ DEN,L,25,3,11,0.273,0,0,0.0,5,6,0.833,0,3,3,6,3,1,4,2,11,-18,0
22009,201566,0020900897,"Mar 02, 2010",OKC vs. SAC,W,42,10,19,0.526,1,1,1.0,9,11,0.818,4,1,5,13,1,0,3,2,30,14,0
22009,201566,0020900882,"Feb 28, 2010",OKC vs. TOR,W,31,4,10,0.4,0,0,0.0,6,7,0.857,0,3,3,10,4,1,0,0,14,23,0
22009,201566,0020900865,"Feb 26, 2010",OKC vs. MIN,W,33,7,11,0.636,0,0,0.0,4,6,0.667,2,6,8,15,2,0,2,1,18,29,0
22009,201566,0020900851,"Feb 24, 2010",OKC @ SAS,L,39,6,21,0.286,0,3,0.0,5,9,0.556,3,3,6,7,1,0,4,3,17,-3,0
22009,201566,0020900842,"Feb 23, 2010",OKC vs. PHX,L,39,9,18,0.5,0,0,0.0,3,4,0.75,1,0,1,10,3,0,2,3,21,-9,0
22009,201566,0020900827,"Feb 21, 2010",OKC @ MIN,W,38,9,19,0.474,0,0,0.0,4,4,1.0,3,7,10,14,2,0,3,2,22,16,0
22009,201566,0020900817,"Feb 20, 2010",OKC @ NYK,W,47,13,23,0.565,0,0,0.0,5,8,0.625,3,6,9,10,0,0,4,4,31,8,0
22009,201566,0020900786,"Feb 16, 2010",OKC vs. DAL,W,35,6,11,0.545,0,0,0.0,5,8,0.625,1,5,6,8,1,0,1,1,17,6,0
22009,201566,0020900767,"Feb 09, 2010",OKC @ POR,W,32,2,9,0.222,0,1,0.0,4,4,1.0,4,1,5,7,3,0,4,1,8,10,0
22009,201566,0020900751,"Feb 06, 2010",OKC @ GSW,W,36,8,17,0.471,0,0,0.0,5,6,0.833,2,5,7,10,8,0,2,1,21,10,0
22009,201566,0020900723,"Feb 03, 2010",OKC @ NOH,W,35,11,18,0.611,0,0,0.0,4,6,0.667,1,7,8,10,0,1,2,1,26,7,0
22009,201566,0020900716,"Feb 02, 2010",OKC vs. ATL,W,36,5,16,0.313,0,1,0.0,2,2,1.0,5,4,9,9,2,0,1,3,12,7,0
22009,201566,0020900703,"Jan 31, 2010",OKC vs. GSW,W,45,7,14,0.5,0,0,0.0,14,17,0.824,1,4,5,8,2,0,4,4,28,13,0
22009,201566,0020900684,"Jan 29, 2010",OKC vs. DEN,W,32,5,11,0.455,0,0,0.0,2,4,0.5,0,3,3,8,0,0,2,1,12,25,0
22009,201566,0020900669,"Jan 27, 2010",OKC vs. CHI,L,31,5,11,0.455,0,0,0.0,0,1,0.0,0,2,2,7,1,0,4,2,10,-6,0
22009,201566,0020900638,"Jan 23, 2010",OKC @ CLE,L,35,8,18,0.444,0,1,0.0,7,9,0.778,1,1,2,5,2,0,2,3,23,-3,0
22009,201566,0020900630,"Jan 22, 2010",OKC @ MEM,L,25,3,8,0.375,0,0,0.0,2,3,0.667,2,5,7,3,0,0,5,2,8,-10,0
22009,201566,0020900615,"Jan 20, 2010",OKC @ MIN,W,34,3,10,0.3,0,0,0.0,3,4,0.75,0,3,3,9,0,0,7,2,9,-12,0
22009,201566,0020900596,"Jan 18, 2010",OKC @ ATL,W,32,3,9,0.333,0,0,0.0,2,2,1.0,3,1,4,9,1,0,3,2,8,4,0
22009,201566,0020900589,"Jan 16, 2010",OKC vs. MIA,W,27,1,6,0.167,0,0,0.0,4,4,1.0,0,1,1,11,1,0,7,1,6,4,0
22009,201566,0020900579,"Jan 15, 2010",OKC @ DAL,L,37,8,19,0.421,0,2,0.0,2,2,1.0,2,2,4,6,2,1,4,5,18,-2,0
22009,201566,0020900563,"Jan 13, 2010",OKC vs. SAS,L,50,9,24,0.375,0,0,0.0,7,9,0.778,2,4,6,13,0,0,3,3,25,6,0
22009,201566,0020900548,"Jan 11, 2010",OKC vs. NYK,W,25,7,11,0.636,0,0,0.0,3,4,0.75,2,1,3,5,2,0,0,0,17,20,0
22009,201566,0020900534,"Jan 09, 2010",OKC vs. IND,W,37,8,16,0.5,0,0,0.0,2,3,0.667,2,7,9,6,0,0,5,6,18,13,0
22009,201566,0020900512,"Jan 06, 2010",OKC vs. NOH,L,34,5,16,0.313,0,1,0.0,1,1,1.0,2,2,4,9,3,0,2,3,11,-5,0
22009,201566,0020900495,"Jan 04, 2010",OKC @ CHI,W,45,13,24,0.542,0,1,0.0,3,5,0.6,3,4,7,6,2,0,4,2,29,14,0
22009,201566,0020900484,"Jan 02, 2010",OKC @ MIL,L,42,6,16,0.375,0,1,0.0,5,8,0.625,3,6,9,13,1,2,0,3,17,-9,0
22009,201566,0020900472,"Dec 31, 2009",OKC vs. UTA,W,33,3,12,0.25,0,1,0.0,2,6,0.333,1,3,4,10,2,1,4,3,8,0,0
22009,201566,0020900453,"Dec 29, 2009",OKC @ WAS,W,37,5,14,0.357,1,2,0.5,0,0,0.0,3,4,7,10,1,1,2,0,11,4,0
22009,201566,0020900446,"Dec 28, 2009",OKC @ NJN,W,37,4,12,0.333,0,2,0.0,8,10,0.8,0,2,2,10,2,0,2,1,16,13,0
22009,201566,0020900434,"Dec 26, 2009",OKC vs. CHA,W,35,10,18,0.556,0,1,0.0,2,2,1.0,2,3,5,6,1,0,0,2,22,2,0
22009,201566,0020900422,"Dec 23, 2009",OKC @ PHX,W,35,8,17,0.471,0,0,0.0,3,4,0.75,2,6,8,7,2,0,5,2,19,0,0
22009,201566,0020900413,"Dec 22, 2009",OKC @ LAL,L,42,9,21,0.429,0,3,0.0,3,4,0.75,4,3,7,13,1,0,2,4,21,-7,0
22009,201566,0020900389,"Dec 19, 2009",OKC @ HOU,L,41,4,14,0.286,0,2,0.0,7,10,0.7,2,4,6,7,1,0,2,3,15,-4,0
22009,201566,0020900381,"Dec 18, 2009",OKC vs. DET,W,30,2,7,0.286,1,1,1.0,9,12,0.75,1,2,3,5,0,0,0,1,14,5,0
22009,201566,0020900366,"Dec 16, 2009",OKC vs. DAL,L,33,6,19,0.316,1,3,0.333,3,4,0.75,3,3,6,5,1,1,1,4,16,-17,0
22009,201566,0020900348,"Dec 14, 2009",OKC @ DEN,L,38,5,15,0.333,0,2,0.0,4,5,0.8,3,3,6,6,0,0,4,4,14,-11,0
22009,201566,0020900342,"Dec 13, 2009",OKC vs. CLE,L,34,4,15,0.267,0,3,0.0,2,2,1.0,0,3,3,5,0,0,2,4,10,-4,0
22009,201566,0020900326,"Dec 11, 2009",OKC @ MEM,W,36,9,16,0.563,2,5,0.4,3,5,0.6,1,5,6,7,1,1,3,1,23,3,0
22009,201566,0020900298,"Dec 07, 2009",OKC vs. GSW,W,38,4,17,0.235,1,3,0.333,3,4,0.75,2,5,7,3,1,0,4,2,12,10,0
22009,201566,0020900279,"Dec 04, 2009",OKC vs. BOS,L,27,6,16,0.375,1,3,0.333,2,4,0.5,1,2,3,4,0,0,5,3,15,-13,0
22009,201566,0020900266,"Dec 02, 2009",OKC vs. PHI,W,34,1,11,0.091,0,3,0.0,5,6,0.833,2,3,5,15,2,0,2,3,7,15,0
22009,201566,0020900244,"Nov 29, 2009",OKC vs. HOU,L,40,8,16,0.5,0,2,0.0,4,5,0.8,1,1,2,5,1,2,4,1,20,-4,0
22009,201566,0020900228,"Nov 27, 2009",OKC vs. MIL,W,36,6,15,0.4,1,3,0.333,7,8,0.875,0,6,6,7,0,2,2,1,20,30,0
22009,201566,0020900206,"Nov 24, 2009",OKC @ UTA,W,33,4,10,0.4,1,2,0.5,8,10,0.8,2,1,3,3,0,0,5,2,17,5,0
22009,201566,0020900197,"Nov 22, 2009",OKC @ LAL,L,42,5,16,0.313,0,3,0.0,4,6,0.667,1,6,7,7,0,3,6,3,14,-11,0
22009,201566,0020900178,"Nov 20, 2009",OKC vs. WAS,W,34,6,12,0.5,3,6,0.5,11,12,0.917,2,2,4,7,2,0,6,2,26,19,0
22009,201566,0020900160,"Nov 18, 2009",OKC @ ORL,L,27,3,11,0.273,0,2,0.0,4,4,1.0,1,1,2,3,3,0,2,2,10,-17,0
22009,201566,0020900151,"Nov 17, 2009",OKC @ MIA,W,33,9,13,0.692,2,3,0.667,4,4,1.0,0,1,1,7,1,1,2,3,24,4,0
22009,201566,0020900144,"Nov 15, 2009",OKC vs. LAC,L,37,5,17,0.294,1,4,0.25,6,6,1.0,2,7,9,7,2,0,3,1,17,-3,0
22009,201566,0020900142,"Nov 14, 2009",OKC @ SAS,W,35,7,13,0.538,1,1,1.0,4,6,0.667,1,4,5,11,0,0,0,4,19,0,0
22009,201566,0020900120,"Nov 11, 2009",OKC @ LAC,W,22,1,11,0.091,0,0,0.0,0,0,0.0,1,1,2,3,0,0,2,3,2,-8,0
22009,201566,0020900108,"Nov 10, 2009",OKC @ SAC,L,37,3,13,0.231,1,2,0.5,2,4,0.5,1,4,5,6,2,0,1,3,9,5,0
22009,201566,0020900094,"Nov 08, 2009",OKC vs. ORL,W,35,5,12,0.417,3,4,0.75,4,4,1.0,2,3,5,10,0,0,5,4,17,41,0
22009,201566,0020900081,"Nov 06, 2009",OKC @ HOU,L,41,14,25,0.56,1,3,0.333,4,4,1.0,3,2,5,7,1,0,4,2,33,-9,0
22009,201566,0020900057,"Nov 03, 2009",OKC vs. LAL,L,34,5,12,0.417,0,3,0.0,2,3,0.667,1,5,6,7,2,0,6,3,12,-9,0
22009,201566,0020900042,"Nov 01, 2009",OKC vs. POR,L,32,8,12,0.667,0,1,0.0,7,10,0.7,2,2,4,2,2,1,9,6,23,-13,0
22009,201566,0020900023,"Oct 30, 2009",OKC @ DET,W,34,2,11,0.182,0,2,0.0,6,8,0.75,1,4,5,10,1,2,5,3,10,2,0
22009,201566,0020900012,"Oct 28, 2009",OKC vs. SAC,W,35,7,12,0.583,0,1,0.0,0,0,0.0,2,5,7,13,0,0,2,2,14,23,0
22008,201566,0020801228,"Apr 15, 2009",OKC @ LAC,W,30,5,11,0.455,0,2,0.0,4,4,1.0,2,3,5,7,0,0,2,2,14,23,0
22008,201566,0020801212,"Apr 13, 2009",OKC @ POR,L,39,4,16,0.25,1,4,0.25,6,8,0.75,1,2,3,7,3,0,2,1,15,-24,0
22008,201566,0020801193,"Apr 11, 2009",OKC @ MIL,L,26,4,12,0.333,1,1,1.0,4,4,1.0,3,4,7,6,0,0,1,1,13,-12,0
22008,201566,0020801182,"Apr 10, 2009",OKC vs. CHA,W,37,3,9,0.333,0,0,0.0,4,4,1.0,4,2,6,11,1,0,9,2,10,1,0
22008,201566,0020801170,"Apr 08, 2009",OKC @ DEN,L,33,6,13,0.462,0,2,0.0,2,3,0.667,2,4,6,11,1,0,5,4,14,-7,0
22008,201566,0020801157,"Apr 07, 2009",OKC vs. SAS,L,31,3,10,0.3,0,0,0.0,4,6,0.667,3,2,5,6,3,1,4,3,10,-9,0
22008,201566,0020801149,"Apr 05, 2009",OKC vs. IND,L,24,4,9,0.444,0,1,0.0,3,6,0.5,4,3,7,4,3,0,2,2,11,-15,0
22008,201566,0020801129,"Apr 03, 2009",OKC vs. POR,L,28,1,8,0.125,0,1,0.0,6,8,0.75,2,6,8,4,1,1,1,0,8,-24,0
22008,201566,0020801109,"Mar 31, 2009",OKC @ SAS,W,38,6,15,0.4,0,1,0.0,4,6,0.667,2,1,3,10,2,0,2,1,16,1,0
22008,201566,0020801096,"Mar 29, 2009",OKC @ BOS,L,39,8,18,0.444,0,1,0.0,7,8,0.875,2,0,2,2,1,0,2,3,23,-14,0
22008,201566,0020801075,"Mar 27, 2009",OKC @ TOR,L,26,5,11,0.455,0,1,0.0,0,1,0.0,3,0,3,5,0,0,4,1,10,-11,0
22008,201566,0020801056,"Mar 24, 2009",OKC vs. LAL,L,31,2,11,0.182,0,1,0.0,6,6,1.0,0,5,5,6,1,0,4,4,10,-11,0
22008,201566,0020801043,"Mar 22, 2009",OKC @ MIN,W,36,2,10,0.2,0,1,0.0,3,4,0.75,4,4,8,10,2,2,2,2,7,10,0
22008,201566,0020801029,"Mar 20, 2009",OKC vs. UTA,L,35,9,18,0.5,1,1,1.0,3,4,0.75,0,3,3,4,0,0,4,4,22,-10,0
22008,201566,0020801016,"Mar 18, 2009",OKC vs. CHI,L,38,6,16,0.375,0,2,0.0,3,4,0.75,0,2,2,6,1,0,4,2,15,-6,0
22008,201566,0020800999,"Mar 16, 2009",OKC vs. SAS,W,33,4,16,0.25,0,0,0.0,0,0,0.0,2,6,8,2,2,0,1,2,8,-12,0
22008,201566,0020800984,"Mar 14, 2009",OKC @ PHX,L,35,6,12,0.5,0,0,0.0,8,8,1.0,1,5,6,7,0,0,8,4,20,-15,0
22008,201566,0020800963,"Mar 11, 2009",OKC @ DEN,L,29,5,13,0.385,0,0,0.0,3,4,0.75,0,3,3,1,1,0,2,2,13,-22,0
22008,201566,0020800953,"Mar 10, 2009",OKC @ SAC,W,39,10,20,0.5,1,2,0.5,1,1,1.0,2,3,5,4,0,0,7,2,22,-3,0
22008,201566,0020800941,"Mar 08, 2009",OKC vs. PHI,W,31,5,11,0.455,1,3,0.333,0,0,0.0,1,6,7,5,1,0,6,4,11,7,0
22008,201566,0020800931,"Mar 07, 2009",OKC @ NOH,L,33,8,18,0.444,0,1,0.0,8,8,1.0,3,4,7,2,3,0,4,1,24,-26,0
22008,201566,0020800909,"Mar 04, 2009",OKC vs. WAS,W,33,6,14,0.429,0,2,0.0,0,3,0.0,1,1,2,8,0,0,3,3,12,-2,0
22008,201566,0020800895,"Mar 02, 2009",OKC vs. DAL,W,41,6,18,0.333,1,2,0.5,4,4,1.0,2,8,10,10,2,1,6,2,17,15,0
22008,201566,0020800878,"Feb 28, 2009",OKC @ MEM,W,41,5,17,0.294,0,2,0.0,15,17,0.882,2,2,4,7,4,0,5,3,25,15,0
22008,201566,0020800870,"Feb 27, 2009",OKC @ DAL,L,47,11,32,0.344,2,6,0.333,9,10,0.9,5,3,8,5,2,0,4,2,33,-6,0
22008,201566,0020800846,"Feb 24, 2009",OKC vs. LAL,L,31,5,13,0.385,0,1,0.0,4,4,1.0,0,2,2,2,0,0,4,2,14,-8,0
22008,201566,0020800826,"Feb 21, 2009",OKC @ GSW,L,39,13,24,0.542,0,3,0.0,5,6,0.833,2,3,5,11,1,0,4,0,31,-13,0
22008,201566,0020800819,"Feb 20, 2009",OKC @ PHX,L,33,6,15,0.4,3,4,0.75,4,4,1.0,4,2,6,8,1,0,4,4,19,-12,0
22008,201566,0020800793,"Feb 17, 2009",OKC vs. NOH,L,34,5,15,0.333,0,3,0.0,2,2,1.0,1,4,5,4,0,0,2,5,12,-7,0
22008,201566,0020800783,"Feb 11, 2009",OKC @ POR,L,37,5,15,0.333,0,0,0.0,11,12,0.917,8,4,12,3,0,1,3,3,21,-4,0
22008,201566,0020800772,"Feb 10, 2009",OKC @ LAL,L,39,5,16,0.313,2,5,0.4,5,6,0.833,3,6,9,7,2,0,4,3,17,-8,0
22008,201566,0020800757,"Feb 08, 2009",OKC vs. SAC,W,37,3,14,0.214,0,3,0.0,5,7,0.714,3,4,7,8,2,1,2,2,11,0,0
22008,201566,0020800739,"Feb 06, 2009",OKC vs. POR,W,25,5,9,0.556,0,1,0.0,0,0,0.0,1,4,5,3,1,0,6,2,10,0,0
22008,201566,0020800728,"Feb 04, 2009",OKC vs. DEN,L,35,8,17,0.471,0,1,0.0,4,7,0.571,2,2,4,5,0,0,4,1,20,-6,0
22008,201566,0020800705,"Feb 01, 2009",OKC @ SAC,L,41,7,18,0.389,0,2,0.0,20,22,0.909,6,0,6,8,1,0,5,4,34,3,0
22008,201566,0020800689,"Jan 30, 2009",OKC @ UTA,L,39,7,14,0.5,0,3,0.0,6,7,0.857,5,3,8,3,1,0,4,3,20,-12,0
22008,201566,0020800674,"Jan 28, 2009",OKC vs. MEM,W,34,7,14,0.5,0,0,0.0,2,2,1.0,1,1,2,5,2,0,2,2,16,10,0
22008,201566,0020800660,"Jan 26, 2009",OKC vs. NJN,W,23,3,7,0.429,1,2,0.5,6,6,1.0,1,7,8,4,0,0,3,1,13,19,0
22008,201566,0020800639,"Jan 23, 2009",OKC @ LAC,L,37,4,13,0.308,1,2,0.5,2,2,1.0,1,2,3,2,1,0,3,2,11,-11,0
22008,201566,0020800626,"Jan 21, 2009",OKC @ GSW,W,39,11,19,0.579,3,4,0.75,5,5,1.0,2,2,4,7,1,0,4,2,30,0,0
22008,201566,0020800600,"Jan 18, 2009",OKC vs. MIA,L,37,4,12,0.333,0,1,0.0,6,6,1.0,2,6,8,3,1,1,4,2,14,-8,0
22008,201566,0020800585,"Jan 16, 2009",OKC vs. DET,W,27,2,10,0.2,0,1,0.0,1,2,0.5,2,0,2,6,0,0,2,2,5,-2,0
22008,201566,0020800572,"Jan 14, 2009",OKC vs. UTA,W,31,8,14,0.571,0,0,0.0,6,8,0.75,1,1,2,7,3,0,1,4,22,21,0
22008,201566,0020800555,"Jan 12, 2009",OKC @ NJN,L,37,7,19,0.368,0,2,0.0,5,5,1.0,1,4,5,4,2,0,2,4,19,-1,0
22008,201566,0020800542,"Jan 10, 2009",OKC @ CHI,W,43,5,20,0.25,0,0,0.0,4,5,0.8,7,5,12,4,2,0,3,0,14,12,0
22008,201566,0020800533,"Jan 09, 2009",OKC vs. HOU,L,38,7,13,0.538,1,2,0.5,0,1,0.0,0,6,6,6,2,0,3,2,15,-11,0
22008,201566,0020800520,"Jan 07, 2009",OKC @ MIN,L,30,5,10,0.5,0,1,0.0,6,8,0.75,0,1,1,12,0,0,2,1,16,-25,0
22008,201566,0020800510,"Jan 06, 2009",OKC vs. NYK,W,42,6,13,0.462,1,3,0.333,9,11,0.818,1,5,6,9,1,1,4,4,22,11,0
22008,201566,0020800482,"Jan 02, 2009",OKC vs. DEN,L,29,5,7,0.714,0,1,0.0,4,7,0.571,2,0,2,5,0,0,1,2,14,-16,0
22008,201566,0020800471,"Dec 31, 2008",OKC vs. GSW,W,31,5,11,0.455,1,3,0.333,0,0,0.0,2,4,6,2,5,0,3,2,11,2,0
22008,201566,0020800454,"Dec 29, 2008",OKC vs. PHX,L,37,12,16,0.75,3,4,0.75,4,7,0.571,0,3,3,5,0,0,6,2,31,-6,0
22008,201566,0020800438,"Dec 27, 2008",OKC @ WAS,L,31,3,10,0.3,0,1,0.0,4,4,1.0,4,1,5,5,1,1,5,0,10,-3,0
22008,201566,0020800429,"Dec 26, 2008",OKC @ DET,L,33,6,13,0.462,0,0,0.0,2,4,0.5,2,3,5,4,0,0,5,1,14,6,0
22008,201566,0020800409,"Dec 23, 2008",OKC @ ATL,L,38,5,14,0.357,0,0,0.0,1,2,0.5,2,1,3,6,1,0,3,4,11,-15,0
22008,201566,0020800402,"Dec 21, 2008",OKC vs. CLE,L,40,7,16,0.438,2,3,0.667,8,9,0.889,2,4,6,11,0,0,5,2,24,3,0
22008,201566,0020800386,"Dec 19, 2008",OKC vs. TOR,W,31,7,12,0.583,0,1,0.0,5,7,0.714,0,4,4,8,1,0,5,0,19,17,0
22008,201566,0020800362,"Dec 16, 2008",OKC vs. LAC,L,33,4,11,0.364,0,0,0.0,3,4,0.75,5,2,7,2,2,0,4,1,11,-7,0
22008,201566,0020800349,"Dec 14, 2008",OKC @ SAS,L,19,1,3,0.333,0,1,0.0,0,0,0.0,0,0,0,2,1,0,2,4,2,-8,0
22008,201566,0020800341,"Dec 13, 2008",OKC @ DAL,L,35,7,14,0.5,0,0,0.0,5,5,1.0,6,2,8,6,0,0,3,1,19,3,0
22008,201566,0020800317,"Dec 10, 2008",OKC vs. MEM,L,33,5,10,0.5,1,2,0.5,4,4,1.0,0,3,3,6,2,0,0,4,15,-14,0
22008,201566,0020800303,"Dec 08, 2008",OKC vs. GSW,L,34,3,13,0.231,0,2,0.0,0,0,0.0,5,3,8,7,2,0,6,3,6,-2,0
22008,201566,0020800288,"Dec 06, 2008",OKC @ MIA,L,32,10,18,0.556,0,1,0.0,10,12,0.833,3,4,7,2,2,0,3,3,30,-14,0
22008,201566,0020800276,"Dec 05, 2008",OKC @ ORL,L,34,8,14,0.571,1,2,0.5,2,4,0.5,4,5,9,5,2,0,5,3,19,2,0
22008,201566,0020800264,"Dec 03, 2008",OKC @ CHA,L,36,2,9,0.222,0,0,0.0,6,8,0.75,1,1,2,5,1,0,5,3,10,-11,0
22008,201566,0020800240,"Nov 29, 2008",OKC @ MEM,W,38,5,11,0.455,0,0,0.0,2,3,0.667,5,0,5,4,2,0,2,1,12,13,0
22008,201566,0020800230,"Nov 28, 2008",OKC vs. MIN,L,34,6,10,0.6,0,1,0.0,3,4,0.75,1,2,3,8,1,1,3,3,15,6,0
22008,201566,0020800211,"Nov 26, 2008",OKC @ CLE,L,29,4,14,0.286,0,0,0.0,5,8,0.625,2,2,4,5,5,0,1,2,13,-16,0
22008,201566,0020800207,"Nov 25, 2008",OKC vs. PHX,L,31,6,11,0.545,0,0,0.0,3,4,0.75,3,2,5,5,3,0,1,3,15,3,0
22008,201566,0020800191,"Nov 22, 2008",OKC @ NOH,L,30,3,10,0.3,1,3,0.333,2,2,1.0,0,1,1,11,3,0,2,3,9,0,0
22008,201566,0020800180,"Nov 21, 2008",OKC vs. NOH,L,29,5,14,0.357,0,0,0.0,5,6,0.833,1,2,3,3,2,0,4,3,15,-6,0
22008,201566,0020800165,"Nov 19, 2008",OKC vs. LAC,L,30,4,11,0.364,0,0,0.0,2,2,1.0,1,4,5,4,1,0,3,1,10,4,0
22008,201566,0020800146,"Nov 17, 2008",OKC vs. HOU,L,28,5,14,0.357,0,3,0.0,4,6,0.667,1,1,2,2,5,0,3,3,14,2,0
22008,201566,0020800134,"Nov 15, 2008",OKC @ PHI,L,24,3,12,0.25,0,0,0.0,7,8,0.875,1,0,1,4,1,1,2,4,13,3,0
22008,201566,0020800124,"Nov 14, 2008",OKC @ NYK,L,28,6,12,0.5,1,4,0.25,6,7,0.857,5,5,10,6,1,1,3,5,19,1,0
22008,201566,0020800113,"Nov 12, 2008",OKC vs. ORL,L,30,3,19,0.158,0,2,0.0,7,8,0.875,5,0,5,4,0,1,3,3,13,-9,0
22008,201566,0020800093,"Nov 10, 2008",OKC @ IND,L,26,1,10,0.1,1,3,0.333,3,4,0.75,0,2,2,4,2,1,3,4,6,6,0
22008,201566,0020800089,"Nov 09, 2008",OKC vs. ATL,L,25,6,14,0.429,0,2,0.0,3,3,1.0,1,0,1,2,2,0,3,0,15,7,0
22008,201566,0020800074,"Nov 07, 2008",OKC @ UTA,L,17,1,8,0.125,0,0,0.0,4,4,1.0,1,0,1,1,0,0,2,1,6,-5,0
22008,201566,0020800059,"Nov 05, 2008",OKC vs. BOS,L,19,4,13,0.308,3,5,0.6,2,2,1.0,3,2,5,1,1,0,2,3,13,-3,0
22008,201566,0020800041,"Nov 02, 2008",OKC vs. MIN,W,25,6,13,0.462,0,1,0.0,2,3,0.667,1,0,1,2,2,0,3,1,14,7,0
22008,201566,0020800035,"Nov 01, 2008",OKC @ HOU,L,19,2,7,0.286,0,1,0.0,2,2,1.0,0,2,2,3,1,0,2,2,6,-17,0
22008,201566,0020800010,"Oct 29, 2008",OKC vs. MIL,L,22,4,9,0.444,1,2,0.5,4,6,0.667,4,0,4,4,0,1,2,2,13,5,0
