SEASON_ID,Player_ID,Game_ID,GAME_DATE,MATCHUP,WL,MIN,FGM,FGA,FG_PCT,FG3M,FG3A,FG3_PCT,FTM,FTA,FT_PCT,OREB,DREB,REB,AST,STL,BLK,TOV,PF,PTS,PLUS_MINUS,VIDEO_AVAILABLE
22025,201145,0022501194,"Apr 12, 2026",HOU vs. MEM,W,24,2,8,0.25,0,4,0.0,2,2,1.0,2,3,5,1,1,1,3,2,6,7,1
22025,201145,0022501124,"Apr 03, 2026",HOU vs. UTA,W,7,0,3,0.0,0,1,0.0,0,0,0.0,0,0,0,1,0,0,0,2,0,3,1
22025,201145,0022501102,"Mar 31, 2026",HOU vs. NYK,W,2,0,2,0.0,0,2,0.0,0,0,0.0,0,1,1,0,0,0,0,0,0,-2,1
22025,201145,0022501088,"Mar 29, 2026",HOU @ NOP,W,4,1,1,1.0,0,0,0.0,0,0,0.0,0,0,0,1,0,0,0,0,2,1,1
22025,201145,0022501018,"Mar 20, 2026",HOU vs. ATL,W,4,0,1,0.0,0,1,0.0,0,0,0.0,0,0,0,1,0,0,0,0,0,-3,1
22025,201145,0022500964,"Mar 13, 2026",HOU vs. NOP,W,9,1,3,0.333,0,2,0.0,0,0,0.0,2,1,3,0,0,0,0,2,2,-7,1
22025,201145,0022500950,"Mar 11, 2026",HOU @ DEN,L,8,0,3,0.0,0,3,0.0,0,0,0.0,0,1,1,0,0,0,0,0,0,-3,1
22025,201145,0022500940,"Mar 10, 2026",HOU vs. TOR,W,3,0,2,0.0,0,1,0.0,0,0,0.0,0,0,0,0,0,0,0,1,0,-4,1
22025,201145,0022500927,"Mar 08, 2026",HOU @ SAS,L,4,2,3,0.667,1,2,0.5,2,2,1.0,0,0,0,0,0,0,0,0,7,-5,1
22025,201145,0022500864,"Feb 28, 2026",HOU @ MIA,L,12,2,5,0.4,0,2,0.0,0,0,0.0,2,2,4,0,0,0,0,0,4,12,1
22025,201145,0022500845,"Feb 25, 2026",HOU vs. SAC,W,15,2,4,0.5,1,2,0.5,0,0,0.0,0,1,1,1,0,0,0,0,5,8,1
22025,201145,0022500830,"Feb 23, 2026",HOU vs. UTA,W,2,0,1,0.0,0,1,0.0,0,0,0.0,0,0,0,0,0,0,0,0,0,3,1
22025,201145,0022500737,"Feb 05, 2026",HOU vs. CHA,L,8,2,4,0.5,1,3,0.333,1,1,1.0,0,2,2,1,1,0,0,0,6,12,1
22025,201145,0022500728,"Feb 04, 2026",HOU vs. BOS,L,6,1,2,0.5,1,2,0.5,0,0,0.0,0,0,0,0,0,0,0,0,3,7,1
22025,201145,0022500682,"Jan 29, 2026",HOU @ ATL,W,2,0,1,0.0,0,1,0.0,0,0,0.0,0,0,0,0,0,0,0,0,0,-4,1
22025,201145,0022500581,"Jan 15, 2026",HOU vs. OKC,L,4,1,2,0.5,1,1,1.0,0,0,0.0,0,2,2,0,0,0,0,0,3,-2,1
22025,201145,0022500453,"Dec 29, 2025",HOU vs. IND,W,2,1,1,1.0,0,0,0.0,0,0,0.0,0,0,0,0,0,0,1,0,2,-8,1
22025,201145,0022500438,"Dec 27, 2025",HOU vs. CLE,W,5,1,4,0.25,1,2,0.5,0,0,0.0,0,0,0,1,0,0,0,0,3,-9,1
22025,201145,0022500012,"Dec 25, 2025",HOU @ LAL,W,3,0,0,0.0,0,0,0.0,0,0,0.0,0,1,1,0,0,0,0,0,0,1,1
22025,201145,0022500422,"Dec 23, 2025",HOU @ LAC,L,5,1,2,0.5,1,2,0.5,0,0,0.0,0,1,1,0,0,0,0,1,3,2,1
22025,201145,0022500356,"Dec 06, 2025",HOU @ DAL,L,6,1,1,1.0,0,0,0.0,0,0,0.0,0,0,0,1,0,0,0,0,2,-6,1
22025,201145,0022500346,"Dec 05, 2025",HOU vs. PHX,W,8,0,1,0.0,0,1,0.0,0,0,0.0,0,1,1,0,0,0,0,2,0,-11,1
22025,201145,0022500330,"Dec 03, 2025",HOU vs. SAC,W,2,1,1,1.0,1,1,1.0,0,0,0.0,0,0,0,0,0,0,0,0,3,5,1
22025,201145,0022500301,"Nov 30, 2025",HOU @ UTA,W,7,2,5,0.4,0,2,0.0,0,0,0.0,0,0,0,0,0,0,0,0,4,-6,1
22025,201145,0022500290,"Nov 24, 2025",HOU @ PHX,W,3,0,2,0.0,0,2,0.0,0,0,0.0,0,1,1,0,0,0,0,0,0,0,1
22025,201145,0022500042,"Nov 14, 2025",HOU vs. POR,W,4,0,0,0.0,0,0,0.0,0,0,0.0,0,0,0,0,0,0,0,1,0,-6,1
22025,201145,0022500218,"Nov 12, 2025",HOU vs. WAS,W,3,1,2,0.5,1,2,0.5,0,0,0.0,0,1,1,0,0,0,0,0,3,1,1
22025,201145,0022500176,"Nov 05, 2025",HOU @ MEM,W,2,0,1,0.0,0,1,0.0,0,0,0.0,1,0,1,0,0,0,0,0,0,-3,1
22025,201145,0022500146,"Nov 01, 2025",HOU @ BOS,W,8,2,2,1.0,2,2,1.0,0,0,0.0,0,0,0,0,0,1,0,0,6,-4,1
22025,201145,0022500116,"Oct 27, 2025",HOU vs. BKN,W,4,1,1,1.0,1,1,1.0,0,0,0.0,0,0,0,0,0,0,0,1,3,-5,1
22024,201145,0022401193,"Apr 13, 2025",HOU vs. DEN,L,12,2,6,0.333,1,5,0.2,0,0,0.0,1,2,3,0,0,0,0,1,5,-14,1
22024,201145,0022401185,"Apr 11, 2025",HOU @ LAL,L,22,1,6,0.167,1,6,0.167,3,4,0.75,0,3,3,5,0,0,0,2,6,-11,1
22024,201145,0022401166,"Apr 09, 2025",HOU @ LAC,L,19,7,9,0.778,4,6,0.667,1,2,0.5,0,3,3,2,1,0,1,1,19,3,1
22024,201145,0022401107,"Apr 02, 2025",HOU vs. UTA,W,7,1,3,0.333,1,2,0.5,0,0,0.0,0,1,1,0,0,0,0,1,3,4,1
22024,201145,0022401088,"Mar 30, 2025",HOU @ PHX,W,10,2,2,1.0,2,2,1.0,0,0,0.0,1,1,2,0,0,0,0,1,6,11,1
22024,201145,0022400999,"Mar 19, 2025",HOU @ ORL,W,9,0,0,0.0,0,0,0.0,2,2,1.0,0,0,0,0,0,0,0,1,2,-15,1
22024,201145,0022400970,"Mar 15, 2025",HOU vs. CHI,W,10,1,2,0.5,0,0,0.0,0,0,0.0,1,0,1,2,0,0,1,0,2,-4,1
22024,201145,0022400961,"Mar 14, 2025",HOU vs. DAL,W,15,0,0,0.0,0,0,0.0,0,0,0.0,0,4,4,1,0,0,1,1,0,18,1
22024,201145,0022400949,"Mar 12, 2025",HOU vs. PHX,W,7,0,2,0.0,0,2,0.0,0,0,0.0,0,1,1,0,0,0,0,0,0,-8,1
22024,201145,0022400934,"Mar 10, 2025",HOU vs. ORL,W,19,3,7,0.429,3,6,0.5,0,0,0.0,0,4,4,0,0,0,0,4,9,4,1
22024,201145,0022400913,"Mar 08, 2025",HOU vs. NOP,W,6,1,1,1.0,1,1,1.0,0,0,0.0,0,2,2,1,0,1,0,0,3,7,1
22024,201145,0022400902,"Mar 06, 2025",HOU @ NOP,W,5,1,1,1.0,0,0,0.0,0,0,0.0,0,0,0,0,1,1,1,1,2,-2,1
22024,201145,0022400879,"Mar 03, 2025",HOU @ OKC,L,16,1,2,0.5,1,2,0.5,0,0,0.0,0,4,4,1,0,0,0,0,3,0,1
22024,201145,0022400844,"Feb 26, 2025",HOU vs. SAS,W,20,6,12,0.5,1,4,0.25,0,0,0.0,3,0,3,0,0,0,0,1,13,0,1
22024,201145,0022400831,"Feb 25, 2025",HOU vs. MIL,W,12,1,4,0.25,0,2,0.0,0,0,0.0,0,0,0,1,1,1,0,1,2,1,1
22024,201145,0022400809,"Feb 22, 2025",HOU @ UTA,L,22,6,8,0.75,4,6,0.667,0,0,0.0,0,1,1,2,0,0,0,0,16,-7,1
22024,201145,0022400784,"Feb 13, 2025",HOU vs. GSW,L,21,3,10,0.3,2,8,0.25,2,2,1.0,1,2,3,1,0,0,0,1,10,4,1
22024,201145,0022400753,"Feb 09, 2025",HOU vs. TOR,W,20,4,7,0.571,0,3,0.0,6,7,0.857,2,3,5,1,0,0,1,2,14,10,1
22024,201145,0022400689,"Feb 01, 2025",HOU vs. BKN,L,8,1,2,0.5,0,1,0.0,0,0,0.0,0,0,0,0,0,0,1,0,2,-4,1
22024,201145,0022400576,"Jan 16, 2025",HOU @ SAC,L,23,4,6,0.667,1,3,0.333,1,1,1.0,1,2,3,2,0,0,0,2,10,-4,1
22024,201145,0022400568,"Jan 15, 2025",HOU @ DEN,W,21,3,6,0.5,2,5,0.4,0,0,0.0,0,2,2,0,0,1,0,4,8,13,1
22024,201145,0022400503,"Jan 07, 2025",HOU @ WAS,W,10,2,4,0.5,0,2,0.0,3,4,0.75,0,1,1,0,0,0,0,1,7,-6,1
22024,201145,0022400471,"Jan 03, 2025",HOU vs. BOS,L,29,2,3,0.667,1,2,0.5,2,2,1.0,0,5,5,0,1,0,1,3,7,-16,1
22024,201145,0022400416,"Dec 26, 2024",HOU @ NOP,W,9,2,3,0.667,1,2,0.5,1,2,0.5,1,1,2,0,0,0,0,1,6,-11,1
22024,201145,0022400391,"Dec 23, 2024",HOU @ CHA,W,7,0,2,0.0,0,1,0.0,0,0,0.0,0,1,1,0,0,0,0,1,0,-14,1
22024,201145,0022400031,"Nov 22, 2024",HOU vs. POR,W,7,2,3,0.667,1,1,1.0,0,0,0.0,0,1,1,0,0,0,0,0,5,2,1
22024,201145,0022400254,"Nov 20, 2024",HOU vs. IND,W,4,1,3,0.333,0,2,0.0,0,0,0.0,0,0,0,0,1,0,1,0,2,-4,1
22024,201145,0022400248,"Nov 18, 2024",HOU @ MIL,L,2,0,0,0.0,0,0,0.0,0,0,0.0,0,0,0,0,0,0,0,0,0,-3,1
22024,201145,0022400241,"Nov 17, 2024",HOU @ CHI,W,13,1,4,0.25,0,3,0.0,0,0,0.0,0,2,2,0,0,0,0,1,2,8,1
22024,201145,0022400192,"Nov 08, 2024",HOU @ OKC,L,4,1,1,1.0,1,1,1.0,0,0,0.0,0,0,0,0,0,0,1,0,3,7,1
22024,201145,0022400173,"Nov 06, 2024",HOU vs. SAS,W,5,2,2,1.0,1,1,1.0,0,0,0.0,0,1,1,0,1,0,0,0,5,-1,1
22024,201145,0022400144,"Nov 02, 2024",HOU vs. GSW,L,3,0,0,0.0,0,0,0.0,0,0,0.0,0,0,0,1,0,0,0,1,0,-6,1
22023,201145,0022301199,"Apr 14, 2024",HOU @ LAC,W,12,3,6,0.5,1,2,0.5,0,0,0.0,1,1,2,0,0,1,1,1,7,-6,1
22023,201145,0022301183,"Apr 12, 2024",HOU @ POR,W,17,2,6,0.333,1,5,0.2,2,2,1.0,0,3,3,4,0,0,0,1,7,13,1
22023,201145,0022301168,"Apr 11, 2024",HOU @ UTA,L,22,4,7,0.571,3,5,0.6,2,2,1.0,1,5,6,0,0,0,0,1,13,-1,1
22023,201145,0022301150,"Apr 09, 2024",HOU vs. ORL,W,17,2,4,0.5,0,1,0.0,2,2,1.0,1,1,2,2,1,0,1,1,6,5,1
22023,201145,0022301131,"Apr 07, 2024",HOU @ DAL,L,17,3,12,0.25,1,8,0.125,0,0,0.0,1,0,1,1,2,0,0,0,7,-20,1
22023,201145,0022301120,"Apr 05, 2024",HOU vs. MIA,L,22,4,6,0.667,2,3,0.667,1,1,1.0,0,2,2,2,0,0,0,2,11,-11,1
22023,201145,0022301113,"Apr 04, 2024",HOU vs. GSW,L,17,1,5,0.2,0,3,0.0,6,8,0.75,1,0,1,1,1,0,0,0,8,-4,1
22023,201145,0022301098,"Apr 02, 2024",HOU @ MIN,L,21,3,6,0.5,2,5,0.4,0,0,0.0,2,4,6,2,0,0,0,1,8,3,1
22023,201145,0022301083,"Mar 31, 2024",HOU vs. DAL,L,5,0,2,0.0,0,1,0.0,2,2,1.0,0,0,0,0,0,0,0,0,2,-1,1
22023,201145,0022301072,"Mar 29, 2024",HOU @ UTA,W,20,2,5,0.4,1,3,0.333,0,0,0.0,2,2,4,0,0,0,0,0,5,-3,1
22023,201145,0022301057,"Mar 27, 2024",HOU @ OKC,W,13,3,8,0.375,1,5,0.2,0,0,0.0,0,2,2,1,0,0,0,1,7,-4,1
22023,201145,0022301038,"Mar 25, 2024",HOU vs. POR,W,24,2,4,0.5,2,4,0.5,0,0,0.0,0,4,4,1,0,1,1,2,6,7,1
22023,201145,0022301024,"Mar 23, 2024",HOU vs. UTA,W,25,7,14,0.5,4,8,0.5,3,3,1.0,0,4,4,1,0,2,0,3,21,17,1
22023,201145,0022301006,"Mar 21, 2024",HOU vs. CHI,W,27,5,8,0.625,3,6,0.5,1,2,0.5,2,5,7,0,0,1,0,3,14,21,1
22023,201145,0022300992,"Mar 19, 2024",HOU @ WAS,W,18,4,7,0.571,2,4,0.5,2,2,1.0,0,2,2,1,0,0,0,0,12,2,1
22023,201145,0022300967,"Mar 16, 2024",HOU vs. CLE,W,26,4,8,0.5,1,4,0.25,0,0,0.0,0,4,4,1,1,0,1,1,9,0,1
22023,201145,0022300957,"Mar 14, 2024",HOU vs. WAS,W,13,1,7,0.143,0,2,0.0,0,0,0.0,0,0,0,1,0,0,2,0,2,-7,1
22023,201145,0022300942,"Mar 12, 2024",HOU @ SAS,W,14,2,5,0.4,1,2,0.5,3,4,0.75,0,1,1,0,1,0,0,0,8,-5,1
22023,201145,0022300929,"Mar 10, 2024",HOU @ SAC,W,11,2,4,0.5,1,1,1.0,0,0,0.0,1,1,2,1,0,0,0,1,5,3,1
22023,201145,0022300891,"Mar 05, 2024",HOU vs. SAS,W,6,0,0,0.0,0,0,0.0,0,0,0.0,0,1,1,1,0,1,0,0,0,0,1
22023,201145,0022300870,"Mar 02, 2024",HOU @ PHX,W,10,0,3,0.0,0,2,0.0,1,2,0.5,0,2,2,0,0,0,0,2,1,-11,1
22023,201145,0022300854,"Feb 29, 2024",HOU @ PHX,L,12,1,4,0.25,1,1,1.0,0,2,0.0,1,0,1,0,1,0,0,0,3,-6,1
22023,201145,0022300841,"Feb 27, 2024",HOU @ OKC,L,17,2,3,0.667,1,2,0.5,0,0,0.0,0,0,0,3,0,2,1,1,5,-13,1
22023,201145,0022300822,"Feb 25, 2024",HOU vs. OKC,L,16,1,3,0.333,0,2,0.0,0,0,0.0,0,0,0,1,0,0,0,0,2,-2,1
22023,201145,0022300806,"Feb 23, 2024",HOU vs. PHX,W,15,1,3,0.333,1,2,0.5,0,0,0.0,0,2,2,1,0,0,1,1,3,-1,1
22023,201145,0022300798,"Feb 22, 2024",HOU @ NOP,L,9,2,6,0.333,2,3,0.667,2,2,1.0,2,1,3,3,0,0,0,1,8,-7,1
22023,201145,0022300783,"Feb 14, 2024",HOU @ MEM,L,16,3,7,0.429,0,2,0.0,4,4,1.0,1,3,4,0,0,0,0,0,10,2,1
22023,201145,0022300765,"Feb 12, 2024",HOU vs. NYK,W,15,0,3,0.0,0,1,0.0,0,0,0.0,0,1,1,0,0,0,0,1,0,11,1
22023,201145,0022300754,"Feb 10, 2024",HOU @ ATL,L,31,6,10,0.6,4,7,0.571,3,5,0.6,1,5,6,2,0,1,5,4,19,-20,1
22023,201145,0022300744,"Feb 09, 2024",HOU @ TOR,L,27,3,11,0.273,1,6,0.167,4,5,0.8,1,5,6,4,1,1,0,1,11,18,1
22023,201145,0022300719,"Feb 06, 2024",HOU @ IND,L,11,1,3,0.333,0,1,0.0,1,1,1.0,0,2,2,3,0,0,2,2,3,-9,1
22023,201145,0022300709,"Feb 04, 2024",HOU @ MIN,L,16,1,3,0.333,1,2,0.5,1,2,0.5,1,1,2,0,0,0,0,1,4,-8,1
22023,201145,0022300692,"Feb 02, 2024",HOU vs. TOR,W,15,2,2,1.0,0,0,0.0,4,4,1.0,0,3,3,1,1,0,2,3,8,5,1
22023,201145,0022300679,"Jan 31, 2024",HOU vs. NOP,L,15,0,3,0.0,0,2,0.0,0,0,0.0,0,0,0,1,0,0,0,3,0,2,1
22023,201145,0022300662,"Jan 29, 2024",HOU vs. LAL,W,8,1,3,0.333,0,1,0.0,3,3,1.0,0,2,2,0,0,0,0,0,5,4,1
22023,201145,0022300645,"Jan 27, 2024",HOU @ BKN,L,16,1,5,0.2,0,1,0.0,0,0,0.0,0,2,2,0,0,0,1,0,2,-15,1
22023,201145,0022300635,"Jan 26, 2024",HOU @ CHA,W,17,0,1,0.0,0,1,0.0,0,0,0.0,0,1,1,0,0,0,0,1,0,10,1
22023,201145,0022300623,"Jan 24, 2024",HOU vs. POR,L,38,2,4,0.5,0,2,0.0,0,0,0.0,0,4,4,1,2,1,0,2,4,-11,1
22023,201145,0022300598,"Jan 20, 2024",HOU vs. UTA,W,16,1,6,0.167,1,3,0.333,0,0,0.0,1,2,3,2,0,0,1,0,3,5,1
22023,201145,0022300573,"Jan 17, 2024",HOU @ NYK,L,21,2,4,0.5,1,2,0.5,4,4,1.0,1,4,5,0,0,2,0,2,9,-6,1
22023,201145,0022300555,"Jan 15, 2024",HOU @ PHI,L,13,0,5,0.0,0,1,0.0,1,2,0.5,1,1,2,0,0,2,1,1,1,-30,1
22023,201145,0022300542,"Jan 13, 2024",HOU @ BOS,L,14,3,5,0.6,1,1,1.0,2,2,1.0,0,1,1,1,0,0,0,1,9,-6,1
22023,201145,0022300534,"Jan 12, 2024",HOU @ DET,W,13,2,2,1.0,0,0,0.0,2,2,1.0,0,2,2,0,0,0,1,2,6,-3,1
22023,201145,0022300523,"Jan 10, 2024",HOU @ CHI,L,19,4,5,0.8,0,1,0.0,1,1,1.0,1,2,3,1,0,0,1,1,9,3,1
22023,201145,0022300509,"Jan 08, 2024",HOU @ MIA,L,20,2,4,0.5,0,1,0.0,1,2,0.5,0,0,0,2,0,1,1,3,5,-9,1
22023,201145,0022300496,"Jan 06, 2024",HOU vs. MIL,W,34,5,11,0.455,2,5,0.4,4,5,0.8,0,2,2,2,0,1,1,4,16,2,1
22023,201145,0022300485,"Jan 05, 2024",HOU vs. MIN,L,21,2,4,0.5,0,2,0.0,0,0,0.0,1,0,1,0,0,0,0,2,4,-17,1
22023,201145,0022300469,"Jan 03, 2024",HOU vs. BKN,W,17,2,4,0.5,2,2,1.0,2,2,1.0,0,0,0,0,0,0,1,1,8,-7,1
22023,201145,0022300453,"Jan 01, 2024",HOU vs. DET,W,9,1,2,0.5,0,1,0.0,1,2,0.5,0,2,2,2,0,0,1,0,3,6,1
22023,201145,0022300434,"Dec 29, 2023",HOU vs. PHI,L,33,5,11,0.455,0,2,0.0,0,1,0.0,2,2,4,0,1,1,0,2,10,-7,1
22023,201145,0022300418,"Dec 27, 2023",HOU vs. PHX,L,7,1,3,0.333,0,1,0.0,0,0,0.0,0,1,1,1,0,1,1,2,2,-9,1
22023,201145,0022300409,"Dec 26, 2023",HOU vs. IND,L,11,1,1,1.0,0,0,0.0,0,0,0.0,0,0,0,0,0,0,1,2,2,5,1
22023,201145,0022300392,"Dec 23, 2023",HOU @ NOP,W,21,1,3,0.333,0,1,0.0,0,0,0.0,1,2,3,2,0,0,0,1,2,6,1
22023,201145,0022300385,"Dec 22, 2023",HOU vs. DAL,W,8,1,2,0.5,0,0,0.0,0,0,0.0,0,1,1,0,0,2,0,0,2,5,1
22023,201145,0022300371,"Dec 20, 2023",HOU vs. ATL,L,12,1,2,0.5,0,1,0.0,0,0,0.0,0,1,1,0,0,0,3,4,2,-10,1
22023,201145,0022300349,"Dec 18, 2023",HOU @ CLE,L,24,6,6,1.0,0,0,0.0,3,3,1.0,0,1,1,3,0,1,1,3,15,16,1
22023,201145,0022300346,"Dec 17, 2023",HOU @ MIL,L,17,4,5,0.8,1,1,1.0,7,8,0.875,0,0,0,1,0,0,1,0,16,-2,1
22023,201145,0022300332,"Dec 15, 2023",HOU @ MEM,W,19,3,9,0.333,0,1,0.0,6,7,0.857,2,2,4,1,0,1,1,1,12,8,1
22023,201145,0022300314,"Dec 13, 2023",HOU vs. MEM,W,13,3,3,1.0,0,0,0.0,3,3,1.0,1,2,3,0,0,0,2,2,9,10,1
22023,201145,0022300298,"Dec 11, 2023",HOU vs. SAS,W,19,2,4,0.5,1,2,0.5,7,7,1.0,1,1,2,1,0,0,0,3,12,-6,1
22023,201145,0022301224,"Dec 08, 2023",HOU @ DEN,W,27,0,1,0.0,0,1,0.0,5,6,0.833,2,2,4,1,1,1,0,4,5,2,1
22023,201145,0022300291,"Dec 02, 2023",HOU @ LAL,L,11,0,2,0.0,0,0,0.0,0,0,0.0,0,1,1,0,0,0,2,3,0,-12,1
22023,201145,0022300263,"Nov 29, 2023",HOU @ DEN,L,22,4,6,0.667,2,3,0.667,2,3,0.667,0,2,2,2,1,1,0,1,12,4,1
22023,201145,0022300059,"Nov 28, 2023",HOU @ DAL,L,13,2,2,1.0,0,0,0.0,2,2,1.0,0,0,0,1,0,0,2,1,6,2,1
22023,201145,0022300048,"Nov 24, 2023",HOU vs. DEN,W,8,0,2,0.0,0,2,0.0,0,0,0.0,0,0,0,0,0,3,0,0,0,12,1
22023,201145,0022300231,"Nov 22, 2023",HOU vs. MEM,W,12,0,3,0.0,0,1,0.0,0,0,0.0,0,1,1,0,0,1,0,1,0,2,1
22023,201145,0022300224,"Nov 20, 2023",HOU @ GSW,L,14,1,4,0.25,1,3,0.333,2,2,1.0,1,0,1,1,0,0,0,0,5,-11,1
22023,201145,0022300216,"Nov 19, 2023",HOU @ LAL,L,14,5,5,1.0,0,0,0.0,3,3,1.0,0,2,2,0,0,0,0,2,13,-15,1
22023,201145,0022300037,"Nov 17, 2023",HOU @ LAC,L,15,0,3,0.0,0,1,0.0,0,0,0.0,1,1,2,2,0,0,1,0,0,4,1
22023,201145,0022300182,"Nov 12, 2023",HOU vs. DEN,W,26,5,7,0.714,2,4,0.5,3,4,0.75,1,3,4,0,1,1,0,1,15,14,1
22023,201145,0022300011,"Nov 10, 2023",HOU vs. NOP,W,23,1,3,0.333,0,2,0.0,3,3,1.0,1,3,4,0,0,0,1,1,5,12,1
22023,201145,0022300163,"Nov 08, 2023",HOU vs. LAL,W,11,4,5,0.8,0,0,0.0,1,2,0.5,3,3,6,0,0,0,1,3,9,10,1
22023,201145,0022300153,"Nov 06, 2023",HOU vs. SAC,W,5,2,2,1.0,0,0,0.0,2,4,0.5,0,1,1,0,1,0,0,1,6,12,1
22023,201145,0022300137,"Nov 04, 2023",HOU vs. SAC,W,5,0,1,0.0,0,0,0.0,1,2,0.5,2,3,5,0,0,0,1,0,1,-2,1
22023,201145,0022300122,"Nov 01, 2023",HOU vs. CHA,W,12,2,3,0.667,2,2,1.0,3,4,0.75,0,2,2,0,0,0,1,1,9,2,1
22023,201145,0022300096,"Oct 29, 2023",HOU vs. GSW,L,21,2,7,0.286,0,2,0.0,2,2,1.0,1,2,3,2,0,1,0,0,6,-13,1
22023,201145,0022300083,"Oct 27, 2023",HOU @ SAS,L,21,4,4,1.0,0,0,0.0,2,2,1.0,0,1,1,1,0,0,0,1,10,-1,1
22023,201145,0022300066,"Oct 25, 2023",HOU @ ORL,L,14,2,4,0.5,0,1,0.0,0,1,0.0,3,0,3,1,0,0,1,2,4,-11,1
22022,201145,0022201213,"Apr 08, 2023",DEN @ UTA,L,12,1,3,0.333,0,1,0.0,1,2,0.5,1,0,1,1,0,1,1,1,3,5,1
22022,201145,0022201201,"Apr 06, 2023",DEN @ PHX,L,22,4,7,0.571,3,6,0.5,3,4,0.75,0,1,1,1,0,0,0,0,14,2,1
22022,201145,0022201183,"Apr 04, 2023",DEN @ HOU,L,17,2,7,0.286,0,2,0.0,5,6,0.833,2,3,5,3,0,0,1,2,9,5,1
22022,201145,0022201175,"Apr 02, 2023",DEN vs. GSW,W,26,4,8,0.5,1,5,0.2,1,1,1.0,0,4,4,3,0,1,0,1,10,1,1
22022,201145,0022201147,"Mar 30, 2023",DEN vs. NOP,L,30,1,6,0.167,0,1,0.0,3,4,0.75,3,4,7,1,0,0,1,4,5,-2,1
22022,201145,0022201126,"Mar 27, 2023",DEN vs. PHI,W,24,2,5,0.4,0,2,0.0,4,4,1.0,0,2,2,3,1,0,1,0,8,-15,1
22022,201145,0022201109,"Mar 25, 2023",DEN vs. MIL,W,20,3,5,0.6,1,2,0.5,0,0,0.0,0,2,2,1,0,0,0,2,7,10,1
22022,201145,0022201083,"Mar 22, 2023",DEN @ WAS,W,15,3,6,0.5,2,3,0.667,3,4,0.75,0,0,0,0,0,0,0,3,11,-8,1
22022,201145,0022201063,"Mar 19, 2023",DEN @ BKN,W,18,1,6,0.167,1,2,0.5,0,0,0.0,0,0,0,1,0,0,1,2,3,-3,1
22022,201145,0022201055,"Mar 18, 2023",DEN @ NYK,L,19,4,5,0.8,2,2,1.0,2,2,1.0,0,0,0,1,0,0,0,2,12,-8,1
22022,201145,0022201042,"Mar 16, 2023",DEN @ DET,W,18,1,2,0.5,0,1,0.0,1,2,0.5,0,4,4,1,0,0,1,1,3,14,1
22022,201145,0022201029,"Mar 14, 2023",DEN @ TOR,L,19,3,5,0.6,0,2,0.0,2,2,1.0,2,3,5,3,0,0,1,1,8,-5,1
22022,201145,0022201014,"Mar 12, 2023",DEN vs. BKN,L,19,3,5,0.6,1,2,0.5,0,0,0.0,1,0,1,2,1,1,1,3,7,-15,1
22022,201145,0022201002,"Mar 10, 2023",DEN @ SAS,L,16,2,4,0.5,0,0,0.0,2,2,1.0,0,2,2,0,1,0,0,0,6,-7,1
22022,201145,0022200989,"Mar 08, 2023",DEN vs. CHI,L,15,2,3,0.667,2,2,1.0,0,0,0.0,0,4,4,0,0,0,0,2,6,-17,1
22022,201145,0022200975,"Mar 06, 2023",DEN vs. TOR,W,18,3,4,0.75,0,1,0.0,0,0,0.0,1,2,3,1,0,0,2,1,6,-8,1
22022,201145,0022200952,"Mar 03, 2023",DEN vs. MEM,W,25,1,6,0.167,0,2,0.0,2,2,1.0,0,4,4,1,0,3,0,1,4,14,1
22022,201145,0022200907,"Feb 25, 2023",DEN @ MEM,L,25,3,7,0.429,2,5,0.4,4,4,1.0,1,3,4,1,0,1,2,1,12,-19,1
22022,201145,0022200886,"Feb 23, 2023",DEN @ CLE,W,22,5,10,0.5,0,1,0.0,1,2,0.5,2,0,2,1,0,1,0,1,11,-3,1
22022,201145,0022200881,"Feb 15, 2023",DEN vs. DAL,W,26,11,16,0.688,2,5,0.4,0,0,0.0,0,1,1,1,1,1,1,3,24,2,1
22022,201145,0022200861,"Feb 13, 2023",DEN @ MIA,W,20,4,9,0.444,0,1,0.0,4,4,1.0,0,2,2,1,0,0,1,1,12,5,1
22022,201145,0022200847,"Feb 11, 2023",DEN @ CHA,W,23,5,9,0.556,0,3,0.0,0,0,0.0,0,4,4,2,0,0,0,4,10,2,1
22022,201145,0022200831,"Feb 09, 2023",DEN @ ORL,L,12,3,6,0.5,0,2,0.0,1,2,0.5,1,2,3,1,0,0,0,0,7,-19,1
22022,201145,0022200820,"Feb 07, 2023",DEN vs. MIN,W,14,3,10,0.3,1,2,0.5,0,0,0.0,1,2,3,2,0,0,1,2,7,-5,1
22022,201145,0022200806,"Feb 05, 2023",DEN @ MIN,L,18,1,7,0.143,0,5,0.0,3,4,0.75,0,3,3,0,1,1,1,2,5,-19,1
22022,201145,0022200783,"Feb 02, 2023",DEN vs. GSW,W,14,0,3,0.0,0,1,0.0,0,0,0.0,0,0,0,0,0,0,2,1,0,-11,1
22022,201145,0022200768,"Jan 31, 2023",DEN vs. NOP,W,19,3,5,0.6,0,0,0.0,2,3,0.667,0,0,0,1,0,0,0,2,8,-15,1
22022,201145,0022200741,"Jan 28, 2023",DEN @ PHI,L,19,2,3,0.667,0,1,0.0,0,0,0.0,0,1,1,1,0,0,1,1,4,-12,1
22022,201145,0022200723,"Jan 25, 2023",DEN @ MIL,L,28,4,14,0.286,2,9,0.222,1,2,0.5,1,4,5,2,1,0,0,2,11,0,1
22022,201145,0022200716,"Jan 24, 2023",DEN @ NOP,W,17,1,3,0.333,1,1,1.0,4,4,1.0,0,2,2,1,1,0,2,2,7,7,1
22022,201145,0022200702,"Jan 22, 2023",DEN vs. OKC,L,20,5,7,0.714,1,1,1.0,1,2,0.5,0,0,0,2,0,0,2,4,12,-4,1
22022,201145,0022200688,"Jan 20, 2023",DEN vs. IND,W,18,2,3,0.667,0,1,0.0,2,4,0.5,1,1,2,3,2,0,0,5,6,-4,1
22022,201145,0022200489,"Dec 23, 2022",DEN vs. POR,W,16,1,1,1.0,0,0,0.0,0,0,0.0,0,2,2,0,0,0,0,1,2,3,1
22022,201145,0022200465,"Dec 20, 2022",DEN vs. MEM,W,24,4,7,0.571,0,3,0.0,1,6,0.167,0,2,2,1,2,1,2,2,9,1,1
22022,201145,0022200450,"Dec 18, 2022",DEN vs. CHA,W,20,3,8,0.375,0,0,0.0,2,3,0.667,2,1,3,0,0,0,0,0,8,-11,1
22022,201145,0022200437,"Dec 16, 2022",DEN @ LAL,L,17,3,8,0.375,1,2,0.5,1,1,1.0,4,2,6,1,0,1,1,0,8,-15,1
22022,201145,0022200422,"Dec 14, 2022",DEN vs. WAS,W,15,5,6,0.833,0,0,0.0,0,0,0.0,1,4,5,1,0,1,1,1,10,-5,1
22022,201145,0022200393,"Dec 10, 2022",DEN vs. UTA,W,18,1,2,0.5,0,1,0.0,0,0,0.0,0,3,3,1,0,1,0,0,2,-1,1
22022,201145,0022200376,"Dec 08, 2022",DEN @ POR,W,17,1,4,0.25,1,2,0.5,3,4,0.75,2,2,4,3,1,0,2,3,6,14,1
22022,201145,0022200362,"Dec 06, 2022",DEN vs. DAL,L,18,3,4,0.75,1,2,0.5,0,1,0.0,0,1,1,1,0,0,1,2,7,0,1
22022,201145,0022200246,"Nov 20, 2022",DEN @ DAL,W,5,1,1,1.0,0,0,0.0,2,2,1.0,0,1,1,0,0,0,0,1,4,4,1
22022,201145,0022200230,"Nov 18, 2022",DEN @ DAL,L,27,6,10,0.6,0,1,0.0,0,1,0.0,0,2,2,3,0,0,2,1,12,-14,1
22022,201145,0022200219,"Nov 16, 2022",DEN vs. NYK,L,28,2,5,0.4,0,1,0.0,6,6,1.0,1,1,2,0,0,0,1,5,10,-8,1
22022,201145,0022200196,"Nov 13, 2022",DEN @ CHI,W,19,3,5,0.6,0,1,0.0,0,0,0.0,1,1,2,2,0,1,2,2,6,2,1
22022,201145,0022200176,"Nov 11, 2022",DEN @ BOS,L,21,2,4,0.5,0,0,0.0,3,3,1.0,0,2,2,2,0,0,0,1,7,-12,1
22022,201145,0022200160,"Nov 09, 2022",DEN @ IND,W,18,2,3,0.667,0,1,0.0,0,0,0.0,0,0,0,0,0,1,1,4,4,-2,1
22022,201145,0022200154,"Nov 07, 2022",DEN @ SAS,W,18,3,5,0.6,0,2,0.0,0,1,0.0,1,1,2,1,0,1,1,1,6,-4,1
22022,201145,0022200138,"Nov 05, 2022",DEN vs. SAS,W,25,4,8,0.5,1,2,0.5,0,0,0.0,2,2,4,1,0,0,4,1,9,8,1
22022,201145,0022200119,"Nov 03, 2022",DEN @ OKC,W,19,3,5,0.6,0,1,0.0,1,2,0.5,0,4,4,0,2,0,3,2,7,6,1
22022,201145,0022200095,"Oct 30, 2022",DEN @ LAL,L,17,2,7,0.286,0,2,0.0,1,2,0.5,1,1,2,1,0,0,0,2,5,-26,1
22022,201145,0022200078,"Oct 28, 2022",DEN vs. UTA,W,25,3,5,0.6,0,1,0.0,4,5,0.8,2,4,6,2,0,0,0,2,10,19,1
22022,201145,0022200064,"Oct 26, 2022",DEN vs. LAL,W,22,3,8,0.375,0,2,0.0,4,4,1.0,1,3,4,3,2,0,0,3,10,7,1
22022,201145,0022200051,"Oct 24, 2022",DEN @ POR,L,20,3,8,0.375,0,1,0.0,1,2,0.5,1,1,2,1,1,0,0,2,7,-15,1
22022,201145,0022200035,"Oct 22, 2022",DEN vs. OKC,W,20,5,5,1.0,2,2,1.0,2,4,0.5,0,1,1,2,0,0,0,2,14,-14,1
22022,201145,0022200026,"Oct 21, 2022",DEN @ GSW,W,19,3,5,0.6,2,2,1.0,2,2,1.0,1,2,3,1,0,0,0,1,10,14,1
22022,201145,0022200012,"Oct 19, 2022",DEN @ UTA,L,15,2,5,0.4,0,1,0.0,2,2,1.0,1,3,4,0,1,0,2,3,6,-14,1
22021,201145,0022101220,"Apr 10, 2022",DEN vs. LAL,L,24,7,8,0.875,0,1,0.0,2,2,1.0,0,2,2,2,0,1,1,3,16,11,1
22021,201145,0022101201,"Apr 07, 2022",DEN vs. MEM,W,27,1,3,0.333,0,0,0.0,3,4,0.75,0,5,5,1,0,0,2,1,5,9,1
22021,201145,0022101159,"Apr 01, 2022",DEN vs. MIN,L,18,3,3,1.0,0,0,0.0,2,3,0.667,0,1,1,4,2,0,1,4,8,-2,1
22021,201145,0022101137,"Mar 30, 2022",DEN @ IND,W,21,1,6,0.167,1,4,0.25,4,4,1.0,1,1,2,0,1,0,0,2,7,-3,1
22021,201145,0022101122,"Mar 28, 2022",DEN @ CHA,W,32,5,10,0.5,2,4,0.5,2,2,1.0,0,4,4,1,0,1,1,4,14,8,1
22021,201145,0022101113,"Mar 26, 2022",DEN vs. OKC,W,20,3,9,0.333,0,5,0.0,2,2,1.0,2,2,4,0,1,0,1,1,8,3,1
22021,201145,0022101099,"Mar 24, 2022",DEN vs. PHX,L,23,4,6,0.667,3,3,1.0,0,0,0.0,0,1,1,1,1,0,0,1,11,-6,1
22021,201145,0022101083,"Mar 22, 2022",DEN vs. LAC,W,26,7,10,0.7,2,3,0.667,0,1,0.0,0,3,3,2,0,0,1,0,16,19,1
22021,201145,0022101068,"Mar 20, 2022",DEN vs. BOS,L,23,2,4,0.5,1,1,1.0,1,2,0.5,0,1,1,0,0,0,0,0,6,-10,1
22021,201145,0022101049,"Mar 18, 2022",DEN @ CLE,L,34,3,5,0.6,0,1,0.0,4,4,1.0,0,2,2,3,0,0,0,2,10,-11,1
22021,201145,0022101035,"Mar 16, 2022",DEN @ WAS,W,21,2,3,0.667,0,0,0.0,2,2,1.0,0,4,4,1,1,0,0,1,6,12,1
22021,201145,0022101022,"Mar 14, 2022",DEN @ PHI,W,21,3,3,1.0,0,0,0.0,0,0,0.0,1,3,4,1,1,0,2,2,6,-8,1
22021,201145,0022101009,"Mar 12, 2022",DEN vs. TOR,L,24,6,7,0.857,0,1,0.0,1,4,0.25,0,2,2,1,0,1,2,3,13,-10,1
22021,201145,0022100994,"Mar 10, 2022",DEN vs. GSW,L,29,3,5,0.6,0,0,0.0,5,5,1.0,4,1,5,1,1,0,0,1,11,-15,1
22021,201145,0022100528,"Mar 07, 2022",DEN vs. GSW,W,32,7,11,0.636,0,3,0.0,4,5,0.8,1,4,5,1,0,1,2,2,18,11,1
22021,201145,0022100967,"Mar 06, 2022",DEN vs. NOP,W,34,3,7,0.429,0,1,0.0,2,2,1.0,0,3,3,3,1,0,0,1,8,11,1
22021,201145,0022100952,"Mar 04, 2022",DEN vs. HOU,W,28,3,8,0.375,1,3,0.333,7,7,1.0,1,3,4,2,0,1,1,2,14,9,1
22021,201145,0022100938,"Mar 02, 2022",DEN vs. OKC,L,21,3,5,0.6,0,1,0.0,2,2,1.0,0,0,0,0,0,0,1,0,8,-21,1
22021,201145,0022100918,"Feb 27, 2022",DEN @ POR,W,21,4,5,0.8,0,0,0.0,6,6,1.0,1,2,3,1,2,1,3,2,14,9,1
22021,201145,0022100911,"Feb 26, 2022",DEN vs. SAC,W,20,2,6,0.333,0,3,0.0,1,2,0.5,0,3,3,2,0,0,1,3,5,0,1
22021,201145,0022100895,"Feb 24, 2022",DEN @ SAC,W,25,3,9,0.333,1,4,0.25,0,0,0.0,0,3,3,2,0,0,1,2,7,16,1
22021,201145,0022100883,"Feb 16, 2022",DEN @ GSW,W,18,2,4,0.5,0,1,0.0,1,1,1.0,0,1,1,0,0,0,2,0,5,-10,1
22021,201145,0022100864,"Feb 14, 2022",DEN vs. ORL,W,27,6,12,0.5,2,7,0.286,3,4,0.75,0,3,3,3,0,0,2,1,17,9,1
22021,201145,0022100850,"Feb 12, 2022",DEN @ TOR,W,31,6,10,0.6,3,5,0.6,4,4,1.0,1,4,5,5,0,0,0,1,19,5,1
22021,201145,0022100842,"Feb 11, 2022",DEN @ BOS,L,21,1,6,0.167,1,5,0.2,4,4,1.0,1,3,4,0,2,0,1,1,7,8,1
22021,201145,0022100821,"Feb 08, 2022",DEN vs. NYK,W,18,1,3,0.333,0,1,0.0,4,5,0.8,0,3,3,1,0,0,0,1,6,-3,1
22021,201145,0022100804,"Feb 06, 2022",DEN vs. BKN,W,20,5,8,0.625,1,3,0.333,1,1,1.0,2,3,5,1,1,0,0,1,12,21,1
22021,201145,0022100794,"Feb 04, 2022",DEN vs. NOP,L,19,1,3,0.333,0,1,0.0,3,3,1.0,0,1,1,1,0,0,1,0,5,-5,1
22021,201145,0022100779,"Feb 02, 2022",DEN @ UTA,L,20,3,5,0.6,0,0,0.0,2,2,1.0,1,0,1,1,0,0,0,2,8,-17,1
22021,201145,0022100770,"Feb 01, 2022",DEN @ MIN,L,22,4,8,0.5,0,1,0.0,4,4,1.0,0,2,2,0,0,0,1,1,12,-11,1
22021,201145,0022100756,"Jan 30, 2022",DEN @ MIL,W,24,1,7,0.143,0,4,0.0,0,0,0.0,0,1,1,0,0,0,1,2,2,10,1
22021,201145,0022100729,"Jan 28, 2022",DEN @ NOP,W,21,0,0,0.0,0,0,0.0,2,2,1.0,0,1,1,0,1,0,0,2,2,4,1
22021,201145,0022100453,"Jan 26, 2022",DEN @ BKN,W,24,2,4,0.5,0,1,0.0,2,3,0.667,1,6,7,1,0,0,0,2,6,4,1
22021,201145,0022100714,"Jan 25, 2022",DEN @ DET,W,29,8,12,0.667,1,2,0.5,3,4,0.75,2,2,4,1,0,0,1,4,20,7,1
22021,201145,0022100692,"Jan 21, 2022",DEN vs. MEM,L,31,6,12,0.5,0,0,0.0,3,4,0.75,0,7,7,1,0,3,0,6,15,13,1
22021,201145,0022100678,"Jan 19, 2022",DEN vs. LAC,W,33,4,9,0.444,2,5,0.4,2,2,1.0,1,3,4,3,2,0,2,2,12,8,1
22021,201145,0022100653,"Jan 16, 2022",DEN vs. UTA,L,20,2,4,0.5,0,0,0.0,0,0,0.0,1,2,3,1,0,0,0,1,4,-17,1
22021,201145,0022100649,"Jan 15, 2022",DEN vs. LAL,W,29,10,14,0.714,4,5,0.8,2,2,1.0,0,3,3,4,1,0,0,2,26,21,1
22021,201145,0022100631,"Jan 13, 2022",DEN vs. POR,W,30,9,11,0.818,0,1,0.0,1,1,1.0,1,4,5,3,0,0,1,3,19,13,1
22021,201145,0022100616,"Jan 11, 2022",DEN @ LAC,L,21,5,16,0.313,0,4,0.0,2,3,0.667,3,1,4,0,0,0,3,0,12,-13,1
22021,201145,0022100601,"Jan 09, 2022",DEN @ OKC,W,22,6,10,0.6,1,3,0.333,3,5,0.6,0,1,1,1,1,0,1,3,16,-9,1
22021,201145,0022100588,"Jan 07, 2022",DEN vs. SAC,W,16,7,9,0.778,1,3,0.333,3,3,1.0,0,3,3,1,0,1,1,3,18,15,1
22021,201145,0022100514,"Dec 28, 2021",DEN @ GSW,W,29,3,8,0.375,1,3,0.333,0,0,0.0,3,0,3,0,1,1,2,1,7,-2,1
22021,201145,0022100500,"Dec 26, 2021",DEN @ LAC,W,20,2,5,0.4,0,2,0.0,0,0,0.0,0,2,2,2,0,1,1,1,4,1,1
22021,201145,0022100482,"Dec 23, 2021",DEN vs. CHA,L,25,5,6,0.833,0,0,0.0,1,2,0.5,1,4,5,0,0,1,0,5,11,-9,1
22021,201145,0022100474,"Dec 22, 2021",DEN @ OKC,L,22,2,5,0.4,1,3,0.333,2,4,0.5,0,2,2,1,0,0,1,2,7,-8,1
22021,201145,0022100434,"Dec 17, 2021",DEN @ ATL,W,32,8,13,0.615,4,9,0.444,0,0,0.0,0,5,5,4,0,1,2,2,20,13,1
22021,201145,0022100424,"Dec 15, 2021",DEN vs. MIN,L,31,3,8,0.375,0,1,0.0,4,5,0.8,1,1,2,1,0,0,3,3,10,-22,1
22021,201145,0022100411,"Dec 13, 2021",DEN vs. WAS,W,28,4,6,0.667,1,1,1.0,4,4,1.0,0,5,5,0,0,0,2,2,13,15,1
22021,201145,0022100397,"Dec 11, 2021",DEN @ SAS,W,24,2,2,1.0,0,0,0.0,4,4,1.0,0,1,1,3,1,0,1,4,8,17,1
22021,201145,0022100381,"Dec 09, 2021",DEN @ SAS,L,23,2,5,0.4,0,0,0.0,0,0,0.0,1,0,1,1,0,1,0,6,4,1,1
22021,201145,0022100375,"Dec 08, 2021",DEN @ NOP,W,36,4,6,0.667,0,1,0.0,0,0,0.0,0,4,4,2,0,1,0,5,8,5,1
22021,201145,0022100357,"Dec 06, 2021",DEN @ CHI,L,32,5,9,0.556,1,1,1.0,3,3,1.0,2,11,13,0,0,1,0,2,14,7,1
22021,201145,0022100342,"Dec 04, 2021",DEN @ NYK,W,25,4,7,0.571,1,2,0.5,2,2,1.0,0,5,5,2,2,1,3,3,11,9,1
22021,201145,0022100320,"Dec 01, 2021",DEN @ ORL,L,29,2,5,0.4,2,3,0.667,3,4,0.75,0,1,1,3,0,1,1,4,9,-3,1
22021,201145,0022100306,"Nov 29, 2021",DEN @ MIA,W,31,5,8,0.625,1,3,0.333,1,2,0.5,0,3,3,0,0,0,2,2,12,15,1
22021,201145,0022100288,"Nov 26, 2021",DEN vs. MIL,L,29,6,10,0.6,3,5,0.6,0,0,0.0,1,3,4,0,1,1,1,3,15,-15,1
22021,201145,0022100265,"Nov 23, 2021",DEN @ POR,L,35,9,16,0.563,3,4,0.75,3,3,1.0,1,3,4,3,0,3,2,2,24,-22,1
22021,201145,0022100251,"Nov 21, 2021",DEN @ PHX,L,30,6,10,0.6,1,5,0.2,6,8,0.75,0,3,3,0,0,0,1,1,19,-12,1
22021,201145,0022100236,"Nov 19, 2021",DEN vs. CHI,L,29,3,10,0.3,1,4,0.25,2,2,1.0,1,3,4,4,1,0,3,4,9,-9,1
22021,201145,0022100228,"Nov 18, 2021",DEN vs. PHI,L,23,0,0,0.0,0,0,0.0,0,0,0.0,0,1,1,0,0,0,0,0,0,-1,1
22021,201145,0022100204,"Nov 15, 2021",DEN @ DAL,L,33,1,4,0.25,0,1,0.0,5,6,0.833,1,4,5,1,1,0,0,1,7,0,1
22021,201145,0022100197,"Nov 14, 2021",DEN vs. POR,W,24,2,5,0.4,0,2,0.0,1,2,0.5,2,3,5,1,0,1,0,0,5,14,1
22021,201145,0022100182,"Nov 12, 2021",DEN vs. ATL,W,31,5,6,0.833,1,1,1.0,5,5,1.0,0,4,4,1,2,0,0,1,16,16,1
22021,201145,0022100167,"Nov 10, 2021",DEN vs. IND,W,28,4,11,0.364,0,3,0.0,4,4,1.0,0,2,2,1,0,1,1,1,12,6,1
22021,201145,0022100151,"Nov 08, 2021",DEN vs. MIA,W,34,5,12,0.417,1,4,0.25,2,3,0.667,0,2,2,0,0,0,1,4,13,22,1
22021,201145,0022100133,"Nov 06, 2021",DEN vs. HOU,W,20,3,10,0.3,1,3,0.333,1,2,0.5,2,1,3,1,0,1,0,0,8,-5,1
22021,201145,0022100114,"Nov 03, 2021",DEN @ MEM,L,9,1,3,0.333,0,1,0.0,0,0,0.0,0,1,1,0,0,0,0,1,2,-13,1
22021,201145,0022100100,"Nov 01, 2021",DEN @ MEM,L,20,3,7,0.429,0,2,0.0,2,2,1.0,0,4,4,3,0,0,2,2,8,-14,1
22021,201145,0022100087,"Oct 30, 2021",DEN @ MIN,W,6,0,1,0.0,0,1,0.0,0,0,0.0,0,0,0,0,0,0,0,1,0,-15,1
22021,201145,0022100075,"Oct 29, 2021",DEN vs. DAL,W,16,5,7,0.714,0,0,0.0,4,6,0.667,0,3,3,1,0,0,1,4,14,9,1
22021,201145,0022100054,"Oct 26, 2021",DEN @ UTA,L,21,2,5,0.4,0,2,0.0,4,5,0.8,0,2,2,1,0,1,0,3,8,-11,1
22021,201145,0022100048,"Oct 25, 2021",DEN vs. CLE,L,18,2,7,0.286,0,3,0.0,1,2,0.5,0,1,1,0,0,0,1,3,5,-4,1
22021,201145,0022100024,"Oct 22, 2021",DEN vs. SAS,W,18,1,3,0.333,0,2,0.0,0,0,0.0,0,1,1,2,0,0,1,0,2,-1,1
22021,201145,0022100012,"Oct 20, 2021",DEN @ PHX,W,19,4,9,0.444,3,6,0.5,2,2,1.0,0,1,1,1,0,0,2,3,13,-10,1
22020,201145,0022001067,"May 16, 2021",BKN vs. CLE,W,22,4,6,0.667,3,4,0.75,2,2,1.0,0,2,2,0,1,1,1,1,13,-12,1
22020,201145,0022001060,"May 15, 2021",BKN vs. CHI,W,17,7,8,0.875,5,6,0.833,0,0,0.0,0,0,0,0,0,0,0,0,19,10,1
22020,201145,0022001043,"May 12, 2021",BKN vs. SAS,W,19,7,8,0.875,1,2,0.5,1,2,0.5,0,1,1,0,0,0,0,2,16,6,1
22020,201145,0022001036,"May 11, 2021",BKN @ CHI,W,25,5,12,0.417,2,7,0.286,2,2,1.0,2,6,8,1,0,1,2,1,14,-4,1
22020,201145,0022001015,"May 08, 2021",BKN @ DEN,W,26,5,8,0.625,3,4,0.75,2,2,1.0,1,4,5,2,0,0,3,3,15,11,1
22020,201145,0022000998,"May 06, 2021",BKN @ DAL,L,22,3,7,0.429,2,4,0.5,3,4,0.75,0,2,2,1,0,0,1,2,11,7,1
22020,201145,0022000985,"May 04, 2021",BKN @ MIL,L,34,3,5,0.6,2,3,0.667,2,6,0.333,1,4,5,1,0,0,0,3,10,-18,1
22020,201145,0022000967,"May 02, 2021",BKN @ MIL,L,34,2,6,0.333,1,3,0.333,2,2,1.0,1,5,6,2,0,0,0,0,7,-1,1
22020,201145,0022000952,"Apr 30, 2021",BKN vs. POR,L,30,5,9,0.556,3,5,0.6,3,4,0.75,0,6,6,1,1,0,1,1,16,-8,1
22020,201145,0022000944,"Apr 29, 2021",BKN @ IND,W,31,4,7,0.571,0,1,0.0,6,7,0.857,1,6,7,5,1,0,0,4,14,18,1
22020,201145,0022000930,"Apr 27, 2021",BKN @ TOR,W,37,8,16,0.5,3,9,0.333,3,3,1.0,1,7,8,1,1,1,0,5,22,5,1
22020,201145,0022000912,"Apr 25, 2021",BKN vs. PHX,W,34,5,11,0.455,0,3,0.0,0,0,0.0,1,4,5,3,1,1,0,4,10,13,1
22020,201145,0022000899,"Apr 23, 2021",BKN vs. BOS,W,35,5,11,0.455,3,5,0.6,6,6,1.0,0,2,2,3,2,1,0,2,19,6,1
22020,201145,0022000884,"Apr 21, 2021",BKN @ TOR,L,29,2,9,0.222,1,7,0.143,3,4,0.75,0,1,1,1,0,2,1,4,8,-16,1
22020,201145,0022000878,"Apr 20, 2021",BKN @ NOP,W,33,5,14,0.357,1,6,0.167,4,4,1.0,1,8,9,6,0,1,1,0,15,5,1
22020,201145,0022000863,"Apr 18, 2021",BKN @ MIA,L,22,3,10,0.3,0,3,0.0,2,2,1.0,0,2,2,1,1,1,2,0,8,-8,1
22020,201145,0022000848,"Apr 16, 2021",BKN vs. CHA,W,28,4,11,0.364,1,2,0.5,1,1,1.0,1,1,2,5,0,1,0,0,10,3,1
22020,201145,0022000830,"Apr 14, 2021",BKN @ PHI,L,28,7,14,0.5,1,5,0.2,0,0,0.0,0,4,4,1,0,0,3,2,15,-6,1
22020,201145,0022000817,"Apr 13, 2021",BKN @ MIN,W,19,1,2,0.5,0,1,0.0,5,5,1.0,1,3,4,4,0,0,1,3,7,22,1
22020,201145,0022000800,"Apr 10, 2021",BKN vs. LAL,L,26,2,3,0.667,0,1,0.0,2,2,1.0,0,3,3,2,0,0,0,1,6,-13,1
22020,201145,0022000779,"Apr 07, 2021",BKN vs. NOP,W,22,4,6,0.667,2,4,0.5,1,3,0.333,0,4,4,4,1,0,1,2,11,22,1
22020,201145,0022000762,"Apr 05, 2021",BKN vs. NYK,W,36,6,15,0.4,2,7,0.286,9,13,0.692,0,4,4,1,0,1,2,2,23,-2,1
22020,201145,0022000755,"Apr 04, 2021",BKN @ CHI,L,25,7,12,0.583,4,6,0.667,3,4,0.75,0,1,1,2,0,0,0,1,21,0,1
22020,201145,0022000732,"Apr 01, 2021",BKN vs. CHA,W,31,8,17,0.471,5,12,0.417,0,0,0.0,0,8,8,2,2,0,1,1,21,21,1
22020,201145,0022000724,"Mar 31, 2021",BKN vs. HOU,W,21,3,8,0.375,0,1,0.0,0,0,0.0,0,2,2,0,1,1,0,1,6,5,1
22020,201145,0022000709,"Mar 29, 2021",BKN vs. MIN,W,21,4,6,0.667,2,2,1.0,0,0,0.0,0,4,4,1,1,2,2,1,10,4,1
22020,201145,0022000683,"Mar 26, 2021",BKN @ DET,W,30,2,3,0.667,1,2,0.5,3,4,0.75,1,2,3,0,0,2,2,2,8,0,1
22020,201145,0022000676,"Mar 24, 2021",BKN @ UTA,L,17,2,11,0.182,0,3,0.0,0,0,0.0,0,4,4,0,0,1,1,0,4,-22,1
22020,201145,0022000666,"Mar 23, 2021",BKN @ POR,W,35,7,14,0.5,2,6,0.333,4,5,0.8,1,3,4,1,0,0,1,1,20,-2,1
22020,201145,0022000647,"Mar 21, 2021",BKN vs. WAS,W,25,0,1,0.0,0,0,0.0,3,4,0.75,0,2,2,1,0,0,0,1,3,1,1
22020,201145,0022000633,"Mar 19, 2021",BKN @ ORL,L,32,1,4,0.25,0,2,0.0,1,2,0.5,1,4,5,0,0,0,0,1,3,-8,1
22020,201145,0022000617,"Mar 17, 2021",BKN @ IND,W,30,4,8,0.5,0,0,0.0,7,10,0.7,5,4,9,3,0,0,1,2,15,16,1
22020,201145,0022000604,"Mar 15, 2021",BKN vs. NYK,W,35,8,11,0.727,2,2,1.0,2,3,0.667,0,6,6,2,0,2,0,2,20,6,1
22020,201145,0022000587,"Mar 13, 2021",BKN vs. DET,W,31,2,6,0.333,0,2,0.0,1,2,0.5,0,4,4,2,0,0,0,4,5,2,1
22020,201145,0022000569,"Mar 11, 2021",BKN vs. BOS,W,25,3,8,0.375,2,4,0.5,3,4,0.75,0,3,3,3,0,0,0,1,11,18,1
22020,201145,0022000519,"Feb 27, 2021",BKN vs. DAL,L,23,5,7,0.714,0,0,0.0,2,4,0.5,0,2,2,2,0,0,1,1,12,-8,1
22020,201145,0022000472,"Feb 21, 2021",BKN @ LAC,W,34,2,6,0.333,1,3,0.333,0,0,0.0,0,1,1,0,1,0,1,2,5,-1,1
22020,201145,0022000446,"Feb 18, 2021",BKN @ LAL,W,34,2,4,0.5,1,3,0.333,0,0,0.0,1,2,3,1,2,0,1,0,5,-3,1
22020,201145,0022000433,"Feb 16, 2021",BKN @ PHX,W,25,7,14,0.5,2,4,0.5,2,3,0.667,1,7,8,3,0,1,0,0,18,6,1
22020,201145,0022000426,"Feb 15, 2021",BKN @ SAC,W,24,5,10,0.5,3,7,0.429,0,0,0.0,0,0,0,2,0,1,0,0,13,-14,1
22020,201145,0022000409,"Feb 13, 2021",BKN @ GSW,W,29,5,6,0.833,1,1,1.0,3,3,1.0,2,4,6,2,1,0,0,3,14,10,1
22020,201145,0022000383,"Feb 10, 2021",BKN vs. IND,W,24,3,11,0.273,1,5,0.2,0,0,0.0,0,3,3,4,1,0,0,2,7,23,1
22020,201145,0022000375,"Feb 09, 2021",BKN @ DET,L,29,4,9,0.444,1,3,0.333,1,1,1.0,0,2,2,0,0,0,1,2,10,-10,1
22020,201145,0022000354,"Feb 06, 2021",BKN @ PHI,L,29,3,9,0.333,2,6,0.333,2,2,1.0,0,2,2,0,1,0,1,1,10,-18,1
22020,201145,0022000345,"Feb 05, 2021",BKN vs. TOR,L,30,4,12,0.333,3,8,0.375,4,6,0.667,1,2,3,0,0,1,0,1,15,-12,1
22020,201145,0022000324,"Feb 02, 2021",BKN vs. LAC,W,32,2,8,0.25,1,5,0.2,2,3,0.667,0,4,4,1,1,0,1,1,7,-2,1
22020,201145,0022000310,"Jan 31, 2021",BKN @ WAS,L,30,7,10,0.7,4,5,0.8,5,6,0.833,1,6,7,3,1,2,2,5,23,-19,1
22020,201145,0022000295,"Jan 29, 2021",BKN @ OKC,W,29,4,10,0.4,1,5,0.2,2,2,1.0,1,5,6,3,3,0,2,3,11,26,1
22020,201145,0022000274,"Jan 27, 2021",BKN @ ATL,W,31,5,9,0.556,1,5,0.2,0,0,0.0,1,6,7,2,1,0,2,2,11,9,1
22020,201145,0022000260,"Jan 25, 2021",BKN vs. MIA,W,34,2,7,0.286,0,4,0.0,6,6,1.0,0,5,5,2,1,0,0,2,10,19,1
22020,201145,0022000244,"Jan 23, 2021",BKN vs. MIA,W,26,4,8,0.5,3,4,0.75,0,0,0.0,0,5,5,3,0,0,1,6,11,-2,1
22020,201145,0022000232,"Jan 22, 2021",BKN @ CLE,L,26,5,9,0.556,1,3,0.333,2,2,1.0,0,2,2,1,2,0,0,4,13,-17,1
22020,201145,0022000216,"Jan 20, 2021",BKN @ CLE,L,45,5,8,0.625,4,7,0.571,2,2,1.0,0,7,7,2,1,1,3,5,16,-10,1
22020,201145,0022000209,"Jan 18, 2021",BKN vs. MIL,W,37,5,6,0.833,4,5,0.8,0,0,0.0,0,6,6,1,0,0,1,1,14,9,1
22020,201145,0022000190,"Jan 16, 2021",BKN vs. ORL,W,30,4,6,0.667,1,2,0.5,1,2,0.5,1,3,4,0,0,0,1,0,10,7,1
22020,201145,0022000168,"Jan 13, 2021",BKN @ NYK,W,32,4,6,0.667,3,4,0.75,0,0,0.0,0,4,4,2,1,0,0,1,11,13,1
22020,201145,0022000158,"Jan 12, 2021",BKN vs. DEN,W,25,3,5,0.6,2,3,0.667,0,0,0.0,1,1,2,0,1,0,4,2,8,0,1
22020,201145,0022000143,"Jan 10, 2021",BKN vs. OKC,L,25,2,8,0.25,0,4,0.0,0,0,0.0,2,2,4,1,1,0,0,1,4,-10,1
22020,201145,0022000128,"Jan 08, 2021",BKN @ MEM,L,34,3,5,0.6,3,5,0.6,0,0,0.0,0,9,9,4,1,0,3,1,9,8,1
22020,201145,0022000118,"Jan 07, 2021",BKN vs. PHI,W,29,4,7,0.571,2,5,0.4,4,4,1.0,0,1,1,1,1,1,0,2,14,14,1
22020,201145,0022000102,"Jan 05, 2021",BKN vs. UTA,W,19,1,3,0.333,0,1,0.0,0,0,0.0,0,5,5,0,0,0,0,3,2,11,1
22020,201145,0022000086,"Jan 03, 2021",BKN vs. WAS,L,16,1,1,1.0,0,0,0.0,0,0,0.0,2,1,3,0,0,0,1,0,2,-8,1
22020,201145,0022000072,"Jan 01, 2021",BKN vs. ATL,L,8,3,3,1.0,0,0,0.0,1,2,0.5,0,0,0,1,0,0,0,2,7,-6,1
22020,201145,0022000057,"Dec 30, 2020",BKN vs. ATL,W,14,2,3,0.667,1,2,0.5,0,1,0.0,0,2,2,1,0,0,0,2,5,8,1
22020,201145,0022000042,"Dec 28, 2020",BKN vs. MEM,L,24,3,6,0.5,2,4,0.5,0,0,0.0,0,1,1,1,1,1,0,2,8,7,1
22020,201145,0022000032,"Dec 27, 2020",BKN @ CHA,L,13,0,0,0.0,0,0,0.0,0,0,0.0,0,0,0,2,0,0,0,1,0,-5,1
22020,201145,0022000007,"Dec 25, 2020",BKN @ BOS,W,15,1,3,0.333,0,1,0.0,0,0,0.0,1,3,4,0,0,0,0,1,2,1,1
22020,201145,0022000001,"Dec 22, 2020",BKN vs. GSW,W,17,3,4,0.75,1,2,0.5,0,0,0.0,0,0,0,1,1,0,1,3,7,6,1
22019,201145,0021901315,"Aug 14, 2020",HOU vs. PHI,L,25,8,10,0.8,0,2,0.0,1,1,1.0,0,0,0,4,1,1,0,4,17,-7,1
22019,201145,0021901304,"Aug 12, 2020",HOU vs. IND,L,30,5,12,0.417,0,4,0.0,4,4,1.0,1,2,3,1,0,1,1,3,14,-16,1
22019,201145,0021901298,"Aug 11, 2020",HOU @ SAS,L,31,6,9,0.667,1,4,0.25,4,4,1.0,0,4,4,2,0,0,1,2,17,-13,1
22019,201145,0021901290,"Aug 09, 2020",HOU @ SAC,W,22,4,7,0.571,1,4,0.25,3,4,0.75,0,1,1,3,0,1,3,1,12,-2,1
22019,201145,0021901273,"Aug 06, 2020",HOU vs. LAL,W,27,6,13,0.462,3,10,0.3,0,0,0.0,0,4,4,3,2,0,0,3,15,-2,1
22019,201145,0021901261,"Aug 04, 2020",HOU @ POR,L,28,7,15,0.467,5,9,0.556,3,4,0.75,0,6,6,1,0,0,1,5,22,-8,1
22019,201145,0021901248,"Aug 02, 2020",HOU vs. MIL,W,22,3,8,0.375,3,8,0.375,0,0,0.0,0,1,1,3,1,0,0,1,9,13,1
22019,201145,0021901238,"Jul 31, 2020",HOU @ DAL,W,20,4,9,0.444,1,4,0.25,1,1,1.0,0,1,1,1,1,1,0,5,10,3,1
22019,201145,0021900963,"Mar 10, 2020",HOU vs. MIN,W,21,1,6,0.167,1,6,0.167,0,0,0.0,0,2,2,1,0,0,0,1,3,10,1
22019,201145,0021900953,"Mar 08, 2020",HOU vs. ORL,L,27,8,8,1.0,1,1,1.0,1,2,0.5,2,3,5,0,1,0,1,2,18,-17,1
22019,201145,0021900940,"Mar 07, 2020",HOU @ CHA,L,29,10,15,0.667,0,3,0.0,0,0,0.0,5,3,8,2,3,1,1,4,20,28,1
22019,201145,0021900927,"Mar 05, 2020",HOU vs. LAC,L,20,6,10,0.6,3,6,0.5,2,2,1.0,1,1,2,0,1,0,0,2,17,-1,1
22019,201145,0021900903,"Mar 02, 2020",HOU @ NYK,L,14,1,2,0.5,0,1,0.0,2,2,1.0,0,0,0,2,1,1,1,0,4,-8,1
22019,201145,0021900892,"Feb 29, 2020",HOU @ BOS,W,14,1,5,0.2,1,4,0.25,0,0,0.0,0,1,1,0,0,2,1,3,3,-11,1
22019,201145,0021900870,"Feb 26, 2020",HOU vs. MEM,W,23,4,8,0.5,3,6,0.5,0,0,0.0,0,5,5,4,0,0,0,3,11,12,1
22019,201145,0021900853,"Feb 24, 2020",HOU vs. NYK,W,16,3,3,1.0,1,1,1.0,2,2,1.0,0,2,2,1,2,1,0,1,9,22,1
22019,201145,0021900841,"Feb 22, 2020",HOU @ UTA,W,13,1,2,0.5,0,1,0.0,0,0,0.0,0,3,3,2,0,0,2,2,2,0,1
22019,201145,0021900825,"Feb 20, 2020",HOU @ GSW,W,24,6,7,0.857,4,5,0.8,1,2,0.5,1,3,4,0,1,0,3,1,17,16,1
22019,201145,0021900449,"Dec 23, 2019",UTA @ MIA,L,18,3,8,0.375,0,2,0.0,1,1,1.0,0,1,1,2,2,0,0,1,7,-8,1
22019,201145,0021900430,"Dec 21, 2019",UTA @ CHA,W,15,2,4,0.5,1,2,0.5,0,0,0.0,1,2,3,0,0,0,0,0,5,-7,1
22019,201145,0021900416,"Dec 19, 2019",UTA @ ATL,W,16,3,7,0.429,0,1,0.0,1,2,0.5,1,2,3,1,0,0,0,0,7,-11,1
22019,201145,0021900405,"Dec 17, 2019",UTA vs. ORL,W,15,0,4,0.0,0,2,0.0,0,2,0.0,2,4,6,1,0,0,0,0,0,-2,1
22019,201145,0021900379,"Dec 13, 2019",UTA vs. GSW,W,16,1,8,0.125,1,6,0.167,2,2,1.0,0,1,1,0,0,0,1,2,5,-18,1
22019,201145,0021900362,"Dec 11, 2019",UTA @ MIN,W,17,3,6,0.5,2,5,0.4,2,2,1.0,0,1,1,1,0,0,1,1,10,12,1
22019,201145,0021900350,"Dec 09, 2019",UTA vs. OKC,L,14,2,5,0.4,0,1,0.0,0,0,0.0,1,0,1,0,0,0,0,0,4,-13,1
22019,201145,0021900334,"Dec 07, 2019",UTA vs. MEM,W,26,7,9,0.778,5,6,0.833,0,0,0.0,0,1,1,1,0,0,0,3,19,22,1
22019,201145,0021900314,"Dec 04, 2019",UTA vs. LAL,L,23,3,7,0.429,2,4,0.5,0,0,0.0,1,3,4,2,0,0,1,4,8,-12,1
22019,201145,0021900294,"Dec 02, 2019",UTA @ PHI,L,17,3,6,0.5,0,3,0.0,0,0,0.0,0,2,2,0,0,0,1,2,6,-21,1
22019,201145,0021900291,"Dec 01, 2019",UTA @ TOR,L,15,6,11,0.545,1,5,0.2,6,6,1.0,1,2,3,0,2,0,1,2,19,-13,1
22019,201145,0021900274,"Nov 29, 2019",UTA @ MEM,W,16,2,7,0.286,0,4,0.0,2,2,1.0,0,4,4,0,1,0,0,0,6,-8,1
22019,201145,0021900256,"Nov 27, 2019",UTA @ IND,L,15,2,6,0.333,0,2,0.0,2,4,0.5,2,4,6,1,0,0,0,1,6,-9,1
22019,201145,0021900248,"Nov 25, 2019",UTA @ MIL,L,25,4,6,0.667,3,5,0.6,0,0,0.0,0,2,2,0,0,1,2,1,11,0,1
22019,201145,0021900234,"Nov 23, 2019",UTA vs. NOP,W,26,3,5,0.6,1,2,0.5,8,8,1.0,0,4,4,3,0,1,2,2,15,7,1
22019,201145,0021900223,"Nov 22, 2019",UTA vs. GSW,W,17,2,8,0.25,0,4,0.0,3,4,0.75,0,5,5,0,0,2,0,1,7,8,1
22019,201145,0021900210,"Nov 20, 2019",UTA @ MIN,W,15,3,8,0.375,0,3,0.0,4,6,0.667,1,2,3,1,0,0,1,3,10,3,1
22019,201145,0021900196,"Nov 18, 2019",UTA vs. MIN,L,18,2,8,0.25,2,4,0.5,5,6,0.833,1,3,4,1,0,1,3,3,11,-9,1
22019,201145,0021900170,"Nov 15, 2019",UTA @ MEM,L,21,0,5,0.0,0,2,0.0,2,2,1.0,0,1,1,1,1,0,2,1,2,-10,1
22019,201145,0021900152,"Nov 12, 2019",UTA vs. BKN,W,22,4,9,0.444,3,5,0.6,2,2,1.0,1,3,4,0,1,1,2,2,13,-3,1
22019,201145,0021900144,"Nov 11, 2019",UTA @ GSW,W,21,4,8,0.5,2,6,0.333,2,2,1.0,0,3,3,1,0,1,1,2,12,8,1
22019,201145,0021900124,"Nov 08, 2019",UTA vs. MIL,W,15,1,6,0.167,0,4,0.0,0,0,0.0,2,0,2,0,0,0,1,3,2,9,1
22019,201145,0021900110,"Nov 06, 2019",UTA vs. PHI,W,19,1,6,0.167,1,4,0.25,0,0,0.0,0,6,6,0,0,0,1,1,3,-13,1
22019,201145,0021900090,"Nov 03, 2019",UTA @ LAC,L,19,1,4,0.25,0,3,0.0,0,0,0.0,0,1,1,0,0,1,0,0,2,-26,1
22019,201145,0021900075,"Nov 01, 2019",UTA @ SAC,L,23,2,6,0.333,2,5,0.4,2,2,1.0,0,0,0,1,1,0,2,2,8,7,1
22019,201145,0021900063,"Oct 30, 2019",UTA vs. LAC,W,19,3,8,0.375,2,4,0.5,0,0,0.0,0,1,1,0,3,1,0,1,8,8,2
22019,201145,0021900049,"Oct 28, 2019",UTA @ PHX,W,14,2,4,0.5,1,1,1.0,3,4,0.75,0,1,1,0,0,0,0,2,8,-7,1
22019,201145,0021900034,"Oct 26, 2019",UTA vs. SAC,W,18,3,5,0.6,3,4,0.75,0,2,0.0,0,3,3,1,0,0,1,1,9,1,1
22019,201145,0021900025,"Oct 25, 2019",UTA @ LAL,L,23,2,7,0.286,1,2,0.5,0,0,0.0,0,3,3,1,1,0,3,3,5,2,1
22019,201145,0021900011,"Oct 23, 2019",UTA vs. OKC,W,17,1,4,0.25,1,3,0.333,2,4,0.5,0,2,2,1,0,1,1,2,5,-4,1
22018,201145,0021801211,"Apr 09, 2019",WAS vs. BOS,L,24,2,13,0.154,1,8,0.125,1,2,0.5,0,5,5,3,0,1,2,0,6,-7,1
22018,201145,0021801204,"Apr 07, 2019",WAS @ NYK,L,16,7,10,0.7,0,3,0.0,5,6,0.833,0,2,2,1,1,0,1,0,19,11,1
22018,201145,0021801182,"Apr 05, 2019",WAS vs. SAS,L,23,6,10,0.6,0,2,0.0,2,2,1.0,1,2,3,0,0,1,1,1,14,-24,1
22018,201145,0021801120,"Mar 27, 2019",WAS @ PHX,W,10,2,6,0.333,0,2,0.0,1,1,1.0,0,0,0,0,3,1,0,2,5,-2,1
22018,201145,0021801116,"Mar 26, 2019",WAS @ LAL,L,21,1,3,0.333,0,1,0.0,2,2,1.0,1,1,2,0,1,0,2,4,4,-13,1
22018,201145,0021801089,"Mar 23, 2019",WAS vs. MIA,L,24,9,12,0.75,3,5,0.6,4,4,1.0,2,4,6,0,1,1,2,3,25,5,1
22018,201145,0021801075,"Mar 21, 2019",WAS vs. DEN,L,21,1,6,0.167,1,4,0.25,2,2,1.0,0,2,2,1,0,0,0,0,5,-14,1
22018,201145,0021801069,"Mar 20, 2019",WAS @ CHI,L,23,4,10,0.4,2,8,0.25,0,0,0.0,1,4,5,1,1,1,1,3,10,-4,1
22018,201145,0021801051,"Mar 18, 2019",WAS vs. UTA,L,23,2,7,0.286,1,4,0.25,0,0,0.0,0,2,2,2,2,0,0,0,5,-16,1
22018,201145,0021801035,"Mar 16, 2019",WAS vs. MEM,W,32,6,9,0.667,3,6,0.5,0,0,0.0,0,1,1,3,0,0,1,3,15,10,1
22018,201145,0021801028,"Mar 15, 2019",WAS vs. CHA,L,34,7,10,0.7,2,3,0.667,4,5,0.8,0,2,2,1,0,1,5,1,20,0,1
22018,201145,0021801015,"Mar 13, 2019",WAS vs. ORL,W,28,1,5,0.2,1,3,0.333,5,6,0.833,0,1,1,0,1,0,0,1,8,-8,1
22018,201145,0021801002,"Mar 11, 2019",WAS vs. SAC,W,29,3,7,0.429,0,3,0.0,5,5,1.0,0,2,2,2,0,0,1,3,11,16,1
22018,201145,0021800988,"Mar 09, 2019",WAS @ MIN,L,38,3,12,0.25,1,6,0.167,3,4,0.75,0,5,5,0,3,1,3,3,10,2,1
22018,201145,0021800977,"Mar 08, 2019",WAS @ CHA,L,29,4,6,0.667,1,3,0.333,2,2,1.0,1,2,3,1,0,0,1,2,11,-5,1
22018,201145,0021800967,"Mar 06, 2019",WAS vs. DAL,W,29,6,9,0.667,3,4,0.75,1,1,1.0,0,1,1,1,0,0,2,3,16,17,1
22018,201145,0021800950,"Mar 03, 2019",WAS vs. MIN,W,22,5,8,0.625,0,1,0.0,3,5,0.6,0,3,3,3,0,0,1,1,13,7,1
22018,201145,0021800931,"Mar 01, 2019",WAS @ BOS,L,33,4,9,0.444,2,7,0.286,5,6,0.833,0,4,4,0,1,1,0,0,15,-15,1
22018,201145,0021800914,"Feb 27, 2019",WAS @ BKN,W,27,5,9,0.556,1,3,0.333,4,4,1.0,0,5,5,1,1,0,0,5,15,11,1
22018,201145,0021800886,"Feb 23, 2019",WAS vs. IND,L,20,1,6,0.167,0,4,0.0,2,3,0.667,0,1,1,0,0,1,2,1,4,-8,1
22018,201145,0021800873,"Feb 22, 2019",WAS @ CHA,L,31,5,11,0.455,1,5,0.2,5,5,1.0,1,1,2,3,1,1,1,2,16,-9,1
22018,201145,0021800857,"Feb 13, 2019",WAS @ TOR,L,40,8,14,0.571,4,7,0.571,3,3,1.0,0,7,7,2,1,0,2,3,23,-4,1
22018,201145,0021800840,"Feb 11, 2019",WAS @ DET,L,28,1,6,0.167,1,5,0.2,1,2,0.5,1,0,1,5,0,1,4,3,4,-16,1
22018,201145,0021800830,"Feb 09, 2019",WAS @ CHI,W,9,0,1,0.0,0,1,0.0,0,0,0.0,0,1,1,3,0,0,0,0,0,9,1
22018,201145,0021800819,"Feb 08, 2019",WAS vs. CLE,W,26,4,7,0.571,2,5,0.4,5,5,1.0,1,7,8,4,0,1,2,2,15,2,1
22018,201145,0021800806,"Feb 06, 2019",WAS @ MIL,L,37,6,10,0.6,5,9,0.556,5,5,1.0,2,2,4,3,0,1,4,4,22,-6,1
22018,201145,0021800791,"Feb 04, 2019",WAS vs. ATL,L,36,9,19,0.474,2,9,0.222,6,6,1.0,0,5,5,5,0,1,0,1,26,6,1
22018,201145,0021800778,"Feb 02, 2019",WAS vs. MIL,L,34,6,17,0.353,2,9,0.222,6,7,0.857,1,2,3,2,0,2,1,2,20,-8,1
22018,201145,0021800759,"Jan 30, 2019",WAS vs. IND,W,29,8,16,0.5,3,7,0.429,4,4,1.0,1,4,5,6,0,2,2,0,23,16,1
22018,201145,0021800749,"Jan 29, 2019",WAS @ CLE,L,25,4,6,0.667,1,2,0.5,0,0,0.0,0,3,3,0,1,0,0,2,9,-9,1
22018,201145,0021800742,"Jan 27, 2019",WAS @ SAS,L,31,5,10,0.5,3,7,0.429,2,2,1.0,0,1,1,3,0,0,1,5,15,-6,1
22018,201145,0021800720,"Jan 25, 2019",WAS @ ORL,W,38,9,16,0.563,6,9,0.667,0,0,0.0,0,6,6,3,0,0,2,2,24,10,1
22018,201145,0021800716,"Jan 24, 2019",WAS vs. GSW,L,28,5,11,0.455,3,7,0.429,2,3,0.667,0,2,2,2,0,0,2,4,15,-4,1
22018,201145,0021800693,"Jan 21, 2019",WAS vs. DET,W,25,5,11,0.455,0,4,0.0,1,1,1.0,0,3,3,2,1,1,3,3,11,10,1
22018,201145,0021800665,"Jan 17, 2019",WAS vs. NYK,W,21,0,4,0.0,0,2,0.0,3,4,0.75,1,2,3,1,1,0,1,0,3,-5,1
22018,201145,0021800639,"Jan 13, 2019",WAS vs. TOR,L,35,4,11,0.364,2,6,0.333,2,2,1.0,0,2,2,2,0,1,2,2,12,-20,1
22018,201145,0021800622,"Jan 11, 2019",WAS vs. MIL,W,39,7,17,0.412,4,7,0.571,2,3,0.667,0,5,5,3,0,0,3,2,20,1,1
22018,201145,0021800608,"Jan 09, 2019",WAS vs. PHI,W,25,3,8,0.375,2,5,0.4,0,0,0.0,0,5,5,3,0,1,3,4,8,18,1
22018,201145,0021800600,"Jan 08, 2019",WAS @ PHI,L,27,5,9,0.556,2,3,0.667,3,4,0.75,0,1,1,1,1,0,0,2,15,-19,1
22018,201145,0021800588,"Jan 06, 2019",WAS @ OKC,W,34,6,14,0.429,2,6,0.333,2,2,1.0,3,3,6,2,1,0,1,3,16,8,1
22018,201145,0021800568,"Jan 04, 2019",WAS @ MIA,L,35,4,10,0.4,0,3,0.0,2,2,1.0,0,6,6,3,0,0,1,2,10,1,1
22018,201145,0021800556,"Jan 02, 2019",WAS vs. ATL,W,36,7,13,0.538,4,8,0.5,4,4,1.0,0,6,6,6,0,0,1,4,22,15,1
22018,201145,0021800530,"Dec 29, 2018",WAS vs. CHA,W,38,5,13,0.385,1,5,0.2,2,2,1.0,1,6,7,7,2,3,1,4,13,3,1
22018,201145,0021800520,"Dec 28, 2018",WAS vs. CHI,L,33,3,10,0.3,0,3,0.0,5,6,0.833,1,6,7,4,0,0,1,2,11,1,1
22018,201145,0021800502,"Dec 26, 2018",WAS @ DET,L,9,1,2,0.5,0,0,0.0,2,2,1.0,0,1,1,2,0,0,0,4,4,-8,1
22018,201145,0021800487,"Dec 23, 2018",WAS @ IND,L,26,4,10,0.4,1,5,0.2,1,1,1.0,1,2,3,2,0,0,3,1,10,-12,1
22018,201145,0021800480,"Dec 22, 2018",WAS vs. PHX,W,49,4,8,0.5,2,4,0.5,10,10,1.0,1,7,8,0,1,0,0,1,20,10,1
22018,201145,0021800461,"Dec 19, 2018",WAS @ HOU,L,26,5,9,0.556,0,2,0.0,2,3,0.667,1,2,3,2,0,0,0,2,12,-3,1
22018,201145,0021800452,"Dec 18, 2018",WAS @ ATL,L,38,4,11,0.364,2,8,0.25,2,2,1.0,0,7,7,2,1,0,2,2,12,1,1
22018,201145,0021800439,"Dec 16, 2018",WAS vs. LAL,W,33,8,15,0.533,4,6,0.667,0,1,0.0,1,6,7,1,0,1,0,1,20,27,1
22018,201145,0021800422,"Dec 14, 2018",WAS @ BKN,L,25,4,5,0.8,3,3,1.0,1,1,1.0,0,2,2,0,1,0,1,3,12,-7,1
22018,201145,0021800409,"Dec 12, 2018",WAS vs. BOS,L,45,7,11,0.636,2,5,0.4,6,7,0.857,2,8,10,2,1,1,0,4,22,1,1
22018,201145,0021800391,"Dec 10, 2018",WAS @ IND,L,31,3,8,0.375,2,5,0.4,0,0,0.0,0,3,3,2,1,0,2,0,8,-24,1
22018,201145,0021800381,"Dec 08, 2018",WAS @ CLE,L,20,5,7,0.714,4,6,0.667,3,4,0.75,0,0,0,0,0,1,1,3,17,-3,1
22018,201145,0021800346,"Dec 03, 2018",WAS @ NYK,W,15,0,1,0.0,0,0,0.0,0,1,0.0,0,2,2,1,0,0,0,2,0,-2,1
22018,201145,0021800322,"Nov 30, 2018",WAS @ PHI,L,22,1,2,0.5,0,0,0.0,2,2,1.0,0,3,3,0,0,1,1,2,4,-11,1
22018,201145,0021800312,"Nov 28, 2018",WAS @ NOP,L,19,4,11,0.364,2,5,0.4,0,0,0.0,2,0,2,0,0,0,0,0,10,-10,1
22018,201145,0021800296,"Nov 26, 2018",WAS vs. HOU,W,29,5,6,0.833,1,2,0.5,2,3,0.667,0,3,3,3,1,0,2,5,13,5,1
22018,201145,0021800280,"Nov 24, 2018",WAS vs. NOP,W,21,2,5,0.4,0,1,0.0,0,0,0.0,0,4,4,4,0,0,1,2,4,-3,1
22018,201145,0021800271,"Nov 23, 2018",WAS @ TOR,L,23,4,12,0.333,0,5,0.0,0,0,0.0,2,4,6,0,2,0,1,0,8,-3,1
22018,201145,0021800249,"Nov 20, 2018",WAS vs. LAC,W,26,8,11,0.727,3,6,0.5,1,1,1.0,1,6,7,3,1,1,0,1,20,13,1
22018,201145,0021800237,"Nov 18, 2018",WAS vs. POR,L,25,3,10,0.3,0,2,0.0,1,1,1.0,6,7,13,1,1,0,0,1,7,-6,1
22018,201145,0021800219,"Nov 16, 2018",WAS vs. BKN,L,23,2,5,0.4,0,2,0.0,2,2,1.0,1,0,1,2,0,0,2,2,6,0,1
22018,201145,0021800203,"Nov 14, 2018",WAS vs. CLE,W,24,3,7,0.429,1,3,0.333,1,1,1.0,1,2,3,3,2,1,3,3,8,14,1
22018,201145,0021800190,"Nov 12, 2018",WAS vs. ORL,W,21,6,7,0.857,4,5,0.8,2,2,1.0,0,6,6,1,2,1,2,1,18,13,1
22018,201145,0021800177,"Nov 10, 2018",WAS @ MIA,W,34,8,12,0.667,2,4,0.5,1,1,1.0,3,7,10,0,1,0,2,1,19,14,1
22018,201145,0021800167,"Nov 09, 2018",WAS @ ORL,L,24,4,5,0.8,2,3,0.667,4,4,1.0,1,2,3,0,0,1,0,0,14,0,1
22018,201145,0021800150,"Nov 06, 2018",WAS @ DAL,L,15,3,4,0.75,1,1,1.0,1,2,0.5,1,1,2,1,0,0,2,2,8,-6,1
22018,201145,0021800135,"Nov 04, 2018",WAS vs. NYK,W,27,5,13,0.385,0,2,0.0,4,4,1.0,6,3,9,0,0,2,1,4,14,0,1
22018,201145,0021800119,"Nov 02, 2018",WAS vs. OKC,L,15,0,3,0.0,0,1,0.0,2,2,1.0,0,0,0,0,0,0,0,3,2,-16,1
22018,201145,0021800102,"Oct 30, 2018",WAS @ MEM,L,29,2,6,0.333,0,2,0.0,0,0,0.0,0,5,5,1,0,1,2,3,4,-4,1
22018,201145,0021800086,"Oct 28, 2018",WAS @ LAC,L,21,3,6,0.5,0,1,0.0,6,6,1.0,5,3,8,2,0,0,1,2,12,-13,1
22018,201145,0021800073,"Oct 26, 2018",WAS @ SAC,L,27,5,8,0.625,1,2,0.5,2,2,1.0,2,7,9,3,0,1,4,1,13,2,1
22018,201145,0021800062,"Oct 24, 2018",WAS @ GSW,L,28,3,6,0.5,0,2,0.0,4,4,1.0,0,3,3,1,2,0,1,3,10,-14,1
22018,201145,0021800046,"Oct 22, 2018",WAS @ POR,W,24,5,10,0.5,0,5,0.0,2,2,1.0,0,6,6,1,0,0,2,2,12,3,1
22018,201145,0021800027,"Oct 20, 2018",WAS vs. TOR,L,21,1,8,0.125,0,4,0.0,0,0,0.0,0,2,2,1,1,2,0,2,2,-8,1
22018,201145,0021800015,"Oct 18, 2018",WAS vs. MIA,L,33,6,12,0.5,2,4,0.5,3,3,1.0,1,3,4,1,1,1,2,3,17,0,1
22017,201145,0021701220,"Apr 11, 2018",CLE vs. NYK,L,11,1,3,0.333,0,1,0.0,0,0,0.0,1,1,2,1,0,1,0,0,2,5,1
22017,201145,0021701207,"Apr 09, 2018",CLE @ NYK,W,29,3,6,0.5,0,2,0.0,4,5,0.8,1,1,2,0,1,1,0,4,10,0,1
22017,201145,0021701183,"Apr 06, 2018",CLE @ PHI,L,41,10,12,0.833,5,6,0.833,8,8,1.0,1,4,5,3,0,0,2,5,33,3,1
22017,201145,0021701176,"Apr 05, 2018",CLE vs. WAS,W,32,8,10,0.8,2,3,0.667,3,3,1.0,0,1,1,1,1,0,1,0,21,13,1
22017,201145,0021701156,"Apr 03, 2018",CLE vs. TOR,W,25,5,10,0.5,2,5,0.4,0,0,0.0,0,1,1,1,1,3,1,3,12,8,1
22017,201145,0021701149,"Apr 01, 2018",CLE vs. DAL,W,17,2,4,0.5,0,0,0.0,0,0,0.0,1,2,3,0,0,0,1,0,4,5,1
22017,201145,0021701131,"Mar 30, 2018",CLE vs. NOP,W,24,1,7,0.143,0,2,0.0,1,1,1.0,1,0,1,2,1,1,0,2,3,-11,1
22017,201145,0021701116,"Mar 28, 2018",CLE @ CHA,W,32,6,15,0.4,1,4,0.25,5,5,1.0,1,0,1,1,1,0,0,1,18,13,1
22017,201145,0021701110,"Mar 27, 2018",CLE @ MIA,L,31,2,10,0.2,0,4,0.0,1,2,0.5,1,3,4,1,2,0,1,2,5,-7,1
22017,201145,0021701080,"Mar 23, 2018",CLE vs. PHX,W,12,2,5,0.4,1,3,0.333,0,0,0.0,0,2,2,0,0,0,2,0,5,12,1
22017,201145,0021701065,"Mar 21, 2018",CLE vs. TOR,W,38,4,9,0.444,2,4,0.5,5,6,0.833,0,2,2,1,0,1,1,5,15,4,1
22017,201145,0021701050,"Mar 19, 2018",CLE vs. MIL,W,41,5,8,0.625,0,2,0.0,4,4,1.0,0,0,0,3,1,1,2,2,14,4,1
22017,201145,0021701039,"Mar 17, 2018",CLE @ CHI,W,43,8,14,0.571,2,6,0.333,3,5,0.6,0,4,4,2,1,1,1,2,21,-4,1
22017,201145,0021701028,"Mar 15, 2018",CLE @ POR,L,34,5,12,0.417,1,4,0.25,5,6,0.833,1,4,5,4,0,0,1,3,16,-7,1
22017,201145,0021701014,"Mar 13, 2018",CLE @ PHX,W,27,4,12,0.333,1,3,0.333,2,2,1.0,0,4,4,1,3,3,1,3,11,18,1
22017,201145,0021701000,"Mar 11, 2018",CLE @ LAL,L,22,2,8,0.25,1,3,0.333,2,2,1.0,0,3,3,0,0,1,0,3,7,-5,1
22017,201145,0021700986,"Mar 09, 2018",CLE @ LAC,L,25,3,12,0.25,0,5,0.0,2,2,1.0,1,3,4,1,0,0,2,2,8,8,1
22017,201145,0021700970,"Mar 07, 2018",CLE @ DEN,W,17,4,7,0.571,1,3,0.333,1,2,0.5,0,1,1,0,0,1,1,0,10,8,1
22017,201145,0021700923,"Mar 01, 2018",CLE vs. PHI,L,22,1,6,0.167,1,3,0.333,2,2,1.0,0,4,4,1,0,0,2,2,5,1,1
22017,201145,0021700894,"Feb 25, 2018",CLE vs. SAS,L,21,6,9,0.667,1,3,0.333,1,2,0.5,0,2,2,1,1,0,2,0,14,-10,1
22017,201145,0021700878,"Feb 23, 2018",CLE @ MEM,W,15,2,6,0.333,0,1,0.0,2,2,1.0,1,3,4,1,0,0,0,2,6,2,1
22017,201145,0021700869,"Feb 22, 2018",CLE vs. WAS,L,16,2,6,0.333,0,3,0.0,1,1,1.0,0,0,0,1,0,0,1,1,5,1,1
22017,201145,0021700850,"Feb 13, 2018",CLE @ OKC,W,27,3,7,0.429,0,2,0.0,4,4,1.0,0,4,4,1,0,0,0,4,10,14,1
22017,201145,0021700835,"Feb 11, 2018",CLE @ BOS,W,17,3,6,0.5,0,1,0.0,4,4,1.0,2,1,3,1,0,0,2,2,10,2,1
22017,201145,0021700819,"Feb 09, 2018",CLE @ ATL,W,32,9,16,0.563,3,4,0.75,3,3,1.0,1,2,3,3,0,1,0,0,24,21,1
22017,201145,0021700807,"Feb 07, 2018",CLE vs. MIN,W,29,4,6,0.667,0,0,0.0,5,6,0.833,1,5,6,2,0,0,2,3,13,6,1
22017,201145,0021700797,"Feb 06, 2018",CLE @ ORL,L,24,4,8,0.5,0,2,0.0,4,4,1.0,0,4,4,0,0,1,0,2,12,-4,1
22017,201145,0021700779,"Feb 03, 2018",CLE vs. HOU,L,21,3,7,0.429,0,1,0.0,0,0,0.0,0,4,4,2,0,0,1,5,6,-18,1
22017,201145,0021700757,"Jan 31, 2018",CLE vs. MIA,W,22,0,2,0.0,0,0,0.0,2,2,1.0,0,1,1,1,0,0,0,1,2,0,1
22017,201145,0021700747,"Jan 30, 2018",CLE @ DET,L,12,2,3,0.667,1,1,1.0,1,2,0.5,0,0,0,0,0,0,0,1,6,7,1
22017,201145,0021700734,"Jan 28, 2018",CLE vs. DET,W,20,2,6,0.333,0,2,0.0,1,2,0.5,0,2,2,1,0,0,2,1,5,-1,1
22017,201145,0021700715,"Jan 26, 2018",CLE vs. IND,W,14,5,6,0.833,0,0,0.0,1,2,0.5,2,0,2,2,0,1,0,0,11,-5,1
22017,201145,0021700698,"Jan 23, 2018",CLE @ SAS,L,16,3,4,0.75,0,0,0.0,2,2,1.0,2,2,4,0,1,0,2,2,8,-4,1
22017,201145,0021700674,"Jan 20, 2018",CLE vs. OKC,L,22,4,8,0.5,0,2,0.0,4,5,0.8,1,3,4,0,0,1,0,1,12,-5,1
22017,201145,0021700664,"Jan 18, 2018",CLE vs. ORL,W,27,4,8,0.5,0,1,0.0,2,2,1.0,1,8,9,1,2,1,1,3,10,-3,1
22017,201145,0021700646,"Jan 15, 2018",CLE vs. GSW,L,26,3,9,0.333,0,3,0.0,0,0,0.0,3,1,4,0,1,0,0,3,6,-3,1
22017,201145,0021700619,"Jan 12, 2018",CLE @ IND,L,20,4,8,0.5,0,1,0.0,5,5,1.0,0,1,1,0,0,0,0,0,13,-9,1
22017,201145,0021700615,"Jan 11, 2018",CLE @ TOR,L,22,4,9,0.444,1,3,0.333,4,4,1.0,1,2,3,0,0,0,2,2,13,-22,1
22017,201145,0021700594,"Jan 08, 2018",CLE @ MIN,L,27,9,15,0.6,3,5,0.6,1,3,0.333,2,1,3,3,0,0,2,1,22,7,1
22017,201145,0021700582,"Jan 06, 2018",CLE @ ORL,W,22,2,5,0.4,0,1,0.0,2,2,1.0,1,0,1,1,1,1,1,3,6,-27,1
22017,201145,0021700559,"Jan 03, 2018",CLE @ BOS,L,27,3,11,0.273,0,2,0.0,7,7,1.0,1,2,3,0,0,2,3,2,13,-6,1
22017,201145,0021700549,"Jan 02, 2018",CLE vs. POR,W,25,0,5,0.0,0,3,0.0,10,12,0.833,0,4,4,5,2,0,0,2,10,24,1
22017,201145,0021700534,"Dec 30, 2017",CLE @ UTA,L,27,6,12,0.5,4,4,1.0,6,6,1.0,2,3,5,0,1,2,1,1,22,7,1
22017,201145,0021700513,"Dec 27, 2017",CLE @ SAC,L,26,4,9,0.444,0,2,0.0,0,0,0.0,1,1,2,1,0,0,2,2,8,-15,1
22017,201145,0021700494,"Dec 25, 2017",CLE @ GSW,L,20,1,6,0.167,1,1,1.0,0,0,0.0,0,0,0,0,0,0,1,3,3,-6,1
22017,201145,0021700466,"Dec 21, 2017",CLE vs. CHI,W,24,3,6,0.5,0,1,0.0,4,4,1.0,1,3,4,0,0,0,0,1,10,-4,1
22017,201145,0021700453,"Dec 19, 2017",CLE @ MIL,L,25,3,5,0.6,0,0,0.0,7,9,0.778,0,4,4,1,0,1,0,0,13,1,1
22017,201145,0021700440,"Dec 17, 2017",CLE @ WAS,W,29,5,12,0.417,1,4,0.25,4,5,0.8,2,3,5,2,0,2,0,0,15,5,1
22017,201145,0021700430,"Dec 16, 2017",CLE vs. UTA,W,17,3,4,0.75,3,3,1.0,2,2,1.0,0,1,1,4,0,0,1,2,11,18,1
22017,201145,0021700415,"Dec 14, 2017",CLE vs. LAL,W,25,3,9,0.333,0,1,0.0,2,2,1.0,2,5,7,0,0,0,1,2,8,-4,1
22017,201145,0021700397,"Dec 12, 2017",CLE vs. ATL,W,26,7,12,0.583,0,3,0.0,3,3,1.0,0,3,3,1,0,0,1,2,17,-8,1
22017,201145,0021700379,"Dec 09, 2017",CLE vs. PHI,W,30,5,8,0.625,1,1,1.0,2,2,1.0,1,5,6,1,2,0,2,2,13,25,1
22017,201145,0021700369,"Dec 08, 2017",CLE @ IND,L,24,3,7,0.429,0,1,0.0,1,1,1.0,1,3,4,1,0,0,2,5,7,-17,1
22017,201145,0021700353,"Dec 06, 2017",CLE vs. SAC,W,24,6,8,0.75,1,1,1.0,4,4,1.0,2,1,3,1,0,1,0,0,17,5,1
22017,201145,0021700344,"Dec 04, 2017",CLE @ CHI,W,25,6,10,0.6,1,3,0.333,1,1,1.0,0,8,8,2,0,0,0,2,14,13,1
22017,201145,0021700329,"Dec 02, 2017",CLE vs. MEM,W,24,3,6,0.5,0,0,0.0,3,3,1.0,1,3,4,1,3,0,0,1,9,3,1
22017,201145,0021700313,"Nov 30, 2017",CLE @ ATL,W,19,4,9,0.444,0,1,0.0,4,4,1.0,1,2,3,2,1,1,1,2,12,9,1
22017,201145,0021700298,"Nov 28, 2017",CLE vs. MIA,W,27,2,4,0.5,0,1,0.0,2,2,1.0,0,4,4,2,0,1,1,3,6,-2,1
22017,201145,0021700291,"Nov 27, 2017",CLE @ PHI,W,27,6,12,0.5,0,3,0.0,2,2,1.0,4,6,10,3,0,1,1,0,14,25,1
22017,201145,0021700270,"Nov 24, 2017",CLE vs. CHA,W,16,3,7,0.429,0,1,0.0,0,0,0.0,1,2,3,4,1,0,1,2,6,4,1
22017,201145,0021700254,"Nov 22, 2017",CLE vs. BKN,W,16,2,6,0.333,1,3,0.333,0,0,0.0,0,2,2,1,0,0,0,3,5,-4,1
22017,201145,0021700242,"Nov 20, 2017",CLE @ DET,W,22,4,10,0.4,2,5,0.4,1,2,0.5,2,1,3,1,0,0,2,0,11,5,1
22017,201145,0021700220,"Nov 17, 2017",CLE vs. LAC,W,16,3,5,0.6,0,0,0.0,2,2,1.0,1,1,2,2,0,0,1,1,8,-3,1
22017,201145,0021700207,"Nov 15, 2017",CLE @ CHA,W,22,5,8,0.625,0,0,0.0,3,4,0.75,4,3,7,1,0,0,1,3,13,3,1
22017,201145,0021700193,"Nov 13, 2017",CLE @ NYK,W,18,2,7,0.286,1,4,0.25,1,2,0.5,1,4,5,0,0,0,1,2,6,3,2
22017,201145,0021700181,"Nov 11, 2017",CLE @ DAL,W,15,2,4,0.5,0,0,0.0,5,6,0.833,0,1,1,1,3,0,3,1,9,2,1
22017,201145,0021700166,"Nov 09, 2017",CLE @ HOU,L,38,11,15,0.733,2,3,0.667,3,3,1.0,1,4,5,2,3,0,0,5,27,8,1
22017,201145,0021700149,"Nov 07, 2017",CLE vs. MIL,W,17,1,5,0.2,0,0,0.0,2,2,1.0,0,1,1,0,0,0,1,1,4,2,1
22017,201145,0021700136,"Nov 05, 2017",CLE vs. ATL,L,26,4,9,0.444,1,2,0.5,0,0,0.0,1,3,4,2,1,1,0,3,9,16,1
22017,201145,0021700122,"Nov 03, 2017",CLE @ WAS,W,25,2,3,0.667,1,2,0.5,2,4,0.5,0,2,2,5,1,0,3,4,7,-4,1
22017,201145,0021700106,"Nov 01, 2017",CLE vs. IND,L,20,6,8,0.75,1,2,0.5,2,4,0.5,0,3,3,1,2,0,2,5,15,7,2
22017,201145,0021700090,"Oct 29, 2017",CLE vs. NYK,L,14,2,6,0.333,0,1,0.0,2,3,0.667,1,1,2,0,0,0,0,3,6,-9,1
22017,201145,0021700077,"Oct 28, 2017",CLE @ NOP,L,16,3,8,0.375,0,3,0.0,1,1,1.0,0,3,3,1,0,0,2,1,7,-18,1
22017,201145,0021700058,"Oct 25, 2017",CLE @ BKN,L,27,5,11,0.455,2,5,0.4,6,6,1.0,0,6,6,3,1,2,0,2,18,5,1
22017,201145,0021700049,"Oct 24, 2017",CLE vs. CHI,W,24,4,6,0.667,1,1,1.0,7,8,0.875,0,2,2,2,0,0,0,1,16,10,2
22017,201145,0021700028,"Oct 21, 2017",CLE vs. ORL,L,21,2,6,0.333,0,1,0.0,3,4,0.75,1,0,1,1,1,0,2,0,7,-17,1
22017,201145,0021700021,"Oct 20, 2017",CLE @ MIL,W,18,4,7,0.571,0,2,0.0,2,2,1.0,1,0,1,1,1,0,1,1,10,11,1
22017,201145,0021700001,"Oct 17, 2017",CLE vs. BOS,W,14,3,8,0.375,0,1,0.0,0,0,0.0,0,0,0,0,0,0,1,3,6,-3,1
22016,201145,0021601045,"Mar 20, 2017",ORL vs. PHI,W,16,1,3,0.333,0,0,0.0,2,2,1.0,0,0,0,2,0,0,0,0,4,-3,1
22016,201145,0021601026,"Mar 17, 2017",ORL @ PHX,W,14,1,9,0.111,0,2,0.0,0,0,0.0,2,6,8,1,0,0,1,2,2,-1,1
22016,201145,0021601019,"Mar 16, 2017",ORL @ GSW,L,18,6,9,0.667,1,2,0.5,0,0,0.0,2,2,4,1,1,0,1,4,13,-7,1
22016,201145,0021600997,"Mar 13, 2017",ORL @ SAC,L,19,2,6,0.333,0,2,0.0,3,3,1.0,0,5,5,2,3,0,1,2,7,-7,1
22016,201145,0021600977,"Mar 11, 2017",ORL vs. CLE,L,18,3,7,0.429,0,1,0.0,1,1,1.0,0,3,3,2,0,0,1,1,7,-12,1
22016,201145,0021600965,"Mar 10, 2017",ORL @ CHA,L,6,1,1,1.0,1,1,1.0,0,0,0.0,0,0,0,0,0,0,1,0,3,-11,1
22016,201145,0021600949,"Mar 08, 2017",ORL vs. CHI,W,19,4,10,0.4,1,4,0.25,0,0,0.0,2,3,5,2,1,0,1,2,9,-3,1
22016,201145,0021600935,"Mar 06, 2017",ORL vs. NYK,L,20,5,10,0.5,1,4,0.25,4,4,1.0,0,1,1,0,0,1,2,3,15,-21,1
22016,201145,0021600930,"Mar 05, 2017",ORL @ WAS,L,22,5,11,0.455,1,2,0.5,1,2,0.5,0,2,2,0,0,0,0,0,12,-4,1
22016,201145,0021600911,"Mar 03, 2017",ORL vs. MIA,W,16,5,8,0.625,0,1,0.0,1,2,0.5,0,3,3,1,0,0,1,1,11,-7,1
22016,201145,0021600895,"Mar 01, 2017",ORL vs. NYK,L,24,4,10,0.4,1,5,0.2,2,2,1.0,0,2,2,0,1,2,0,4,11,2,1
22016,201145,0021600867,"Feb 25, 2017",ORL vs. ATL,W,22,1,4,0.25,1,3,0.333,4,4,1.0,1,3,4,0,1,0,1,3,7,-6,1
22016,201145,0021600850,"Feb 23, 2017",ORL vs. POR,L,18,1,3,0.333,0,2,0.0,6,8,0.75,0,4,4,4,1,0,0,1,8,5,1
22016,201145,0021600834,"Feb 15, 2017",ORL vs. SAS,L,35,4,11,0.364,0,4,0.0,3,3,1.0,0,3,3,2,1,0,2,2,11,-14,1
22016,201145,0021600823,"Feb 13, 2017",ORL @ MIA,W,20,5,11,0.455,0,2,0.0,3,3,1.0,0,2,2,0,1,0,0,4,13,10,1
22016,201145,0021600814,"Feb 11, 2017",ORL @ DAL,L,15,3,8,0.375,0,2,0.0,1,1,1.0,1,2,3,1,0,0,0,1,7,-15,1
22016,201145,0021600795,"Feb 09, 2017",ORL vs. PHI,L,18,1,7,0.143,1,2,0.5,0,0,0.0,0,5,5,0,0,0,0,4,3,-10,1
22016,201145,0021600756,"Feb 04, 2017",ORL @ ATL,L,18,3,7,0.429,1,3,0.333,5,5,1.0,0,5,5,0,1,0,2,0,12,9,1
22016,201145,0021600746,"Feb 03, 2017",ORL vs. TOR,W,13,3,9,0.333,0,1,0.0,0,0,0.0,1,0,1,0,0,0,1,1,6,-9,1
22016,201145,0021600730,"Feb 01, 2017",ORL vs. IND,L,16,2,7,0.286,0,2,0.0,2,2,1.0,0,1,1,0,1,0,0,1,6,-8,1
22016,201145,0021600720,"Jan 30, 2017",ORL @ MIN,L,25,4,6,0.667,1,2,0.5,1,1,1.0,0,3,3,4,1,0,2,1,10,-10,1
22016,201145,0021600715,"Jan 29, 2017",ORL @ TOR,W,27,6,8,0.75,2,3,0.667,2,4,0.5,1,2,3,2,2,0,1,2,16,-5,1
22016,201145,0021600697,"Jan 27, 2017",ORL @ BOS,L,16,0,5,0.0,0,2,0.0,2,2,1.0,2,2,4,0,0,0,2,1,2,-23,1
22016,201145,0021600677,"Jan 24, 2017",ORL vs. CHI,L,34,3,11,0.273,0,3,0.0,7,7,1.0,1,6,7,1,1,0,2,3,13,-9,1
22016,201145,0021600661,"Jan 22, 2017",ORL vs. GSW,L,27,4,12,0.333,2,3,0.667,2,3,0.667,2,1,3,1,0,1,2,1,12,-13,1
22016,201145,0021600643,"Jan 20, 2017",ORL vs. MIL,W,27,6,13,0.462,1,5,0.2,5,5,1.0,3,5,8,2,1,1,0,4,18,29,1
22016,201145,0021600631,"Jan 18, 2017",ORL @ NOP,L,23,5,10,0.5,1,4,0.25,2,2,1.0,0,2,2,0,2,0,1,0,13,-13,1
22016,201145,0021600617,"Jan 16, 2017",ORL @ DEN,L,17,3,9,0.333,1,4,0.25,6,6,1.0,0,1,1,1,1,0,0,0,13,10,1
22016,201145,0021600604,"Jan 14, 2017",ORL @ UTA,L,18,4,9,0.444,1,3,0.333,2,4,0.5,1,4,5,0,0,0,2,0,11,-17,1
22016,201145,0021600598,"Jan 13, 2017",ORL @ POR,W,20,2,4,0.5,1,1,1.0,0,0,0.0,0,5,5,2,0,0,1,1,5,-9,1
22016,201145,0021600584,"Jan 11, 2017",ORL @ LAC,L,25,3,13,0.231,0,3,0.0,4,5,0.8,2,3,5,0,0,0,1,3,10,-12,1
22016,201145,0021600567,"Jan 08, 2017",ORL @ LAL,L,23,2,5,0.4,0,1,0.0,2,2,1.0,0,1,1,0,0,0,2,2,6,-6,1
22016,201145,0021600545,"Jan 06, 2017",ORL vs. HOU,L,20,3,8,0.375,1,3,0.333,0,0,0.0,0,1,1,1,1,0,2,0,7,-12,1
22016,201145,0021600530,"Jan 04, 2017",ORL vs. ATL,L,21,3,4,0.75,1,1,1.0,3,4,0.75,0,1,1,1,0,1,0,2,10,-5,1
22016,201145,0021600516,"Jan 02, 2017",ORL @ NYK,W,27,3,10,0.3,1,3,0.333,3,4,0.75,1,2,3,1,2,0,1,3,10,10,1
22016,201145,0021600510,"Jan 01, 2017",ORL @ IND,L,23,7,12,0.583,3,6,0.5,0,0,0.0,1,1,2,2,0,0,1,2,17,-3,1
22016,201145,0021600477,"Dec 28, 2016",ORL vs. CHA,L,15,1,4,0.25,0,3,0.0,3,3,1.0,0,0,0,1,0,0,0,0,5,-15,1
22016,201145,0021600462,"Dec 26, 2016",ORL vs. MEM,W,24,2,11,0.182,0,2,0.0,0,0,0.0,1,2,3,1,0,0,0,0,4,5,1
22016,201145,0021600443,"Dec 23, 2016",ORL vs. LAL,W,20,2,3,0.667,1,2,0.5,1,2,0.5,0,1,1,1,0,0,4,2,6,7,1
22016,201145,0021600438,"Dec 22, 2016",ORL @ NYK,L,29,3,8,0.375,0,2,0.0,4,4,1.0,0,1,1,1,3,0,2,0,10,0,1
22016,201145,0021600422,"Dec 20, 2016",ORL @ MIA,W,32,4,9,0.444,0,1,0.0,6,6,1.0,0,3,3,1,1,0,0,2,14,1,1
22016,201145,0021600409,"Dec 18, 2016",ORL vs. TOR,L,25,1,7,0.143,0,4,0.0,1,2,0.5,0,3,3,1,0,0,2,1,3,-27,1
22016,201145,0021600390,"Dec 16, 2016",ORL vs. BKN,W,27,2,8,0.25,0,4,0.0,2,2,1.0,0,0,0,0,0,0,0,1,6,2,1
22016,201145,0021600376,"Dec 14, 2016",ORL vs. LAC,L,27,7,11,0.636,4,5,0.8,1,1,1.0,0,3,3,2,2,0,2,4,19,-2,1
22016,201145,0021600369,"Dec 13, 2016",ORL @ ATL,W,31,6,14,0.429,1,4,0.25,3,3,1.0,1,3,4,1,0,0,3,1,16,34,1
22016,201145,0021600347,"Dec 10, 2016",ORL vs. DEN,L,25,6,10,0.6,2,4,0.5,3,4,0.75,0,4,4,1,0,0,1,1,17,-7,1
22016,201145,0021600337,"Dec 09, 2016",ORL @ CHA,L,24,1,5,0.2,0,1,0.0,1,1,1.0,1,3,4,2,0,0,1,0,3,-2,1
22016,201145,0021600322,"Dec 07, 2016",ORL vs. BOS,L,22,1,5,0.2,1,2,0.5,0,0,0.0,1,1,2,2,1,0,1,1,3,-11,1
22016,201145,0021600315,"Dec 06, 2016",ORL @ WAS,W,25,6,9,0.667,1,2,0.5,7,8,0.875,0,3,3,0,1,0,1,2,20,6,1
22016,201145,0021600300,"Dec 04, 2016",ORL @ DET,W,30,6,11,0.545,2,3,0.667,0,0,0.0,0,5,5,3,0,0,3,1,14,13,1
22016,201145,0021600282,"Dec 02, 2016",ORL @ PHI,W,23,6,13,0.462,2,4,0.5,2,2,1.0,1,5,6,3,0,0,2,2,16,10,1
22016,201145,0021600278,"Dec 01, 2016",ORL @ MEM,L,27,5,8,0.625,0,3,0.0,4,5,0.8,0,2,2,1,1,0,2,2,14,-13,1
22016,201145,0021600264,"Nov 29, 2016",ORL @ SAS,W,25,3,10,0.3,0,2,0.0,0,0,0.0,1,2,3,2,0,0,0,2,6,10,1
22016,201145,0021600226,"Nov 25, 2016",ORL vs. WAS,L,25,3,9,0.333,1,3,0.333,0,0,0.0,0,3,3,0,0,0,2,0,7,-11,1
22016,201145,0021600214,"Nov 23, 2016",ORL vs. PHX,L,23,0,7,0.0,0,1,0.0,3,4,0.75,1,2,3,2,1,1,1,2,3,0,1
22016,201145,0021600204,"Nov 21, 2016",ORL @ MIL,L,31,4,9,0.444,1,4,0.25,2,2,1.0,1,3,4,4,1,0,3,0,11,-8,1
22016,201145,0021600187,"Nov 19, 2016",ORL vs. DAL,W,22,4,7,0.571,0,1,0.0,0,0,0.0,0,3,3,2,1,0,1,3,8,6,1
22016,201145,0021600159,"Nov 16, 2016",ORL vs. NOP,W,20,0,9,0.0,0,4,0.0,0,0,0.0,0,2,2,1,0,0,1,1,0,-4,1
22016,201145,0021600145,"Nov 14, 2016",ORL @ IND,L,22,1,4,0.25,0,3,0.0,1,2,0.5,1,1,2,0,0,0,0,2,3,-17,1
22016,201145,0021600141,"Nov 13, 2016",ORL @ OKC,W,28,4,8,0.5,1,3,0.333,2,2,1.0,0,0,0,3,0,2,0,2,11,-1,1
22016,201145,0021600124,"Nov 11, 2016",ORL vs. UTA,L,23,1,6,0.167,0,3,0.0,2,2,1.0,0,3,3,1,1,0,0,1,4,-14,1
22016,201145,0021600109,"Nov 09, 2016",ORL vs. MIN,L,21,2,6,0.333,1,3,0.333,3,3,1.0,1,2,3,1,0,0,2,1,8,-12,1
22016,201145,0021600096,"Nov 07, 2016",ORL @ CHI,L,15,2,6,0.333,1,3,0.333,0,0,0.0,2,2,4,1,0,0,0,2,5,-23,1
22016,201145,0021600081,"Nov 05, 2016",ORL vs. WAS,W,27,5,12,0.417,2,5,0.4,6,7,0.857,1,4,5,3,0,1,1,1,18,15,1
22016,201145,0021600065,"Nov 03, 2016",ORL vs. SAC,W,19,5,9,0.556,3,4,0.75,2,2,1.0,1,2,3,0,0,0,1,0,15,0,1
22016,201145,0021600046,"Nov 01, 2016",ORL @ PHI,W,12,1,5,0.2,0,2,0.0,0,0,0.0,0,2,2,0,0,1,0,1,2,-16,1
22016,201145,0021600029,"Oct 29, 2016",ORL @ CLE,L,28,2,9,0.222,2,6,0.333,4,6,0.667,1,9,10,2,1,1,3,0,10,2,1
22016,201145,0021600020,"Oct 28, 2016",ORL @ DET,L,19,4,9,0.444,2,6,0.333,0,0,0.0,0,2,2,1,0,1,0,3,10,-16,1
22016,201145,0021600004,"Oct 26, 2016",ORL vs. MIA,L,25,2,7,0.286,0,2,0.0,3,4,0.75,1,2,3,1,0,0,1,1,7,-8,1
22015,201145,0021501229,"Apr 13, 2016",LAC @ PHX,L,25,5,11,0.455,0,2,0.0,2,2,1.0,1,6,7,5,0,0,3,2,12,-6,1
22015,201145,0021501216,"Apr 12, 2016",LAC vs. MEM,W,26,6,12,0.5,1,2,0.5,0,2,0.0,2,1,3,1,0,0,0,1,13,17,1
22015,201145,0021501196,"Apr 10, 2016",LAC vs. DAL,W,20,5,11,0.455,0,2,0.0,1,1,1.0,0,1,1,2,3,1,0,0,11,-2,1
22015,201145,0021501187,"Apr 08, 2016",LAC @ UTA,W,36,7,21,0.333,3,7,0.429,1,2,0.5,1,3,4,0,1,1,1,2,18,-24,1
22015,201145,0021501172,"Apr 06, 2016",LAC @ LAL,W,14,1,5,0.2,0,2,0.0,1,2,0.5,1,1,2,2,1,0,0,0,3,2,1
22015,201145,0021501164,"Apr 05, 2016",LAC vs. LAL,W,31,7,12,0.583,1,3,0.333,6,9,0.667,0,3,3,2,1,1,1,4,21,-5,1
22015,201145,0021501147,"Apr 03, 2016",LAC vs. WAS,W,15,2,4,0.5,0,0,0.0,0,0,0.0,0,0,0,0,0,0,3,0,4,-5,1
22015,201145,0021501126,"Mar 31, 2016",LAC @ OKC,L,35,7,15,0.467,1,5,0.2,4,8,0.5,1,2,3,0,0,1,1,2,19,4,1
22015,201145,0021501116,"Mar 30, 2016",LAC @ MIN,W,29,4,10,0.4,0,3,0.0,2,2,1.0,0,3,3,1,1,2,0,3,10,5,1
22015,201145,0021501106,"Mar 28, 2016",LAC vs. BOS,W,26,4,11,0.364,1,1,1.0,1,2,0.5,0,4,4,1,0,0,1,1,10,17,1
22015,201145,0021501092,"Mar 27, 2016",LAC vs. DEN,W,29,6,13,0.462,0,0,0.0,1,2,0.5,3,3,6,0,2,1,0,3,13,-4,1
22015,201145,0021501072,"Mar 24, 2016",LAC vs. POR,W,26,2,7,0.286,0,2,0.0,0,0,0.0,0,4,4,4,0,1,1,4,4,-3,1
22015,201145,0021501066,"Mar 23, 2016",LAC @ GSW,L,25,4,9,0.444,1,2,0.5,4,5,0.8,0,3,3,1,4,1,1,1,13,-10,1
22015,201145,0021501035,"Mar 19, 2016",LAC @ MEM,L,21,2,5,0.4,1,3,0.333,3,4,0.75,0,1,1,0,1,0,0,2,8,-12,1
22015,201145,0021501009,"Mar 16, 2016",LAC @ HOU,W,16,0,4,0.0,0,1,0.0,0,0,0.0,0,0,0,0,1,1,1,4,0,16,1
22015,201145,0021501001,"Mar 15, 2016",LAC @ SAS,L,31,5,13,0.385,3,7,0.429,2,2,1.0,1,1,2,0,0,1,2,4,15,-6,1
22015,201145,0021500983,"Mar 13, 2016",LAC vs. CLE,L,27,2,10,0.2,0,4,0.0,3,5,0.6,1,2,3,5,0,0,0,4,7,11,1
22015,201145,0021500972,"Mar 11, 2016",LAC vs. NYK,W,45,6,11,0.545,1,2,0.5,4,5,0.8,1,5,6,4,0,1,0,2,17,7,1
22015,201145,0021500955,"Mar 09, 2016",LAC @ OKC,L,26,10,13,0.769,3,5,0.6,0,0,0.0,0,2,2,0,2,1,0,2,23,-2,1
22015,201145,0021500942,"Mar 07, 2016",LAC @ DAL,W,21,0,5,0.0,0,2,0.0,0,0,0.0,0,3,3,2,0,1,1,1,0,-8,1
22015,201145,0021500929,"Mar 05, 2016",LAC vs. ATL,L,38,6,9,0.667,2,4,0.5,0,1,0.0,1,4,5,2,1,2,0,4,14,-11,1
22015,201145,0021500907,"Mar 02, 2016",LAC vs. OKC,W,17,0,7,0.0,0,3,0.0,0,0,0.0,0,2,2,2,0,0,1,3,0,-3,1
22015,201145,0021500890,"Feb 29, 2016",LAC vs. BKN,W,31,3,9,0.333,1,3,0.333,0,0,0.0,1,6,7,2,0,0,0,2,7,3,1
22015,201145,0021500867,"Feb 26, 2016",LAC @ SAC,W,31,9,13,0.692,4,5,0.8,0,0,0.0,1,4,5,0,0,1,2,5,22,6,1
22015,201145,0021500853,"Feb 24, 2016",LAC vs. DEN,L,26,3,10,0.3,0,3,0.0,0,2,0.0,2,3,5,1,0,3,2,2,6,-1,1
22015,201145,0021500839,"Feb 22, 2016",LAC vs. PHX,W,24,6,10,0.6,2,3,0.667,4,7,0.571,0,5,5,2,0,1,0,1,18,6,1
22015,201145,0021500822,"Feb 20, 2016",LAC vs. GSW,L,20,2,7,0.286,0,1,0.0,1,2,0.5,2,0,2,1,0,0,3,3,5,0,1
22015,201145,0021500793,"Feb 10, 2016",MEM @ BKN,W,29,7,14,0.5,3,7,0.429,1,1,1.0,2,2,4,2,2,0,0,1,18,10,1
22015,201145,0021500781,"Feb 08, 2016",MEM vs. POR,L,39,5,14,0.357,1,4,0.25,1,2,0.5,2,4,6,1,0,2,2,1,12,-6,1
22015,201145,0021500765,"Feb 06, 2016",MEM vs. DAL,L,35,4,14,0.286,0,4,0.0,1,2,0.5,1,4,5,3,0,1,0,1,9,4,1
22015,201145,0021500756,"Feb 05, 2016",MEM @ NYK,W,29,5,11,0.455,0,1,0.0,6,6,1.0,1,4,5,2,1,0,0,2,16,7,1
22015,201145,0021500724,"Feb 01, 2016",MEM @ NOP,W,34,8,13,0.615,3,4,0.75,5,5,1.0,0,7,7,1,1,0,0,2,24,16,1
22015,201145,0021500712,"Jan 30, 2016",MEM vs. SAC,W,27,11,16,0.688,3,5,0.6,4,4,1.0,0,2,2,1,3,0,1,2,29,-3,1
22015,201145,0021500695,"Jan 28, 2016",MEM vs. MIL,W,32,9,15,0.6,3,6,0.5,0,0,0.0,1,4,5,1,0,0,2,3,21,11,1
22015,201145,0021500670,"Jan 25, 2016",MEM vs. ORL,W,31,11,18,0.611,2,6,0.333,6,8,0.75,2,6,8,1,2,1,2,1,30,4,1
22015,201145,0021500658,"Jan 23, 2016",MEM @ MIN,L,27,5,13,0.385,0,2,0.0,1,1,1.0,2,0,2,3,2,0,4,0,11,3,1
22015,201145,0021500642,"Jan 21, 2016",MEM @ DEN,W,21,3,9,0.333,1,2,0.5,2,3,0.667,0,4,4,1,0,0,3,3,9,7,1
22015,201145,0021500618,"Jan 18, 2016",MEM vs. NOP,W,27,5,12,0.417,1,3,0.333,5,6,0.833,2,4,6,2,2,1,1,1,16,2,1
22015,201145,0021500607,"Jan 16, 2016",MEM vs. NYK,W,30,7,14,0.5,1,4,0.25,3,4,0.75,0,2,2,3,0,0,0,1,18,6,1
22015,201145,0021500589,"Jan 14, 2016",MEM vs. DET,W,27,6,10,0.6,1,2,0.5,3,3,1.0,2,2,4,1,0,0,2,1,16,3,1
22015,201145,0021500572,"Jan 12, 2016",MEM vs. HOU,L,15,0,2,0.0,0,0,0.0,3,4,0.75,0,0,0,2,0,0,1,2,3,-10,1
22015,201145,0021500560,"Jan 10, 2016",MEM vs. BOS,W,31,2,11,0.182,0,1,0.0,0,0,0.0,2,2,4,3,2,0,3,1,4,-4,1
22015,201145,0021500542,"Jan 08, 2016",MEM vs. DEN,W,35,4,13,0.308,3,6,0.5,5,8,0.625,2,7,9,2,1,0,1,5,16,4,1
22015,201145,0021500534,"Jan 06, 2016",MEM @ OKC,L,25,3,12,0.25,2,3,0.667,2,2,1.0,0,5,5,4,1,0,1,1,10,-6,1
22015,201145,0021500519,"Jan 04, 2016",MEM @ POR,W,29,3,12,0.25,0,2,0.0,0,2,0.0,1,5,6,1,0,2,1,3,6,7,1
22015,201145,0021500503,"Jan 02, 2016",MEM @ UTA,L,44,3,10,0.3,0,5,0.0,0,2,0.0,1,9,10,0,0,0,2,5,6,3,1
22015,201145,0021500471,"Dec 29, 2015",MEM vs. MIA,W,38,8,17,0.471,0,3,0.0,0,0,0.0,3,4,7,4,0,0,1,0,16,17,1
22015,201145,0021500455,"Dec 27, 2015",MEM vs. LAL,W,25,6,10,0.6,1,3,0.333,4,6,0.667,3,1,4,4,0,1,1,2,17,18,1
22015,201145,0021500443,"Dec 26, 2015",MEM @ CHA,L,24,3,5,0.6,1,1,1.0,1,2,0.5,2,2,4,3,2,0,3,1,8,-5,1
22015,201145,0021500427,"Dec 23, 2015",MEM @ WAS,L,38,8,14,0.571,0,4,0.0,3,5,0.6,2,10,12,4,3,1,1,2,19,0,1
22015,201145,0021500419,"Dec 22, 2015",MEM @ PHI,W,19,3,3,1.0,0,0,0.0,2,2,1.0,2,1,3,0,1,0,0,1,8,-4,1
22015,201145,0021500402,"Dec 19, 2015",MEM vs. IND,W,34,5,11,0.455,0,2,0.0,1,1,1.0,1,5,6,0,0,1,0,3,11,10,1
22015,201145,0021500394,"Dec 18, 2015",MEM @ DAL,L,35,0,7,0.0,0,1,0.0,2,2,1.0,0,7,7,3,0,0,0,3,2,-8,1
22015,201145,0021500377,"Dec 16, 2015",MEM @ CHI,L,33,4,12,0.333,1,3,0.333,2,4,0.5,0,1,1,2,1,1,0,1,11,-8,1
22015,201145,0021500362,"Dec 14, 2015",MEM vs. WAS,W,40,6,12,0.5,0,1,0.0,3,4,0.75,2,4,6,4,1,1,3,3,15,12,1
22015,201145,0021500354,"Dec 13, 2015",MEM @ MIA,L,45,10,20,0.5,2,6,0.333,4,4,1.0,0,2,2,3,0,1,4,3,26,-3,1
22015,201145,0021500338,"Dec 11, 2015",MEM vs. CHA,L,26,2,8,0.25,0,1,0.0,2,4,0.5,0,3,3,1,0,0,2,1,6,-15,1
22015,201145,0021500322,"Dec 09, 2015",MEM @ DET,W,25,4,7,0.571,0,1,0.0,0,0,0.0,0,2,2,2,1,0,2,1,8,-6,1
22015,201145,0021500316,"Dec 08, 2015",MEM vs. OKC,L,30,4,10,0.4,0,1,0.0,1,1,1.0,2,1,3,1,1,0,1,0,9,-27,1
22015,201145,0021500299,"Dec 06, 2015",MEM vs. PHX,W,26,5,11,0.455,0,2,0.0,0,1,0.0,3,2,5,2,0,0,2,1,10,-10,1
22015,201145,0021500280,"Dec 03, 2015",MEM vs. SAS,L,27,4,11,0.364,1,2,0.5,1,2,0.5,0,2,2,2,0,0,0,0,10,-11,2
22015,201145,0021500266,"Dec 01, 2015",MEM @ NOP,W,31,3,11,0.273,0,2,0.0,0,0,0.0,0,4,4,1,1,0,0,3,6,-8,1
22015,201145,0021500251,"Nov 29, 2015",MEM vs. PHI,W,28,4,10,0.4,1,4,0.25,4,4,1.0,2,0,2,2,1,0,3,0,13,7,1
22015,201145,0021500233,"Nov 27, 2015",MEM vs. ATL,L,31,4,7,0.571,1,1,1.0,2,2,1.0,0,7,7,1,0,0,1,5,11,-11,1
22015,201145,0021500220,"Nov 25, 2015",MEM @ HOU,W,32,5,10,0.5,0,1,0.0,10,10,1.0,2,5,7,1,1,0,0,0,20,3,1
22015,201145,0021500211,"Nov 24, 2015",MEM vs. DAL,W,35,8,14,0.571,1,1,1.0,2,2,1.0,1,6,7,3,0,2,1,3,19,14,1
22015,201145,0021500195,"Nov 21, 2015",MEM @ SAS,L,28,3,7,0.429,0,0,0.0,0,0,0.0,0,7,7,1,1,0,1,2,6,-16,1
22015,201145,0021500180,"Nov 20, 2015",MEM vs. HOU,W,29,2,9,0.222,1,4,0.25,2,2,1.0,1,5,6,1,2,1,0,2,7,-1,1
22015,201145,0021500155,"Nov 16, 2015",MEM vs. OKC,W,34,5,13,0.385,2,2,1.0,8,8,1.0,1,4,5,1,2,1,2,2,20,-1,1
22015,201145,0021500146,"Nov 15, 2015",MEM @ MIN,W,35,7,12,0.583,1,3,0.333,6,6,1.0,1,3,4,3,0,0,2,2,21,2,1
22015,201145,0021500133,"Nov 13, 2015",MEM vs. POR,W,30,4,10,0.4,0,0,0.0,6,6,1.0,3,2,5,2,2,0,0,3,14,4,1
22015,201145,0021500120,"Nov 11, 2015",MEM vs. GSW,L,17,0,2,0.0,0,1,0.0,0,0,0.0,0,2,2,0,0,0,2,1,0,-4,1
22015,201145,0021500105,"Nov 09, 2015",MEM @ LAC,L,17,2,7,0.286,0,1,0.0,1,2,0.5,0,3,3,0,0,1,2,3,5,-15,1
22015,201145,0021500091,"Nov 07, 2015",MEM @ UTA,L,29,4,10,0.4,0,2,0.0,0,0,0.0,1,3,4,0,1,0,1,1,8,-4,1
22015,201145,0021500074,"Nov 05, 2015",MEM @ POR,L,20,3,8,0.375,0,3,0.0,0,0,0.0,0,2,2,0,1,0,1,1,6,-14,1
22015,201145,0021500058,"Nov 03, 2015",MEM @ SAC,W,22,2,8,0.25,1,4,0.25,0,0,0.0,1,3,4,2,0,0,1,2,5,6,1
22015,201145,0021500051,"Nov 02, 2015",MEM @ GSW,L,20,1,8,0.125,0,1,0.0,0,0,0.0,1,2,3,1,0,0,3,1,2,-17,1
22015,201145,0021500036,"Oct 31, 2015",MEM vs. BKN,W,27,2,5,0.4,1,3,0.333,8,10,0.8,0,4,4,5,0,0,0,3,13,11,1
22015,201145,0021500018,"Oct 29, 2015",MEM @ IND,W,29,5,6,0.833,2,2,1.0,0,0,0.0,0,3,3,3,1,1,3,5,12,14,1
22015,201145,0021500011,"Oct 28, 2015",MEM vs. CLE,L,20,3,9,0.333,1,3,0.333,1,2,0.5,0,1,1,2,0,0,0,5,8,-21,1
22014,201145,0021401220,"Apr 15, 2015",MEM vs. IND,W,34,6,14,0.429,1,4,0.25,1,1,1.0,2,0,2,3,1,1,4,3,14,7,1
22014,201145,0021401212,"Apr 13, 2015",MEM @ GSW,L,22,2,6,0.333,0,1,0.0,0,0,0.0,0,1,1,1,1,0,2,0,4,-29,1
22014,201145,0021401190,"Apr 11, 2015",MEM @ LAC,L,41,5,16,0.313,1,6,0.167,4,6,0.667,1,4,5,4,0,1,4,3,15,-2,1
22014,201145,0021401185,"Apr 10, 2015",MEM @ UTA,W,36,5,11,0.455,0,3,0.0,2,4,0.5,1,3,4,3,1,0,3,3,12,4,1
22014,201145,0021401166,"Apr 08, 2015",MEM vs. NOP,W,33,7,11,0.636,1,2,0.5,0,0,0.0,1,3,4,1,0,0,0,1,15,27,1
22014,201145,0021401141,"Apr 04, 2015",MEM vs. WAS,L,29,3,7,0.429,0,1,0.0,3,4,0.75,1,3,4,3,0,0,0,0,9,-8,1
22014,201145,0021401132,"Apr 03, 2015",MEM vs. OKC,W,37,7,12,0.583,2,5,0.4,6,8,0.75,1,4,5,1,0,2,1,3,22,7,1
22014,201145,0021401105,"Mar 30, 2015",MEM vs. SAC,W,33,6,11,0.545,2,5,0.4,2,3,0.667,0,4,4,4,1,1,0,2,16,17,1
22014,201145,0021401098,"Mar 29, 2015",MEM @ SAS,L,32,8,15,0.533,2,2,1.0,1,1,1.0,0,1,1,0,0,0,0,1,19,-5,1
22014,201145,0021401082,"Mar 27, 2015",MEM vs. GSW,L,32,7,12,0.583,2,2,1.0,0,0,0.0,1,7,8,1,1,0,1,1,16,-16,1
22014,201145,0021401066,"Mar 25, 2015",MEM vs. CLE,L,26,4,11,0.364,0,2,0.0,3,4,0.75,1,4,5,1,1,1,0,4,11,-14,1
22014,201145,0021401050,"Mar 23, 2015",MEM @ NYK,W,34,4,9,0.444,0,1,0.0,4,4,1.0,1,2,3,1,0,1,1,2,12,12,1
22014,201145,0021401035,"Mar 21, 2015",MEM vs. POR,W,40,8,16,0.5,5,7,0.714,2,2,1.0,0,9,9,0,0,0,0,0,23,15,1
22014,201145,0021401027,"Mar 20, 2015",MEM @ DAL,W,27,5,11,0.455,2,6,0.333,3,3,1.0,0,3,3,0,1,2,1,4,15,-9,1
22014,201145,0021401000,"Mar 17, 2015",MEM @ DET,L,33,7,12,0.583,3,3,1.0,4,4,1.0,1,4,5,1,2,0,1,1,21,-12,1
22014,201145,0021400993,"Mar 16, 2015",MEM vs. DEN,W,17,2,4,0.5,0,1,0.0,2,2,1.0,0,2,2,0,0,0,1,3,6,-11,1
22014,201145,0021400979,"Mar 14, 2015",MEM vs. MIL,W,27,5,13,0.385,2,4,0.5,3,4,0.75,3,2,5,2,1,0,3,2,15,-2,1
22014,201145,0021400963,"Mar 12, 2015",MEM @ WAS,L,22,3,8,0.375,1,3,0.333,1,2,0.5,0,6,6,3,1,0,2,2,8,-17,1
22014,201145,0021400954,"Mar 11, 2015",MEM @ BOS,L,32,4,13,0.308,1,2,0.5,2,2,1.0,1,3,4,1,1,0,0,1,11,-8,1
22014,201145,0021400941,"Mar 09, 2015",MEM @ CHI,W,34,7,11,0.636,3,4,0.75,2,2,1.0,1,6,7,1,1,0,0,1,19,10,1
22014,201145,0021400923,"Mar 07, 2015",MEM @ NOP,L,36,8,18,0.444,0,3,0.0,4,6,0.667,2,2,4,3,1,1,4,3,20,-1,1
22014,201145,0021400918,"Mar 06, 2015",MEM vs. LAL,W,32,3,12,0.25,0,2,0.0,10,10,1.0,1,4,5,1,1,0,1,2,16,10,1
22014,201145,0021400901,"Mar 04, 2015",MEM @ HOU,W,33,5,12,0.417,2,5,0.4,0,0,0.0,0,4,4,4,0,0,1,1,12,-9,1
22014,201145,0021400894,"Mar 03, 2015",MEM vs. UTA,L,36,3,13,0.231,0,1,0.0,0,0,0.0,2,4,6,4,1,1,1,2,6,-18,1
22014,201145,0021400873,"Feb 28, 2015",MEM @ MIN,W,30,3,5,0.6,1,1,1.0,6,7,0.857,0,4,4,4,0,2,2,5,13,1,1
22014,201145,0021400864,"Feb 27, 2015",MEM vs. LAC,L,16,0,6,0.0,0,1,0.0,2,3,0.667,1,2,3,1,0,1,2,2,2,-16,1
22014,201145,0021400852,"Feb 25, 2015",MEM @ SAC,L,30,4,9,0.444,0,1,0.0,3,3,1.0,3,0,3,2,0,0,1,3,11,12,1
22014,201145,0021400837,"Feb 23, 2015",MEM @ LAC,W,35,5,12,0.417,3,6,0.5,3,4,0.75,1,5,6,2,1,0,2,0,16,0,1
22014,201145,0021400828,"Feb 22, 2015",MEM @ POR,W,25,6,9,0.667,0,2,0.0,0,0,0.0,0,5,5,0,1,0,0,0,12,-4,1
22014,201145,0021400795,"Feb 11, 2015",MEM @ OKC,L,28,4,13,0.308,1,2,0.5,2,2,1.0,0,2,2,2,0,0,1,2,11,-15,1
22014,201145,0021400786,"Feb 10, 2015",MEM vs. BKN,W,35,3,9,0.333,1,4,0.25,4,6,0.667,0,3,3,4,0,1,1,2,11,11,1
22014,201145,0021400767,"Feb 08, 2015",MEM vs. ATL,W,26,3,10,0.3,1,3,0.333,4,4,1.0,3,3,6,0,1,0,1,1,11,7,1
22014,201145,0021400754,"Feb 06, 2015",MEM @ MIN,L,31,5,13,0.385,0,2,0.0,5,9,0.556,1,2,3,2,0,0,1,2,15,4,1
22014,201145,0021400740,"Feb 04, 2015",MEM @ UTA,W,21,4,8,0.5,1,3,0.333,4,4,1.0,0,0,0,4,1,1,0,2,13,-4,1
22014,201145,0021400725,"Feb 02, 2015",MEM @ PHX,W,36,4,12,0.333,1,3,0.333,3,5,0.6,4,3,7,1,2,0,1,1,12,-1,1
22014,201145,0021400710,"Jan 31, 2015",MEM vs. OKC,W,35,4,12,0.333,0,4,0.0,0,0,0.0,1,1,2,2,0,1,1,3,8,-1,1
22014,201145,0021400693,"Jan 29, 2015",MEM vs. DEN,W,26,4,9,0.444,2,6,0.333,3,4,0.75,0,2,2,0,0,0,0,0,13,23,1
22014,201145,0021400678,"Jan 27, 2015",MEM @ DAL,W,31,3,7,0.429,2,3,0.667,0,0,0.0,1,4,5,2,0,0,0,1,8,0,1
22014,201145,0021400670,"Jan 26, 2015",MEM vs. ORL,W,26,4,6,0.667,2,2,1.0,2,2,1.0,0,6,6,2,1,1,1,3,12,3,1
22014,201145,0021400654,"Jan 24, 2015",MEM vs. PHI,W,28,6,11,0.545,2,2,1.0,4,4,1.0,0,1,1,1,0,0,1,0,18,10,1
22014,201145,0021400630,"Jan 21, 2015",MEM vs. TOR,W,26,2,6,0.333,0,1,0.0,2,2,1.0,0,2,2,1,0,1,1,4,6,5,1
22014,201145,0021400616,"Jan 19, 2015",MEM vs. DAL,L,32,5,14,0.357,0,5,0.0,1,1,1.0,2,6,8,3,2,1,2,1,11,-7,1
22014,201145,0021400604,"Jan 17, 2015",MEM vs. POR,W,30,6,14,0.429,3,5,0.6,2,2,1.0,3,2,5,1,1,0,0,0,17,-8,1
22014,201145,0021400588,"Jan 16, 2015",MEM @ ORL,W,31,8,18,0.444,0,3,0.0,5,5,1.0,1,4,5,2,0,1,2,2,21,15,1
22014,201145,0021400576,"Jan 14, 2015",MEM @ BKN,W,27,3,11,0.273,0,4,0.0,4,4,1.0,1,2,3,2,0,0,1,2,10,-9,1
22014,201145,0021400527,"Jan 07, 2015",BOS @ BKN,W,33,4,11,0.364,0,3,0.0,0,0,0.0,0,1,1,2,1,0,1,2,8,-1,1
22014,201145,0021400510,"Jan 05, 2015",BOS vs. CHA,L,26,3,13,0.231,0,1,0.0,1,1,1.0,0,1,1,0,0,0,0,0,7,-18,1
22014,201145,0021400496,"Jan 03, 2015",BOS @ CHI,L,38,4,18,0.222,0,3,0.0,3,3,1.0,0,9,9,2,1,1,4,3,11,-2,1
22014,201145,0021400486,"Jan 02, 2015",BOS vs. DAL,L,32,7,15,0.467,2,6,0.333,2,2,1.0,0,6,6,2,1,0,1,3,18,-16,1
22014,201145,0021400475,"Dec 31, 2014",BOS vs. SAC,W,24,2,6,0.333,0,1,0.0,2,3,0.667,0,4,4,1,0,1,0,2,6,10,1
22014,201145,0021400445,"Dec 27, 2014",BOS @ WAS,L,32,7,17,0.412,2,8,0.25,7,8,0.875,1,4,5,0,1,0,1,2,23,-16,1
22014,201145,0021400432,"Dec 26, 2014",BOS vs. BKN,L,34,10,18,0.556,1,5,0.2,1,2,0.5,0,3,3,5,0,0,0,3,22,3,1
22014,201145,0021400418,"Dec 23, 2014",BOS @ ORL,L,25,2,6,0.333,0,1,0.0,0,0,0.0,0,0,0,0,1,0,1,0,4,-9,1
22014,201145,0021400404,"Dec 21, 2014",BOS @ MIA,L,33,4,12,0.333,3,7,0.429,2,2,1.0,0,3,3,3,0,0,1,0,13,-11,1
22014,201145,0021400385,"Dec 19, 2014",BOS vs. MIN,W,36,6,13,0.462,2,4,0.5,4,4,1.0,1,6,7,3,0,0,1,2,18,15,1
22014,201145,0021400371,"Dec 17, 2014",BOS vs. ORL,W,31,6,14,0.429,2,5,0.4,2,3,0.667,0,2,2,1,1,0,2,2,16,3,1
22014,201145,0021400357,"Dec 15, 2014",BOS @ PHI,W,27,4,8,0.5,1,3,0.333,5,8,0.625,2,3,5,0,1,0,3,1,14,11,1
22014,201145,0021400331,"Dec 12, 2014",BOS vs. NYK,L,38,9,20,0.45,4,8,0.5,6,7,0.857,0,6,6,2,0,0,2,2,28,-3,1
22014,201145,0021400316,"Dec 10, 2014",BOS @ CHA,L,33,6,12,0.5,0,3,0.0,4,5,0.8,0,4,4,0,0,0,1,3,16,-13,1
22014,201145,0021400302,"Dec 08, 2014",BOS @ WAS,L,39,8,18,0.444,1,4,0.25,11,11,1.0,1,1,2,2,0,0,4,5,28,-8,1
22014,201145,0021400294,"Dec 07, 2014",BOS vs. WAS,W,34,9,21,0.429,2,5,0.4,5,6,0.833,0,3,3,2,4,0,2,2,25,8,1
22014,201145,0021400279,"Dec 05, 2014",BOS vs. LAL,W,29,8,10,0.8,1,2,0.5,2,5,0.4,0,4,4,1,1,0,7,3,19,17,1
22014,201145,0021400265,"Dec 03, 2014",BOS vs. DET,W,36,8,22,0.364,6,10,0.6,10,10,1.0,0,5,5,1,0,1,2,0,32,0,1
22014,201145,0021400254,"Dec 02, 2014",BOS @ ATL,L,36,10,16,0.625,1,3,0.333,4,4,1.0,1,3,4,0,1,0,2,1,25,0,1
22014,201145,0021400241,"Nov 30, 2014",BOS vs. SAS,L,30,6,16,0.375,1,4,0.25,3,4,0.75,1,1,2,0,0,1,1,1,16,-28,1
22014,201145,0021400223,"Nov 28, 2014",BOS vs. CHI,L,26,5,9,0.556,0,2,0.0,0,0,0.0,1,3,4,2,0,0,1,6,10,-17,1
22014,201145,0021400194,"Nov 23, 2014",BOS vs. POR,L,34,7,16,0.438,1,4,0.25,4,5,0.8,2,1,3,0,2,0,1,2,19,-4,1
22014,201145,0021400176,"Nov 21, 2014",BOS @ MEM,L,34,3,11,0.273,0,3,0.0,6,8,0.75,0,6,6,4,1,1,1,2,12,-18,1
22014,201145,0021400162,"Nov 19, 2014",BOS @ PHI,W,38,5,13,0.385,0,4,0.0,1,1,1.0,1,9,10,2,1,1,1,2,11,11,1
22014,201145,0021400148,"Nov 17, 2014",BOS vs. PHX,L,36,10,17,0.588,0,4,0.0,8,9,0.889,0,2,2,1,3,2,2,2,28,-10,1
22014,201145,0021400125,"Nov 14, 2014",BOS vs. CLE,L,36,5,12,0.417,1,6,0.167,8,10,0.8,1,2,3,1,1,0,2,1,19,-3,1
22014,201145,0021400111,"Nov 12, 2014",BOS vs. OKC,L,39,4,14,0.286,1,5,0.2,5,5,1.0,0,5,5,1,0,0,2,1,14,-6,1
22014,201145,0021400086,"Nov 08, 2014",BOS @ CHI,W,35,5,12,0.417,2,4,0.5,2,2,1.0,0,4,4,4,2,0,1,0,14,5,1
22014,201145,0021400074,"Nov 07, 2014",BOS vs. IND,W,30,5,12,0.417,3,7,0.429,2,2,1.0,2,5,7,1,0,0,3,1,15,-9,1
22014,201145,0021400059,"Nov 05, 2014",BOS vs. TOR,L,36,9,16,0.563,2,7,0.286,0,0,0.0,1,3,4,3,1,3,4,3,20,-1,1
22014,201145,0021400046,"Nov 03, 2014",BOS @ DAL,L,39,14,28,0.5,5,12,0.417,2,3,0.667,4,3,7,2,1,2,1,2,35,8,1
22014,201145,0021400034,"Nov 01, 2014",BOS @ HOU,L,31,7,19,0.368,1,7,0.143,2,2,1.0,0,4,4,2,0,0,1,2,17,-22,1
22014,201145,0021400006,"Oct 29, 2014",BOS vs. BKN,W,36,4,10,0.4,2,3,0.667,7,9,0.778,2,4,6,3,2,0,0,5,17,15,1
22013,201145,0021301222,"Apr 16, 2014",BOS vs. WAS,L,36,6,15,0.4,2,7,0.286,6,7,0.857,1,3,4,1,0,0,2,1,20,-21,1
22013,201145,0021301204,"Apr 14, 2014",BOS @ PHI,L,38,10,16,0.625,2,4,0.5,5,6,0.833,0,3,3,1,3,2,1,6,27,1,1
22013,201145,0021301193,"Apr 12, 2014",BOS @ CLE,W,31,6,18,0.333,3,9,0.333,4,6,0.667,0,8,8,2,1,2,1,4,19,21,1
22013,201145,0021301178,"Apr 11, 2014",BOS vs. CHA,W,34,8,11,0.727,1,1,1.0,1,1,1.0,0,3,3,3,1,0,6,4,18,9,1
22013,201145,0021301166,"Apr 09, 2014",BOS @ ATL,L,36,5,15,0.333,2,9,0.222,1,2,0.5,0,6,6,3,0,2,3,2,13,-6,1
22013,201145,0021301146,"Apr 05, 2014",BOS @ DET,L,41,8,21,0.381,3,10,0.3,4,4,1.0,0,4,4,3,0,0,3,3,23,-5,1
22013,201145,0021301133,"Apr 04, 2014",BOS vs. PHI,L,33,4,8,0.5,1,5,0.2,6,8,0.75,1,3,4,1,0,1,2,3,15,-9,1
22013,201145,0021301119,"Apr 02, 2014",BOS @ WAS,L,32,3,13,0.231,0,6,0.0,7,7,1.0,0,1,1,3,0,1,1,2,13,-22,1
22013,201145,0021301106,"Mar 31, 2014",BOS @ CHI,L,40,4,13,0.308,1,3,0.333,0,0,0.0,0,2,2,1,2,0,4,4,9,-12,1
22013,201145,0021301097,"Mar 30, 2014",BOS vs. CHI,L,30,6,17,0.353,4,8,0.5,0,0,0.0,2,3,5,3,2,0,1,3,16,0,1
22013,201145,0021301076,"Mar 28, 2014",BOS @ TOR,L,30,7,14,0.5,2,4,0.5,0,0,0.0,0,4,4,2,1,1,3,1,16,-5,1
22013,201145,0021301063,"Mar 26, 2014",BOS vs. TOR,L,20,3,9,0.333,0,2,0.0,0,0,0.0,0,2,2,0,0,1,1,2,6,-14,1
22013,201145,0021301026,"Mar 21, 2014",BOS @ BKN,L,32,6,15,0.4,1,4,0.25,3,3,1.0,0,2,2,2,2,0,0,1,16,-22,1
22013,201145,0021301009,"Mar 19, 2014",BOS vs. MIA,W,31,5,13,0.385,3,7,0.429,0,0,0.0,1,3,4,3,0,0,2,1,13,6,1
22013,201145,0021301001,"Mar 17, 2014",BOS @ DAL,L,39,2,12,0.167,1,2,0.5,0,0,0.0,2,7,9,4,1,0,6,3,5,-4,1
22013,201145,0021300990,"Mar 16, 2014",BOS @ NOP,L,39,12,23,0.522,4,7,0.571,11,12,0.917,0,6,6,1,0,1,1,5,39,5,1
22013,201145,0021300975,"Mar 14, 2014",BOS vs. PHX,L,36,2,14,0.143,1,7,0.143,4,4,1.0,1,5,6,2,2,1,2,1,9,-9,1
22013,201145,0021300962,"Mar 12, 2014",BOS vs. NYK,L,41,10,21,0.476,2,5,0.4,5,7,0.714,0,2,2,0,0,0,1,4,27,-15,1
22013,201145,0021300950,"Mar 11, 2014",BOS @ IND,L,37,3,16,0.188,0,4,0.0,6,6,1.0,1,3,4,2,0,0,0,3,12,-15,1
22013,201145,0021300937,"Mar 09, 2014",BOS vs. DET,W,35,11,19,0.579,5,12,0.417,0,0,0.0,1,2,3,1,1,2,2,1,27,-4,1
22013,201145,0021300920,"Mar 07, 2014",BOS vs. BKN,W,35,6,11,0.545,0,4,0.0,3,4,0.75,0,3,3,1,1,0,2,2,15,-1,1
22013,201145,0021300907,"Mar 05, 2014",BOS vs. GSW,L,24,2,7,0.286,0,1,0.0,0,0,0.0,1,2,3,2,0,2,2,1,4,-24,1
22013,201145,0021300877,"Mar 01, 2014",BOS vs. IND,L,43,10,22,0.455,2,5,0.4,5,6,0.833,2,3,5,1,0,1,1,3,27,-3,2
22013,201145,0021300854,"Feb 26, 2014",BOS vs. ATL,W,40,7,15,0.467,1,4,0.25,2,2,1.0,1,7,8,0,1,0,3,3,17,5,1
22013,201145,0021300845,"Feb 24, 2014",BOS @ UTA,L,40,7,16,0.438,2,6,0.333,5,6,0.833,0,4,4,0,0,0,1,4,21,-13,1
22013,201145,0021300831,"Feb 22, 2014",BOS @ SAC,L,43,7,25,0.28,2,9,0.222,13,18,0.722,0,6,6,2,0,0,2,3,29,-12,1
22013,201145,0021300824,"Feb 21, 2014",BOS @ LAL,L,32,8,17,0.471,3,6,0.5,2,2,1.0,0,3,3,2,1,0,3,5,21,-17,1
22013,201145,0021300807,"Feb 19, 2014",BOS @ PHX,L,35,5,12,0.417,1,6,0.167,6,6,1.0,0,5,5,0,1,0,0,0,17,-11,1
22013,201145,0021300780,"Feb 12, 2014",BOS vs. SAS,L,35,4,17,0.235,1,4,0.25,1,2,0.5,1,1,2,3,1,0,4,1,10,-12,1
22013,201145,0021300767,"Feb 10, 2014",BOS @ MIL,W,44,11,22,0.5,1,6,0.167,6,7,0.857,0,1,1,3,2,1,3,1,29,10,1
22013,201145,0021300758,"Feb 09, 2014",BOS vs. DAL,L,36,6,15,0.4,3,8,0.375,3,4,0.75,2,3,5,3,3,1,1,2,18,4,1
22013,201145,0021300743,"Feb 07, 2014",BOS vs. SAC,W,33,6,20,0.3,2,8,0.25,3,5,0.6,1,2,3,3,0,0,1,1,17,-11,1
22013,201145,0021300726,"Feb 05, 2014",BOS @ PHI,W,35,11,18,0.611,5,7,0.714,9,12,0.75,2,6,8,2,0,2,3,1,36,10,2
22013,201145,0021300709,"Feb 02, 2014",BOS vs. ORL,W,36,2,13,0.154,1,5,0.2,3,3,1.0,0,2,2,5,2,1,4,2,8,1,1
22013,201145,0021300678,"Jan 29, 2014",BOS vs. PHI,L,38,5,13,0.385,2,3,0.667,6,8,0.75,2,4,6,5,0,0,3,1,18,5,1
22013,201145,0021300670,"Jan 28, 2014",BOS @ NYK,L,27,4,13,0.308,2,5,0.4,4,4,1.0,3,4,7,1,3,0,3,1,14,-23,1
22013,201145,0021300658,"Jan 26, 2014",BOS vs. BKN,L,28,2,13,0.154,1,7,0.143,3,4,0.75,0,2,2,1,1,0,1,4,8,-6,1
22013,201145,0021300636,"Jan 24, 2014",BOS vs. OKC,L,32,7,17,0.412,1,8,0.125,1,2,0.5,0,2,2,1,1,0,1,0,16,-20,1
22013,201145,0021300625,"Jan 22, 2014",BOS @ WAS,W,46,14,26,0.538,8,16,0.5,3,5,0.6,0,9,9,1,3,1,1,2,39,10,1
22013,201145,0021300617,"Jan 21, 2014",BOS @ MIA,L,37,5,15,0.333,2,7,0.286,0,0,0.0,0,6,6,1,0,1,3,3,12,-11,1
22013,201145,0021300602,"Jan 19, 2014",BOS @ ORL,L,35,4,11,0.364,1,2,0.5,13,15,0.867,0,2,2,3,0,1,0,4,22,3,1
22013,201145,0021300586,"Jan 17, 2014",BOS vs. LAL,L,35,4,12,0.333,1,3,0.333,3,4,0.75,0,9,9,2,1,2,0,2,12,-5,1
22013,201145,0021300569,"Jan 15, 2014",BOS vs. TOR,W,38,4,16,0.25,1,5,0.2,4,6,0.667,1,4,5,1,0,0,2,2,13,8,1
22013,201145,0021300556,"Jan 13, 2014",BOS vs. HOU,L,28,2,10,0.2,0,1,0.0,0,0,0.0,0,6,6,0,0,0,4,1,4,-12,1
22013,201145,0021300551,"Jan 11, 2014",BOS @ POR,L,33,6,15,0.4,0,4,0.0,4,7,0.571,2,6,8,2,1,1,1,3,16,-2,1
22013,201145,0021300541,"Jan 10, 2014",BOS @ GSW,L,37,11,17,0.647,1,2,0.5,1,1,1.0,2,9,11,2,0,1,4,5,24,-7,1
22013,201145,0021300528,"Jan 08, 2014",BOS @ LAC,L,33,5,12,0.417,1,2,0.5,4,6,0.667,1,10,11,1,0,0,2,5,15,-7,1
22013,201145,0021300517,"Jan 07, 2014",BOS @ DEN,L,35,7,19,0.368,2,7,0.286,1,2,0.5,0,4,4,1,2,1,2,1,17,-28,1
22013,201145,0021300502,"Jan 05, 2014",BOS @ OKC,L,34,8,15,0.533,3,5,0.6,0,0,0.0,0,1,1,2,1,1,2,1,19,-18,1
22013,201145,0021300484,"Jan 03, 2014",BOS vs. NOP,L,30,5,12,0.417,2,7,0.286,4,6,0.667,0,2,2,2,0,1,2,2,16,10,1
22013,201145,0021300475,"Jan 02, 2014",BOS @ CHI,L,30,5,18,0.278,1,4,0.25,0,0,0.0,2,3,5,0,0,1,1,4,11,-10,1
22013,201145,0021300460,"Dec 31, 2013",BOS vs. ATL,L,21,4,10,0.4,0,2,0.0,0,0,0.0,0,5,5,1,2,0,3,1,8,-14,1
22013,201145,0021300436,"Dec 28, 2013",BOS vs. CLE,W,36,5,12,0.417,2,5,0.4,7,7,1.0,0,8,8,1,2,1,1,1,19,3,1
22013,201145,0021300404,"Dec 22, 2013",BOS @ IND,L,26,4,9,0.444,2,2,1.0,1,1,1.0,1,5,6,1,0,1,4,4,11,-12,1
22013,201145,0021300393,"Dec 21, 2013",BOS vs. WAS,L,34,4,13,0.308,0,6,0.0,5,7,0.714,0,2,2,1,1,1,2,2,13,-10,1
22013,201145,0021300373,"Dec 18, 2013",BOS vs. DET,L,30,6,13,0.462,1,2,0.5,0,0,0.0,1,6,7,1,2,0,3,3,13,-7,1
22013,201145,0021300358,"Dec 16, 2013",BOS vs. MIN,W,31,3,11,0.273,1,4,0.25,1,1,1.0,1,4,5,2,0,2,3,1,8,6,1
22013,201145,0021300333,"Dec 13, 2013",BOS vs. NYK,W,29,3,7,0.429,1,3,0.333,1,3,0.333,1,3,4,2,0,1,0,1,8,-8,1
22013,201145,0021300319,"Dec 11, 2013",BOS vs. LAC,L,44,10,23,0.435,3,7,0.429,6,6,1.0,0,4,4,1,0,1,1,2,29,-9,1
22013,201145,0021300314,"Dec 10, 2013",BOS @ BKN,L,37,6,13,0.462,4,4,1.0,3,4,0.75,1,5,6,1,2,0,3,3,19,-12,1
22013,201145,0021300299,"Dec 08, 2013",BOS @ NYK,W,25,6,9,0.667,1,2,0.5,3,3,1.0,0,6,6,3,0,0,2,2,16,42,1
22013,201145,0021300283,"Dec 06, 2013",BOS vs. DEN,W,33,6,13,0.462,1,3,0.333,2,2,1.0,0,2,2,0,0,0,0,0,15,4,1
22013,201145,0021300262,"Dec 03, 2013",BOS vs. MIL,W,32,6,9,0.667,3,5,0.6,3,5,0.6,1,4,5,3,0,0,3,3,18,2,1
22013,201145,0021300247,"Nov 30, 2013",BOS @ MIL,L,41,7,15,0.467,2,6,0.333,2,2,1.0,1,2,3,6,0,0,2,1,18,4,1
22013,201145,0021300232,"Nov 29, 2013",BOS vs. CLE,W,38,10,19,0.526,2,4,0.5,9,13,0.692,1,4,5,2,0,0,4,1,31,19,1
22013,201145,0021300217,"Nov 27, 2013",BOS vs. MEM,L,39,9,19,0.474,1,5,0.2,7,8,0.875,2,5,7,1,1,0,0,2,26,3,1
22013,201145,0021300202,"Nov 25, 2013",BOS @ CHA,W,36,5,16,0.313,1,4,0.25,2,2,1.0,1,6,7,0,1,1,3,2,13,0,1
22013,201145,0021300190,"Nov 23, 2013",BOS @ ATL,W,35,4,10,0.4,1,4,0.25,7,8,0.875,0,5,5,0,0,0,4,1,16,4,1
22013,201145,0021300179,"Nov 22, 2013",BOS vs. IND,L,38,8,13,0.615,2,3,0.667,2,2,1.0,0,2,2,0,1,0,3,1,20,-6,1
22013,201145,0021300170,"Nov 20, 2013",BOS @ SAS,L,39,7,14,0.5,2,2,1.0,3,4,0.75,1,4,5,3,0,1,2,1,19,-4,1
22013,201145,0021300159,"Nov 19, 2013",BOS @ HOU,L,22,2,7,0.286,0,2,0.0,0,0,0.0,0,2,2,1,0,0,0,3,4,-31,1
22013,201145,0021300142,"Nov 16, 2013",BOS @ MIN,L,30,0,6,0.0,0,2,0.0,2,2,1.0,1,6,7,1,0,2,4,1,2,-6,1
22013,201145,0021300128,"Nov 15, 2013",BOS vs. POR,L,31,4,12,0.333,0,4,0.0,6,6,1.0,1,3,4,1,0,0,0,0,14,-15,1
22013,201145,0021300113,"Nov 13, 2013",BOS vs. CHA,L,32,7,13,0.538,1,5,0.2,4,7,0.571,0,1,1,0,0,0,1,3,19,-7,1
22013,201145,0021300101,"Nov 11, 2013",BOS vs. ORL,W,29,5,9,0.556,1,2,0.5,5,5,1.0,1,3,4,1,0,0,3,3,16,-7,1
22013,201145,0021300089,"Nov 09, 2013",BOS @ MIA,W,36,8,16,0.5,5,8,0.625,3,5,0.6,1,4,5,1,0,1,0,2,24,11,1
22013,201145,0021300075,"Nov 08, 2013",BOS @ ORL,W,32,5,14,0.357,0,3,0.0,0,1,0.0,1,2,3,3,2,0,0,0,10,10,1
22013,201145,0021300064,"Nov 06, 2013",BOS vs. UTA,W,36,6,13,0.462,3,4,0.75,3,3,1.0,0,3,3,4,1,0,1,1,18,10,1
22013,201145,0021300049,"Nov 04, 2013",BOS @ MEM,L,40,6,12,0.5,1,4,0.25,9,12,0.75,0,5,5,1,0,1,2,2,22,-13,1
22013,201145,0021300041,"Nov 03, 2013",BOS @ DET,L,20,3,5,0.6,0,0,0.0,1,1,1.0,0,2,2,2,0,0,2,2,7,-8,1
22013,201145,0021300024,"Nov 01, 2013",BOS vs. MIL,L,38,4,13,0.308,1,3,0.333,4,7,0.571,4,5,9,1,0,0,4,3,13,-1,1
22013,201145,0021300006,"Oct 30, 2013",BOS @ TOR,L,37,8,16,0.5,2,3,0.667,7,9,0.778,0,5,5,2,1,1,1,4,25,8,1
22012,201145,0021201216,"Apr 17, 2013",BOS @ TOR,L,17,4,7,0.571,1,1,1.0,0,0,0.0,1,5,6,2,0,0,3,2,9,-14,1
22012,201145,0021201191,"Apr 13, 2013",BOS @ ORL,W,37,6,17,0.353,2,3,0.667,3,5,0.6,2,4,6,3,2,0,2,0,17,19,1
22012,201145,0021201180,"Apr 12, 2013",BOS @ MIA,L,36,10,17,0.588,1,6,0.167,4,4,1.0,0,8,8,2,0,0,0,1,25,-10,1
22012,201145,0021201168,"Apr 10, 2013",BOS vs. BKN,L,35,4,17,0.235,2,4,0.5,1,1,1.0,1,3,4,2,0,0,2,2,11,-21,1
22012,201145,0021201147,"Apr 07, 2013",BOS vs. WAS,W,27,3,8,0.375,0,0,0.0,2,2,1.0,0,3,3,0,2,0,4,4,8,2,1
22012,201145,0021201127,"Apr 05, 2013",BOS vs. CLE,L,33,8,13,0.615,1,1,1.0,6,8,0.75,1,8,9,4,0,0,2,4,23,-7,1
22012,201145,0021201115,"Apr 03, 2013",BOS vs. DET,W,43,13,19,0.684,3,4,0.75,5,7,0.714,2,4,6,1,1,4,3,5,34,5,1
22012,201145,0021201105,"Apr 01, 2013",BOS @ MIN,L,38,5,10,0.5,0,0,0.0,0,0,0.0,1,6,7,5,0,0,5,2,10,-9,0
22012,201145,0021201099,"Mar 31, 2013",BOS @ NYK,L,35,10,14,0.714,2,5,0.4,5,8,0.625,1,3,4,1,0,0,1,4,27,-14,1
22012,201145,0021201075,"Mar 29, 2013",BOS vs. ATL,W,38,11,20,0.55,3,5,0.6,2,3,0.667,1,3,4,4,2,1,1,2,27,-2,1
22012,201145,0021201060,"Mar 27, 2013",BOS @ CLE,W,41,7,18,0.389,2,2,1.0,5,8,0.625,0,7,7,5,2,1,2,3,21,1,1
22012,201145,0021201054,"Mar 26, 2013",BOS vs. NYK,L,39,6,14,0.429,1,4,0.25,6,6,1.0,1,9,10,6,1,1,2,4,19,-3,1
22012,201145,0021201036,"Mar 23, 2013",BOS @ MEM,L,45,4,10,0.4,1,4,0.25,3,4,0.75,0,5,5,4,1,2,2,2,12,-7,1
22012,201145,0021201029,"Mar 22, 2013",BOS @ DAL,L,30,5,11,0.455,0,2,0.0,0,0,0.0,0,3,3,4,0,1,5,5,10,-8,1
22012,201145,0021201013,"Mar 20, 2013",BOS @ NOH,L,26,4,8,0.5,1,1,1.0,4,4,1.0,0,2,2,0,1,2,1,3,13,-12,1
22012,201145,0021200998,"Mar 18, 2013",BOS vs. MIA,L,40,14,21,0.667,5,7,0.714,10,13,0.769,1,6,7,2,2,4,2,2,43,3,1
22012,201145,0021200980,"Mar 16, 2013",BOS vs. CHA,W,31,5,9,0.556,0,1,0.0,0,0,0.0,1,4,5,4,0,0,2,0,10,18,1
22012,201145,0021200959,"Mar 13, 2013",BOS vs. TOR,W,31,7,14,0.5,1,2,0.5,5,5,1.0,1,5,6,3,2,1,1,4,20,23,1
22012,201145,0021200948,"Mar 12, 2013",BOS @ CHA,L,30,4,11,0.364,0,0,0.0,6,8,0.75,2,1,3,1,1,0,1,3,14,-17,1
22012,201145,0021200934,"Mar 10, 2013",BOS @ OKC,L,28,2,11,0.182,0,2,0.0,4,5,0.8,0,2,2,0,0,0,3,3,8,-11,1
22012,201145,0021200917,"Mar 08, 2013",BOS vs. ATL,W,36,5,11,0.455,2,4,0.5,0,0,0.0,0,2,2,3,1,1,1,2,12,10,1
22012,201145,0021200901,"Mar 06, 2013",BOS @ IND,W,34,5,14,0.357,1,4,0.25,0,0,0.0,0,7,7,4,0,2,1,2,11,10,1
22012,201145,0021200896,"Mar 05, 2013",BOS @ PHI,W,28,4,8,0.5,1,1,1.0,7,9,0.778,2,2,4,5,1,0,1,2,16,9,1
22012,201145,0021200867,"Mar 01, 2013",BOS vs. GSW,W,27,8,13,0.615,0,3,0.0,2,2,1.0,0,5,5,2,0,3,2,3,18,7,1
22012,201145,0021200842,"Feb 25, 2013",BOS @ UTA,W,28,3,10,0.3,0,3,0.0,0,0,0.0,0,1,1,1,1,0,1,1,6,-5,1
22012,201145,0021200837,"Feb 24, 2013",BOS @ POR,L,31,4,12,0.333,0,2,0.0,3,4,0.75,1,3,4,0,1,0,3,2,11,-17,1
22012,201145,0021200820,"Feb 22, 2013",BOS @ PHX,W,39,11,14,0.786,3,5,0.6,6,7,0.857,0,7,7,4,2,5,1,1,31,26,1
22012,201145,0021200807,"Feb 20, 2013",BOS @ LAL,L,33,5,12,0.417,1,2,0.5,4,4,1.0,0,7,7,4,0,1,1,4,15,-11,1
22012,201145,0021200794,"Feb 19, 2013",BOS @ DEN,L,33,8,12,0.667,2,4,0.5,2,2,1.0,1,1,2,2,1,2,2,5,20,-13,1
22012,201145,0021200778,"Feb 13, 2013",BOS vs. CHI,W,36,2,8,0.25,0,4,0.0,4,4,1.0,0,5,5,2,0,2,2,1,8,6,1
22012,201145,0021200762,"Feb 11, 2013",BOS @ CHA,L,24,5,8,0.625,1,1,1.0,7,7,1.0,0,4,4,0,1,1,2,4,18,10,1
22012,201145,0021200754,"Feb 10, 2013",BOS vs. DEN,W,42,6,10,0.6,1,1,1.0,4,4,1.0,0,4,4,1,2,3,4,3,17,-5,1
22012,201145,0021200733,"Feb 07, 2013",BOS vs. LAL,W,29,6,13,0.462,1,1,1.0,6,6,1.0,0,3,3,1,0,1,1,2,19,21,1
22012,201145,0021200720,"Feb 06, 2013",BOS @ TOR,W,27,2,6,0.333,0,2,0.0,4,6,0.667,4,2,6,3,1,0,1,1,8,5,1
22012,201145,0021200705,"Feb 03, 2013",BOS vs. LAC,W,23,4,6,0.667,3,3,1.0,3,4,0.75,0,2,2,2,0,2,1,1,14,4,1
22012,201145,0021200686,"Feb 01, 2013",BOS vs. ORL,W,29,8,14,0.571,0,1,0.0,1,3,0.333,1,3,4,4,1,3,3,2,17,20,1
22012,201145,0021200672,"Jan 30, 2013",BOS vs. SAC,W,21,6,11,0.545,0,2,0.0,0,0,0.0,0,1,1,0,0,0,3,5,12,-10,1
22012,201145,0021200652,"Jan 27, 2013",BOS vs. MIA,W,42,4,8,0.5,1,3,0.333,2,2,1.0,0,4,4,0,0,1,3,4,11,6,1
22012,201145,0021200633,"Jan 25, 2013",BOS @ ATL,L,30,4,8,0.5,1,2,0.5,8,8,1.0,1,5,6,0,0,0,1,1,17,9,1
22012,201145,0021200630,"Jan 24, 2013",BOS vs. NYK,L,25,4,7,0.571,1,3,0.333,0,0,0.0,2,4,6,0,0,0,2,4,9,0,1
22012,201145,0021200614,"Jan 22, 2013",BOS @ CLE,L,21,1,3,0.333,1,2,0.5,2,2,1.0,0,3,3,1,0,1,1,0,5,7,1
22012,201145,0021200603,"Jan 20, 2013",BOS @ DET,L,30,4,9,0.444,1,4,0.25,6,9,0.667,1,1,2,2,1,1,1,1,15,3,1
22012,201145,0021200584,"Jan 18, 2013",BOS vs. CHI,L,19,1,4,0.25,0,1,0.0,0,0,0.0,0,0,0,0,0,0,0,2,2,5,1
22012,201145,0021200573,"Jan 16, 2013",BOS vs. NOH,L,25,2,4,0.5,0,1,0.0,0,2,0.0,1,4,5,0,0,2,1,3,4,-3,1
22012,201145,0021200557,"Jan 14, 2013",BOS vs. CHA,W,27,4,8,0.5,1,1,1.0,2,2,1.0,1,3,4,2,1,0,1,3,11,8,1
22012,201145,0021200531,"Jan 11, 2013",BOS vs. HOU,W,19,4,9,0.444,1,3,0.333,0,0,0.0,0,3,3,2,0,0,0,1,9,8,1
22012,201145,0021200519,"Jan 09, 2013",BOS vs. PHX,W,25,5,9,0.556,0,3,0.0,4,4,1.0,0,3,3,0,1,1,0,2,14,16,1
22012,201145,0021200505,"Jan 07, 2013",BOS @ NYK,W,27,5,10,0.5,1,1,1.0,5,6,0.833,1,5,6,3,0,0,1,2,16,8,1
22012,201145,0021200489,"Jan 05, 2013",BOS @ ATL,W,15,1,4,0.25,0,0,0.0,1,2,0.5,0,1,1,0,0,0,1,0,3,-1,1
22012,201145,0021200483,"Jan 04, 2013",BOS vs. IND,W,19,1,4,0.25,0,0,0.0,0,0,0.0,0,2,2,1,0,1,1,3,2,-1,1
22012,201145,0021200468,"Jan 02, 2013",BOS vs. MEM,L,14,4,5,0.8,2,3,0.667,0,0,0.0,1,1,2,1,1,1,1,2,10,-6,1
22012,201145,0021200450,"Dec 30, 2012",BOS @ SAC,L,31,5,17,0.294,1,4,0.25,5,7,0.714,2,1,3,1,0,1,2,1,16,-16,1
22012,201145,0021200447,"Dec 29, 2012",BOS @ GSW,L,34,2,11,0.182,0,2,0.0,2,4,0.5,4,5,9,3,2,2,2,1,6,5,1
22012,201145,0021200424,"Dec 27, 2012",BOS @ LAC,L,29,3,9,0.333,0,3,0.0,2,2,1.0,0,2,2,1,1,0,3,3,8,-15,0
22012,201145,0021200405,"Dec 25, 2012",BOS @ BKN,W,28,5,8,0.625,1,2,0.5,4,4,1.0,0,3,3,2,1,0,1,3,15,13,1
22012,201145,0021200382,"Dec 21, 2012",BOS vs. MIL,L,28,4,9,0.444,0,3,0.0,6,6,1.0,1,2,3,2,4,2,1,3,14,7,1
22012,201145,0021200370,"Dec 19, 2012",BOS vs. CLE,W,14,1,4,0.25,0,2,0.0,1,2,0.5,0,1,1,0,0,1,1,1,3,-17,1
22012,201145,0021200360,"Dec 18, 2012",BOS @ CHI,L,20,1,6,0.167,1,2,0.5,0,0,0.0,0,1,1,0,2,0,0,1,3,-3,1
22012,201145,0021200344,"Dec 15, 2012",BOS @ SAS,L,32,5,10,0.5,0,0,0.0,0,0,0.0,1,2,3,1,0,1,1,4,10,-1,1
22012,201145,0021200332,"Dec 14, 2012",BOS @ HOU,L,25,4,11,0.364,1,2,0.5,0,0,0.0,3,4,7,0,2,0,1,1,9,2,1
22012,201145,0021200315,"Dec 12, 2012",BOS vs. DAL,W,27,5,16,0.313,1,4,0.25,4,4,1.0,0,5,5,0,0,0,1,2,15,6,1
22012,201145,0021200285,"Dec 08, 2012",BOS vs. PHI,W,23,7,12,0.583,1,1,1.0,1,1,1.0,0,0,0,1,0,0,2,2,16,3,1
22012,201145,0021200270,"Dec 07, 2012",BOS @ PHI,L,29,6,12,0.5,3,5,0.6,4,4,1.0,1,7,8,0,1,1,2,2,19,3,1
22012,201145,0021200259,"Dec 05, 2012",BOS vs. MIN,W,23,4,9,0.444,0,1,0.0,0,0,0.0,1,3,4,2,0,0,1,1,8,2,1
22012,201145,0021200238,"Dec 01, 2012",BOS @ MIL,L,23,8,11,0.727,2,3,0.667,0,0,0.0,3,3,6,0,0,1,2,3,18,-19,1
22012,201145,0021200225,"Nov 30, 2012",BOS vs. POR,W,23,6,13,0.462,2,4,0.5,5,5,1.0,1,2,3,2,4,1,4,5,19,13,1
22012,201145,0021200211,"Nov 28, 2012",BOS vs. BKN,L,16,1,3,0.333,0,1,0.0,0,0,0.0,0,0,0,0,0,1,0,1,2,-9,1
22012,201145,0021200195,"Nov 25, 2012",BOS @ ORL,W,20,0,9,0.0,0,3,0.0,1,2,0.5,0,2,2,1,0,1,1,0,1,-3,1
22012,201145,0021200173,"Nov 23, 2012",BOS vs. OKC,W,25,6,11,0.545,0,1,0.0,5,5,1.0,0,2,2,0,1,1,2,4,17,3,1
22012,201145,0021200161,"Nov 21, 2012",BOS vs. SAS,L,16,2,7,0.286,1,2,0.5,0,1,0.0,0,0,0,1,0,0,0,0,5,-9,1
22012,201145,0021200144,"Nov 18, 2012",BOS @ DET,L,22,2,5,0.4,0,2,0.0,2,2,1.0,1,1,2,1,0,0,1,2,6,-11,1
22012,201145,0021200131,"Nov 17, 2012",BOS vs. TOR,W,26,4,6,0.667,0,0,0.0,1,2,0.5,0,2,2,2,0,0,1,2,9,15,1
22012,201145,0021200119,"Nov 15, 2012",BOS @ BKN,L,25,2,6,0.333,1,1,1.0,0,0,0.0,1,5,6,1,0,0,4,3,5,1,1
22012,201145,0021200110,"Nov 14, 2012",BOS vs. UTA,W,27,5,9,0.556,0,0,0.0,6,7,0.857,1,3,4,2,0,0,2,2,16,12,1
22012,201145,0021200098,"Nov 12, 2012",BOS @ CHI,W,15,3,7,0.429,1,2,0.5,0,0,0.0,1,4,5,0,0,0,1,0,7,-7,1
22012,201145,0021200086,"Nov 10, 2012",BOS @ MIL,W,25,3,8,0.375,0,1,0.0,6,8,0.75,0,3,3,0,1,2,3,3,12,-1,1
22012,201145,0021200070,"Nov 09, 2012",BOS vs. PHI,L,18,1,5,0.2,0,1,0.0,2,3,0.667,1,3,4,0,0,1,0,0,4,-6,1
22012,201145,0021200054,"Nov 07, 2012",BOS vs. WAS,W,22,3,6,0.5,0,0,0.0,0,0,0.0,0,2,2,2,0,0,2,0,6,2,1
22012,201145,0021200027,"Nov 03, 2012",BOS @ WAS,W,16,5,10,0.5,1,2,0.5,0,2,0.0,0,2,2,0,1,0,1,1,11,-5,1
22012,201145,0021200017,"Nov 02, 2012",BOS vs. MIL,L,27,5,9,0.556,1,4,0.25,0,0,0.0,0,1,1,0,2,1,1,0,11,-16,1
22012,201145,0021200002,"Oct 30, 2012",BOS @ MIA,L,23,0,4,0.0,0,0,0.0,3,4,0.75,0,3,3,0,1,0,1,0,3,-7,1
22010,201145,0021001216,"Apr 13, 2011",BOS vs. NYK,W,34,6,13,0.462,0,1,0.0,2,2,1.0,1,7,8,3,1,0,3,4,14,10,0
22010,201145,0021001205,"Apr 11, 2011",BOS @ WAS,L,47,8,20,0.4,0,0,0.0,4,5,0.8,4,11,15,4,2,0,1,3,20,10,0
22010,201145,0021001194,"Apr 10, 2011",BOS @ MIA,L,19,0,1,0.0,0,0,0.0,4,4,1.0,0,3,3,0,0,0,0,2,4,-16,0
22010,201145,0021001179,"Apr 08, 2011",BOS vs. WAS,W,16,1,4,0.25,0,2,0.0,1,2,0.5,0,2,2,0,0,0,0,1,3,-12,0
22010,201145,0021001174,"Apr 07, 2011",BOS @ CHI,L,21,4,7,0.571,0,0,0.0,2,2,1.0,1,1,2,0,0,0,1,1,10,-12,0
22010,201145,0021001154,"Apr 05, 2011",BOS vs. PHI,W,23,3,9,0.333,0,3,0.0,2,2,1.0,0,7,7,2,1,3,1,1,8,3,0
22010,201145,0021001140,"Apr 03, 2011",BOS vs. DET,W,20,2,5,0.4,0,0,0.0,0,0,0.0,0,4,4,0,0,2,0,3,4,-2,0
22010,201145,0021001125,"Apr 01, 2011",BOS @ ATL,L,23,2,5,0.4,0,1,0.0,0,0,0.0,0,0,0,1,0,1,0,4,4,-14,0
22010,201145,0021001118,"Mar 31, 2011",BOS @ SAS,W,17,4,7,0.571,0,0,0.0,0,0,0.0,1,2,3,0,0,0,1,3,8,12,0
22010,201145,0021001097,"Mar 28, 2011",BOS @ IND,L,28,1,3,0.333,0,2,0.0,6,8,0.75,0,3,3,2,0,0,2,4,8,-16,0
22010,201145,0021001091,"Mar 27, 2011",BOS @ MIN,W,19,4,5,0.8,1,1,1.0,0,0,0.0,0,2,2,0,0,0,0,2,9,0,0
22010,201145,0021001070,"Mar 25, 2011",BOS vs. CHA,L,26,3,7,0.429,0,0,0.0,1,1,1.0,4,1,5,2,0,1,0,1,7,-7,0
22010,201145,0021001057,"Mar 23, 2011",BOS vs. MEM,L,22,4,7,0.571,1,1,1.0,1,1,1.0,0,3,3,1,1,0,1,2,10,-8,0
22010,201145,0021001046,"Mar 21, 2011",BOS @ NYK,W,18,2,6,0.333,0,1,0.0,3,4,0.75,1,2,3,0,2,0,0,2,7,-14,0
22010,201145,0021001032,"Mar 19, 2011",BOS @ NOH,W,20,5,7,0.714,0,0,0.0,0,0,0.0,0,2,2,1,0,0,0,3,10,7,0
22010,201145,0021001024,"Mar 18, 2011",BOS @ HOU,L,28,7,10,0.7,1,1,1.0,2,4,0.5,0,2,2,0,1,2,0,5,17,-6,0
22010,201145,0021001004,"Mar 16, 2011",BOS vs. IND,W,27,6,9,0.667,1,1,1.0,6,8,0.75,1,2,3,0,0,3,3,3,19,14,0
22010,201145,0021000991,"Mar 14, 2011",BOS @ NJN,L,25,3,11,0.273,0,1,0.0,1,2,0.5,0,3,3,0,1,0,0,0,7,-7,0
22010,201145,0021000988,"Mar 13, 2011",BOS vs. MIL,W,23,4,10,0.4,0,1,0.0,3,4,0.75,1,2,3,1,0,0,1,4,11,13,0
22010,201145,0021000969,"Mar 11, 2011",BOS @ PHI,L,24,7,14,0.5,2,4,0.5,2,2,1.0,2,2,4,1,0,2,0,4,18,9,0
22010,201145,0021000957,"Mar 09, 2011",BOS vs. LAC,L,23,2,6,0.333,1,3,0.333,1,2,0.5,0,1,1,1,1,0,2,3,6,13,0
22010,201145,0021000939,"Mar 06, 2011",BOS @ MIL,W,27,5,8,0.625,1,1,1.0,0,0,0.0,0,3,3,0,0,0,1,2,11,8,0
22010,201145,0021000918,"Mar 04, 2011",BOS vs. GSW,W,28,8,11,0.727,0,1,0.0,5,5,1.0,0,1,1,0,2,0,3,6,21,-9,0
22010,201145,0021000905,"Mar 02, 2011",BOS vs. PHX,W,17,3,6,0.5,0,1,0.0,0,0,0.0,0,1,1,0,1,0,1,2,6,-7,0
22010,201145,0021000892,"Feb 28, 2011",BOS @ UTA,W,19,2,6,0.333,0,1,0.0,1,1,1.0,0,2,2,0,0,1,0,3,5,1,0
22010,201145,0021000878,"Feb 26, 2011",BOS @ LAC,W,18,2,5,0.4,0,0,0.0,3,4,0.75,0,1,1,0,0,1,2,0,7,-10,0
22010,201145,0021000855,"Feb 23, 2011",OKC @ SAS,L,34,5,15,0.333,2,7,0.286,2,2,1.0,1,5,6,0,0,0,4,2,14,-4,0
22010,201145,0021000843,"Feb 22, 2011",OKC vs. LAC,W,28,7,12,0.583,1,4,0.25,7,7,1.0,1,3,4,1,1,0,1,5,22,24,0
22010,201145,0021000821,"Feb 15, 2011",OKC vs. SAC,W,23,7,9,0.778,1,2,0.5,1,1,1.0,0,2,2,3,1,1,1,3,16,19,0
22010,201145,0021000811,"Feb 13, 2011",OKC @ GSW,L,28,3,6,0.5,1,2,0.5,5,6,0.833,0,5,5,2,0,0,2,3,12,8,0
22010,201145,0021000803,"Feb 12, 2011",OKC @ SAC,W,33,4,10,0.4,0,0,0.0,0,2,0.0,0,4,4,1,0,2,1,4,8,-7,0
22010,201145,0021000771,"Feb 08, 2011",OKC vs. MEM,L,44,2,12,0.167,1,3,0.333,2,2,1.0,1,6,7,1,1,1,4,5,7,-3,0
22010,201145,0021000752,"Feb 05, 2011",OKC @ UTA,W,30,8,9,0.889,2,2,1.0,2,2,1.0,0,0,0,0,0,1,0,2,20,13,0
22010,201145,0021000742,"Feb 04, 2011",OKC @ PHX,W,43,10,17,0.588,3,5,0.6,5,5,1.0,1,4,5,2,0,0,4,2,28,-1,0
22010,201145,0021000725,"Feb 02, 2011",OKC vs. NOH,W,39,5,14,0.357,2,7,0.286,0,0,0.0,0,7,7,0,0,2,1,4,12,3,0
22010,201145,0021000701,"Jan 30, 2011",OKC vs. MIA,L,44,10,21,0.476,1,3,0.333,2,3,0.667,3,8,11,1,2,1,2,1,23,-5,0
22010,201145,0021000688,"Jan 28, 2011",OKC vs. WAS,W,51,5,8,0.625,0,1,0.0,3,4,0.75,2,10,12,2,0,0,3,3,13,-2,0
22010,201145,0021000673,"Jan 26, 2011",OKC @ MIN,W,43,7,16,0.438,1,5,0.2,4,4,1.0,1,7,8,3,1,0,2,5,19,3,0
22010,201145,0021000660,"Jan 24, 2011",OKC @ NOH,L,43,8,13,0.615,2,6,0.333,1,2,0.5,1,6,7,0,0,0,1,3,19,-3,0
22010,201145,0021000647,"Jan 22, 2011",OKC vs. NYK,W,29,3,11,0.273,1,1,1.0,0,0,0.0,4,1,5,1,0,1,2,2,7,-6,0
22010,201145,0021000622,"Jan 19, 2011",OKC @ DEN,L,31,5,12,0.417,1,3,0.333,0,0,0.0,1,4,5,2,0,1,1,5,11,-4,0
22010,201145,0021000610,"Jan 17, 2011",OKC @ LAL,L,30,3,11,0.273,0,5,0.0,0,0,0.0,0,2,2,2,3,1,1,5,6,-19,0
22010,201145,0021000574,"Jan 13, 2011",OKC vs. ORL,W,37,4,10,0.4,3,5,0.6,1,2,0.5,0,6,6,3,0,0,2,3,12,-3,0
22010,201145,0021000568,"Jan 12, 2011",OKC @ HOU,W,28,7,15,0.467,2,5,0.4,0,0,0.0,0,0,0,1,0,0,0,4,16,7,0
22010,201145,0021000541,"Jan 08, 2011",OKC vs. MEM,W,39,6,11,0.545,2,4,0.5,1,2,0.5,0,6,6,4,0,0,3,4,15,7,0
22010,201145,0021000523,"Jan 06, 2011",OKC @ DAL,W,38,7,17,0.412,0,1,0.0,2,6,0.333,2,7,9,2,2,0,0,0,16,6,0
22010,201145,0021000508,"Jan 04, 2011",OKC @ MEM,L,42,1,5,0.2,0,2,0.0,6,6,1.0,0,0,0,1,2,1,2,2,8,1,0
22010,201145,0021000488,"Jan 01, 2011",OKC @ SAS,L,27,2,9,0.222,0,2,0.0,3,4,0.75,1,6,7,0,3,1,1,2,7,-11,0
22010,201145,0021000481,"Dec 31, 2010",OKC vs. ATL,W,20,4,8,0.5,1,2,0.5,1,2,0.5,0,1,1,0,0,0,2,6,10,13,0
22010,201145,0021000468,"Dec 29, 2010",OKC vs. NJN,W,34,4,8,0.5,1,4,0.25,0,1,0.0,0,3,3,5,1,0,1,3,9,18,0
22010,201145,0021000450,"Dec 27, 2010",OKC vs. DAL,L,40,6,14,0.429,0,0,0.0,0,0,0.0,3,2,5,0,0,0,0,1,12,-20,0
22010,201145,0021000436,"Dec 25, 2010",OKC vs. DEN,W,40,5,15,0.333,0,4,0.0,2,3,0.667,2,1,3,6,0,0,1,5,12,6,0
22010,201145,0021000425,"Dec 22, 2010",OKC @ NYK,L,39,6,19,0.316,1,6,0.167,1,1,1.0,3,4,7,1,0,1,1,2,14,-22,0
22010,201145,0021000415,"Dec 21, 2010",OKC @ CHA,W,42,4,13,0.308,1,5,0.2,3,4,0.75,0,3,3,5,0,0,0,1,12,20,0
22010,201145,0021000405,"Dec 19, 2010",OKC vs. PHX,L,37,6,12,0.5,2,6,0.333,5,7,0.714,1,4,5,2,1,1,2,4,19,-13,0
22010,201145,0021000388,"Dec 17, 2010",OKC vs. SAC,W,40,5,14,0.357,1,7,0.143,0,0,0.0,4,5,9,5,2,1,3,3,11,21,0
22010,201145,0021000374,"Dec 15, 2010",OKC vs. HOU,W,39,6,12,0.5,2,4,0.5,7,7,1.0,1,3,4,5,1,0,3,0,21,13,0
22010,201145,0021000352,"Dec 12, 2010",OKC vs. CLE,W,30,7,13,0.538,1,4,0.25,4,5,0.8,1,3,4,1,2,0,0,0,19,12,0
22010,201145,0021000335,"Dec 10, 2010",OKC @ NOH,W,38,4,8,0.5,0,1,0.0,5,6,0.833,1,7,8,1,0,0,4,0,13,8,0
22010,201145,0021000320,"Dec 08, 2010",OKC @ MIN,W,27,2,5,0.4,0,2,0.0,6,6,1.0,0,6,6,1,1,0,2,4,10,0,0
22010,201145,0021000305,"Dec 06, 2010",OKC @ CHI,L,34,1,9,0.111,0,4,0.0,5,5,1.0,0,6,6,0,2,0,0,4,7,3,0
22010,201145,0021000297,"Dec 05, 2010",OKC vs. GSW,W,42,6,15,0.4,0,4,0.0,5,5,1.0,4,4,8,1,4,0,1,3,17,0,0
22010,201145,0021000276,"Dec 03, 2010",OKC @ TOR,L,38,6,14,0.429,1,4,0.25,4,5,0.8,1,3,4,7,1,0,2,1,17,-15,0
22010,201145,0021000262,"Dec 01, 2010",OKC @ NJN,W,54,12,21,0.571,4,5,0.8,9,9,1.0,1,4,5,4,0,0,0,3,37,0,0
22010,201145,0021000251,"Nov 29, 2010",OKC vs. NOH,W,41,4,14,0.286,3,6,0.5,2,2,1.0,1,6,7,1,0,1,1,3,13,-3,0
22010,201145,0021000247,"Nov 28, 2010",OKC @ HOU,L,39,6,13,0.462,2,4,0.5,1,2,0.5,0,7,7,1,1,1,1,2,15,3,0
22010,201145,0021000227,"Nov 26, 2010",OKC @ IND,W,47,4,16,0.25,1,5,0.2,6,8,0.75,5,9,14,4,0,0,2,6,15,-4,0
22010,201145,0021000216,"Nov 24, 2010",OKC vs. DAL,L,42,7,13,0.538,2,2,1.0,1,1,1.0,0,2,2,2,1,1,2,3,17,-16,0
22010,201145,0021000197,"Nov 22, 2010",OKC vs. MIN,W,39,9,16,0.563,3,7,0.429,3,4,0.75,0,6,6,0,2,0,0,1,24,18,0
22010,201145,0021000141,"Nov 14, 2010",OKC vs. SAS,L,26,4,8,0.5,1,2,0.5,3,4,0.75,0,3,3,2,0,0,0,3,12,3,0
22010,201145,0021000067,"Nov 04, 2010",OKC @ POR,W,46,7,13,0.538,0,2,0.0,5,5,1.0,4,5,9,1,0,0,2,4,19,5,0
22010,201145,0021000064,"Nov 03, 2010",OKC @ LAC,L,38,7,13,0.538,0,2,0.0,5,5,1.0,3,6,9,1,1,0,3,3,19,-21,0
22010,201145,0021000042,"Oct 31, 2010",OKC vs. UTA,L,39,5,14,0.357,0,4,0.0,7,7,1.0,2,7,9,1,0,0,1,4,17,-25,0
22010,201145,0021000024,"Oct 29, 2010",OKC @ DET,W,42,7,18,0.389,1,8,0.125,6,8,0.75,0,5,5,0,3,1,3,2,21,8,0
22010,201145,0021000011,"Oct 27, 2010",OKC vs. CHI,W,40,7,17,0.412,2,5,0.4,5,9,0.556,1,3,4,0,1,1,1,2,21,4,0
22009,201145,0020901224,"Apr 14, 2010",OKC vs. MEM,W,34,6,13,0.462,2,8,0.25,2,4,0.5,1,3,4,2,0,1,1,5,16,5,0
22009,201145,0020901210,"Apr 12, 2010",OKC @ POR,L,42,6,12,0.5,2,7,0.286,3,5,0.6,0,3,3,0,2,1,3,2,17,-8,0
22009,201145,0020901200,"Apr 11, 2010",OKC @ GSW,L,35,7,17,0.412,2,4,0.5,0,3,0.0,1,2,3,2,2,1,3,3,16,-6,0
22009,201145,0020901183,"Apr 09, 2010",OKC vs. PHX,W,40,6,15,0.4,1,4,0.25,2,3,0.667,1,3,4,1,4,2,2,2,15,10,0
22009,201145,0020901165,"Apr 07, 2010",OKC vs. DEN,L,41,5,14,0.357,0,5,0.0,1,4,0.25,0,10,10,5,1,1,2,3,11,-7,0
22009,201145,0020901156,"Apr 06, 2010",OKC @ UTA,L,45,9,18,0.5,2,5,0.4,0,2,0.0,0,7,7,3,2,2,2,2,20,-11,0
22009,201145,0020901147,"Apr 04, 2010",OKC vs. MIN,W,40,6,15,0.4,2,6,0.333,2,2,1.0,0,10,10,2,1,1,3,3,16,1,0
22009,201145,0020901137,"Apr 03, 2010",OKC @ DAL,W,40,9,15,0.6,1,3,0.333,3,3,1.0,0,5,5,2,0,0,1,2,22,7,0
22009,201145,0020901111,"Mar 31, 2010",OKC @ BOS,W,39,7,14,0.5,3,4,0.75,0,0,0.0,1,3,4,1,0,2,1,1,17,2,0
22009,201145,0020901103,"Mar 30, 2010",OKC @ PHI,W,30,6,17,0.353,1,3,0.333,3,5,0.6,2,1,3,3,2,0,0,4,16,4,0
22009,201145,0020901094,"Mar 28, 2010",OKC vs. POR,L,40,6,14,0.429,1,4,0.25,1,2,0.5,2,3,5,2,2,0,4,6,14,3,0
22009,201145,0020901078,"Mar 26, 2010",OKC vs. LAL,W,36,5,15,0.333,0,4,0.0,0,0,0.0,1,5,6,2,3,1,1,2,10,11,0
22009,201145,0020901065,"Mar 24, 2010",OKC vs. HOU,W,36,8,11,0.727,3,4,0.75,0,0,0.0,0,5,5,5,1,2,0,3,19,21,0
22009,201145,0020901049,"Mar 22, 2010",OKC vs. SAS,L,32,5,12,0.417,1,3,0.333,5,5,1.0,1,5,6,1,2,0,3,5,16,-7,0
22009,201145,0020901037,"Mar 21, 2010",OKC @ IND,L,34,6,10,0.6,1,2,0.5,7,7,1.0,1,5,6,3,0,1,0,0,20,-14,0
22009,201145,0020901019,"Mar 19, 2010",OKC @ TOR,W,33,9,19,0.474,4,10,0.4,3,4,0.75,2,5,7,0,1,0,0,1,25,25,0
22009,201145,0020901005,"Mar 17, 2010",OKC @ CHA,L,39,7,14,0.5,1,1,1.0,2,2,1.0,1,5,6,3,0,1,1,6,17,-2,0
22009,201145,0020900987,"Mar 14, 2010",OKC vs. UTA,W,35,5,11,0.455,0,2,0.0,4,5,0.8,0,2,2,1,3,0,2,5,14,3,0
22009,201145,0020900972,"Mar 12, 2010",OKC vs. NJN,W,40,11,16,0.688,3,4,0.75,2,3,0.667,2,4,6,2,3,1,1,3,27,-4,0
22009,201145,0020900958,"Mar 10, 2010",OKC vs. NOH,W,36,5,12,0.417,0,1,0.0,0,0,0.0,1,8,9,2,2,1,1,1,10,12,0
22009,201145,0020900938,"Mar 07, 2010",OKC @ SAC,W,34,5,12,0.417,1,3,0.333,1,1,1.0,0,3,3,1,1,1,2,4,12,14,0
22009,201145,0020900924,"Mar 05, 2010",OKC @ LAC,W,37,5,13,0.385,1,3,0.333,3,5,0.6,0,8,8,2,1,3,3,2,14,8,0
22009,201145,0020900908,"Mar 03, 2010",OKC @ DEN,L,23,2,6,0.333,1,2,0.5,0,0,0.0,0,4,4,0,1,0,2,3,5,-26,0
22009,201145,0020900897,"Mar 02, 2010",OKC vs. SAC,W,41,5,10,0.5,2,4,0.5,3,3,1.0,1,4,5,1,1,2,1,1,15,14,0
22009,201145,0020900882,"Feb 28, 2010",OKC vs. TOR,W,34,6,12,0.5,3,3,1.0,5,7,0.714,2,4,6,3,4,1,2,5,20,22,0
22009,201145,0020900865,"Feb 26, 2010",OKC vs. MIN,W,38,6,11,0.545,1,4,0.25,0,0,0.0,0,6,6,0,1,1,3,3,13,16,0
22009,201145,0020900851,"Feb 24, 2010",OKC @ SAS,L,40,8,16,0.5,1,3,0.333,2,3,0.667,2,2,4,1,1,0,2,1,19,-9,0
22009,201145,0020900842,"Feb 23, 2010",OKC vs. PHX,L,36,5,14,0.357,0,3,0.0,6,6,1.0,3,3,6,0,1,1,1,2,16,-5,0
22009,201145,0020900827,"Feb 21, 2010",OKC @ MIN,W,40,8,17,0.471,1,4,0.25,0,0,0.0,3,11,14,0,3,0,2,2,17,6,0
22009,201145,0020900817,"Feb 20, 2010",OKC @ NYK,W,47,6,9,0.667,2,2,1.0,2,5,0.4,3,8,11,0,2,0,0,1,16,6,0
22009,201145,0020900786,"Feb 16, 2010",OKC vs. DAL,W,42,6,13,0.462,2,4,0.5,3,5,0.6,1,5,6,1,2,2,1,3,17,13,0
22009,201145,0020900767,"Feb 09, 2010",OKC @ POR,W,43,7,16,0.438,1,6,0.167,2,2,1.0,0,3,3,0,4,2,3,4,17,16,0
22009,201145,0020900751,"Feb 06, 2010",OKC @ GSW,W,36,7,16,0.438,2,5,0.4,2,2,1.0,1,2,3,0,1,1,1,4,18,10,0
22009,201145,0020900723,"Feb 03, 2010",OKC @ NOH,W,41,6,10,0.6,2,4,0.5,0,0,0.0,0,3,3,3,0,0,2,2,14,16,0
22009,201145,0020900716,"Feb 02, 2010",OKC vs. ATL,W,40,7,15,0.467,3,4,0.75,2,3,0.667,4,2,6,1,2,2,0,3,19,10,0
22009,201145,0020900703,"Jan 31, 2010",OKC vs. GSW,W,36,6,11,0.545,1,3,0.333,1,2,0.5,2,5,7,3,1,0,2,3,14,1,0
22009,201145,0020900684,"Jan 29, 2010",OKC vs. DEN,W,36,7,11,0.636,1,2,0.5,0,0,0.0,3,2,5,1,1,0,1,3,15,8,0
22009,201145,0020900669,"Jan 27, 2010",OKC vs. CHI,L,43,9,19,0.474,2,7,0.286,4,5,0.8,4,5,9,2,0,0,1,2,24,-17,0
22009,201145,0020900638,"Jan 23, 2010",OKC @ CLE,L,38,4,14,0.286,1,3,0.333,2,2,1.0,2,4,6,1,1,0,0,4,11,4,0
22009,201145,0020900630,"Jan 22, 2010",OKC @ MEM,L,43,7,18,0.389,1,4,0.25,0,0,0.0,4,4,8,2,1,3,1,5,15,-3,0
22009,201145,0020900615,"Jan 20, 2010",OKC @ MIN,W,44,5,13,0.385,2,3,0.667,3,4,0.75,2,7,9,3,0,1,4,2,15,-3,0
22009,201145,0020900596,"Jan 18, 2010",OKC @ ATL,W,38,5,13,0.385,1,3,0.333,4,5,0.8,1,10,11,1,1,1,1,1,15,5,0
22009,201145,0020900589,"Jan 16, 2010",OKC vs. MIA,W,43,6,11,0.545,1,4,0.25,1,2,0.5,2,5,7,4,2,2,2,1,14,12,0
22009,201145,0020900579,"Jan 15, 2010",OKC @ DAL,L,38,4,13,0.308,0,3,0.0,3,4,0.75,1,4,5,0,0,1,0,5,11,9,0
22009,201145,0020900563,"Jan 13, 2010",OKC vs. SAS,L,46,7,9,0.778,0,1,0.0,2,2,1.0,2,8,10,0,1,0,1,2,16,4,0
22009,201145,0020900548,"Jan 11, 2010",OKC vs. NYK,W,31,4,13,0.308,1,5,0.2,0,0,0.0,2,5,7,2,3,1,0,2,9,20,0
22009,201145,0020900534,"Jan 09, 2010",OKC vs. IND,W,40,5,13,0.385,1,5,0.2,1,1,1.0,1,1,2,1,3,1,4,4,12,11,0
22009,201145,0020900512,"Jan 06, 2010",OKC vs. NOH,L,41,8,15,0.533,2,5,0.4,2,4,0.5,0,5,5,0,0,0,0,4,20,-19,0
22009,201145,0020900495,"Jan 04, 2010",OKC @ CHI,W,14,3,8,0.375,0,1,0.0,0,0,0.0,0,1,1,0,2,1,3,1,6,0,0
22009,201145,0020900484,"Jan 02, 2010",OKC @ MIL,L,44,3,11,0.273,0,2,0.0,2,2,1.0,2,5,7,2,0,0,1,3,8,-18,0
22009,201145,0020900472,"Dec 31, 2009",OKC vs. UTA,W,27,5,10,0.5,1,3,0.333,1,3,0.333,1,4,5,0,0,0,6,5,12,-5,0
22009,201145,0020900453,"Dec 29, 2009",OKC @ WAS,W,39,8,17,0.471,2,6,0.333,0,0,0.0,1,3,4,1,2,2,2,1,18,3,0
22009,201145,0020900446,"Dec 28, 2009",OKC @ NJN,W,16,2,5,0.4,0,2,0.0,2,2,1.0,0,2,2,0,0,0,2,3,6,-12,0
22009,201145,0020900434,"Dec 26, 2009",OKC vs. CHA,W,40,3,11,0.273,0,2,0.0,0,0,0.0,0,4,4,1,1,0,1,0,6,3,0
22009,201145,0020900422,"Dec 23, 2009",OKC @ PHX,W,38,7,19,0.368,1,5,0.2,2,2,1.0,4,5,9,0,1,0,0,2,17,0,0
22009,201145,0020900413,"Dec 22, 2009",OKC @ LAL,L,43,5,12,0.417,1,3,0.333,1,2,0.5,2,5,7,4,2,1,4,3,12,-1,0
22009,201145,0020900389,"Dec 19, 2009",OKC @ HOU,L,39,9,16,0.563,1,2,0.5,2,2,1.0,2,6,8,3,0,0,2,2,21,-13,0
22009,201145,0020900381,"Dec 18, 2009",OKC vs. DET,W,40,6,13,0.462,2,4,0.5,5,7,0.714,0,2,2,4,2,1,1,1,19,10,0
22009,201145,0020900366,"Dec 16, 2009",OKC vs. DAL,L,37,7,11,0.636,1,2,0.5,0,0,0.0,1,10,11,3,0,0,1,2,15,-11,0
22009,201145,0020900348,"Dec 14, 2009",OKC @ DEN,L,37,3,9,0.333,1,3,0.333,1,1,1.0,1,6,7,3,0,3,1,1,8,-7,0
22009,201145,0020900342,"Dec 13, 2009",OKC vs. CLE,L,40,7,13,0.538,2,5,0.4,10,11,0.909,1,3,4,1,0,1,0,0,26,-3,0
22009,201145,0020900326,"Dec 11, 2009",OKC @ MEM,W,42,5,12,0.417,1,4,0.25,0,0,0.0,1,3,4,2,1,0,2,4,11,-2,0
22009,201145,0020900298,"Dec 07, 2009",OKC vs. GSW,W,39,9,16,0.563,1,2,0.5,2,4,0.5,7,6,13,3,0,1,3,1,21,17,0
22009,201145,0020900279,"Dec 04, 2009",OKC vs. BOS,L,37,3,10,0.3,0,5,0.0,0,0,0.0,0,2,2,1,1,1,0,4,6,-21,0
22009,201145,0020900266,"Dec 02, 2009",OKC vs. PHI,W,41,8,16,0.5,3,6,0.5,0,1,0.0,3,3,6,4,2,1,1,3,19,12,0
22009,201145,0020900244,"Nov 29, 2009",OKC vs. HOU,L,40,6,14,0.429,0,5,0.0,0,0,0.0,1,6,7,3,1,2,0,4,12,-2,0
22009,201145,0020900228,"Nov 27, 2009",OKC vs. MIL,W,41,6,12,0.5,0,3,0.0,5,7,0.714,2,4,6,1,1,1,1,3,17,24,0
22009,201145,0020900206,"Nov 24, 2009",OKC @ UTA,W,39,6,13,0.462,3,7,0.429,4,4,1.0,0,6,6,5,4,0,3,2,19,17,0
22009,201145,0020900197,"Nov 22, 2009",OKC @ LAL,L,31,1,6,0.167,1,4,0.25,1,2,0.5,2,4,6,3,1,0,3,0,4,-26,0
22009,201145,0020900178,"Nov 20, 2009",OKC vs. WAS,W,39,8,15,0.533,1,2,0.5,2,2,1.0,5,9,14,2,1,0,1,3,19,17,0
22009,201145,0020900160,"Nov 18, 2009",OKC @ ORL,L,26,5,13,0.385,1,4,0.25,0,0,0.0,1,4,5,2,0,1,0,1,11,-25,0
22009,201145,0020900151,"Nov 17, 2009",OKC @ MIA,W,32,4,14,0.286,1,4,0.25,4,4,1.0,0,2,2,2,1,0,1,1,13,-1,0
22009,201145,0020900144,"Nov 15, 2009",OKC vs. LAC,L,21,3,7,0.429,0,2,0.0,1,1,1.0,1,0,1,0,0,0,2,4,7,-17,0
22009,201145,0020900142,"Nov 14, 2009",OKC @ SAS,W,39,8,19,0.421,1,6,0.167,4,4,1.0,2,9,11,0,0,2,2,2,21,-9,0
22009,201145,0020900120,"Nov 11, 2009",OKC @ LAC,W,30,5,13,0.385,2,6,0.333,1,2,0.5,1,4,5,0,0,1,3,2,13,7,0
22009,201145,0020900108,"Nov 10, 2009",OKC @ SAC,L,36,6,12,0.5,1,1,1.0,6,8,0.75,2,3,5,0,3,2,2,3,19,-4,0
22009,201145,0020900094,"Nov 08, 2009",OKC vs. ORL,W,22,4,7,0.571,1,2,0.5,0,0,0.0,0,4,4,0,0,1,1,6,9,15,0
22009,201145,0020900081,"Nov 06, 2009",OKC @ HOU,L,32,3,15,0.2,0,4,0.0,0,2,0.0,1,4,5,1,2,2,1,2,6,-9,0
22009,201145,0020900057,"Nov 03, 2009",OKC vs. LAL,L,45,6,12,0.5,3,5,0.6,3,4,0.75,1,4,5,3,2,2,3,4,18,-13,0
22009,201145,0020900042,"Nov 01, 2009",OKC vs. POR,L,43,6,15,0.4,1,5,0.2,6,8,0.75,4,7,11,1,1,0,3,3,19,-14,0
22009,201145,0020900023,"Oct 30, 2009",OKC @ DET,W,35,6,14,0.429,0,4,0.0,4,4,1.0,0,4,4,2,2,0,4,5,16,5,0
22009,201145,0020900012,"Oct 28, 2009",OKC vs. SAC,W,39,9,13,0.692,4,5,0.8,2,2,1.0,0,7,7,2,1,2,2,3,24,19,0
22008,201145,0020801228,"Apr 15, 2009",OKC @ LAC,W,27,7,12,0.583,1,4,0.25,4,4,1.0,1,4,5,1,1,0,2,1,19,23,0
22008,201145,0020801212,"Apr 13, 2009",OKC @ POR,L,30,3,7,0.429,0,1,0.0,0,0,0.0,0,4,4,0,3,0,2,2,6,-21,0
22008,201145,0020801193,"Apr 11, 2009",OKC @ MIL,L,28,3,12,0.25,1,3,0.333,0,0,0.0,0,1,1,2,0,0,2,3,7,-15,0
22008,201145,0020801182,"Apr 10, 2009",OKC vs. CHA,W,43,5,12,0.417,0,3,0.0,0,0,0.0,0,11,11,1,0,2,5,2,10,9,0
22008,201145,0020801170,"Apr 08, 2009",OKC @ DEN,L,43,8,16,0.5,2,3,0.667,6,7,0.857,0,5,5,2,2,0,2,4,24,-8,0
22008,201145,0020801157,"Apr 07, 2009",OKC vs. SAS,L,42,7,13,0.538,2,3,0.667,0,0,0.0,0,2,2,2,1,0,2,1,16,-2,0
22008,201145,0020801149,"Apr 05, 2009",OKC vs. IND,L,34,5,12,0.417,0,2,0.0,1,2,0.5,0,3,3,2,1,0,1,0,11,-25,0
22008,201145,0020801129,"Apr 03, 2009",OKC vs. POR,L,28,4,9,0.444,1,2,0.5,3,4,0.75,0,4,4,0,0,0,0,2,12,-33,0
22008,201145,0020801109,"Mar 31, 2009",OKC @ SAS,W,42,6,17,0.353,1,1,1.0,3,4,0.75,0,4,4,3,1,0,0,1,16,6,0
22008,201145,0020801096,"Mar 29, 2009",OKC @ BOS,L,42,6,18,0.333,0,2,0.0,3,5,0.6,4,5,9,3,1,1,3,2,15,-15,0
22008,201145,0020801075,"Mar 27, 2009",OKC @ TOR,L,31,3,9,0.333,0,4,0.0,5,7,0.714,2,3,5,2,1,0,1,2,11,-19,0
22008,201145,0020801056,"Mar 24, 2009",OKC vs. LAL,L,33,5,8,0.625,1,3,0.333,1,2,0.5,1,5,6,3,2,0,2,1,12,-23,0
22008,201145,0020801043,"Mar 22, 2009",OKC @ MIN,W,28,6,10,0.6,1,3,0.333,4,4,1.0,1,3,4,2,0,0,0,2,17,24,0
22008,201145,0020801029,"Mar 20, 2009",OKC vs. UTA,L,34,6,16,0.375,3,6,0.5,0,0,0.0,2,7,9,4,2,0,3,3,15,-14,0
22008,201145,0020801016,"Mar 18, 2009",OKC vs. CHI,L,43,8,15,0.533,0,1,0.0,2,4,0.5,1,2,3,1,1,1,3,3,18,-6,0
22008,201145,0020800999,"Mar 16, 2009",OKC vs. SAS,W,38,4,15,0.267,0,3,0.0,2,2,1.0,0,6,6,1,1,0,1,1,10,-8,0
22008,201145,0020800984,"Mar 14, 2009",OKC @ PHX,L,40,7,17,0.412,0,3,0.0,3,3,1.0,4,6,10,2,1,0,3,2,17,-11,0
22008,201145,0020800963,"Mar 11, 2009",OKC @ DEN,L,28,5,12,0.417,1,4,0.25,8,8,1.0,3,4,7,0,1,0,3,3,19,-19,0
22008,201145,0020800953,"Mar 10, 2009",OKC @ SAC,W,36,6,13,0.462,1,1,1.0,9,9,1.0,2,4,6,2,1,0,7,4,22,-7,0
22008,201145,0020800878,"Feb 28, 2009",OKC @ MEM,W,40,8,20,0.4,3,5,0.6,8,9,0.889,2,8,10,2,1,0,3,2,27,12,0
22008,201145,0020800870,"Feb 27, 2009",OKC @ DAL,L,46,9,20,0.45,3,5,0.6,7,9,0.778,1,11,12,1,1,0,2,4,28,-3,0
22008,201145,0020800846,"Feb 24, 2009",OKC vs. LAL,L,42,4,14,0.286,0,2,0.0,2,3,0.667,3,6,9,1,0,0,2,3,10,-17,0
22008,201145,0020800826,"Feb 21, 2009",OKC @ GSW,L,41,9,17,0.529,1,3,0.333,8,9,0.889,5,10,15,6,2,0,7,2,27,-6,0
22008,201145,0020800819,"Feb 20, 2009",OKC @ PHX,L,37,3,9,0.333,0,0,0.0,4,5,0.8,7,7,14,1,2,0,3,5,10,-16,0
22008,201145,0020800793,"Feb 17, 2009",OKC vs. NOH,L,42,9,17,0.529,1,4,0.25,5,7,0.714,4,3,7,1,2,0,3,3,24,-11,0
22008,201145,0020800783,"Feb 11, 2009",OKC @ POR,L,36,7,20,0.35,0,2,0.0,3,4,0.75,1,4,5,3,0,0,1,3,17,-12,0
22008,201145,0020800772,"Feb 10, 2009",OKC @ LAL,L,41,6,14,0.429,3,4,0.75,1,1,1.0,0,8,8,5,0,1,0,2,16,-4,0
22008,201145,0020800757,"Feb 08, 2009",OKC vs. SAC,W,33,6,13,0.462,0,2,0.0,3,4,0.75,2,5,7,3,0,1,2,3,15,3,0
22008,201145,0020800739,"Feb 06, 2009",OKC vs. POR,W,44,9,18,0.5,1,2,0.5,1,2,0.5,3,6,9,1,2,0,1,5,20,8,0
22008,201145,0020800728,"Feb 04, 2009",OKC vs. DEN,L,42,10,14,0.714,3,4,0.75,1,1,1.0,0,5,5,3,1,1,3,3,24,6,0
22008,201145,0020800705,"Feb 01, 2009",OKC @ SAC,L,48,11,23,0.478,0,4,0.0,6,8,0.75,6,7,13,5,3,0,1,5,28,-2,0
22008,201145,0020800689,"Jan 30, 2009",OKC @ UTA,L,37,5,13,0.385,0,1,0.0,1,3,0.333,2,4,6,0,0,0,2,2,11,-15,0
22008,201145,0020800674,"Jan 28, 2009",OKC vs. MEM,W,42,9,16,0.563,5,6,0.833,0,1,0.0,3,6,9,4,1,1,3,4,23,8,0
22008,201145,0020800660,"Jan 26, 2009",OKC vs. NJN,W,26,4,10,0.4,2,3,0.667,3,3,1.0,1,5,6,1,1,0,3,2,13,23,0
22008,201145,0020800639,"Jan 23, 2009",OKC @ LAC,L,38,5,11,0.455,1,2,0.5,3,3,1.0,3,3,6,2,0,0,4,4,14,-4,0
22008,201145,0020800626,"Jan 21, 2009",OKC @ GSW,W,32,9,14,0.643,3,4,0.75,5,5,1.0,2,2,4,3,0,0,2,4,26,10,0
22008,201145,0020800600,"Jan 18, 2009",OKC vs. MIA,L,36,7,15,0.467,1,6,0.167,7,9,0.778,1,5,6,0,1,1,3,3,22,-15,0
22008,201145,0020800585,"Jan 16, 2009",OKC vs. DET,W,43,2,16,0.125,1,3,0.333,4,4,1.0,4,10,14,5,1,2,4,2,9,13,0
22008,201145,0020800572,"Jan 14, 2009",OKC vs. UTA,W,44,8,13,0.615,2,4,0.5,5,5,1.0,2,6,8,0,0,0,2,3,23,21,0
22008,201145,0020800555,"Jan 12, 2009",OKC @ NJN,L,48,4,15,0.267,1,2,0.5,6,6,1.0,2,8,10,1,1,3,3,1,15,-7,0
22008,201145,0020800542,"Jan 10, 2009",OKC @ CHI,W,42,4,17,0.235,0,5,0.0,6,8,0.75,2,10,12,0,1,0,3,5,14,12,0
22008,201145,0020800533,"Jan 09, 2009",OKC vs. HOU,L,30,5,12,0.417,1,2,0.5,0,0,0.0,3,3,6,0,0,0,3,4,11,13,0
22008,201145,0020800520,"Jan 07, 2009",OKC @ MIN,L,19,4,8,0.5,1,2,0.5,0,0,0.0,1,0,1,0,0,0,1,1,9,-31,0
22008,201145,0020800510,"Jan 06, 2009",OKC vs. NYK,W,36,8,16,0.5,3,6,0.5,8,11,0.727,0,7,7,1,2,0,3,1,27,18,0
22008,201145,0020800482,"Jan 02, 2009",OKC vs. DEN,L,41,8,13,0.615,2,3,0.667,0,0,0.0,0,4,4,2,1,1,2,4,18,-3,0
22008,201145,0020800471,"Dec 31, 2008",OKC vs. GSW,W,44,10,19,0.526,1,2,0.5,5,5,1.0,5,3,8,1,2,1,1,3,26,8,0
22008,201145,0020800454,"Dec 29, 2008",OKC vs. PHX,L,45,7,13,0.538,1,4,0.25,7,8,0.875,3,8,11,2,3,1,2,2,22,-3,0
22008,201145,0020800438,"Dec 27, 2008",OKC @ WAS,L,39,7,14,0.5,4,6,0.667,5,6,0.833,1,6,7,2,0,3,2,1,23,-20,0
22008,201145,0020800429,"Dec 26, 2008",OKC @ DET,L,41,4,14,0.286,1,3,0.333,2,4,0.5,1,5,6,4,1,0,2,2,11,6,0
22008,201145,0020800409,"Dec 23, 2008",OKC @ ATL,L,42,7,17,0.412,2,5,0.4,2,2,1.0,3,11,14,0,1,0,1,2,18,-6,0
22008,201145,0020800402,"Dec 21, 2008",OKC vs. CLE,L,36,7,15,0.467,2,7,0.286,0,0,0.0,4,6,10,1,1,0,2,2,16,-2,0
22008,201145,0020800386,"Dec 19, 2008",OKC vs. TOR,W,29,5,12,0.417,1,3,0.333,2,4,0.5,2,1,3,1,1,0,2,4,13,10,0
22008,201145,0020800362,"Dec 16, 2008",OKC vs. LAC,L,29,6,15,0.4,0,4,0.0,1,2,0.5,2,4,6,1,1,0,4,4,13,-17,0
22008,201145,0020800349,"Dec 14, 2008",OKC @ SAS,L,43,14,23,0.609,2,6,0.333,3,4,0.75,0,4,4,4,0,0,1,1,33,-1,0
22008,201145,0020800341,"Dec 13, 2008",OKC @ DAL,L,38,10,16,0.625,1,2,0.5,4,5,0.8,1,5,6,1,1,1,3,5,25,1,0
22008,201145,0020800317,"Dec 10, 2008",OKC vs. MEM,L,30,5,10,0.5,1,1,1.0,2,2,1.0,1,3,4,2,0,1,2,5,13,-15,0
22008,201145,0020800303,"Dec 08, 2008",OKC vs. GSW,L,36,4,13,0.308,0,5,0.0,1,4,0.25,1,3,4,3,2,1,3,4,9,-20,0
22008,201145,0020800288,"Dec 06, 2008",OKC @ MIA,L,43,8,16,0.5,2,6,0.333,3,4,0.75,0,9,9,4,1,1,1,1,21,-3,0
22008,201145,0020800276,"Dec 05, 2008",OKC @ ORL,L,37,4,7,0.571,0,2,0.0,1,2,0.5,0,7,7,3,0,0,5,3,9,-4,0
22008,201145,0020800264,"Dec 03, 2008",OKC @ CHA,L,39,7,9,0.778,2,4,0.5,2,4,0.5,0,6,6,3,1,1,1,1,18,-10,0
22008,201145,0020800240,"Nov 29, 2008",OKC @ MEM,W,32,6,12,0.5,2,4,0.5,8,8,1.0,1,1,2,2,2,0,1,4,22,7,0
22008,201145,0020800230,"Nov 28, 2008",OKC vs. MIN,L,40,8,13,0.615,4,6,0.667,2,4,0.5,0,4,4,4,3,0,1,2,22,0,0
22008,201145,0020800211,"Nov 26, 2008",OKC @ CLE,L,24,4,12,0.333,0,1,0.0,0,2,0.0,2,2,4,0,0,1,2,1,8,-31,0
22008,201145,0020800207,"Nov 25, 2008",OKC vs. PHX,L,37,4,12,0.333,0,1,0.0,5,5,1.0,1,5,6,2,2,1,4,1,13,5,0
22008,201145,0020800191,"Nov 22, 2008",OKC @ NOH,L,40,7,11,0.636,1,2,0.5,2,2,1.0,1,4,5,4,1,0,2,3,17,-16,0
22008,201145,0020800180,"Nov 21, 2008",OKC vs. NOH,L,29,0,6,0.0,0,2,0.0,3,4,0.75,0,5,5,2,1,0,2,1,3,-15,0
22008,201145,0020800165,"Nov 19, 2008",OKC vs. LAC,L,33,4,11,0.364,1,2,0.5,0,0,0.0,0,3,3,2,0,1,1,3,9,-22,0
22008,201145,0020800146,"Nov 17, 2008",OKC vs. HOU,L,41,5,14,0.357,2,3,0.667,4,6,0.667,1,4,5,1,0,1,0,2,16,-9,0
22008,201145,0020800134,"Nov 15, 2008",OKC @ PHI,L,34,10,15,0.667,1,3,0.333,0,0,0.0,0,3,3,4,3,1,1,1,21,-16,0
22008,201145,0020800124,"Nov 14, 2008",OKC @ NYK,L,34,7,17,0.412,0,2,0.0,2,2,1.0,1,7,8,4,2,0,4,5,16,-13,0
22008,201145,0020800113,"Nov 12, 2008",OKC vs. ORL,L,41,7,18,0.389,3,6,0.5,8,10,0.8,0,10,10,0,1,0,0,2,25,-14,0
22008,201145,0020800093,"Nov 10, 2008",OKC @ IND,L,33,5,14,0.357,2,4,0.5,2,2,1.0,4,3,7,1,0,0,1,1,14,-5,0
22008,201145,0020800089,"Nov 09, 2008",OKC vs. ATL,L,37,3,12,0.25,1,4,0.25,1,2,0.5,1,7,8,3,1,0,2,6,8,-6,0
22008,201145,0020800074,"Nov 07, 2008",OKC @ UTA,L,40,6,13,0.462,3,3,1.0,7,8,0.875,2,3,5,1,3,0,2,1,22,0,0
22008,201145,0020800059,"Nov 05, 2008",OKC vs. BOS,L,30,5,13,0.385,2,5,0.4,2,2,1.0,0,6,6,2,1,1,1,2,14,-6,0
22008,201145,0020800041,"Nov 02, 2008",OKC vs. MIN,W,36,6,14,0.429,1,1,1.0,0,2,0.0,0,6,6,3,0,1,2,3,13,-4,0
22008,201145,0020800035,"Nov 01, 2008",OKC @ HOU,L,35,4,9,0.444,0,0,0.0,2,3,0.667,0,6,6,2,1,1,2,2,10,-6,0
22008,201145,0020800010,"Oct 29, 2008",OKC vs. MIL,L,27,3,8,0.375,0,0,0.0,3,4,0.75,1,3,4,2,2,0,5,3,9,-20,0
22007,201145,0020701230,"Apr 16, 2008",SEA @ GSW,W,39,8,12,0.667,0,0,0.0,11,14,0.786,2,8,10,2,2,0,3,4,27,17,0
22007,201145,0020701202,"Apr 13, 2008",SEA vs. DAL,W,41,4,15,0.267,0,2,0.0,5,5,1.0,2,6,8,5,1,1,0,3,13,5,0
22007,201145,0020701185,"Apr 11, 2008",SEA @ SAS,L,30,4,11,0.364,0,1,0.0,2,2,1.0,0,2,2,1,1,0,3,2,10,-18,0
22007,201145,0020701171,"Apr 09, 2008",SEA @ HOU,L,32,3,13,0.231,0,1,0.0,0,0,0.0,0,2,2,0,0,0,1,2,6,-40,0
22007,201145,0020701160,"Apr 08, 2008",SEA @ DAL,L,36,5,13,0.385,0,2,0.0,1,2,0.5,2,6,8,1,2,0,0,2,11,-8,0
22007,201145,0020701151,"Apr 06, 2008",SEA vs. DEN,W,49,14,21,0.667,2,3,0.667,5,6,0.833,2,8,10,3,1,1,6,2,35,2,0
22007,201145,0020701136,"Apr 04, 2008",SEA vs. HOU,L,28,1,8,0.125,0,1,0.0,4,4,1.0,2,3,5,0,1,0,4,3,6,-10,0
22007,201145,0020701121,"Apr 02, 2008",SEA vs. LAC,L,40,8,25,0.32,0,3,0.0,1,2,0.5,2,3,5,1,0,1,0,4,17,-12,0
22007,201145,0020701097,"Mar 30, 2008",SEA vs. SAC,L,38,9,16,0.563,2,5,0.4,1,3,0.333,0,3,3,1,1,1,4,4,21,0,0
22007,201145,0020701083,"Mar 28, 2008",SEA vs. CHA,L,29,3,9,0.333,0,0,0.0,2,2,1.0,0,2,2,0,2,1,2,3,8,-11,0
22007,201145,0020701068,"Mar 26, 2008",SEA vs. WAS,L,41,4,13,0.308,0,1,0.0,5,6,0.833,1,2,3,2,2,1,2,3,13,-1,0
22007,201145,0020701050,"Mar 24, 2008",SEA vs. POR,W,42,5,17,0.294,2,4,0.5,4,4,1.0,1,5,6,2,0,1,2,1,16,13,0
22007,201145,0020701037,"Mar 22, 2008",SEA @ UTA,L,34,7,13,0.538,2,2,1.0,7,8,0.875,2,5,7,3,0,1,1,5,23,-19,0
22007,201145,0020701027,"Mar 21, 2008",SEA @ LAL,L,31,2,8,0.25,0,1,0.0,3,4,0.75,2,2,4,5,0,0,1,2,7,-21,0
22007,201145,0020701014,"Mar 19, 2008",SEA vs. PHX,L,35,7,11,0.636,1,2,0.5,4,4,1.0,1,1,2,3,2,2,3,1,19,-8,0
22007,201145,0020700989,"Mar 16, 2008",SEA @ DEN,L,30,4,12,0.333,0,0,0.0,0,0,0.0,0,1,1,4,1,0,3,3,8,-24,0
22007,201145,0020700975,"Mar 14, 2008",SEA vs. MIN,L,33,6,13,0.462,1,2,0.5,5,7,0.714,1,4,5,0,0,1,3,1,18,1,0
22007,201145,0020700954,"Mar 12, 2008",SEA @ BOS,L,23,2,8,0.25,0,1,0.0,2,2,1.0,1,3,4,1,0,1,0,2,6,-14,0
22007,201145,0020700947,"Mar 11, 2008",SEA @ IND,L,33,6,11,0.545,1,1,1.0,2,2,1.0,1,4,5,3,0,0,2,3,15,-9,0
22007,201145,0020700934,"Mar 09, 2008",SEA @ TOR,L,27,2,5,0.4,1,2,0.5,2,2,1.0,0,2,2,1,2,0,1,1,7,-6,0
22007,201145,0020700913,"Mar 07, 2008",SEA @ PHI,L,34,5,15,0.333,0,1,0.0,2,4,0.5,1,3,4,2,0,0,1,3,12,-18,0
22007,201145,0020700902,"Mar 05, 2008",SEA @ MIL,L,31,4,8,0.5,0,1,0.0,2,2,1.0,0,2,2,3,3,3,2,4,10,-10,0
22007,201145,0020700891,"Mar 04, 2008",SEA @ DET,L,36,6,14,0.429,2,4,0.5,1,1,1.0,0,2,2,1,1,0,1,4,15,6,0
22007,201145,0020700882,"Mar 02, 2008",SEA @ MIN,W,24,3,4,0.75,1,1,1.0,0,0,0.0,1,3,4,3,1,0,3,1,7,5,0
22007,201145,0020700869,"Feb 29, 2008",SEA vs. MIA,L,31,2,6,0.333,0,0,0.0,0,0,0.0,1,10,11,3,2,0,3,0,4,-8,0
22007,201145,0020700853,"Feb 27, 2008",SEA vs. DEN,L,33,4,15,0.267,1,6,0.167,6,6,1.0,1,1,2,1,0,0,0,2,15,-25,0
22007,201145,0020700844,"Feb 26, 2008",SEA @ GSW,L,42,10,21,0.476,0,0,0.0,1,1,1.0,2,7,9,1,1,0,4,1,21,1,0
22007,201145,0020700830,"Feb 24, 2008",SEA vs. LAL,L,34,6,9,0.667,0,0,0.0,3,5,0.6,3,5,8,0,0,1,4,2,15,-18,0
22007,201145,0020700815,"Feb 22, 2008",SEA vs. POR,W,29,3,7,0.429,0,0,0.0,2,2,1.0,1,8,9,1,0,1,2,3,8,13,0
22007,201145,0020700802,"Feb 21, 2008",SEA @ POR,L,38,5,10,0.5,0,1,0.0,3,7,0.429,3,6,9,0,0,0,1,4,13,-1,0
22007,201145,0020700788,"Feb 19, 2008",SEA vs. MEM,W,27,3,11,0.273,1,2,0.5,4,6,0.667,1,8,9,0,0,0,5,5,11,11,0
22007,201145,0020700776,"Feb 13, 2008",SEA vs. UTA,L,20,4,5,0.8,0,1,0.0,0,0,0.0,0,2,2,1,0,0,1,2,8,-8,0
22007,201145,0020700734,"Feb 08, 2008",SEA @ PHX,L,23,4,8,0.5,1,2,0.5,1,1,1.0,1,4,5,1,0,1,0,1,10,-3,0
22007,201145,0020700721,"Feb 06, 2008",SEA @ SAC,W,19,2,5,0.4,0,0,0.0,1,2,0.5,1,1,2,2,0,1,3,1,5,2,0
22007,201145,0020700677,"Jan 31, 2008",SEA vs. CLE,W,35,8,8,1.0,1,1,1.0,0,0,0.0,1,2,3,3,0,1,2,1,17,7,0
22007,201145,0020700663,"Jan 29, 2008",SEA vs. SAS,W,20,0,4,0.0,0,1,0.0,0,0,0.0,0,0,0,1,0,0,0,1,0,-13,0
22007,201145,0020700651,"Jan 27, 2008",SEA vs. SAC,L,23,3,6,0.5,0,2,0.0,0,0,0.0,0,3,3,1,1,2,1,3,6,-4,0
22007,201145,0020700637,"Jan 25, 2008",SEA vs. ATL,L,19,0,3,0.0,0,0,0.0,1,2,0.5,1,2,3,2,1,1,2,2,1,-18,0
22007,201145,0020700620,"Jan 23, 2008",SEA vs. HOU,L,19,1,3,0.333,0,0,0.0,2,2,1.0,0,0,0,2,0,1,0,3,4,-3,0
22007,201145,0020700600,"Jan 21, 2008",SEA @ HOU,L,35,7,17,0.412,0,1,0.0,1,3,0.333,2,2,4,4,0,0,4,4,15,2,0
22007,201145,0020700591,"Jan 19, 2008",SEA @ DAL,L,25,2,6,0.333,0,0,0.0,6,6,1.0,0,2,2,1,0,0,2,1,10,-22,0
22007,201145,0020700578,"Jan 18, 2008",SEA @ MEM,L,19,2,6,0.333,0,1,0.0,0,0,0.0,1,3,4,0,0,1,1,0,4,-27,0
22007,201145,0020700569,"Jan 16, 2008",SEA @ NOH,L,28,4,13,0.308,0,0,0.0,1,1,1.0,1,1,2,0,1,0,2,2,9,-22,0
22007,201145,0020700553,"Jan 14, 2008",SEA vs. LAL,L,36,6,12,0.5,0,2,0.0,2,2,1.0,2,5,7,3,0,0,1,3,14,5,0
22007,201145,0020700533,"Jan 11, 2008",SEA vs. DAL,L,34,3,8,0.375,0,0,0.0,0,0,0.0,2,3,5,0,0,3,2,4,6,-17,0
22007,201145,0020700512,"Jan 09, 2008",SEA @ NJN,L,24,1,4,0.25,0,0,0.0,3,4,0.75,0,3,3,3,1,1,2,2,5,-4,0
22007,201145,0020700503,"Jan 08, 2008",SEA @ CLE,L,23,2,7,0.286,0,1,0.0,2,3,0.667,0,1,1,1,0,0,2,2,6,-4,0
22007,201145,0020700491,"Jan 06, 2008",SEA @ WAS,L,34,4,13,0.308,0,0,0.0,0,0,0.0,2,3,5,1,0,0,5,5,8,-10,0
22007,201145,0020700471,"Jan 03, 2008",SEA @ PHX,L,40,5,12,0.417,0,0,0.0,4,5,0.8,2,3,5,1,2,1,4,3,14,-13,0
22007,201145,0020700456,"Dec 31, 2007",SEA vs. PHI,L,38,7,12,0.583,1,2,0.5,1,2,0.5,1,1,2,6,0,1,3,3,16,-9,0
22007,201145,0020700442,"Dec 29, 2007",SEA vs. MIN,W,36,8,14,0.571,0,0,0.0,2,5,0.4,1,4,5,1,0,3,3,3,18,15,0
22007,201145,0020700421,"Dec 27, 2007",SEA vs. BOS,L,15,1,2,0.5,0,0,0.0,2,4,0.5,0,3,3,0,1,2,3,1,4,-5,0
22007,201145,0020700407,"Dec 25, 2007",SEA @ POR,L,21,2,3,0.667,0,0,0.0,1,3,0.333,1,4,5,2,0,0,1,4,5,-4,0
22007,201145,0020700390,"Dec 21, 2007",SEA vs. TOR,W,18,3,4,0.75,0,0,0.0,4,4,1.0,1,3,4,2,0,1,1,4,10,1,0
22007,201145,0020700377,"Dec 19, 2007",SEA vs. NOH,L,27,2,6,0.333,0,0,0.0,0,0,0.0,2,4,6,5,2,2,2,1,4,5,0
22007,201145,0020700349,"Dec 15, 2007",SEA @ UTA,L,21,0,5,0.0,0,0,0.0,2,2,1.0,2,3,5,1,1,2,2,2,2,3,0
22007,201145,0020700334,"Dec 14, 2007",SEA @ MIN,W,23,3,6,0.5,0,1,0.0,0,0,0.0,2,5,7,0,0,0,1,2,6,-3,0
22007,201145,0020700319,"Dec 12, 2007",SEA @ NYK,W,28,7,14,0.5,0,0,0.0,3,6,0.5,1,4,5,3,0,1,0,1,17,11,0
22007,201145,0020700311,"Dec 11, 2007",SEA @ CHI,L,28,2,5,0.4,0,1,0.0,1,4,0.25,1,5,6,4,2,0,3,1,5,-21,0
22007,201145,0020700299,"Dec 09, 2007",SEA @ NOH,L,12,2,5,0.4,0,0,0.0,2,2,1.0,0,3,3,0,0,1,3,3,6,-3,0
22007,201145,0020700286,"Dec 07, 2007",SEA vs. MIL,W,15,1,4,0.25,0,0,0.0,2,2,1.0,0,2,2,0,0,0,1,2,4,-6,0
22007,201145,0020700272,"Dec 05, 2007",SEA vs. LAC,W,15,1,2,0.5,0,0,0.0,2,2,1.0,0,3,3,2,0,0,3,1,4,3,0
22007,201145,0020700248,"Dec 02, 2007",SEA vs. GSW,L,28,5,12,0.417,0,1,0.0,3,7,0.429,3,5,8,1,0,0,2,2,13,3,0
22007,201145,0020700234,"Nov 30, 2007",SEA vs. IND,W,23,6,11,0.545,0,0,0.0,0,0,0.0,1,4,5,0,1,0,3,3,12,-9,0
22007,201145,0020700220,"Nov 28, 2007",SEA vs. ORL,L,26,3,10,0.3,0,2,0.0,3,4,0.75,3,1,4,0,0,0,1,4,9,-21,0
22007,201145,0020700210,"Nov 27, 2007",SEA @ LAL,L,32,3,9,0.333,0,1,0.0,1,2,0.5,3,3,6,2,0,0,3,4,7,-4,0
22007,201145,0020700195,"Nov 25, 2007",SEA vs. SAS,L,20,2,6,0.333,0,0,0.0,2,2,1.0,1,1,2,2,0,0,0,2,6,-10,0
22007,201145,0020700181,"Nov 23, 2007",SEA vs. NJN,L,33,6,10,0.6,1,1,1.0,1,1,1.0,4,10,14,1,0,0,4,5,14,6,0
22007,201145,0020700146,"Nov 19, 2007",SEA @ MEM,L,31,4,12,0.333,0,0,0.0,3,4,0.75,8,6,14,1,1,0,1,3,11,-27,0
22007,201145,0020700132,"Nov 17, 2007",SEA @ CHA,L,24,5,9,0.556,0,0,0.0,1,2,0.5,2,3,5,1,0,0,0,4,11,-11,0
22007,201145,0020700123,"Nov 16, 2007",SEA @ ATL,W,21,2,9,0.222,0,0,0.0,0,0,0.0,1,3,4,1,0,1,0,3,4,-17,0
22007,201145,0020700109,"Nov 14, 2007",SEA @ MIA,W,19,3,4,0.75,0,0,0.0,0,0,0.0,2,2,4,1,0,1,3,3,6,-7,0
22007,201145,0020700097,"Nov 13, 2007",SEA @ ORL,L,28,5,11,0.455,0,1,0.0,2,3,0.667,2,5,7,1,3,1,1,2,12,-18,0
22007,201145,0020700091,"Nov 11, 2007",SEA vs. DET,L,25,5,10,0.5,0,0,0.0,7,7,1.0,2,6,8,1,0,1,0,1,17,19,0
22007,201145,0020700078,"Nov 09, 2007",SEA vs. UTA,L,29,7,12,0.583,0,1,0.0,5,9,0.556,1,3,4,0,1,0,3,4,19,-5,0
22007,201145,0020700061,"Nov 07, 2007",SEA vs. MEM,L,16,3,5,0.6,0,1,0.0,2,2,1.0,2,3,5,0,0,0,0,2,8,-11,0
22007,201145,0020700051,"Nov 06, 2007",SEA @ SAC,L,10,1,2,0.5,0,0,0.0,0,0,0.0,0,1,1,0,0,0,3,2,2,-4,0
22007,201145,0020700036,"Nov 04, 2007",SEA @ LAC,L,23,4,7,0.571,0,0,0.0,6,6,1.0,2,5,7,0,0,1,4,4,14,-14,0
22007,201145,0020700014,"Nov 01, 2007",SEA vs. PHX,L,21,3,12,0.25,0,2,0.0,2,2,1.0,0,4,4,1,1,0,1,1,8,-5,0
22007,201145,0020700011,"Oct 31, 2007",SEA @ DEN,L,19,1,2,0.5,0,0,0.0,3,7,0.429,0,2,2,0,1,1,2,1,5,-1,0
