SEASON_ID,Player_ID,Game_ID,GAME_DATE,MATCHUP,WL,MIN,FGM,FGA,FG_PCT,FG3M,FG3A,FG3_PCT,FTM,FTA,FT_PCT,OREB,DREB,REB,AST,STL,BLK,TOV,PF,PTS,PLUS_MINUS,VIDEO_AVAILABLE
22025,201567,0022501004,"Mar 18, 2026",UTA @ MIN,L,15,1,6,0.167,1,5,0.2,2,2,1.0,2,2,4,1,0,0,1,2,5,-4,1
22025,201567,0022500949,"Mar 11, 2026",UTA vs. NYK,L,10,2,4,0.5,2,3,0.667,0,0,0.0,1,5,6,2,1,0,1,0,6,13,1
22025,201567,0022500934,"Mar 09, 2026",UTA vs. GSW,W,15,3,4,0.75,3,3,1.0,3,3,1.0,1,7,8,1,1,0,0,0,12,6,1
22025,201567,0022500919,"Mar 07, 2026",UTA @ MIL,L,14,1,3,0.333,1,3,0.333,0,0,0.0,1,5,6,0,0,0,1,1,3,-8,1
22025,201567,0022500867,"Feb 28, 2026",UTA vs. NOP,L,9,1,4,0.25,1,4,0.25,0,0,0.0,0,2,2,2,1,0,0,1,3,-6,1
22025,201567,0022500856,"Feb 26, 2026",UTA vs. NOP,L,20,2,5,0.4,1,3,0.333,1,1,1.0,0,8,8,4,2,0,3,3,6,1,1
22025,201567,0022500830,"Feb 23, 2026",UTA @ HOU,L,24,2,8,0.25,1,6,0.167,0,0,0.0,2,7,9,5,0,1,0,0,5,4,1
22025,201567,0022500804,"Feb 20, 2026",UTA @ MEM,L,5,2,2,1.0,2,2,1.0,0,1,0.0,0,1,1,2,0,0,0,0,6,5,1
22025,201567,0022500786,"Feb 11, 2026",UTA vs. SAC,W,16,2,5,0.4,1,3,0.333,0,0,0.0,0,9,9,1,0,0,2,0,5,24,1
22025,201567,0022500750,"Feb 07, 2026",UTA @ ORL,L,12,3,3,1.0,3,3,1.0,4,4,1.0,2,4,6,0,0,0,0,0,13,7,1
22025,201567,0022500706,"Feb 01, 2026",UTA @ TOR,L,15,2,7,0.286,0,3,0.0,0,0,0.0,3,2,5,2,0,0,1,1,4,0,1
22025,201567,0022500670,"Jan 27, 2026",UTA vs. LAC,L,24,1,5,0.2,1,4,0.25,0,0,0.0,1,10,11,1,1,0,1,2,3,-20,1
22025,201567,0022500632,"Jan 22, 2026",UTA vs. SAS,L,13,2,3,0.667,1,1,1.0,0,0,0.0,0,4,4,1,0,1,1,1,5,4,1
22025,201567,0022500611,"Jan 19, 2026",UTA @ SAS,L,21,1,6,0.167,1,3,0.333,3,3,1.0,6,5,11,2,1,0,2,0,6,-4,1
22025,201567,0022500558,"Jan 12, 2026",UTA @ CLE,W,18,4,6,0.667,3,5,0.6,0,0,0.0,0,3,3,2,0,0,2,1,11,-2,1
22025,201567,0022500547,"Jan 10, 2026",UTA vs. CHA,L,15,1,5,0.2,0,2,0.0,0,0,0.0,3,2,5,0,0,0,1,1,2,-26,1
22025,201567,0022500531,"Jan 08, 2026",UTA vs. DAL,W,24,3,11,0.273,1,6,0.167,3,3,1.0,2,8,10,2,0,0,0,1,10,13,1
22025,201567,0022500492,"Jan 03, 2026",UTA @ GSW,L,24,2,6,0.333,1,4,0.25,0,0,0.0,1,9,10,5,0,0,1,1,5,-4,1
22025,201567,0022500430,"Dec 26, 2025",UTA vs. DET,W,16,3,7,0.429,3,5,0.6,5,5,1.0,2,3,5,3,1,1,1,2,14,-11,1
22025,201567,0022500419,"Dec 23, 2025",UTA vs. MEM,L,29,2,9,0.222,2,9,0.222,0,0,0.0,0,6,6,3,0,0,1,3,6,-3,1
22025,201567,0022500393,"Dec 20, 2025",UTA vs. ORL,L,32,6,12,0.5,4,7,0.571,0,1,0.0,7,9,16,1,1,1,0,5,16,4,1
22025,201567,0022500379,"Dec 18, 2025",UTA vs. LAL,L,16,1,5,0.2,1,5,0.2,2,3,0.667,0,2,2,1,0,0,0,3,5,-6,1
22025,201567,0022501213,"Dec 12, 2025",UTA @ MEM,W,20,8,15,0.533,4,10,0.4,0,0,0.0,3,5,8,1,1,0,0,3,20,6,1
22025,201567,0022500363,"Dec 07, 2025",UTA vs. OKC,L,16,0,3,0.0,0,2,0.0,0,0,0.0,1,1,2,2,0,0,1,1,0,-21,1
22025,201567,0022500343,"Dec 05, 2025",UTA @ NYK,L,17,2,5,0.4,2,4,0.5,1,2,0.5,1,1,2,1,1,0,0,2,7,-19,1
22025,201567,0022500316,"Dec 01, 2025",UTA vs. HOU,W,15,4,7,0.571,1,4,0.25,2,2,1.0,2,3,5,1,1,0,0,2,11,4,1
22025,201567,0022500077,"Nov 28, 2025",UTA vs. SAC,W,17,3,5,0.6,2,3,0.667,1,2,0.5,4,3,7,1,1,1,0,1,9,8,1
22025,201567,0022500282,"Nov 23, 2025",UTA vs. LAL,L,13,2,5,0.4,0,2,0.0,0,0,0.0,3,6,9,2,1,0,2,2,4,-7,1
22025,201567,0022500055,"Nov 21, 2025",UTA vs. OKC,L,13,4,6,0.667,4,5,0.8,0,0,0.0,1,0,1,0,0,1,1,5,12,-9,1
22025,201567,0022500253,"Nov 18, 2025",UTA @ LAL,L,14,0,2,0.0,0,2,0.0,0,0,0.0,1,3,4,0,0,1,0,2,0,-8,1
22025,201567,0022500240,"Nov 16, 2025",UTA vs. CHI,W,18,3,8,0.375,2,6,0.333,2,2,1.0,1,7,8,2,0,1,0,0,10,0,1
22025,201567,0022500227,"Nov 13, 2025",UTA vs. ATL,L,15,1,3,0.333,1,3,0.333,0,0,0.0,0,3,3,4,0,0,2,2,3,-2,1
22025,201567,0022500205,"Nov 10, 2025",UTA vs. MIN,L,17,3,6,0.5,2,5,0.4,2,2,1.0,0,3,3,1,0,1,1,2,10,1,1
22025,201567,0022500036,"Nov 07, 2025",UTA @ MIN,L,3,0,0,0.0,0,0,0.0,0,0,0.0,0,1,1,0,0,0,0,0,0,-6,1
22025,201567,0022500172,"Nov 05, 2025",UTA @ DET,L,14,0,3,0.0,0,3,0.0,3,4,0.75,1,2,3,3,0,0,0,2,3,-10,1
22025,201567,0022500158,"Nov 03, 2025",UTA @ BOS,W,17,2,3,0.667,1,2,0.5,0,0,0.0,1,6,7,3,0,0,2,1,5,1,1
22025,201567,0022500150,"Nov 02, 2025",UTA @ CHA,L,14,0,2,0.0,0,2,0.0,3,4,0.75,2,3,5,5,0,0,2,1,3,-5,1
22024,201567,0022401015,"Mar 21, 2025",MIA vs. HOU,L,6,0,0,0.0,0,0,0.0,0,0,0.0,0,0,0,0,0,0,0,1,0,-4,1
22024,201567,0022400907,"Mar 07, 2025",MIA vs. MIN,L,10,2,4,0.5,2,3,0.667,0,0,0.0,1,1,2,1,0,0,0,1,6,-11,1
22024,201567,0022400893,"Mar 05, 2025",MIA @ CLE,L,16,3,8,0.375,1,4,0.25,3,4,0.75,3,3,6,1,1,2,1,2,10,-3,1
22024,201567,0022400877,"Mar 03, 2025",MIA vs. WAS,W,12,1,4,0.25,0,2,0.0,0,0,0.0,1,8,9,1,0,0,0,0,2,-4,1
22024,201567,0022400721,"Feb 05, 2025",MIA @ PHI,W,7,0,0,0.0,0,0,0.0,0,0,0.0,0,2,2,0,0,0,0,1,0,-1,1
22024,201567,0022400652,"Jan 27, 2025",MIA vs. ORL,W,2,0,0,0.0,0,0,0.0,0,0,0.0,0,0,0,0,0,0,0,0,0,-1,1
22024,201567,0022400553,"Jan 13, 2025",MIA @ LAC,L,15,3,8,0.375,3,8,0.375,0,0,0.0,0,3,3,0,1,0,0,2,9,3,1
22024,201567,0022400439,"Dec 29, 2024",MIA @ HOU,W,14,1,7,0.143,0,1,0.0,3,4,0.75,3,3,6,1,0,0,1,1,5,-13,1
22024,201567,0022400375,"Dec 20, 2024",MIA vs. OKC,L,3,0,0,0.0,0,0,0.0,0,0,0.0,0,0,0,0,0,0,1,0,0,-8,1
22024,201567,0022401221,"Dec 16, 2024",MIA @ DET,L,12,2,5,0.4,0,2,0.0,0,0,0.0,0,5,5,1,0,0,2,2,4,9,1
22024,201567,0022401206,"Dec 12, 2024",MIA vs. TOR,W,9,2,4,0.5,1,2,0.5,1,2,0.5,1,2,3,1,0,0,1,1,6,3,1
22024,201567,0022400351,"Dec 08, 2024",MIA vs. CLE,W,5,0,1,0.0,0,1,0.0,0,0,0.0,0,0,0,0,0,0,0,0,0,-11,1
22024,201567,0022400346,"Dec 07, 2024",MIA vs. PHX,W,14,3,10,0.3,2,6,0.333,3,4,0.75,1,3,4,2,0,0,1,0,11,-12,1
22024,201567,0022400321,"Dec 04, 2024",MIA vs. LAL,W,15,4,7,0.571,2,5,0.4,0,0,0.0,1,3,4,5,1,1,1,2,10,11,1
22024,201567,0022400309,"Dec 01, 2024",MIA @ TOR,L,10,1,5,0.2,0,2,0.0,3,4,0.75,4,1,5,1,0,0,0,4,5,-17,1
22024,201567,0022400046,"Nov 29, 2024",MIA vs. TOR,W,13,3,6,0.5,2,4,0.5,0,0,0.0,0,2,2,2,2,0,2,0,8,10,1
22024,201567,0022400036,"Nov 26, 2024",MIA vs. MIL,L,7,0,5,0.0,0,2,0.0,2,2,1.0,1,3,4,0,1,0,0,0,2,0,1
22024,201567,0022400273,"Nov 24, 2024",MIA vs. DAL,W,19,3,10,0.3,3,7,0.429,0,2,0.0,2,9,11,1,1,1,2,2,9,10,1
22024,201567,0022400245,"Nov 18, 2024",MIA vs. PHI,W,15,1,6,0.167,1,3,0.333,0,0,0.0,1,6,7,1,2,0,1,0,3,6,1
22024,201567,0022400235,"Nov 17, 2024",MIA @ IND,L,12,3,6,0.5,2,3,0.667,0,0,0.0,0,6,6,0,0,0,1,0,8,-12,1
22024,201567,0022400009,"Nov 15, 2024",MIA @ IND,W,12,6,8,0.75,3,4,0.75,0,0,0.0,1,6,7,2,4,0,0,2,15,16,1
22024,201567,0022400002,"Nov 12, 2024",MIA @ DET,L,10,1,4,0.25,1,4,0.25,0,0,0.0,0,2,2,0,0,0,0,0,3,-6,1
22024,201567,0022400206,"Nov 10, 2024",MIA @ MIN,W,13,2,7,0.286,1,4,0.25,1,1,1.0,2,4,6,2,2,0,0,0,6,10,1
22023,201567,0022301189,"Apr 14, 2024",MIA vs. TOR,W,3,0,1,0.0,0,1,0.0,0,0,0.0,0,0,0,0,0,0,0,0,0,-1,1
22023,201567,0022301176,"Apr 12, 2024",MIA vs. TOR,W,18,5,13,0.385,2,8,0.25,2,2,1.0,1,7,8,2,1,0,0,1,14,13,1
22023,201567,0022301161,"Apr 10, 2024",MIA vs. DAL,L,18,6,9,0.667,4,5,0.8,0,0,0.0,1,10,11,0,0,0,2,3,16,-1,1
22023,201567,0022301147,"Apr 09, 2024",MIA @ ATL,W,6,1,4,0.25,1,3,0.333,0,0,0.0,1,2,3,0,0,0,2,1,3,-2,1
22023,201567,0022301133,"Apr 07, 2024",MIA @ IND,L,7,1,4,0.25,0,1,0.0,0,0,0.0,0,0,0,1,0,0,2,1,2,-7,1
22023,201567,0022301120,"Apr 05, 2024",MIA @ HOU,W,15,3,5,0.6,0,1,0.0,0,0,0.0,2,3,5,0,1,0,1,3,6,2,1
22023,201567,0022301111,"Apr 04, 2024",MIA vs. PHI,L,19,5,10,0.5,1,6,0.167,0,0,0.0,4,12,16,4,0,0,2,2,11,25,1
22023,201567,0022301096,"Apr 02, 2024",MIA vs. NYK,W,16,2,8,0.25,2,7,0.286,2,2,1.0,0,3,3,3,0,1,1,1,8,-3,1
22023,201567,0022300842,"Feb 27, 2024",MIA @ POR,W,14,3,6,0.5,2,5,0.4,0,0,0.0,1,1,2,2,0,1,2,2,8,6,1
22023,201567,0022300831,"Feb 26, 2024",MIA @ SAC,W,15,6,9,0.667,2,3,0.667,5,6,0.833,1,6,7,1,0,0,1,1,19,10,1
22023,201567,0022300810,"Feb 23, 2024",MIA @ NOP,W,17,1,6,0.167,1,5,0.2,0,0,0.0,2,6,8,1,0,1,0,5,3,3,1
22023,201567,0022300779,"Feb 14, 2024",MIA @ PHI,W,12,1,2,0.5,0,1,0.0,0,0,0.0,1,5,6,1,0,0,0,1,2,3,1
22023,201567,0022300773,"Feb 13, 2024",MIA @ MIL,W,23,6,8,0.75,5,7,0.714,2,4,0.5,0,8,8,3,2,0,1,2,19,13,1
22023,201567,0022300759,"Feb 11, 2024",MIA vs. BOS,L,15,2,6,0.333,1,4,0.25,0,0,0.0,1,6,7,2,0,0,1,0,5,-10,1
22023,201567,0022300730,"Feb 07, 2024",MIA vs. SAS,W,17,2,7,0.286,2,6,0.333,0,0,0.0,0,6,6,0,1,1,1,3,6,0,1
22023,201567,0022300721,"Feb 06, 2024",MIA vs. ORL,W,15,3,9,0.333,1,7,0.143,0,0,0.0,3,1,4,4,0,0,1,4,7,-8,1
22023,201567,0022300708,"Feb 04, 2024",MIA vs. LAC,L,15,2,4,0.5,2,4,0.5,0,0,0.0,0,7,7,3,0,0,2,1,6,-2,1
22023,201567,0022300689,"Feb 02, 2024",MIA @ WAS,W,15,4,5,0.8,2,3,0.667,3,4,0.75,1,9,10,2,0,0,1,1,13,16,1
22023,201567,0022300678,"Jan 31, 2024",MIA vs. SAC,W,14,2,4,0.5,2,3,0.667,2,2,1.0,1,2,3,3,0,0,0,0,8,10,1
22023,201567,0022300661,"Jan 29, 2024",MIA vs. PHX,L,13,0,4,0.0,0,4,0.0,4,4,1.0,0,2,2,0,0,1,1,2,4,-16,1
22023,201567,0022300643,"Jan 27, 2024",MIA @ NYK,L,14,1,2,0.5,0,1,0.0,0,0,0.0,0,2,2,2,0,0,0,0,2,-3,1
22023,201567,0022300621,"Jan 24, 2024",MIA vs. MEM,L,5,0,3,0.0,0,2,0.0,0,0,0.0,0,1,1,0,0,0,0,0,0,-7,1
22023,201567,0022300601,"Jan 21, 2024",MIA @ ORL,L,14,3,6,0.5,2,5,0.4,1,2,0.5,3,3,6,0,0,0,1,4,9,-3,1
22023,201567,0022300587,"Jan 19, 2024",MIA vs. ATL,L,12,0,5,0.0,0,3,0.0,0,0,0.0,1,4,5,1,1,0,3,1,0,-11,1
22023,201567,0022300535,"Jan 12, 2024",MIA vs. ORL,W,16,2,6,0.333,1,4,0.25,0,1,0.0,1,2,3,1,1,0,1,3,5,-3,1
22023,201567,0022300522,"Jan 10, 2024",MIA vs. OKC,L,20,3,6,0.5,0,2,0.0,6,6,1.0,1,4,5,2,0,0,1,0,12,-14,1
22023,201567,0022300509,"Jan 08, 2024",MIA vs. HOU,W,23,4,7,0.571,1,3,0.333,6,7,0.857,3,4,7,4,1,0,1,2,15,5,1
22023,201567,0022300489,"Jan 05, 2024",MIA @ PHX,L,20,6,9,0.667,3,6,0.5,5,6,0.833,3,4,7,2,0,0,2,4,20,-3,1
22023,201567,0022300475,"Jan 03, 2024",MIA @ LAL,W,28,4,7,0.571,0,1,0.0,2,6,0.333,3,11,14,3,1,1,0,3,10,11,1
22023,201567,0022300458,"Jan 01, 2024",MIA @ LAC,L,23,7,11,0.636,1,5,0.2,2,2,1.0,2,2,4,3,0,2,1,2,17,5,1
22023,201567,0022300439,"Dec 30, 2023",MIA @ UTA,L,20,4,11,0.364,2,8,0.25,2,4,0.5,2,4,6,2,0,0,1,1,12,-7,1
22023,201567,0022300426,"Dec 28, 2023",MIA @ GSW,W,13,2,5,0.4,1,3,0.333,3,3,1.0,0,7,7,4,0,0,1,1,8,2,1
22023,201567,0022300404,"Dec 25, 2023",MIA vs. PHI,W,16,2,3,0.667,1,2,0.5,3,4,0.75,1,9,10,5,0,0,1,0,8,8,1
22023,201567,0022300384,"Dec 22, 2023",MIA vs. ATL,W,10,1,4,0.25,1,4,0.25,3,4,0.75,0,0,0,1,0,0,0,3,6,-1,1
22023,201567,0022300353,"Dec 18, 2023",MIA vs. MIN,L,24,3,7,0.429,3,7,0.429,0,0,0.0,0,10,10,4,1,0,0,2,9,1,1
22023,201567,0022300337,"Dec 16, 2023",MIA vs. CHI,W,26,8,12,0.667,6,10,0.6,0,0,0.0,1,6,7,1,1,0,1,2,22,19,1
22023,201567,0022300320,"Dec 14, 2023",MIA vs. CHI,L,22,5,12,0.417,3,8,0.375,3,4,0.75,1,8,9,4,1,0,2,1,16,5,1
22023,201567,0022300312,"Dec 13, 2023",MIA vs. CHA,W,20,1,9,0.111,0,6,0.0,1,2,0.5,0,8,8,1,2,1,2,1,3,10,1
22023,201567,0022300292,"Dec 11, 2023",MIA @ CHA,W,21,7,11,0.636,4,8,0.5,1,1,1.0,1,5,6,1,1,0,0,1,19,8,1
22023,201567,0022301220,"Dec 08, 2023",MIA vs. CLE,L,28,5,9,0.556,4,8,0.5,0,0,0.0,0,12,12,3,1,1,1,3,14,6,1
22023,201567,0022301207,"Dec 06, 2023",MIA @ TOR,W,15,2,5,0.4,1,4,0.25,3,3,1.0,1,1,2,4,0,0,0,2,8,-18,1
22023,201567,0022300284,"Dec 02, 2023",MIA vs. IND,L,19,4,6,0.667,3,5,0.6,3,3,1.0,0,1,1,5,0,0,0,4,14,-9,1
22023,201567,0022300267,"Nov 30, 2023",MIA vs. IND,W,17,1,1,1.0,0,0,0.0,3,4,0.75,1,7,8,6,1,0,0,2,5,10,1
22023,201567,0022300056,"Nov 28, 2023",MIA vs. MIL,L,26,2,11,0.182,2,5,0.4,0,0,0.0,4,6,10,4,0,0,0,2,6,-4,1
22023,201567,0022300240,"Nov 25, 2023",MIA @ BKN,L,17,3,4,0.75,0,0,0.0,2,2,1.0,3,7,10,2,0,0,1,2,8,9,1
22023,201567,0022300045,"Nov 24, 2023",MIA @ NYK,L,18,2,7,0.286,1,6,0.167,2,2,1.0,1,5,6,1,0,0,2,1,7,-1,1
22023,201567,0022300220,"Nov 20, 2023",MIA @ CHI,W,15,4,6,0.667,3,5,0.6,0,0,0.0,0,8,8,1,0,0,1,2,11,17,1
22023,201567,0022300204,"Nov 18, 2023",MIA @ CHI,L,12,2,7,0.286,1,6,0.167,0,2,0.0,1,5,6,2,0,0,0,2,5,-4,1
22023,201567,0022300200,"Nov 16, 2023",MIA vs. BKN,W,16,2,4,0.5,1,3,0.333,2,2,1.0,1,8,9,4,0,0,0,2,7,16,1
22023,201567,0022300017,"Nov 14, 2023",MIA @ CHA,W,14,0,5,0.0,0,5,0.0,3,4,0.75,0,3,3,1,0,0,0,1,3,2,1
22023,201567,0022300184,"Nov 12, 2023",MIA @ SAS,W,14,3,8,0.375,2,7,0.286,4,4,1.0,0,2,2,0,0,0,0,2,12,-6,1
22023,201567,0022300175,"Nov 11, 2023",MIA @ ATL,W,14,2,4,0.5,1,3,0.333,2,2,1.0,0,4,4,2,0,0,1,0,7,10,1
22023,201567,0022300107,"Oct 30, 2023",MIA @ MIL,L,18,1,6,0.167,1,5,0.2,0,0,0.0,0,5,5,3,0,0,2,1,3,-10,1
22023,201567,0022300080,"Oct 27, 2023",MIA @ BOS,L,21,3,7,0.429,2,4,0.5,1,2,0.5,2,7,9,2,1,0,0,1,9,13,1
22023,201567,0022300068,"Oct 25, 2023",MIA vs. DET,W,28,4,9,0.444,3,6,0.5,2,2,1.0,2,8,10,2,0,0,1,5,13,5,1
22022,201567,0022201219,"Apr 09, 2023",MIA vs. ORL,W,9,3,5,0.6,2,4,0.5,0,0,0.0,0,5,5,0,0,0,0,0,8,1,1
22022,201567,0022201198,"Apr 06, 2023",MIA @ PHI,W,19,2,7,0.286,2,6,0.333,1,2,0.5,1,5,6,4,0,0,3,1,7,22,1
22022,201567,0022201177,"Apr 04, 2023",MIA @ DET,W,17,3,7,0.429,1,4,0.25,0,0,0.0,1,3,4,2,0,1,0,2,7,7,1
22022,201567,0022201161,"Apr 01, 2023",MIA vs. DAL,W,19,5,9,0.556,2,5,0.4,6,6,1.0,1,4,5,1,1,0,2,2,18,8,1
22022,201567,0022201138,"Mar 29, 2023",MIA @ NYK,L,16,2,8,0.25,1,7,0.143,0,0,0.0,0,4,4,2,1,0,0,1,5,5,1
22022,201567,0022201132,"Mar 28, 2023",MIA @ TOR,L,20,1,5,0.2,1,4,0.25,0,0,0.0,0,5,5,1,1,1,0,1,3,-12,1
22022,201567,0022201108,"Mar 25, 2023",MIA vs. BKN,L,19,2,4,0.5,1,1,1.0,0,0,0.0,1,2,3,2,0,0,0,2,5,-12,1
22022,201567,0022201084,"Mar 22, 2023",MIA vs. NYK,W,23,2,6,0.333,2,6,0.333,0,0,0.0,0,4,4,4,1,0,1,3,6,9,1
22022,201567,0022201066,"Mar 19, 2023",MIA @ DET,W,24,4,9,0.444,2,6,0.333,2,2,1.0,2,6,8,2,0,0,2,3,12,-8,1
22022,201567,0022201060,"Mar 18, 2023",MIA @ CHI,L,20,2,7,0.286,2,7,0.286,0,0,0.0,0,3,3,3,0,0,2,0,6,2,1
22022,201567,0022201036,"Mar 15, 2023",MIA vs. MEM,W,18,3,7,0.429,3,7,0.429,1,2,0.5,0,6,6,3,0,0,2,2,10,3,1
22022,201567,0022201022,"Mar 13, 2023",MIA vs. UTA,W,21,4,8,0.5,2,5,0.4,1,2,0.5,0,3,3,0,0,0,1,0,11,10,1
22022,201567,0022201007,"Mar 11, 2023",MIA @ ORL,L,17,0,1,0.0,0,1,0.0,4,4,1.0,0,4,4,2,1,0,1,1,4,-4,1
22022,201567,0022201000,"Mar 10, 2023",MIA vs. CLE,W,21,2,8,0.25,1,5,0.2,2,2,1.0,4,3,7,1,0,1,2,0,7,-11,1
22022,201567,0022200987,"Mar 08, 2023",MIA vs. CLE,L,21,4,7,0.571,0,2,0.0,0,0,0.0,2,6,8,2,1,0,3,1,8,-2,1
22022,201567,0022200958,"Mar 04, 2023",MIA vs. ATL,W,18,2,7,0.286,2,7,0.286,0,0,0.0,0,5,5,1,1,0,1,2,6,2,1
22022,201567,0022200949,"Mar 03, 2023",MIA vs. NYK,L,23,3,6,0.5,1,3,0.333,2,2,1.0,2,6,8,1,0,0,1,2,9,13,1
22022,201567,0022200936,"Mar 01, 2023",MIA vs. PHI,L,24,3,5,0.6,0,2,0.0,3,4,0.75,0,5,5,1,0,0,1,3,9,-5,1
22022,201567,0022200920,"Feb 27, 2023",MIA @ PHI,W,21,3,8,0.375,2,6,0.333,0,0,0.0,2,3,5,2,1,0,1,3,8,1,1
22022,201567,0022200904,"Feb 25, 2023",MIA @ CHA,L,26,4,11,0.364,3,9,0.333,2,2,1.0,0,13,13,2,0,1,0,1,13,6,1
22022,201567,0022200897,"Feb 24, 2023",MIA @ MIL,L,22,0,4,0.0,0,4,0.0,0,0,0.0,1,7,8,4,1,1,0,2,0,-9,1
22022,201567,0022200715,"Jan 24, 2023",CLE @ NYK,L,12,0,1,0.0,0,1,0.0,0,0,0.0,0,0,0,1,0,0,0,0,0,-20,1
22022,201567,0022200695,"Jan 21, 2023",CLE vs. MIL,W,18,2,3,0.667,1,2,0.5,0,0,0.0,1,6,7,0,0,0,0,0,5,2,1
22022,201567,0022200685,"Jan 20, 2023",CLE vs. GSW,L,21,4,6,0.667,3,4,0.75,1,1,1.0,1,3,4,2,0,0,2,1,12,-1,1
22022,201567,0022200672,"Jan 18, 2023",CLE @ MEM,L,9,1,6,0.167,1,5,0.2,3,3,1.0,0,1,1,0,0,0,0,0,6,-11,1
22022,201567,0022200658,"Jan 16, 2023",CLE vs. NOP,W,16,1,7,0.143,0,4,0.0,2,2,1.0,2,6,8,3,0,0,2,2,4,-7,1
22022,201567,0022200645,"Jan 14, 2023",CLE @ MIN,L,20,2,7,0.286,2,4,0.5,0,0,0.0,2,6,8,2,0,0,2,2,6,1,1
22022,201567,0022200631,"Jan 12, 2023",CLE @ POR,W,15,0,4,0.0,0,2,0.0,0,0,0.0,1,5,6,0,0,0,0,0,0,-4,1
22022,201567,0022200614,"Jan 10, 2023",CLE @ UTA,L,18,3,12,0.25,0,4,0.0,0,0,0.0,3,6,9,1,0,0,0,1,6,4,1
22022,201567,0022200603,"Jan 08, 2023",CLE @ PHX,W,18,2,7,0.286,0,5,0.0,0,0,0.0,0,4,4,0,0,0,0,0,4,6,1
22022,201567,0022200588,"Jan 06, 2023",CLE @ DEN,L,24,3,6,0.5,1,2,0.5,3,3,1.0,3,3,6,4,1,0,1,2,10,-5,1
22022,201567,0022200565,"Jan 04, 2023",CLE vs. PHX,W,22,1,7,0.143,0,6,0.0,4,4,1.0,2,6,8,1,0,1,2,4,6,-1,1
22022,201567,0022200552,"Jan 02, 2023",CLE vs. CHI,W,38,4,10,0.4,3,9,0.333,1,2,0.5,1,16,17,2,0,0,1,6,12,6,1
22022,201567,0022200540,"Dec 31, 2022",CLE @ CHI,W,34,7,15,0.467,5,11,0.455,1,1,1.0,2,7,9,1,1,1,3,2,20,3,1
22022,201567,0022200524,"Dec 29, 2022",CLE @ IND,L,21,5,10,0.5,2,5,0.4,0,0,0.0,2,4,6,1,1,0,1,4,12,0,1
22022,201567,0022200498,"Dec 26, 2022",CLE vs. BKN,L,13,3,4,0.75,1,2,0.5,0,0,0.0,3,5,8,1,0,0,1,0,7,2,1
22022,201567,0022200484,"Dec 23, 2022",CLE vs. TOR,L,19,3,5,0.6,3,4,0.75,4,5,0.8,0,5,5,1,0,1,2,1,13,2,1
22022,201567,0022200466,"Dec 21, 2022",CLE vs. MIL,W,29,3,7,0.429,3,6,0.5,0,0,0.0,2,7,9,5,0,0,1,2,9,17,1
22022,201567,0022200452,"Dec 19, 2022",CLE vs. UTA,W,24,1,3,0.333,1,3,0.333,0,0,0.0,0,10,10,3,0,1,2,2,3,9,1
22022,201567,0022200440,"Dec 17, 2022",CLE vs. DAL,W,15,3,10,0.3,3,9,0.333,0,0,0.0,1,4,5,2,0,0,2,3,9,3,1
22022,201567,0022200431,"Dec 16, 2022",CLE vs. IND,W,19,2,4,0.5,0,1,0.0,2,2,1.0,1,2,3,1,0,0,1,0,6,-5,1
22022,201567,0022200421,"Dec 14, 2022",CLE @ DAL,W,16,0,4,0.0,0,2,0.0,0,0,0.0,1,8,9,2,0,0,0,2,0,-1,1
22022,201567,0022200406,"Dec 12, 2022",CLE @ SAS,L,14,2,6,0.333,1,3,0.333,2,2,1.0,1,2,3,0,1,0,1,2,7,-8,1
22022,201567,0022200360,"Dec 06, 2022",CLE vs. LAL,W,9,1,3,0.333,0,2,0.0,0,0,0.0,0,2,2,0,0,0,0,4,2,-14,1
22022,201567,0022200348,"Dec 04, 2022",CLE @ NYK,L,22,3,9,0.333,2,7,0.286,0,0,0.0,0,7,7,0,0,0,4,2,8,-6,1
22022,201567,0022200330,"Dec 02, 2022",CLE vs. ORL,W,23,4,7,0.571,1,3,0.333,2,2,1.0,0,11,11,3,1,0,2,1,11,16,1
22022,201567,0022200248,"Nov 21, 2022",CLE vs. ATL,W,12,0,2,0.0,0,1,0.0,0,0,0.0,0,4,4,1,0,0,0,1,0,-1,1
22022,201567,0022200225,"Nov 18, 2022",CLE vs. CHA,W,24,2,4,0.5,2,4,0.5,0,0,0.0,0,7,7,2,0,0,1,2,6,-1,1
22022,201567,0022200216,"Nov 16, 2022",CLE @ MIL,L,20,1,3,0.333,1,3,0.333,2,2,1.0,0,7,7,3,0,0,1,2,5,-4,1
22022,201567,0022200193,"Nov 13, 2022",CLE vs. MIN,L,29,3,11,0.273,3,8,0.375,5,5,1.0,2,3,5,4,0,0,1,3,14,4,1
22022,201567,0022200182,"Nov 11, 2022",CLE @ GSW,L,22,3,10,0.3,2,6,0.333,1,2,0.5,2,5,7,2,1,0,1,1,9,-11,1
22022,201567,0022200171,"Nov 09, 2022",CLE @ SAC,L,21,2,5,0.4,1,3,0.333,4,4,1.0,1,7,8,2,0,0,2,2,9,2,1
22022,201567,0022200158,"Nov 07, 2022",CLE @ LAC,L,25,4,8,0.5,4,8,0.5,5,6,0.833,1,7,8,4,1,0,3,1,17,16,1
22022,201567,0022200140,"Nov 06, 2022",CLE @ LAL,W,20,4,10,0.4,2,8,0.25,0,0,0.0,0,10,10,1,0,1,1,1,10,22,1
22022,201567,0022200120,"Nov 04, 2022",CLE @ DET,W,23,7,10,0.7,4,7,0.571,3,4,0.75,4,4,8,10,0,1,1,0,21,30,1
22022,201567,0022200107,"Nov 02, 2022",CLE vs. BOS,W,15,2,10,0.2,0,5,0.0,4,5,0.8,1,4,5,0,0,0,1,1,8,-4,1
22022,201567,0022200090,"Oct 30, 2022",CLE vs. NYK,W,22,9,14,0.643,8,13,0.615,3,3,1.0,2,6,8,1,0,0,1,1,29,16,1
22022,201567,0022200072,"Oct 28, 2022",CLE @ BOS,W,21,3,7,0.429,2,4,0.5,1,2,0.5,0,5,5,0,0,0,1,2,9,-10,1
22022,201567,0022200056,"Oct 26, 2022",CLE vs. ORL,W,19,1,7,0.143,0,5,0.0,2,2,1.0,0,7,7,4,0,0,1,1,4,2,1
22022,201567,0022200039,"Oct 23, 2022",CLE vs. WAS,W,14,2,6,0.333,1,4,0.25,0,0,0.0,0,7,7,0,0,0,1,1,5,2,1
22022,201567,0022200032,"Oct 22, 2022",CLE @ CHI,W,23,5,9,0.556,5,6,0.833,0,0,0.0,0,12,12,4,0,1,0,1,15,27,1
22022,201567,0022200008,"Oct 19, 2022",CLE @ TOR,L,21,3,6,0.5,1,4,0.25,1,1,1.0,0,7,7,2,0,0,1,2,8,4,1
22021,201567,0022101218,"Apr 10, 2022",CLE vs. MIL,W,15,10,16,0.625,8,11,0.727,4,6,0.667,2,8,10,2,1,0,0,1,32,15,1
22021,201567,0022101205,"Apr 08, 2022",CLE @ BKN,L,21,4,9,0.444,2,6,0.333,0,0,0.0,4,5,9,0,0,1,2,1,10,-9,1
22021,201567,0022101179,"Apr 05, 2022",CLE @ ORL,L,25,6,11,0.545,3,7,0.429,2,2,1.0,2,11,13,3,0,0,2,0,17,3,1
22021,201567,0022101170,"Apr 03, 2022",CLE vs. PHI,L,21,4,9,0.444,3,7,0.429,1,2,0.5,0,5,5,3,0,0,2,4,12,0,1
22021,201567,0022101162,"Apr 02, 2022",CLE @ NYK,W,27,6,10,0.6,3,7,0.429,0,0,0.0,0,5,5,1,1,1,0,5,15,20,1
22021,201567,0022100452,"Mar 31, 2022",CLE @ ATL,L,21,3,11,0.273,2,7,0.286,0,0,0.0,1,1,2,2,0,0,1,2,8,-16,1
22021,201567,0022101136,"Mar 30, 2022",CLE vs. DAL,L,26,3,10,0.3,2,7,0.286,0,0,0.0,1,4,5,3,0,0,2,2,8,-13,1
22021,201567,0022101123,"Mar 28, 2022",CLE vs. ORL,W,32,7,15,0.467,4,12,0.333,1,1,1.0,1,6,7,3,0,0,3,0,19,-2,1
22021,201567,0022101110,"Mar 26, 2022",CLE vs. CHI,L,17,2,8,0.25,1,6,0.167,0,0,0.0,1,3,4,1,0,1,1,3,5,-4,1
22021,201567,0022101095,"Mar 24, 2022",CLE @ TOR,L,33,5,8,0.625,2,5,0.4,0,0,0.0,3,7,10,4,2,0,2,2,12,-16,1
22021,201567,0022101072,"Mar 21, 2022",CLE vs. LAL,L,20,3,8,0.375,2,7,0.286,0,0,0.0,2,4,6,4,0,0,2,1,8,-21,1
22021,201567,0022101060,"Mar 19, 2022",CLE vs. DET,W,24,5,7,0.714,3,5,0.6,1,3,0.333,1,9,10,2,0,1,1,2,14,6,1
22021,201567,0022101049,"Mar 18, 2022",CLE vs. DEN,W,31,4,9,0.444,4,9,0.444,0,0,0.0,1,8,9,4,1,0,2,2,12,-9,1
22021,201567,0022101034,"Mar 16, 2022",CLE vs. PHI,L,17,4,10,0.4,2,7,0.286,0,0,0.0,2,5,7,0,1,0,1,2,10,0,1
22021,201567,0022101020,"Mar 14, 2022",CLE vs. LAC,W,18,4,11,0.364,3,6,0.5,2,3,0.667,2,7,9,0,0,0,3,2,13,7,1
22021,201567,0022101006,"Mar 12, 2022",CLE @ CHI,L,34,4,9,0.444,2,5,0.4,0,0,0.0,0,11,11,3,0,1,1,3,10,-2,1
22021,201567,0022100998,"Mar 11, 2022",CLE @ MIA,L,22,4,5,0.8,1,2,0.5,2,2,1.0,1,7,8,2,1,0,3,2,11,-10,1
22021,201567,0022100976,"Mar 08, 2022",CLE @ IND,W,15,4,11,0.364,1,6,0.167,0,0,0.0,1,3,4,0,0,0,1,1,9,-10,1
22021,201567,0022100962,"Mar 06, 2022",CLE vs. TOR,W,30,4,8,0.5,3,5,0.6,4,4,1.0,0,9,9,1,0,0,0,2,15,22,1
22021,201567,0022100947,"Mar 04, 2022",CLE @ PHI,L,26,3,9,0.333,3,7,0.429,2,2,1.0,2,8,10,2,0,0,0,2,11,-5,1
22021,201567,0022100932,"Mar 02, 2022",CLE vs. CHA,L,18,2,5,0.4,1,3,0.333,2,4,0.5,0,1,1,5,0,0,0,0,7,2,1
22021,201567,0022100920,"Feb 28, 2022",CLE vs. MIN,L,26,7,14,0.5,5,10,0.5,7,7,1.0,1,4,5,4,1,0,2,0,26,7,1
22021,201567,0022100907,"Feb 26, 2022",CLE vs. WAS,W,14,1,10,0.1,0,5,0.0,2,2,1.0,1,4,5,3,1,1,2,2,4,-6,1
22021,201567,0022100889,"Feb 24, 2022",CLE @ DET,L,17,1,5,0.2,1,4,0.25,1,2,0.5,0,5,5,1,0,0,2,2,4,-5,1
22021,201567,0022100867,"Feb 15, 2022",CLE @ ATL,L,26,7,17,0.412,5,12,0.417,2,2,1.0,2,5,7,2,0,0,1,3,21,-4,1
22021,201567,0022100849,"Feb 12, 2022",CLE @ PHI,L,17,1,5,0.2,0,4,0.0,0,0,0.0,0,2,2,2,0,1,0,0,2,-6,1
22021,201567,0022100839,"Feb 11, 2022",CLE @ IND,W,26,4,8,0.5,3,5,0.6,3,4,0.75,0,4,4,1,0,0,1,2,14,4,1
22021,201567,0022100825,"Feb 09, 2022",CLE vs. SAS,W,24,3,13,0.231,0,4,0.0,1,4,0.25,2,8,10,1,0,0,2,3,7,6,1
22021,201567,0022100805,"Feb 06, 2022",CLE vs. IND,W,32,6,15,0.4,4,8,0.5,3,4,0.75,3,4,7,5,2,0,1,2,19,21,1
22021,201567,0022100787,"Feb 04, 2022",CLE @ CHA,W,26,7,18,0.389,6,14,0.429,5,5,1.0,1,8,9,1,0,0,1,3,25,12,1
22021,201567,0022100777,"Feb 02, 2022",CLE @ HOU,L,29,8,20,0.4,1,7,0.143,4,5,0.8,3,10,13,3,0,1,1,1,21,-11,1
22021,201567,0022100759,"Jan 31, 2022",CLE vs. NOP,W,33,6,15,0.4,3,8,0.375,0,0,0.0,1,10,11,3,0,2,0,1,15,17,1
22021,201567,0022100754,"Jan 30, 2022",CLE @ DET,L,19,4,10,0.4,0,4,0.0,0,0,0.0,2,5,7,1,1,0,1,3,8,-8,1
22021,201567,0022100722,"Jan 26, 2022",CLE vs. MIL,W,27,9,16,0.563,5,9,0.556,2,2,1.0,2,7,9,2,2,0,5,2,25,9,1
22021,201567,0022100709,"Jan 24, 2022",CLE vs. NYK,W,24,6,12,0.5,6,12,0.5,2,2,1.0,0,11,11,3,1,0,3,2,20,7,1
22021,201567,0022100695,"Jan 22, 2022",CLE vs. OKC,W,23,1,4,0.25,0,3,0.0,4,7,0.571,0,6,6,2,0,0,1,1,6,-8,1
22021,201567,0022100673,"Jan 19, 2022",CLE @ CHI,L,21,5,10,0.5,1,4,0.25,2,3,0.667,2,6,8,4,0,0,2,0,13,-7,1
22021,201567,0022100657,"Jan 17, 2022",CLE vs. BKN,W,20,3,8,0.375,1,4,0.25,7,7,1.0,1,4,5,5,0,0,1,0,14,11,1
22021,201567,0022100646,"Jan 15, 2022",CLE @ OKC,W,21,5,11,0.455,3,8,0.375,0,0,0.0,0,2,2,1,0,0,1,0,13,10,1
22021,201567,0022100638,"Jan 14, 2022",CLE @ SAS,W,16,3,7,0.429,1,3,0.333,0,0,0.0,1,3,4,1,0,0,0,1,7,0,1
22021,201567,0022100624,"Jan 12, 2022",CLE @ UTA,W,21,5,10,0.5,2,5,0.4,4,4,1.0,0,7,7,1,0,0,2,0,16,6,1
22021,201567,0022100611,"Jan 10, 2022",CLE @ SAC,W,21,5,13,0.385,2,8,0.25,6,7,0.857,0,3,3,2,0,2,2,0,18,-7,1
22021,201567,0022100604,"Jan 09, 2022",CLE @ GSW,L,14,1,7,0.143,0,4,0.0,0,0,0.0,1,6,7,1,0,0,2,0,2,-21,1
22021,201567,0022100590,"Jan 07, 2022",CLE @ POR,W,27,3,9,0.333,2,6,0.333,0,2,0.0,1,6,7,2,0,0,1,1,8,2,1
22021,201567,0022100562,"Jan 04, 2022",CLE vs. MEM,L,29,6,18,0.333,4,11,0.364,2,3,0.667,3,6,9,2,0,0,2,0,18,-10,1
22021,201567,0022100547,"Jan 02, 2022",CLE vs. IND,W,29,6,13,0.462,3,6,0.5,5,5,1.0,2,6,8,4,1,0,1,2,20,13,1
22021,201567,0022100533,"Dec 31, 2021",CLE vs. ATL,L,30,10,18,0.556,7,14,0.5,8,10,0.8,1,10,11,4,0,0,1,0,35,2,1
22021,201567,0022100527,"Dec 30, 2021",CLE @ WAS,L,29,7,15,0.467,4,10,0.4,6,8,0.75,0,11,11,1,1,0,2,1,24,-13,1
22021,201567,0022100513,"Dec 28, 2021",CLE @ NOP,L,32,7,14,0.5,7,12,0.583,3,4,0.75,2,2,4,3,1,0,1,0,24,-1,1
22021,201567,0022100494,"Dec 26, 2021",CLE vs. TOR,W,18,7,12,0.583,6,9,0.667,2,2,1.0,1,8,9,2,1,0,1,0,22,18,1
22021,201567,0022100471,"Dec 22, 2021",CLE @ BOS,L,23,6,13,0.462,1,5,0.2,5,7,0.714,5,7,12,3,1,0,1,4,18,-5,1
22021,201567,0022100446,"Dec 18, 2021",CLE @ MIL,W,23,4,10,0.4,2,8,0.25,5,5,1.0,0,7,7,4,1,0,0,0,15,28,1
22021,201567,0022100417,"Dec 15, 2021",CLE vs. HOU,W,15,4,6,0.667,3,5,0.6,4,4,1.0,0,6,6,0,0,1,2,2,15,24,1
22021,201567,0022100404,"Dec 13, 2021",CLE vs. MIA,W,24,6,10,0.6,5,8,0.625,6,6,1.0,1,8,9,1,0,0,2,2,23,5,1
22021,201567,0022100393,"Dec 11, 2021",CLE vs. SAC,W,14,4,7,0.571,3,5,0.6,0,0,0.0,0,4,4,1,0,0,1,3,11,-2,1
22021,201567,0022100387,"Dec 10, 2021",CLE @ MIN,W,23,4,10,0.4,3,7,0.429,7,7,1.0,0,13,13,4,1,1,2,0,18,9,1
22021,201567,0022100367,"Dec 08, 2021",CLE vs. CHI,W,20,4,11,0.364,3,6,0.5,0,0,0.0,0,5,5,1,0,0,2,1,11,1,1
22021,201567,0022100358,"Dec 06, 2021",CLE @ MIL,L,19,5,11,0.455,5,11,0.455,0,0,0.0,0,4,4,3,0,0,1,1,15,-1,1
22021,201567,0022100349,"Dec 05, 2021",CLE vs. UTA,L,19,1,6,0.167,1,4,0.25,0,0,0.0,1,1,2,1,0,0,2,0,3,-5,1
22021,201567,0022100334,"Dec 03, 2021",CLE @ WAS,W,18,4,9,0.444,1,4,0.25,4,4,1.0,4,5,9,2,0,0,0,0,13,2,1
22021,201567,0022100323,"Dec 01, 2021",CLE @ MIA,W,21,6,9,0.667,6,8,0.75,4,4,1.0,0,6,6,3,2,1,1,1,22,29,1
22021,201567,0022100310,"Nov 29, 2021",CLE @ DAL,W,17,3,4,0.75,2,2,1.0,2,2,1.0,1,4,5,3,0,0,2,1,10,15,1
22021,201567,0022100295,"Nov 27, 2021",CLE vs. ORL,W,19,2,8,0.25,1,5,0.2,0,0,0.0,0,7,7,1,0,1,1,3,5,6,1
22021,201567,0022100267,"Nov 24, 2021",CLE vs. PHX,L,22,5,9,0.556,2,5,0.4,2,2,1.0,2,6,8,1,0,0,1,3,14,11,1
22021,201567,0022100253,"Nov 22, 2021",CLE vs. BKN,L,17,3,8,0.375,2,5,0.4,0,0,0.0,1,11,12,0,0,1,0,1,8,-10,1
22021,201567,0022100224,"Nov 18, 2021",CLE vs. GSW,L,22,5,12,0.417,4,10,0.4,3,3,1.0,1,6,7,2,0,0,1,1,17,-11,1
22021,201567,0022100216,"Nov 17, 2021",CLE @ BKN,L,21,4,10,0.4,1,5,0.2,2,2,1.0,1,8,9,2,0,0,2,1,11,-5,1
22021,201567,0022100088,"Oct 30, 2021",CLE @ PHX,L,20,4,12,0.333,2,6,0.333,1,1,1.0,1,11,12,2,0,0,1,3,11,-4,1
22021,201567,0022100077,"Oct 29, 2021",CLE @ LAL,L,16,2,7,0.286,0,3,0.0,0,0,0.0,0,3,3,2,0,0,1,1,4,0,1
22021,201567,0022100064,"Oct 27, 2021",CLE @ LAC,W,24,2,9,0.222,1,3,0.333,5,6,0.833,4,6,10,1,1,0,1,0,10,9,1
22021,201567,0022100048,"Oct 25, 2021",CLE @ DEN,W,21,8,13,0.615,1,4,0.25,5,5,1.0,1,5,6,0,0,0,1,0,22,5,1
22021,201567,0022100027,"Oct 23, 2021",CLE vs. ATL,W,24,3,7,0.429,1,3,0.333,5,6,0.833,2,4,6,3,0,0,0,0,12,11,1
22021,201567,0022100017,"Oct 22, 2021",CLE vs. CHA,L,24,2,8,0.25,0,3,0.0,2,2,1.0,1,10,11,4,1,1,1,1,6,-10,1
22021,201567,0022100007,"Oct 20, 2021",CLE @ MEM,L,17,1,6,0.167,0,2,0.0,2,2,1.0,1,2,3,4,0,0,1,1,4,-3,1
22020,201567,0022001044,"May 12, 2021",CLE vs. BOS,W,34,10,16,0.625,6,9,0.667,4,4,1.0,0,14,14,3,2,0,3,1,30,14,1
22020,201567,0022001021,"May 09, 2021",CLE vs. DAL,L,27,2,9,0.222,1,4,0.25,3,4,0.75,2,9,11,3,1,0,1,1,8,-12,1
22020,201567,0022000991,"May 05, 2021",CLE vs. POR,L,26,7,14,0.5,4,10,0.4,0,0,0.0,2,6,8,2,1,0,0,1,18,-45,1
22020,201567,0022000983,"May 04, 2021",CLE vs. PHX,L,34,2,10,0.2,1,4,0.25,2,2,1.0,1,10,11,4,0,0,2,0,7,-10,1
22020,201567,0022000960,"May 01, 2021",CLE vs. MIA,L,29,9,14,0.643,7,10,0.7,0,0,0.0,0,6,6,3,0,0,3,2,25,-30,1
22020,201567,0022000951,"Apr 30, 2021",CLE vs. WAS,L,22,0,0,0.0,0,0,0.0,0,0,0.0,0,10,10,1,0,0,3,2,0,5,1
22020,201567,0022000933,"Apr 28, 2021",CLE vs. ORL,L,35,2,11,0.182,2,10,0.2,0,0,0.0,0,10,10,6,3,0,1,1,6,-1,1
22020,201567,0022000921,"Apr 26, 2021",CLE @ TOR,L,24,3,9,0.333,0,4,0.0,5,5,1.0,0,7,7,4,0,0,2,3,11,2,1
22020,201567,0022000197,"Apr 25, 2021",CLE @ WAS,L,28,5,9,0.556,2,3,0.667,0,0,0.0,0,5,5,1,1,0,2,0,12,-5,1
22020,201567,0022000900,"Apr 23, 2021",CLE @ CHA,L,27,3,11,0.273,3,7,0.429,3,3,1.0,1,4,5,2,0,0,1,1,12,-12,1
22020,201567,0022000881,"Apr 21, 2021",CLE vs. CHI,W,26,5,12,0.417,4,10,0.4,1,2,0.5,1,8,9,4,0,0,3,0,15,6,1
22020,201567,0022000868,"Apr 19, 2021",CLE @ DET,L,30,7,13,0.538,0,4,0.0,1,2,0.5,0,8,8,4,0,0,0,0,15,0,1
22020,201567,0022000857,"Apr 17, 2021",CLE @ CHI,L,30,6,15,0.4,2,10,0.2,0,0,0.0,0,11,11,0,1,0,1,0,14,3,1
22020,201567,0022000841,"Apr 15, 2021",CLE vs. GSW,L,22,2,10,0.2,1,7,0.143,0,0,0.0,0,6,6,2,1,0,1,0,5,-10,1
22020,201567,0022000829,"Apr 14, 2021",CLE @ CHA,W,27,6,12,0.5,2,5,0.4,3,3,1.0,4,7,11,4,0,0,0,2,17,9,1
22020,201567,0022000807,"Apr 11, 2021",CLE vs. NOP,L,31,6,17,0.353,5,14,0.357,2,3,0.667,1,4,5,3,0,1,1,0,19,-3,1
22020,201567,0022000794,"Apr 10, 2021",CLE vs. TOR,L,21,4,9,0.444,4,8,0.5,6,8,0.75,0,3,3,1,1,0,1,2,18,-19,1
22020,201567,0022000785,"Apr 08, 2021",CLE @ OKC,W,23,6,12,0.5,3,8,0.375,3,4,0.75,1,10,11,2,2,0,2,1,18,18,1
22020,201567,0022000767,"Apr 05, 2021",CLE @ SAS,W,26,4,8,0.5,1,3,0.333,0,0,0.0,1,7,8,3,2,0,2,3,9,18,1
22020,201567,0022000749,"Apr 03, 2021",CLE @ MIA,L,23,3,9,0.333,2,8,0.25,2,2,1.0,0,10,10,3,0,1,3,2,10,-7,1
22020,201567,0022000731,"Apr 01, 2021",CLE vs. PHI,L,20,4,10,0.4,3,6,0.5,2,2,1.0,1,3,4,3,0,0,3,1,13,-2,1
22020,201567,0022000597,"Mar 14, 2021",CLE @ ATL,L,2,0,0,0.0,0,0,0.0,0,0,0.0,0,0,0,0,0,0,0,0,0,-3,1
22020,201567,0022000581,"Mar 12, 2021",CLE @ NOP,L,10,1,4,0.25,1,3,0.333,1,2,0.5,0,1,1,0,0,0,0,2,4,-5,1
22020,201567,0022000035,"Dec 27, 2020",CLE vs. PHI,W,9,2,6,0.333,0,1,0.0,0,0,0.0,1,2,3,2,1,0,0,0,4,4,1
22020,201567,0022000023,"Dec 26, 2020",CLE @ DET,W,38,4,12,0.333,3,8,0.375,4,5,0.8,1,8,9,3,0,0,3,1,15,14,1
22019,201567,0021900962,"Mar 10, 2020",CLE @ CHI,L,37,5,16,0.313,2,13,0.154,5,5,1.0,0,8,8,7,1,0,3,1,17,0,1
22019,201567,0021900954,"Mar 08, 2020",CLE vs. SAS,W,40,3,12,0.25,1,5,0.2,7,8,0.875,3,15,18,3,0,0,4,4,14,14,1
22019,201567,0021900942,"Mar 07, 2020",CLE vs. DEN,W,37,9,17,0.529,5,11,0.455,4,5,0.8,1,5,6,3,0,0,1,2,27,11,1
22019,201567,0021900917,"Mar 04, 2020",CLE vs. BOS,L,37,9,17,0.529,5,10,0.5,3,3,1.0,5,9,14,5,0,1,4,4,26,-2,1
22019,201567,0021900902,"Mar 02, 2020",CLE vs. UTA,L,32,7,15,0.467,6,11,0.545,2,3,0.667,0,9,9,2,1,0,1,2,22,3,1
22019,201567,0021900890,"Feb 29, 2020",CLE vs. IND,L,37,6,9,0.667,1,4,0.25,7,8,0.875,2,10,12,7,1,0,2,0,20,-6,1
22019,201567,0021900883,"Feb 28, 2020",CLE @ NOP,L,27,4,11,0.364,0,3,0.0,2,3,0.667,1,6,7,2,2,0,2,1,10,-13,1
22019,201567,0021900865,"Feb 26, 2020",CLE vs. PHI,W,33,3,9,0.333,3,7,0.429,4,4,1.0,0,9,9,6,0,1,3,1,13,15,1
22019,201567,0021900849,"Feb 24, 2020",CLE vs. MIA,W,38,4,13,0.308,2,8,0.25,7,8,0.875,2,12,14,4,0,2,3,1,17,10,1
22019,201567,0021900827,"Feb 21, 2020",CLE @ WAS,W,23,3,8,0.375,2,5,0.4,1,2,0.5,0,1,1,1,0,0,3,1,9,0,1
22019,201567,0021900791,"Feb 09, 2020",CLE vs. LAC,L,26,3,8,0.375,2,7,0.286,2,2,1.0,1,8,9,2,1,0,1,2,10,-25,1
22019,201567,0021900760,"Feb 05, 2020",CLE @ OKC,L,34,8,17,0.471,3,7,0.429,1,1,1.0,1,6,7,5,1,0,3,0,20,-2,1
22019,201567,0021900742,"Feb 03, 2020",CLE vs. NYK,L,41,12,20,0.6,4,9,0.444,5,5,1.0,1,12,13,6,0,1,1,4,33,-1,1
22019,201567,0021900730,"Feb 01, 2020",CLE vs. GSW,L,29,5,13,0.385,2,9,0.222,2,2,1.0,3,8,11,5,1,0,1,0,14,-9,1
22019,201567,0021900714,"Jan 30, 2020",CLE vs. TOR,L,33,8,13,0.615,6,9,0.667,1,1,1.0,1,4,5,4,1,0,2,1,23,-3,1
22019,201567,0021900700,"Jan 28, 2020",CLE vs. NOP,L,26,4,15,0.267,2,10,0.2,2,2,1.0,0,6,6,3,0,0,2,2,12,-21,1
22019,201567,0021900693,"Jan 27, 2020",CLE @ DET,W,24,7,11,0.636,6,8,0.75,0,0,0.0,0,7,7,2,0,0,1,1,20,18,1
22019,201567,0021900682,"Jan 25, 2020",CLE vs. CHI,L,33,8,16,0.5,4,8,0.5,0,0,0.0,1,10,11,2,1,0,4,3,20,-7,1
22019,201567,0021900666,"Jan 23, 2020",CLE vs. WAS,L,34,8,19,0.421,3,9,0.333,2,3,0.667,0,5,5,2,2,0,0,2,21,-6,1
22019,201567,0021900643,"Jan 20, 2020",CLE vs. NYK,L,30,4,14,0.286,4,10,0.4,0,0,0.0,0,9,9,1,1,0,2,1,12,-22,1
22019,201567,0021900631,"Jan 18, 2020",CLE @ CHI,L,34,10,20,0.5,4,8,0.5,5,5,1.0,0,5,5,6,1,1,2,3,29,11,1
22019,201567,0021900622,"Jan 17, 2020",CLE @ MEM,L,34,5,12,0.417,0,6,0.0,9,13,0.692,2,7,9,2,0,0,1,2,19,-10,1
22019,201567,0021900597,"Jan 13, 2020",CLE @ LAL,L,33,7,17,0.412,1,4,0.25,6,6,1.0,2,9,11,3,0,0,4,2,21,-19,1
22019,201567,0021900582,"Jan 11, 2020",CLE @ DEN,W,37,7,18,0.389,2,9,0.222,3,3,1.0,0,15,15,2,1,0,3,3,19,10,1
22019,201567,0021900563,"Jan 09, 2020",CLE @ DET,W,38,6,14,0.429,1,5,0.2,4,6,0.667,0,9,9,3,1,0,3,3,17,0,1
22019,201567,0021900548,"Jan 07, 2020",CLE vs. DET,L,36,12,15,0.8,4,6,0.667,2,2,1.0,0,9,9,4,1,0,4,3,30,-5,1
22019,201567,0021900527,"Jan 04, 2020",CLE vs. OKC,L,30,4,10,0.4,3,5,0.6,1,1,1.0,0,3,3,1,0,0,3,0,12,-9,1
22019,201567,0021900508,"Jan 02, 2020",CLE vs. CHA,L,31,6,13,0.462,2,8,0.25,4,4,1.0,0,8,8,4,0,1,1,3,18,-8,1
22019,201567,0021900500,"Dec 31, 2019",CLE @ TOR,L,30,4,11,0.364,1,7,0.143,1,1,1.0,2,9,11,2,0,2,3,2,10,-7,1
22019,201567,0021900466,"Dec 27, 2019",CLE @ BOS,L,35,10,16,0.625,6,11,0.545,4,6,0.667,1,6,7,4,0,0,0,2,30,-6,1
22019,201567,0021900444,"Dec 23, 2019",CLE vs. ATL,W,34,7,16,0.438,3,10,0.3,3,3,1.0,1,7,8,5,1,1,5,2,20,5,1
22019,201567,0021900420,"Dec 20, 2019",CLE vs. MEM,W,28,6,13,0.462,5,11,0.455,4,6,0.667,0,13,13,1,0,0,2,1,21,1,1
22019,201567,0021900407,"Dec 18, 2019",CLE vs. CHA,W,32,5,9,0.556,4,6,0.667,2,2,1.0,0,14,14,7,1,1,3,1,16,15,1
22019,201567,0021900395,"Dec 16, 2019",CLE @ TOR,L,25,4,10,0.4,1,5,0.2,0,0,0.0,0,7,7,4,0,0,3,0,9,-20,1
22019,201567,0021900385,"Dec 14, 2019",CLE @ MIL,L,26,4,10,0.4,2,4,0.5,2,3,0.667,1,9,10,4,1,0,3,0,12,-35,1
22019,201567,0021900368,"Dec 12, 2019",CLE @ SAS,W,39,11,24,0.458,4,9,0.444,4,5,0.8,2,15,17,2,0,0,2,3,30,14,1
22019,201567,0021900356,"Dec 11, 2019",CLE vs. HOU,L,32,8,14,0.571,0,1,0.0,1,3,0.333,3,8,11,2,1,1,3,1,17,-23,1
22019,201567,0021900344,"Dec 09, 2019",CLE @ BOS,L,27,3,12,0.25,1,7,0.143,0,0,0.0,2,8,10,1,0,0,1,0,7,-29,1
22019,201567,0021900332,"Dec 07, 2019",CLE @ PHI,L,20,2,7,0.286,1,4,0.25,1,1,1.0,0,7,7,1,0,0,3,0,6,-27,1
22019,201567,0021900299,"Dec 03, 2019",CLE vs. DET,L,22,3,7,0.429,2,2,1.0,0,0,0.0,0,4,4,2,1,1,2,0,8,-18,1
22019,201567,0021900270,"Nov 29, 2019",CLE vs. MIL,L,31,6,11,0.545,4,8,0.5,0,0,0.0,0,8,8,7,0,0,2,3,16,-2,1
22019,201567,0021900255,"Nov 27, 2019",CLE vs. ORL,L,24,3,9,0.333,2,7,0.286,1,2,0.5,0,5,5,1,0,0,2,1,9,-8,1
22019,201567,0021900221,"Nov 22, 2019",CLE @ DAL,L,25,2,8,0.25,0,3,0.0,4,4,1.0,1,6,7,1,0,0,3,2,8,-34,1
22019,201567,0021900206,"Nov 20, 2019",CLE @ MIA,L,33,8,14,0.571,5,9,0.556,4,4,1.0,2,11,13,2,0,0,4,1,25,-15,1
22019,201567,0021900183,"Nov 17, 2019",CLE vs. PHI,L,25,3,8,0.375,2,5,0.4,4,5,0.8,0,6,6,0,0,0,0,2,12,-10,1
22019,201567,0021900161,"Nov 14, 2019",CLE vs. MIA,L,39,6,16,0.375,3,8,0.375,6,6,1.0,2,8,10,1,4,1,4,0,21,-5,1
22019,201567,0021900147,"Nov 12, 2019",CLE @ PHI,L,31,5,16,0.313,2,7,0.286,8,9,0.889,1,7,8,1,0,0,2,0,20,1,1
22019,201567,0021900136,"Nov 10, 2019",CLE @ NYK,W,32,4,11,0.364,0,3,0.0,9,9,1.0,2,6,8,2,0,0,3,2,17,15,1
22019,201567,0021900118,"Nov 08, 2019",CLE @ WAS,W,29,3,6,0.5,0,3,0.0,10,13,0.769,2,10,12,2,0,2,3,3,16,4,1
22019,201567,0021900098,"Nov 05, 2019",CLE vs. BOS,L,32,7,14,0.5,1,5,0.2,2,2,1.0,1,8,9,3,1,2,2,0,17,-3,1
22019,201567,0021900089,"Nov 03, 2019",CLE vs. DAL,L,35,9,18,0.5,5,11,0.455,6,6,1.0,2,6,8,2,1,1,2,0,29,5,1
22019,201567,0021900070,"Nov 01, 2019",CLE @ IND,L,35,7,16,0.438,5,11,0.455,3,4,0.75,1,16,17,4,1,0,6,2,22,-7,1
22019,201567,0021900055,"Oct 30, 2019",CLE vs. CHI,W,31,6,10,0.6,1,3,0.333,4,5,0.8,1,19,20,6,1,0,3,1,17,11,1
22019,201567,0021900046,"Oct 28, 2019",CLE @ MIL,L,33,5,12,0.417,3,10,0.3,2,2,1.0,0,16,16,2,0,0,4,4,15,-14,1
22019,201567,0021900030,"Oct 26, 2019",CLE vs. IND,W,33,5,8,0.625,3,5,0.6,8,9,0.889,0,13,13,9,2,0,4,3,21,13,1
22019,201567,0021900005,"Oct 23, 2019",CLE @ ORL,L,36,4,9,0.444,0,1,0.0,3,4,0.75,1,17,18,3,1,0,2,2,11,-15,1
22018,201567,0021801196,"Apr 07, 2019",CLE vs. SAS,L,13,2,4,0.5,1,3,0.333,0,0,0.0,0,4,4,2,1,0,0,0,5,-5,1
22018,201567,0021801129,"Mar 28, 2019",CLE @ SAS,L,35,7,13,0.538,2,4,0.5,2,2,1.0,0,8,8,1,0,0,2,3,18,-13,1
22018,201567,0021801108,"Mar 26, 2019",CLE vs. BOS,L,29,3,13,0.231,0,5,0.0,4,4,1.0,1,10,11,4,1,0,5,2,10,-18,1
22018,201567,0021801096,"Mar 24, 2019",CLE @ MIL,L,32,8,21,0.381,4,11,0.364,0,0,0.0,5,14,19,3,0,1,1,1,20,-11,1
22018,201567,0021801081,"Mar 22, 2019",CLE vs. LAC,L,33,8,14,0.571,4,7,0.571,2,3,0.667,0,8,8,1,0,0,2,3,22,-7,1
22018,201567,0021801065,"Mar 20, 2019",CLE vs. MIL,W,18,1,10,0.1,1,9,0.111,3,3,1.0,0,10,10,0,0,0,1,1,6,0,1
22018,201567,0021801037,"Mar 16, 2019",CLE @ DAL,L,32,6,15,0.4,2,9,0.222,8,8,1.0,0,12,12,4,0,0,0,1,22,7,1
22018,201567,0021801021,"Mar 14, 2019",CLE @ ORL,L,24,3,9,0.333,1,3,0.333,3,3,1.0,0,8,8,1,0,1,4,5,10,-26,1
22018,201567,0021801001,"Mar 11, 2019",CLE vs. TOR,W,29,4,11,0.364,3,7,0.429,5,6,0.833,4,14,18,2,0,0,3,2,16,16,1
22018,201567,0021800979,"Mar 08, 2019",CLE @ MIA,L,31,7,17,0.412,4,11,0.364,1,1,1.0,0,4,4,3,1,0,0,5,19,-14,1
22018,201567,0021800969,"Mar 06, 2019",CLE @ BKN,L,31,5,11,0.455,4,8,0.5,10,11,0.909,3,13,16,4,1,0,1,2,24,2,1
22018,201567,0021800948,"Mar 03, 2019",CLE vs. ORL,W,29,3,11,0.273,3,8,0.375,7,8,0.875,4,10,14,2,0,0,0,2,16,6,1
22018,201567,0021800924,"Feb 28, 2019",CLE @ NYK,W,28,6,12,0.5,3,6,0.5,11,11,1.0,1,7,8,3,0,1,1,2,26,15,1
22018,201567,0021800898,"Feb 25, 2019",CLE vs. POR,L,28,5,14,0.357,3,6,0.5,5,5,1.0,3,9,12,1,0,0,2,2,18,-10,1
22018,201567,0021800885,"Feb 23, 2019",CLE vs. MEM,W,26,9,15,0.6,6,9,0.667,8,8,1.0,1,11,12,0,1,1,3,4,32,14,1
22018,201567,0021800867,"Feb 21, 2019",CLE vs. PHX,W,22,6,13,0.462,3,8,0.375,1,2,0.5,1,10,11,1,0,0,4,4,16,9,1
22018,201567,0021800839,"Feb 11, 2019",CLE vs. NYK,W,16,4,10,0.4,2,6,0.333,4,4,1.0,0,9,9,1,0,0,3,0,14,13,1
22018,201567,0021800819,"Feb 08, 2019",CLE @ WAS,L,6,1,5,0.2,0,3,0.0,2,2,1.0,0,1,1,1,0,0,0,1,4,-2,1
22018,201567,0021800053,"Oct 24, 2018",CLE vs. BKN,L,29,4,9,0.444,2,5,0.4,4,5,0.8,0,11,11,2,0,1,1,2,14,-21,1
22018,201567,0021800036,"Oct 21, 2018",CLE vs. ATL,L,34,6,19,0.316,1,8,0.125,3,4,0.75,6,11,17,3,1,0,3,3,16,-13,1
22018,201567,0021800021,"Oct 19, 2018",CLE @ MIN,L,39,6,19,0.316,3,7,0.429,10,10,1.0,2,17,19,7,0,0,3,4,25,3,1
22018,201567,0021800008,"Oct 17, 2018",CLE @ TOR,L,34,5,18,0.278,1,4,0.25,10,14,0.714,2,5,7,2,0,0,3,5,21,-3,1
22017,201567,0021701207,"Apr 09, 2018",CLE @ NYK,W,31,9,17,0.529,6,13,0.462,4,5,0.8,2,3,5,1,2,0,1,1,28,10,1
22017,201567,0021701183,"Apr 06, 2018",CLE @ PHI,L,33,5,10,0.5,3,6,0.5,4,5,0.8,0,9,9,4,0,1,1,3,17,12,1
22017,201567,0021701176,"Apr 05, 2018",CLE vs. WAS,W,31,5,10,0.5,4,6,0.667,2,2,1.0,1,5,6,3,1,0,3,2,16,8,1
22017,201567,0021701156,"Apr 03, 2018",CLE vs. TOR,W,30,4,8,0.5,4,6,0.667,6,6,1.0,0,15,15,1,1,0,0,1,18,18,1
22017,201567,0021701149,"Apr 01, 2018",CLE vs. DAL,W,36,4,13,0.308,2,4,0.5,3,5,0.6,1,12,13,0,1,1,2,1,13,13,1
22017,201567,0021701131,"Mar 30, 2018",CLE vs. NOP,W,24,3,11,0.273,0,6,0.0,2,3,0.667,0,8,8,2,1,0,2,5,8,-4,1
22017,201567,0021701110,"Mar 27, 2018",CLE @ MIA,L,7,0,2,0.0,0,2,0.0,1,1,1.0,0,1,1,0,0,0,1,2,1,-11,1
22017,201567,0021701094,"Mar 25, 2018",CLE @ BKN,W,33,6,14,0.429,3,6,0.5,5,5,1.0,2,13,15,4,0,0,4,2,20,17,1
22017,201567,0021701080,"Mar 23, 2018",CLE vs. PHX,W,30,7,15,0.467,2,6,0.333,4,4,1.0,0,6,6,2,3,0,1,1,20,28,1
22017,201567,0021701065,"Mar 21, 2018",CLE vs. TOR,W,30,8,15,0.533,4,6,0.667,3,4,0.75,1,11,12,4,1,0,1,1,23,4,1
22017,201567,0021701050,"Mar 19, 2018",CLE vs. MIL,W,25,5,13,0.385,4,9,0.444,4,4,1.0,2,5,7,4,0,2,2,0,18,0,1
22017,201567,0021700747,"Jan 30, 2018",CLE @ DET,L,5,0,0,0.0,0,0,0.0,0,0,0.0,0,0,0,0,0,0,0,0,0,-4,1
22017,201567,0021700734,"Jan 28, 2018",CLE vs. DET,W,27,8,14,0.571,4,6,0.667,0,0,0.0,0,11,11,1,0,0,0,2,20,10,1
22017,201567,0021700715,"Jan 26, 2018",CLE vs. IND,W,33,4,8,0.5,2,6,0.333,0,0,0.0,2,11,13,3,2,0,1,2,10,12,1
22017,201567,0021700698,"Jan 23, 2018",CLE @ SAS,L,27,4,8,0.5,0,1,0.0,2,2,1.0,0,11,11,0,1,0,0,3,10,-14,1
22017,201567,0021700674,"Jan 20, 2018",CLE vs. OKC,L,3,0,2,0.0,0,2,0.0,0,0,0.0,0,0,0,0,0,0,0,0,0,-5,1
22017,201567,0021700664,"Jan 18, 2018",CLE vs. ORL,W,31,3,10,0.3,1,6,0.167,5,6,0.833,0,11,11,2,1,1,1,3,12,-3,1
22017,201567,0021700646,"Jan 15, 2018",CLE vs. GSW,L,27,5,9,0.556,3,5,0.6,4,5,0.8,0,7,7,3,2,1,0,5,17,-12,1
22017,201567,0021700619,"Jan 12, 2018",CLE @ IND,L,36,8,14,0.571,1,5,0.2,4,4,1.0,1,10,11,0,3,1,2,1,21,9,1
22017,201567,0021700615,"Jan 11, 2018",CLE @ TOR,L,23,2,8,0.25,0,1,0.0,6,7,0.857,1,8,9,2,0,0,1,3,10,-10,1
22017,201567,0021700594,"Jan 08, 2018",CLE @ MIN,L,21,1,7,0.143,1,4,0.25,0,0,0.0,1,1,2,0,0,0,0,0,3,-30,1
22017,201567,0021700582,"Jan 06, 2018",CLE @ ORL,W,28,8,17,0.471,6,12,0.5,5,5,1.0,1,4,5,1,0,0,0,5,27,12,1
22017,201567,0021700559,"Jan 03, 2018",CLE @ BOS,L,21,1,11,0.091,0,4,0.0,0,0,0.0,1,4,5,2,0,2,1,0,2,-5,1
22017,201567,0021700549,"Jan 02, 2018",CLE vs. POR,W,26,5,7,0.714,4,5,0.8,5,6,0.833,1,6,7,0,1,1,3,0,19,0,1
22017,201567,0021700534,"Dec 30, 2017",CLE @ UTA,L,29,6,16,0.375,3,10,0.3,5,6,0.833,2,8,10,1,0,0,0,3,20,-10,1
22017,201567,0021700513,"Dec 27, 2017",CLE @ SAC,L,30,7,12,0.583,3,8,0.375,6,6,1.0,0,5,5,0,0,2,1,4,23,2,1
22017,201567,0021700494,"Dec 25, 2017",CLE @ GSW,L,36,9,25,0.36,6,11,0.545,7,7,1.0,7,11,18,0,2,0,4,3,31,-1,1
22017,201567,0021700466,"Dec 21, 2017",CLE vs. CHI,W,29,9,15,0.6,4,8,0.5,5,5,1.0,1,6,7,2,0,0,1,3,27,5,1
22017,201567,0021700453,"Dec 19, 2017",CLE @ MIL,L,30,8,15,0.533,5,11,0.455,0,0,0.0,2,8,10,4,1,0,2,0,21,-9,1
22017,201567,0021700440,"Dec 17, 2017",CLE @ WAS,W,32,9,20,0.45,5,8,0.625,2,2,1.0,0,9,9,0,1,0,1,2,25,6,1
22017,201567,0021700430,"Dec 16, 2017",CLE vs. UTA,W,28,7,14,0.5,0,3,0.0,1,2,0.5,2,3,5,4,0,0,0,0,15,-8,1
22017,201567,0021700415,"Dec 14, 2017",CLE vs. LAL,W,35,9,15,0.6,4,6,0.667,6,6,1.0,1,10,11,3,2,1,2,2,28,8,1
22017,201567,0021700397,"Dec 12, 2017",CLE vs. ATL,W,28,6,13,0.462,4,5,0.8,1,3,0.333,4,8,12,2,0,0,2,1,17,10,1
22017,201567,0021700369,"Dec 08, 2017",CLE @ IND,L,26,6,16,0.375,2,7,0.286,6,10,0.6,2,5,7,3,0,0,0,0,20,11,1
22017,201567,0021700353,"Dec 06, 2017",CLE vs. SAC,W,30,7,16,0.438,1,6,0.167,3,3,1.0,1,12,13,1,1,0,2,1,18,-3,1
22017,201567,0021700344,"Dec 04, 2017",CLE @ CHI,W,23,8,13,0.615,3,6,0.5,5,5,1.0,0,13,13,0,0,1,0,0,24,9,1
22017,201567,0021700329,"Dec 02, 2017",CLE vs. MEM,W,30,7,12,0.583,3,4,0.75,3,3,1.0,0,11,11,2,0,0,1,2,20,1,1
22017,201567,0021700313,"Nov 30, 2017",CLE @ ATL,W,33,7,16,0.438,4,9,0.444,7,8,0.875,6,10,16,2,0,0,5,2,25,12,1
22017,201567,0021700298,"Nov 28, 2017",CLE vs. MIA,W,25,10,16,0.625,4,8,0.5,14,17,0.824,2,7,9,2,2,0,3,0,38,25,1
22017,201567,0021700291,"Nov 27, 2017",CLE @ PHI,W,25,4,12,0.333,2,7,0.286,3,3,1.0,2,1,3,2,1,0,1,4,13,0,1
22017,201567,0021700270,"Nov 24, 2017",CLE vs. CHA,W,31,3,6,0.5,1,3,0.333,4,4,1.0,1,12,13,0,0,1,1,5,11,-11,1
22017,201567,0021700254,"Nov 22, 2017",CLE vs. BKN,W,31,7,17,0.412,0,4,0.0,4,6,0.667,2,8,10,3,0,1,1,4,18,10,1
22017,201567,0021700242,"Nov 20, 2017",CLE @ DET,W,26,8,12,0.667,1,2,0.5,2,2,1.0,2,9,11,4,0,0,2,3,19,30,1
22017,201567,0021700220,"Nov 17, 2017",CLE vs. LAC,W,42,9,18,0.5,3,7,0.429,4,4,1.0,4,4,8,2,2,1,1,4,25,9,1
22017,201567,0021700207,"Nov 15, 2017",CLE @ CHA,W,27,9,16,0.563,1,3,0.333,3,3,1.0,2,8,10,0,1,1,2,3,22,-6,1
22017,201567,0021700193,"Nov 13, 2017",CLE @ NYK,W,23,2,9,0.222,0,4,0.0,2,2,1.0,3,3,6,2,0,0,2,1,6,-15,2
22017,201567,0021700181,"Nov 11, 2017",CLE @ DAL,W,36,11,19,0.579,3,5,0.6,4,4,1.0,4,11,15,3,0,1,1,1,29,13,1
22017,201567,0021700166,"Nov 09, 2017",CLE @ HOU,L,29,5,12,0.417,3,6,0.5,4,4,1.0,2,4,6,4,1,0,4,6,17,1,1
22017,201567,0021700149,"Nov 07, 2017",CLE vs. MIL,W,35,9,14,0.643,0,0,0.0,14,16,0.875,8,8,16,3,2,1,2,1,32,2,1
22017,201567,0021700136,"Nov 05, 2017",CLE vs. ATL,L,18,1,6,0.167,0,2,0.0,2,2,1.0,3,1,4,1,3,0,0,4,4,-15,1
22017,201567,0021700122,"Nov 03, 2017",CLE @ WAS,W,27,2,5,0.4,2,5,0.4,5,5,1.0,0,8,8,0,1,0,2,3,11,1,1
22017,201567,0021700106,"Nov 01, 2017",CLE vs. IND,L,36,4,12,0.333,2,6,0.333,3,4,0.75,2,11,13,3,0,1,0,0,13,-11,2
22017,201567,0021700090,"Oct 29, 2017",CLE vs. NYK,L,35,5,15,0.333,3,8,0.375,9,10,0.9,4,7,11,1,1,0,2,4,22,-15,1
22017,201567,0021700077,"Oct 28, 2017",CLE @ NOP,L,27,7,12,0.583,5,6,0.833,7,7,1.0,1,10,11,1,1,0,2,1,26,-12,1
22017,201567,0021700058,"Oct 25, 2017",CLE @ BKN,L,33,4,13,0.308,2,6,0.333,5,6,0.833,5,7,12,0,0,0,6,2,15,-3,1
22017,201567,0021700049,"Oct 24, 2017",CLE vs. CHI,W,29,7,16,0.438,3,7,0.429,3,4,0.75,3,9,12,2,0,0,2,2,20,1,2
22017,201567,0021700028,"Oct 21, 2017",CLE vs. ORL,L,27,8,17,0.471,0,5,0.0,3,4,0.75,1,8,9,1,1,1,2,2,19,-12,1
22017,201567,0021700021,"Oct 20, 2017",CLE @ MIL,W,27,5,12,0.417,0,3,0.0,7,7,1.0,2,10,12,6,0,2,4,2,17,-2,1
22017,201567,0021700001,"Oct 17, 2017",CLE vs. BOS,W,28,4,9,0.444,1,4,0.25,6,7,0.857,3,8,11,0,0,0,2,2,15,1,1
22016,201567,0021601205,"Apr 10, 2017",CLE @ MIA,L,36,8,18,0.444,1,6,0.167,8,8,1.0,1,9,10,0,1,0,1,6,25,-7,1
22016,201567,0021601197,"Apr 09, 2017",CLE @ ATL,L,42,4,14,0.286,1,5,0.2,2,4,0.5,6,9,15,5,0,1,4,5,11,11,1
22016,201567,0021601179,"Apr 07, 2017",CLE vs. ATL,L,35,6,17,0.353,3,10,0.3,0,0,0.0,0,15,15,3,0,0,2,4,15,-12,1
22016,201567,0021601169,"Apr 05, 2017",CLE @ BOS,W,32,5,15,0.333,1,5,0.2,4,4,1.0,5,11,16,1,0,0,0,4,15,17,1
22016,201567,0021601156,"Apr 04, 2017",CLE vs. ORL,W,28,9,18,0.5,5,9,0.556,5,6,0.833,2,9,11,2,2,1,1,2,28,25,1
22016,201567,0021601150,"Apr 02, 2017",CLE vs. IND,W,37,8,12,0.667,3,6,0.5,1,2,0.5,3,9,12,1,0,0,4,2,20,4,1
22016,201567,0021601128,"Mar 31, 2017",CLE vs. PHI,W,30,6,14,0.429,2,5,0.4,4,5,0.8,1,9,10,3,3,0,3,2,18,15,1
22016,201567,0021601122,"Mar 30, 2017",CLE @ CHI,L,21,3,10,0.3,0,1,0.0,2,2,1.0,3,7,10,4,0,2,1,6,8,-12,1
22016,201567,0021601099,"Mar 27, 2017",CLE @ SAS,L,27,4,12,0.333,1,6,0.167,0,0,0.0,2,5,7,4,2,0,2,2,9,-19,1
22016,201567,0021601083,"Mar 25, 2017",CLE vs. WAS,L,33,5,11,0.455,3,6,0.5,4,4,1.0,2,5,7,0,1,1,2,3,17,-10,1
22016,201567,0021601073,"Mar 24, 2017",CLE @ CHA,W,29,6,12,0.5,0,3,0.0,3,4,0.75,1,11,12,4,0,0,2,4,15,-8,1
22016,201567,0021601064,"Mar 22, 2017",CLE @ DEN,L,22,3,9,0.333,3,7,0.429,0,0,0.0,1,6,7,1,2,1,0,1,9,-6,1
22016,201567,0021601043,"Mar 19, 2017",CLE @ LAL,W,26,6,15,0.4,3,7,0.429,6,7,0.857,4,11,15,0,0,0,1,2,21,3,1
22016,201567,0021601014,"Mar 16, 2017",CLE vs. UTA,W,20,5,9,0.556,0,3,0.0,0,0,0.0,2,7,9,0,0,0,1,0,10,-5,1
22016,201567,0021600811,"Feb 11, 2017",CLE vs. DEN,W,34,5,11,0.455,3,5,0.6,3,4,0.75,3,6,9,5,0,0,2,0,16,10,1
22016,201567,0021600796,"Feb 09, 2017",CLE @ OKC,L,31,5,12,0.417,0,1,0.0,5,5,1.0,1,11,12,0,3,0,2,0,15,-9,1
22016,201567,0021600783,"Feb 08, 2017",CLE @ IND,W,35,3,11,0.273,1,7,0.143,7,7,1.0,0,10,10,2,1,1,1,2,14,19,1
22016,201567,0021600769,"Feb 06, 2017",CLE @ WAS,W,42,11,17,0.647,6,10,0.6,11,11,1.0,4,8,12,3,3,0,4,3,39,6,1
22016,201567,0021600759,"Feb 04, 2017",CLE @ NYK,W,35,7,16,0.438,4,7,0.571,5,6,0.833,5,11,16,1,1,0,5,1,23,7,1
22016,201567,0021600712,"Jan 29, 2017",CLE vs. OKC,W,12,0,4,0.0,0,3,0.0,1,2,0.5,0,8,8,1,0,0,0,1,1,-2,1
22016,201567,0021600695,"Jan 27, 2017",CLE vs. BKN,W,28,5,13,0.385,3,6,0.5,0,0,0.0,2,12,14,2,1,1,2,1,13,13,1
22016,201567,0021600680,"Jan 25, 2017",CLE vs. SAC,L,39,7,16,0.438,4,9,0.444,3,6,0.5,4,12,16,5,1,0,4,3,21,9,1
22016,201567,0021600671,"Jan 23, 2017",CLE @ NOP,L,38,7,15,0.467,1,5,0.2,7,8,0.875,6,10,16,6,0,0,3,1,22,7,1
22016,201567,0021600657,"Jan 21, 2017",CLE vs. SAS,L,36,4,15,0.267,3,11,0.273,2,3,0.667,1,10,11,3,0,0,3,3,13,26,1
22016,201567,0021600619,"Jan 16, 2017",CLE @ GSW,L,16,1,6,0.167,0,2,0.0,1,1,1.0,2,1,3,1,0,0,0,2,3,-23,1
22016,201567,0021600599,"Jan 13, 2017",CLE @ SAC,W,31,6,16,0.375,1,6,0.167,2,2,1.0,5,12,17,1,0,0,2,1,15,14,1
22016,201567,0021600585,"Jan 11, 2017",CLE @ POR,L,28,5,15,0.333,3,9,0.333,4,4,1.0,0,8,8,1,0,0,1,0,17,-10,1
22016,201567,0021600576,"Jan 10, 2017",CLE @ UTA,L,37,4,14,0.286,2,6,0.333,2,2,1.0,0,9,9,3,0,0,2,4,12,-2,1
22016,201567,0021600565,"Jan 08, 2017",CLE @ PHX,W,36,8,17,0.471,3,10,0.3,6,6,1.0,5,5,10,1,0,1,1,1,25,1,1
22016,201567,0021600547,"Jan 06, 2017",CLE @ BKN,W,36,5,16,0.313,4,9,0.444,3,3,1.0,3,10,13,2,0,0,4,2,17,5,1
22016,201567,0021600514,"Jan 02, 2017",CLE vs. NOP,W,24,5,19,0.263,0,7,0.0,2,3,0.667,3,8,11,3,1,0,1,1,12,2,1
22016,201567,0021600505,"Dec 31, 2016",CLE @ CHA,W,39,8,20,0.4,4,8,0.5,8,8,1.0,2,8,10,0,0,0,2,0,28,10,1
22016,201567,0021600488,"Dec 29, 2016",CLE vs. BOS,W,34,10,22,0.455,6,16,0.375,4,4,1.0,3,12,15,2,2,0,4,4,30,18,1
22016,201567,0021600464,"Dec 26, 2016",CLE @ DET,L,26,6,14,0.429,3,6,0.5,2,2,1.0,4,10,14,1,2,1,5,2,17,-1,1
22016,201567,0021600457,"Dec 25, 2016",CLE vs. GSW,W,32,5,13,0.385,3,7,0.429,7,8,0.875,1,5,6,3,1,0,0,5,20,12,1
22016,201567,0021600444,"Dec 23, 2016",CLE vs. BKN,W,25,4,14,0.286,2,7,0.286,4,4,1.0,1,14,15,0,0,1,1,0,14,28,1
22016,201567,0021600402,"Dec 17, 2016",CLE vs. LAL,W,33,11,20,0.55,3,7,0.429,2,3,0.667,3,14,17,4,1,0,2,1,27,7,1
22016,201567,0021600368,"Dec 13, 2016",CLE vs. MEM,W,35,9,17,0.529,3,6,0.5,8,8,1.0,3,10,13,3,2,0,2,0,29,23,1
22016,201567,0021600349,"Dec 10, 2016",CLE vs. CHA,W,36,7,12,0.583,0,4,0.0,8,10,0.8,1,5,6,1,3,0,2,4,22,13,1
22016,201567,0021600338,"Dec 09, 2016",CLE vs. MIA,W,31,11,18,0.611,3,8,0.375,3,4,0.75,5,10,15,3,1,1,3,1,28,20,1
22016,201567,0021600327,"Dec 07, 2016",CLE @ NYK,W,27,6,16,0.375,4,12,0.333,5,5,1.0,1,2,3,2,2,0,2,0,21,27,1
22016,201567,0021600305,"Dec 05, 2016",CLE @ TOR,W,38,8,18,0.444,6,11,0.545,6,6,1.0,2,12,14,0,0,0,2,2,28,2,1
22016,201567,0021600286,"Dec 02, 2016",CLE @ CHI,L,42,5,14,0.357,3,7,0.429,2,3,0.667,0,9,9,3,1,1,3,3,15,-9,1
22016,201567,0021600279,"Dec 01, 2016",CLE vs. LAC,L,25,7,11,0.636,2,5,0.4,0,0,0.0,0,4,4,0,0,0,3,3,16,-6,1
22016,201567,0021600262,"Nov 29, 2016",CLE @ MIL,L,31,3,10,0.3,2,7,0.286,5,7,0.714,1,12,13,2,1,0,1,2,13,-9,1
22016,201567,0021600245,"Nov 27, 2016",CLE @ PHI,W,28,6,13,0.462,4,8,0.5,9,9,1.0,3,8,11,1,0,0,1,0,25,10,1
22016,201567,0021600227,"Nov 25, 2016",CLE vs. DAL,W,28,8,14,0.571,7,9,0.778,4,4,1.0,1,9,10,4,3,0,1,1,27,38,1
22016,201567,0021600215,"Nov 23, 2016",CLE vs. POR,W,32,12,20,0.6,8,12,0.667,8,8,1.0,4,4,8,3,1,1,1,2,40,20,1
22016,201567,0021600175,"Nov 18, 2016",CLE vs. DET,W,27,5,10,0.5,0,1,0.0,2,2,1.0,1,12,13,1,0,0,4,1,12,31,1
22016,201567,0021600160,"Nov 16, 2016",CLE @ IND,L,33,11,23,0.478,4,10,0.4,1,4,0.25,3,13,16,1,0,0,2,0,27,-10,1
22016,201567,0021600153,"Nov 15, 2016",CLE vs. TOR,W,35,5,16,0.313,1,7,0.143,8,9,0.889,4,9,13,1,0,3,3,1,19,18,1
22016,201567,0021600140,"Nov 13, 2016",CLE vs. CHA,W,26,6,10,0.6,2,3,0.667,3,4,0.75,4,7,11,4,1,0,1,3,17,2,1
22016,201567,0021600122,"Nov 11, 2016",CLE @ WAS,W,34,4,12,0.333,0,1,0.0,6,9,0.667,7,9,16,1,1,0,3,4,14,15,1
22016,201567,0021600100,"Nov 08, 2016",CLE vs. ATL,L,38,7,17,0.412,0,4,0.0,10,11,0.909,6,6,12,3,3,0,2,4,24,-8,1
22016,201567,0021600080,"Nov 05, 2016",CLE @ PHI,W,38,8,16,0.5,2,5,0.4,2,3,0.667,1,10,11,1,0,1,2,1,20,-4,1
22016,201567,0021600068,"Nov 03, 2016",CLE vs. BOS,W,33,5,15,0.333,4,8,0.5,12,13,0.923,2,6,8,0,0,0,1,0,26,-8,1
22016,201567,0021600047,"Nov 01, 2016",CLE vs. HOU,W,31,9,16,0.563,1,2,0.5,5,5,1.0,1,4,5,0,2,1,2,1,24,3,1
22016,201567,0021600029,"Oct 29, 2016",CLE vs. ORL,W,33,6,17,0.353,0,5,0.0,7,7,1.0,3,2,5,0,0,1,4,6,19,-4,1
22016,201567,0021600018,"Oct 28, 2016",CLE @ TOR,W,36,6,15,0.4,2,5,0.4,4,4,1.0,2,8,10,2,1,1,0,2,18,5,1
22016,201567,0021600001,"Oct 25, 2016",CLE vs. NYK,W,25,6,15,0.4,2,6,0.333,9,12,0.75,2,10,12,2,3,0,2,3,23,24,1
22015,201567,0021501203,"Apr 11, 2016",CLE vs. ATL,W,29,2,8,0.25,2,5,0.4,4,4,1.0,1,13,14,1,2,0,1,2,10,9,1
22015,201567,0021501191,"Apr 09, 2016",CLE @ CHI,L,36,6,17,0.353,4,9,0.444,4,5,0.8,3,10,13,3,0,0,3,3,20,11,1
22015,201567,0021501165,"Apr 06, 2016",CLE @ IND,L,19,5,13,0.385,3,5,0.6,10,10,1.0,0,5,5,0,0,0,1,3,23,0,1
22015,201567,0021501159,"Apr 05, 2016",CLE @ MIL,W,25,6,11,0.545,3,6,0.5,2,2,1.0,0,9,9,3,0,0,2,1,17,17,1
22015,201567,0021501144,"Apr 03, 2016",CLE vs. CHA,W,32,10,18,0.556,5,8,0.625,0,0,0.0,2,7,9,4,0,1,3,4,25,-5,1
22015,201567,0021501131,"Apr 01, 2016",CLE @ ATL,W,34,5,11,0.455,3,9,0.333,2,4,0.5,0,6,6,4,1,0,3,5,15,8,1
22015,201567,0021501122,"Mar 31, 2016",CLE vs. BKN,W,25,6,10,0.6,4,8,0.5,3,4,0.75,3,7,10,2,1,1,3,0,19,20,1
22015,201567,0021501111,"Mar 29, 2016",CLE vs. HOU,L,30,5,14,0.357,2,6,0.333,1,2,0.5,1,10,11,0,0,0,1,3,13,-16,1
22015,201567,0021501086,"Mar 26, 2016",CLE @ NYK,W,34,10,19,0.526,4,9,0.444,4,6,0.667,3,9,12,2,0,0,0,1,28,13,1
22015,201567,0021501069,"Mar 24, 2016",CLE @ BKN,L,33,5,14,0.357,0,5,0.0,1,2,0.5,3,9,12,3,0,1,2,1,11,-8,1
22015,201567,0021501059,"Mar 23, 2016",CLE vs. MIL,W,31,8,14,0.571,4,10,0.4,4,5,0.8,2,8,10,4,1,2,4,3,24,14,1
22015,201567,0021501033,"Mar 19, 2016",CLE @ MIA,L,16,3,7,0.429,1,4,0.25,0,0,0.0,0,1,1,1,0,0,1,3,7,-13,1
22015,201567,0021501020,"Mar 18, 2016",CLE @ ORL,W,23,5,10,0.5,3,5,0.6,1,2,0.5,1,5,6,2,0,0,3,3,14,-5,1
22015,201567,0021501005,"Mar 16, 2016",CLE vs. DAL,W,34,8,19,0.421,2,6,0.333,5,6,0.833,4,14,18,1,0,2,2,3,23,16,1
22015,201567,0021500994,"Mar 14, 2016",CLE @ UTA,L,34,4,11,0.364,2,7,0.286,2,2,1.0,1,8,9,2,0,0,3,2,12,-4,1
22015,201567,0021500983,"Mar 13, 2016",CLE @ LAC,W,25,5,11,0.455,0,4,0.0,2,4,0.5,0,9,9,1,0,0,0,0,12,1,1
22015,201567,0021500957,"Mar 09, 2016",CLE @ SAC,W,35,4,13,0.308,2,8,0.25,7,7,1.0,1,9,10,3,2,1,4,3,17,19,1
22015,201567,0021500938,"Mar 07, 2016",CLE vs. MEM,L,33,2,9,0.222,0,3,0.0,10,10,1.0,4,7,11,3,0,1,4,0,14,-4,1
22015,201567,0021500922,"Mar 05, 2016",CLE vs. BOS,W,30,1,6,0.167,0,3,0.0,8,9,0.889,1,3,4,3,1,0,1,1,10,8,1
22015,201567,0021500884,"Feb 29, 2016",CLE vs. IND,W,40,4,14,0.286,1,5,0.2,4,4,1.0,1,7,8,6,0,1,1,3,13,2,1
22015,201567,0021500877,"Feb 28, 2016",CLE @ WAS,L,24,4,11,0.364,0,1,0.0,4,4,1.0,2,3,5,1,0,0,2,0,12,-14,1
22015,201567,0021500864,"Feb 26, 2016",CLE @ TOR,L,35,5,15,0.333,2,5,0.4,8,10,0.8,3,6,9,5,1,0,0,3,20,3,1
22015,201567,0021500845,"Feb 24, 2016",CLE vs. CHA,W,26,4,11,0.364,0,3,0.0,0,0,0.0,0,2,2,2,2,0,2,3,8,12,1
22015,201567,0021500833,"Feb 22, 2016",CLE vs. DET,L,36,8,15,0.533,3,7,0.429,5,5,1.0,0,7,7,3,0,0,2,2,24,-11,1
22015,201567,0021500824,"Feb 21, 2016",CLE @ OKC,W,38,9,18,0.5,0,4,0.0,11,12,0.917,3,8,11,4,0,0,0,0,29,24,1
22015,201567,0021500803,"Feb 18, 2016",CLE vs. CHI,W,30,5,10,0.5,2,6,0.333,3,4,0.75,1,13,14,2,0,1,0,2,15,15,1
22015,201567,0021500795,"Feb 10, 2016",CLE vs. LAL,W,20,2,9,0.222,2,5,0.4,2,2,1.0,0,6,6,3,1,0,0,2,8,16,1
22015,201567,0021500775,"Feb 08, 2016",CLE vs. SAC,W,28,2,10,0.2,2,6,0.333,5,6,0.833,1,5,6,2,0,0,2,2,11,13,1
22015,201567,0021500755,"Feb 05, 2016",CLE vs. BOS,L,22,4,10,0.4,2,6,0.333,0,0,0.0,1,4,5,2,0,1,0,0,10,-2,1
22015,201567,0021500735,"Feb 03, 2016",CLE @ CHA,L,36,4,12,0.333,2,7,0.286,2,2,1.0,1,11,12,1,2,2,1,1,12,0,1
22015,201567,0021500721,"Feb 01, 2016",CLE @ IND,W,42,7,15,0.467,2,5,0.4,3,4,0.75,0,8,8,2,2,2,2,4,19,1,1
22015,201567,0021500713,"Jan 30, 2016",CLE vs. SAS,W,31,8,13,0.615,3,6,0.5,2,2,1.0,3,8,11,3,0,1,1,2,21,4,1
22015,201567,0021500699,"Jan 29, 2016",CLE @ DET,W,37,9,19,0.474,5,7,0.714,6,6,1.0,0,6,6,3,0,0,0,3,29,17,1
22015,201567,0021500684,"Jan 27, 2016",CLE vs. PHX,W,28,8,17,0.471,3,8,0.375,2,2,1.0,3,8,11,4,2,2,1,2,21,12,1
22015,201567,0021500667,"Jan 25, 2016",CLE vs. MIN,W,36,5,11,0.455,1,7,0.143,0,1,0.0,1,5,6,2,2,0,1,3,11,10,1
22015,201567,0021500659,"Jan 23, 2016",CLE vs. CHI,L,33,6,12,0.5,1,5,0.2,1,4,0.25,1,4,5,2,1,0,1,3,14,-7,1
22015,201567,0021500640,"Jan 21, 2016",CLE vs. LAC,W,33,4,10,0.4,3,6,0.5,7,8,0.875,2,14,16,2,1,0,5,3,18,11,1
22015,201567,0021500631,"Jan 20, 2016",CLE @ BKN,W,31,5,10,0.5,1,3,0.333,6,8,0.75,0,18,18,0,2,0,4,3,17,18,1
22015,201567,0021500622,"Jan 18, 2016",CLE vs. GSW,L,21,1,5,0.2,1,3,0.333,0,0,0.0,1,5,6,2,0,1,1,1,3,-18,1
22015,201567,0021500601,"Jan 15, 2016",CLE @ HOU,W,33,4,13,0.308,3,8,0.375,0,0,0.0,3,10,13,1,3,0,5,2,11,7,1
22015,201567,0021500590,"Jan 14, 2016",CLE @ SAS,L,37,4,10,0.4,2,4,0.5,0,0,0.0,0,12,12,1,0,0,2,3,10,6,1
22015,201567,0021500575,"Jan 12, 2016",CLE @ DAL,W,37,5,19,0.263,3,9,0.333,2,2,1.0,6,5,11,0,0,2,0,3,15,-6,1
22015,201567,0021500559,"Jan 10, 2016",CLE @ PHI,W,37,5,11,0.455,1,4,0.25,4,7,0.571,4,11,15,6,2,0,3,3,15,18,1
22015,201567,0021500543,"Jan 08, 2016",CLE @ MIN,W,31,4,11,0.364,2,4,0.5,10,11,0.909,1,8,9,4,0,1,0,1,20,16,1
22015,201567,0021500527,"Jan 06, 2016",CLE @ WAS,W,29,4,10,0.4,0,1,0.0,0,0,0.0,5,4,9,0,2,1,2,3,8,2,1
22015,201567,0021500511,"Jan 04, 2016",CLE vs. TOR,W,33,4,11,0.364,2,5,0.4,4,4,1.0,4,5,9,2,2,3,1,3,14,14,1
22015,201567,0021500499,"Jan 02, 2016",CLE vs. ORL,W,29,2,5,0.4,1,2,0.5,5,8,0.625,1,12,13,2,1,0,1,1,10,19,1
22015,201567,0021500473,"Dec 29, 2015",CLE @ DEN,W,36,4,16,0.25,0,5,0.0,0,2,0.0,1,13,14,1,2,0,1,2,8,16,1
22015,201567,0021500466,"Dec 28, 2015",CLE @ PHX,W,25,6,11,0.545,3,6,0.5,1,1,1.0,2,5,7,4,0,0,1,4,16,15,1
22015,201567,0021500453,"Dec 26, 2015",CLE @ POR,L,20,4,9,0.444,4,7,0.571,1,3,0.333,1,4,5,0,0,0,2,0,13,-21,1
22015,201567,0021500438,"Dec 25, 2015",CLE @ GSW,L,39,5,16,0.313,0,5,0.0,0,0,0.0,3,15,18,4,0,2,1,2,10,2,1
22015,201567,0021500424,"Dec 23, 2015",CLE vs. NYK,W,34,8,17,0.471,2,6,0.333,5,7,0.714,2,11,13,2,0,0,1,1,23,6,1
22015,201567,0021500405,"Dec 20, 2015",CLE vs. PHI,W,22,2,4,0.5,1,2,0.5,5,6,0.833,0,5,5,1,1,0,2,4,10,12,1
22015,201567,0021500384,"Dec 17, 2015",CLE vs. OKC,W,32,4,10,0.4,2,5,0.4,1,1,1.0,1,6,7,5,2,0,3,2,11,-10,1
22015,201567,0021500367,"Dec 15, 2015",CLE @ BOS,W,34,7,16,0.438,3,7,0.429,3,4,0.75,1,7,8,5,1,2,2,0,20,20,1
22015,201567,0021500334,"Dec 11, 2015",CLE @ ORL,W,28,2,6,0.333,1,3,0.333,3,4,0.75,3,10,13,6,2,0,0,0,8,28,1
22015,201567,0021500313,"Dec 08, 2015",CLE vs. POR,W,30,5,12,0.417,0,1,0.0,8,10,0.8,2,2,4,4,4,0,1,0,18,-2,1
22015,201567,0021500291,"Dec 05, 2015",CLE @ MIA,L,22,2,11,0.182,0,4,0.0,1,1,1.0,3,5,8,2,0,0,3,2,5,-10,1
22015,201567,0021500288,"Dec 04, 2015",CLE @ NOP,L,37,6,16,0.375,0,5,0.0,3,5,0.6,3,7,10,1,2,0,1,1,15,4,1
22015,201567,0021500262,"Dec 01, 2015",CLE vs. WAS,L,33,2,9,0.222,0,3,0.0,4,4,1.0,1,7,8,0,1,0,0,0,8,-24,1
22015,201567,0021500240,"Nov 28, 2015",CLE vs. BKN,W,34,8,14,0.571,6,11,0.545,4,4,1.0,0,7,7,2,0,1,3,4,26,5,2
22015,201567,0021500227,"Nov 27, 2015",CLE @ CHA,W,30,7,12,0.583,2,3,0.667,2,2,1.0,4,12,16,1,0,0,2,0,18,-7,1
22015,201567,0021500219,"Nov 25, 2015",CLE @ TOR,L,35,7,14,0.5,5,8,0.625,2,4,0.5,3,10,13,2,0,0,3,5,21,-7,1
22015,201567,0021500203,"Nov 23, 2015",CLE vs. ORL,W,34,11,18,0.611,6,9,0.667,6,7,0.857,0,8,8,4,0,1,2,1,34,25,1
22015,201567,0021500191,"Nov 21, 2015",CLE vs. ATL,W,31,9,15,0.6,2,7,0.286,5,6,0.833,2,9,11,2,1,1,3,4,25,9,1
22015,201567,0021500176,"Nov 19, 2015",CLE vs. MIL,W,34,7,15,0.467,3,5,0.6,5,5,1.0,5,10,15,1,1,1,4,3,22,15,1
22015,201567,0021500160,"Nov 17, 2015",CLE @ DET,L,34,7,13,0.538,1,4,0.25,4,4,1.0,0,9,9,3,1,0,4,4,19,0,1
22015,201567,0021500141,"Nov 14, 2015",CLE @ MIL,L,44,8,18,0.444,4,9,0.444,4,6,0.667,2,12,14,2,1,0,2,2,24,-5,1
22015,201567,0021500130,"Nov 13, 2015",CLE @ NYK,W,34,2,10,0.2,1,5,0.2,2,4,0.5,6,5,11,2,1,0,3,3,7,5,1
22015,201567,0021500106,"Nov 10, 2015",CLE vs. UTA,W,40,6,16,0.375,4,10,0.4,6,6,1.0,2,6,8,3,2,0,2,2,22,3,1
22015,201567,0021500094,"Nov 08, 2015",CLE vs. IND,W,39,9,18,0.5,2,6,0.333,2,2,1.0,4,15,19,2,0,3,2,3,22,14,1
22015,201567,0021500078,"Nov 06, 2015",CLE vs. PHI,W,34,5,16,0.313,2,10,0.2,0,0,0.0,5,9,14,2,2,0,5,2,12,14,1
22015,201567,0021500063,"Nov 04, 2015",CLE vs. NYK,W,32,4,13,0.308,2,6,0.333,1,2,0.5,2,10,12,1,0,0,1,0,11,10,1
22015,201567,0021500046,"Nov 02, 2015",CLE @ PHI,W,29,7,14,0.5,0,4,0.0,1,1,1.0,1,7,8,2,0,0,2,2,15,24,1
22015,201567,0021500021,"Oct 30, 2015",CLE vs. MIA,W,33,6,15,0.4,3,7,0.429,9,9,1.0,6,8,14,5,0,1,0,2,24,3,1
22015,201567,0021500011,"Oct 28, 2015",CLE @ MEM,W,29,7,14,0.5,2,7,0.286,1,1,1.0,2,11,13,3,0,0,3,2,17,18,1
22015,201567,0021500002,"Oct 27, 2015",CLE @ CHI,L,35,6,17,0.353,3,7,0.429,3,3,1.0,4,4,8,4,0,2,2,0,18,1,1
22014,201567,0021401225,"Apr 15, 2015",CLE vs. WAS,W,18,6,12,0.5,5,6,0.833,2,2,1.0,0,3,3,0,0,0,1,0,19,-6,1
22014,201567,0021401203,"Apr 13, 2015",CLE vs. DET,W,26,3,9,0.333,1,6,0.167,0,0,0.0,0,4,4,0,0,2,1,1,7,6,1
22014,201567,0021401178,"Apr 10, 2015",CLE vs. BOS,L,31,6,12,0.5,4,8,0.5,3,3,1.0,2,4,6,4,0,0,2,1,19,1,1
22014,201567,0021401167,"Apr 08, 2015",CLE @ MIL,W,35,7,14,0.5,1,5,0.2,1,2,0.5,2,9,11,0,1,2,2,1,16,3,1
22014,201567,0021401148,"Apr 05, 2015",CLE vs. CHI,W,31,4,12,0.333,3,8,0.375,0,0,0.0,1,3,4,2,2,1,2,1,11,5,1
22014,201567,0021401092,"Mar 29, 2015",CLE vs. PHI,W,31,4,10,0.4,2,5,0.4,0,1,0.0,3,7,10,1,2,1,2,1,10,11,1
22014,201567,0021401078,"Mar 27, 2015",CLE @ BKN,L,31,6,11,0.545,2,4,0.5,4,4,1.0,1,6,7,1,0,0,3,6,18,0,1
22014,201567,0021401066,"Mar 25, 2015",CLE @ MEM,W,32,10,13,0.769,2,4,0.5,0,0,0.0,1,9,10,4,1,2,5,0,22,23,1
22014,201567,0021401037,"Mar 22, 2015",CLE @ MIL,W,29,4,13,0.308,1,5,0.2,0,0,0.0,2,1,3,2,0,0,2,1,9,-1,1
22014,201567,0021401023,"Mar 20, 2015",CLE vs. IND,W,39,3,9,0.333,1,4,0.25,4,5,0.8,2,11,13,1,0,1,0,0,11,4,1
22014,201567,0021401005,"Mar 18, 2015",CLE vs. BKN,W,27,4,9,0.444,0,2,0.0,2,3,0.667,2,9,11,4,0,0,3,1,10,13,1
22014,201567,0021400964,"Mar 12, 2015",CLE @ SAS,W,33,2,10,0.2,2,4,0.5,2,2,1.0,2,3,5,2,0,0,0,0,8,1,1
22014,201567,0021400948,"Mar 10, 2015",CLE @ DAL,W,33,9,17,0.529,2,6,0.333,1,2,0.5,2,12,14,2,0,1,3,2,21,24,1
22014,201567,0021400924,"Mar 07, 2015",CLE vs. PHX,W,33,3,6,0.5,3,5,0.6,4,4,1.0,0,10,10,4,1,1,2,2,13,17,1
22014,201567,0021400915,"Mar 06, 2015",CLE @ ATL,L,35,4,11,0.364,4,10,0.4,2,4,0.5,2,6,8,1,1,1,1,2,14,2,1
22014,201567,0021400900,"Mar 04, 2015",CLE @ TOR,W,34,6,10,0.6,4,7,0.571,6,9,0.667,3,7,10,1,1,0,0,1,22,4,1
22014,201567,0021400891,"Mar 03, 2015",CLE vs. BOS,W,25,4,10,0.4,2,6,0.333,2,2,1.0,0,8,8,3,0,1,0,0,12,25,1
22014,201567,0021400883,"Mar 01, 2015",CLE @ HOU,L,35,8,19,0.421,3,8,0.375,2,2,1.0,2,4,6,3,0,0,1,4,21,-7,1
22014,201567,0021400856,"Feb 27, 2015",CLE @ IND,L,36,6,19,0.316,1,7,0.143,4,4,1.0,2,8,10,3,2,2,0,3,17,-1,1
22014,201567,0021400854,"Feb 26, 2015",CLE vs. GSW,W,37,5,10,0.5,3,5,0.6,3,4,0.75,0,8,8,1,0,0,2,2,16,11,1
22014,201567,0021400839,"Feb 24, 2015",CLE @ DET,W,34,8,16,0.5,8,14,0.571,0,0,0.0,0,9,9,3,1,0,0,2,24,-3,1
22014,201567,0021400821,"Feb 22, 2015",CLE @ NYK,W,29,7,14,0.5,2,5,0.4,0,0,0.0,1,15,16,1,0,0,0,0,16,28,1
22014,201567,0021400809,"Feb 20, 2015",CLE @ WAS,W,30,3,8,0.375,0,3,0.0,2,4,0.5,3,3,6,3,3,0,1,1,8,14,1
22014,201567,0021400796,"Feb 11, 2015",CLE vs. MIA,W,20,5,8,0.625,1,4,0.25,1,2,0.5,1,5,6,4,2,1,0,1,12,18,1
22014,201567,0021400766,"Feb 08, 2015",CLE vs. LAL,W,35,11,18,0.611,7,8,0.875,3,5,0.6,0,10,10,3,0,0,1,2,32,23,1
22014,201567,0021400747,"Feb 06, 2015",CLE @ IND,L,34,2,8,0.25,1,4,0.25,0,0,0.0,0,8,8,2,0,0,0,4,5,2,1
22014,201567,0021400743,"Feb 05, 2015",CLE vs. LAC,W,29,6,14,0.429,2,6,0.333,10,12,0.833,0,9,9,3,0,0,3,2,24,24,1
22014,201567,0021400718,"Feb 02, 2015",CLE vs. PHI,W,33,1,7,0.143,1,2,0.5,2,2,1.0,3,12,15,2,1,1,1,1,5,26,1
22014,201567,0021400711,"Jan 31, 2015",CLE @ MIN,W,36,6,14,0.429,1,5,0.2,1,4,0.25,6,11,17,3,0,0,2,1,14,4,1
22014,201567,0021400700,"Jan 30, 2015",CLE vs. SAC,W,29,9,17,0.529,2,5,0.4,3,3,1.0,1,9,10,3,0,0,2,2,23,23,1
22014,201567,0021400681,"Jan 28, 2015",CLE vs. POR,W,39,3,15,0.2,2,8,0.25,2,2,1.0,2,10,12,2,0,0,0,1,10,-5,1
22014,201567,0021400676,"Jan 27, 2015",CLE @ DET,W,32,3,11,0.273,1,8,0.125,0,0,0.0,0,8,8,4,0,0,0,2,7,11,1
22014,201567,0021400658,"Jan 25, 2015",CLE vs. OKC,W,36,6,10,0.6,5,7,0.714,2,4,0.5,3,10,13,1,0,1,3,1,19,-5,1
22014,201567,0021400643,"Jan 23, 2015",CLE vs. CHA,W,30,3,7,0.429,0,0,0.0,3,4,0.75,1,2,3,3,1,1,1,1,9,33,1
22014,201567,0021400626,"Jan 21, 2015",CLE vs. UTA,W,33,7,15,0.467,1,7,0.143,4,4,1.0,5,8,13,2,1,2,2,2,19,11,1
22014,201567,0021400620,"Jan 19, 2015",CLE vs. CHI,W,30,3,13,0.231,1,3,0.333,9,10,0.9,5,7,12,2,1,0,3,4,16,2,1
22014,201567,0021400586,"Jan 15, 2015",CLE @ LAL,W,37,4,12,0.333,1,6,0.167,8,9,0.889,1,6,7,1,1,0,1,2,17,14,1
22014,201567,0021400570,"Jan 13, 2015",CLE @ PHX,L,27,3,11,0.273,1,5,0.2,2,2,1.0,6,3,9,0,0,1,1,1,9,-20,1
22014,201567,0021400561,"Jan 11, 2015",CLE @ SAC,L,35,10,21,0.476,3,9,0.333,2,3,0.667,1,9,10,3,1,1,4,1,25,-21,1
22014,201567,0021400547,"Jan 09, 2015",CLE @ GSW,L,38,6,11,0.545,1,2,0.5,4,4,1.0,3,11,14,1,1,0,1,1,17,-7,1
22014,201567,0021400523,"Jan 07, 2015",CLE vs. HOU,L,39,7,19,0.368,0,3,0.0,3,6,0.5,3,13,16,4,0,0,1,3,17,-13,1
22014,201567,0021400509,"Jan 05, 2015",CLE @ PHI,L,37,8,18,0.444,1,6,0.167,11,13,0.846,4,15,19,2,2,0,3,1,28,0,1
22014,201567,0021400503,"Jan 04, 2015",CLE vs. DAL,L,32,11,21,0.524,3,7,0.429,5,6,0.833,6,4,10,3,1,1,2,1,30,-10,1
22014,201567,0021400484,"Jan 02, 2015",CLE @ CHA,W,38,9,15,0.6,3,4,0.75,6,10,0.6,0,5,5,1,0,1,1,3,27,10,1
22014,201567,0021400466,"Dec 30, 2014",CLE @ ATL,L,24,1,8,0.125,1,1,1.0,4,4,1.0,1,6,7,1,2,0,1,1,7,-6,1
22014,201567,0021400453,"Dec 28, 2014",CLE vs. DET,L,34,9,19,0.474,1,7,0.143,1,2,0.5,2,8,10,1,0,1,2,2,20,-25,1
22014,201567,0021400433,"Dec 26, 2014",CLE @ ORL,W,33,7,17,0.412,3,8,0.375,5,5,1.0,1,6,7,2,0,0,2,1,22,2,1
22014,201567,0021400429,"Dec 25, 2014",CLE @ MIA,L,39,5,13,0.385,0,4,0.0,4,4,1.0,1,4,5,3,1,1,2,0,14,-2,1
22014,201567,0021400416,"Dec 23, 2014",CLE vs. MIN,W,36,5,11,0.455,1,2,0.5,9,11,0.818,3,7,10,4,0,0,2,2,20,22,1
22014,201567,0021400401,"Dec 21, 2014",CLE vs. MEM,W,35,4,9,0.444,0,0,0.0,0,0,0.0,0,8,8,2,0,1,2,4,8,18,1
22014,201567,0021400386,"Dec 19, 2014",CLE vs. BKN,W,40,1,10,0.1,0,4,0.0,4,4,1.0,5,9,14,2,1,3,2,2,6,-5,1
22014,201567,0021400370,"Dec 17, 2014",CLE vs. ATL,L,32,4,10,0.4,2,6,0.333,3,3,1.0,1,9,10,6,0,0,1,1,13,-20,1
22014,201567,0021400355,"Dec 15, 2014",CLE vs. CHA,W,39,7,14,0.5,4,9,0.444,4,5,0.8,1,18,19,5,4,0,1,1,22,16,1
22014,201567,0021400336,"Dec 12, 2014",CLE @ NOP,L,43,5,11,0.455,1,5,0.2,10,11,0.909,3,4,7,3,2,1,1,3,21,-1,1
22014,201567,0021400326,"Dec 11, 2014",CLE @ OKC,L,39,5,13,0.385,2,5,0.4,6,8,0.75,2,14,16,2,1,0,3,3,18,-8,1
22014,201567,0021400308,"Dec 09, 2014",CLE vs. TOR,W,36,6,15,0.4,1,5,0.2,4,4,1.0,3,6,9,4,0,1,3,0,17,0,1
22014,201567,0021400303,"Dec 08, 2014",CLE @ BKN,W,32,7,14,0.5,2,5,0.4,3,6,0.5,3,11,14,1,0,0,1,1,19,13,1
22014,201567,0021400281,"Dec 05, 2014",CLE @ TOR,W,40,5,13,0.385,3,8,0.375,2,2,1.0,0,13,13,0,0,0,4,1,15,13,1
22014,201567,0021400273,"Dec 04, 2014",CLE @ NYK,W,39,4,11,0.364,0,2,0.0,3,4,0.75,2,9,11,2,0,1,1,1,11,12,1
22014,201567,0021400253,"Dec 02, 2014",CLE vs. MIL,W,40,10,16,0.625,4,8,0.5,3,5,0.6,2,9,11,0,0,1,7,2,27,15,1
22014,201567,0021400238,"Nov 29, 2014",CLE vs. IND,W,33,9,13,0.692,2,3,0.667,8,9,0.889,3,7,10,2,2,0,2,3,28,17,1
22014,201567,0021400211,"Nov 26, 2014",CLE vs. WAS,W,29,7,10,0.7,1,2,0.5,6,7,0.857,2,3,5,0,0,1,2,5,21,25,1
22014,201567,0021400199,"Nov 24, 2014",CLE vs. ORL,W,32,5,11,0.455,0,1,0.0,2,4,0.5,2,6,8,5,2,0,1,2,12,26,1
22014,201567,0021400186,"Nov 22, 2014",CLE vs. TOR,L,34,8,16,0.5,0,1,0.0,7,7,1.0,1,6,7,1,1,0,0,5,23,-2,1
22014,201567,0021400179,"Nov 21, 2014",CLE @ WAS,L,31,3,8,0.375,2,4,0.5,0,0,0.0,1,7,8,2,1,0,4,3,8,-11,1
22014,201567,0021400159,"Nov 19, 2014",CLE vs. SAS,L,35,4,12,0.333,0,2,0.0,2,2,1.0,4,7,11,4,1,1,2,3,10,-5,1
22014,201567,0021400147,"Nov 17, 2014",CLE vs. DEN,L,38,7,13,0.538,1,5,0.2,5,6,0.833,3,8,11,1,0,0,2,3,20,-14,1
22014,201567,0021400133,"Nov 15, 2014",CLE vs. ATL,W,30,5,12,0.417,3,7,0.429,0,0,0.0,0,6,6,5,0,0,1,1,13,10,1
22014,201567,0021400125,"Nov 14, 2014",CLE @ BOS,W,37,2,10,0.2,0,3,0.0,8,12,0.667,3,12,15,4,0,1,1,4,12,2,1
22014,201567,0021400098,"Nov 10, 2014",CLE vs. NOP,W,39,7,13,0.538,6,9,0.667,2,2,1.0,1,4,5,2,1,0,1,2,22,1,2
22014,201567,0021400081,"Nov 07, 2014",CLE @ DEN,W,36,6,16,0.375,0,5,0.0,7,8,0.875,2,6,8,1,0,1,2,4,19,15,1
22014,201567,0021400066,"Nov 05, 2014",CLE @ UTA,L,38,2,10,0.2,1,5,0.2,9,11,0.818,0,8,8,1,1,0,1,4,14,1,1
22014,201567,0021400055,"Nov 04, 2014",CLE @ POR,L,36,7,14,0.5,5,8,0.625,3,3,1.0,1,9,10,2,0,0,1,4,22,-8,1
22014,201567,0021400022,"Oct 31, 2014",CLE @ CHI,W,41,5,17,0.294,1,6,0.167,5,6,0.833,2,14,16,1,4,0,0,2,16,7,1
22014,201567,0021400018,"Oct 30, 2014",CLE vs. NYK,L,38,6,14,0.429,3,6,0.5,4,4,1.0,3,11,14,4,0,0,2,1,19,-4,1
22013,201567,0021301218,"Apr 16, 2014",MIN vs. UTA,L,47,4,15,0.267,1,9,0.111,10,12,0.833,0,10,10,9,0,0,5,2,19,-12,1
22013,201567,0021301213,"Apr 14, 2014",MIN @ GSW,L,36,11,24,0.458,5,9,0.556,13,16,0.813,2,12,14,9,0,0,6,2,40,-6,1
22013,201567,0021301202,"Apr 13, 2014",MIN @ SAC,L,38,12,23,0.522,4,9,0.444,15,17,0.882,4,7,11,1,0,0,3,0,43,-13,1
22013,201567,0021301169,"Apr 09, 2014",MIN vs. CHI,L,33,7,20,0.35,2,8,0.25,1,1,1.0,1,9,10,3,0,1,3,2,17,-11,1
22013,201567,0021300275,"Apr 08, 2014",MIN vs. SAS,W,33,5,15,0.333,2,6,0.333,7,7,1.0,2,10,12,4,0,1,4,0,19,14,2
22013,201567,0021301135,"Apr 04, 2014",MIN @ MIA,W,45,11,27,0.407,2,9,0.222,4,5,0.8,4,7,11,2,0,1,4,1,28,-5,1
22013,201567,0021301122,"Apr 02, 2014",MIN vs. MEM,W,36,9,15,0.6,2,5,0.4,4,5,0.8,4,12,16,10,1,1,2,2,24,14,1
22013,201567,0021301107,"Mar 31, 2014",MIN vs. LAC,L,29,8,21,0.381,2,8,0.25,2,3,0.667,5,8,13,4,1,0,4,1,20,-30,1
22013,201567,0021301095,"Mar 30, 2014",MIN @ BKN,L,33,5,14,0.357,1,3,0.333,3,4,0.75,4,5,9,3,0,0,2,2,14,-1,1
22013,201567,0021301081,"Mar 28, 2014",MIN vs. LAL,W,29,6,10,0.6,3,5,0.6,7,9,0.778,0,10,10,10,1,0,4,1,22,21,1
22013,201567,0021301065,"Mar 26, 2014",MIN vs. ATL,W,29,5,9,0.556,2,4,0.5,2,2,1.0,0,12,12,4,0,0,5,0,14,6,1
22013,201567,0021301051,"Mar 24, 2014",MIN @ MEM,L,34,6,18,0.333,2,8,0.25,2,2,1.0,1,6,7,4,0,0,3,1,16,-32,1
22013,201567,0021301041,"Mar 23, 2014",MIN vs. PHX,L,38,11,27,0.407,3,10,0.3,11,12,0.917,5,9,14,9,2,0,3,3,36,3,1
22013,201567,0021301019,"Mar 20, 2014",MIN @ HOU,L,30,10,19,0.526,5,9,0.556,4,4,1.0,1,5,6,5,1,2,1,2,29,-6,1
22013,201567,0021301014,"Mar 19, 2014",MIN @ DAL,W,41,11,20,0.55,2,5,0.4,11,14,0.786,1,7,8,3,0,1,4,2,35,-9,1
22013,201567,0021300991,"Mar 16, 2014",MIN vs. SAC,W,39,9,15,0.6,3,6,0.5,5,7,0.714,1,9,10,5,1,0,4,1,26,9,1
22013,201567,0021300971,"Mar 14, 2014",MIN @ CHA,L,36,7,17,0.412,2,4,0.5,2,4,0.5,0,6,6,5,0,0,0,1,18,-2,1
22013,201567,0021300954,"Mar 11, 2014",MIN vs. MIL,W,42,10,22,0.455,3,9,0.333,4,7,0.571,2,8,10,6,0,3,0,1,27,12,1
22013,201567,0021300940,"Mar 09, 2014",MIN vs. TOR,L,41,9,22,0.409,4,9,0.444,4,4,1.0,3,8,11,9,1,1,0,2,26,0,1
22013,201567,0021300922,"Mar 07, 2014",MIN vs. DET,W,36,10,18,0.556,3,7,0.429,5,6,0.833,5,9,14,4,2,0,2,1,28,20,1
22013,201567,0021300911,"Mar 05, 2014",MIN vs. NYK,L,36,6,17,0.353,3,10,0.3,4,6,0.667,3,5,8,2,0,0,2,2,19,-6,1
22013,201567,0021300895,"Mar 03, 2014",MIN @ DEN,W,38,10,21,0.476,2,6,0.333,11,13,0.846,3,16,19,4,2,0,4,1,33,-3,1
22013,201567,0021300881,"Mar 01, 2014",MIN @ SAC,W,38,4,12,0.333,2,5,0.4,12,14,0.857,1,9,10,7,2,1,3,3,22,19,2
22013,201567,0021300851,"Feb 25, 2014",MIN @ PHX,W,39,10,22,0.455,3,6,0.5,10,14,0.714,3,10,13,9,0,2,3,1,33,16,1
22013,201567,0021300840,"Feb 23, 2014",MIN @ POR,L,35,11,21,0.524,2,8,0.25,7,9,0.778,2,8,10,0,1,0,4,4,31,-19,1
22013,201567,0021300830,"Feb 22, 2014",MIN @ UTA,W,33,11,20,0.55,6,10,0.6,9,10,0.9,3,9,12,10,1,0,1,3,37,23,1
22013,201567,0021300805,"Feb 19, 2014",MIN vs. IND,W,37,14,22,0.636,5,10,0.5,9,10,0.9,1,15,16,1,1,0,3,2,42,14,1
22013,201567,0021300786,"Feb 12, 2014",MIN vs. DEN,W,37,11,20,0.55,6,11,0.545,4,4,1.0,2,9,11,8,0,1,1,2,32,30,1
22013,201567,0021300768,"Feb 10, 2014",MIN vs. HOU,L,37,9,23,0.391,1,6,0.167,12,12,1.0,3,7,10,1,1,0,4,1,31,-11,1
22013,201567,0021300747,"Feb 07, 2014",MIN @ NOP,L,36,6,20,0.3,0,6,0.0,14,17,0.824,4,15,19,3,1,0,2,3,26,-2,1
22013,201567,0021300722,"Feb 04, 2014",MIN vs. LAL,W,41,8,19,0.421,2,5,0.4,13,18,0.722,3,14,17,3,1,1,3,2,31,5,1
22013,201567,0021300699,"Feb 01, 2014",MIN @ ATL,L,38,12,22,0.545,2,3,0.667,17,18,0.944,6,13,19,1,1,0,3,0,43,-9,1
22013,201567,0021300691,"Jan 31, 2014",MIN vs. MEM,L,37,12,20,0.6,3,7,0.429,1,1,1.0,2,14,16,2,0,1,2,2,28,5,1
22013,201567,0021300680,"Jan 29, 2014",MIN vs. NOP,W,43,11,26,0.423,1,6,0.167,7,9,0.778,5,9,14,5,0,0,3,1,30,8,1
22013,201567,0021300664,"Jan 27, 2014",MIN @ CHI,W,36,8,17,0.471,1,7,0.143,14,14,1.0,0,8,8,2,1,0,3,4,31,4,1
22013,201567,0021300653,"Jan 25, 2014",MIN @ POR,L,36,4,12,0.333,1,3,0.333,6,6,1.0,1,12,13,4,1,1,4,2,15,5,1
22013,201567,0021300645,"Jan 24, 2014",MIN @ GSW,W,37,7,18,0.389,1,5,0.2,11,14,0.786,5,9,14,8,1,0,2,1,26,-1,1
22013,201567,0021300620,"Jan 21, 2014",MIN @ UTA,W,38,7,15,0.467,1,6,0.167,4,5,0.8,3,10,13,7,0,0,2,1,19,26,1
22013,201567,0021300598,"Jan 18, 2014",MIN vs. UTA,W,29,5,10,0.5,2,4,0.5,6,11,0.545,2,11,13,5,3,1,1,2,18,35,1
22013,201567,0021300584,"Jan 17, 2014",MIN @ TOR,L,32,7,19,0.368,1,3,0.333,1,2,0.5,4,8,12,3,1,0,1,5,16,-5,1
22013,201567,0021300571,"Jan 15, 2014",MIN vs. SAC,L,37,9,16,0.563,4,6,0.667,5,6,0.833,3,8,11,5,1,0,1,2,27,-3,1
22013,201567,0021300554,"Jan 12, 2014",MIN @ SAS,L,32,3,14,0.214,0,2,0.0,8,11,0.727,1,6,7,0,0,2,1,0,14,-18,1
22013,201567,0021300535,"Jan 10, 2014",MIN vs. CHA,W,32,6,10,0.6,2,4,0.5,5,7,0.714,2,12,14,4,0,1,1,1,19,12,1
22013,201567,0021300524,"Jan 08, 2014",MIN vs. PHX,L,37,4,20,0.2,1,5,0.2,6,6,1.0,2,10,12,1,0,0,0,5,15,-4,1
22013,201567,0021300505,"Jan 06, 2014",MIN @ PHI,W,29,7,12,0.583,4,7,0.571,8,10,0.8,1,6,7,4,2,1,1,0,26,28,1
22013,201567,0021300493,"Jan 04, 2014",MIN vs. OKC,L,43,11,21,0.524,5,9,0.556,3,7,0.429,2,12,14,5,2,1,7,2,30,-4,1
22013,201567,0021300470,"Jan 01, 2014",MIN vs. NOP,W,35,7,19,0.368,1,7,0.143,6,8,0.75,2,4,6,3,1,1,2,2,21,21,1
22013,201567,0021300455,"Dec 30, 2013",MIN vs. DAL,L,40,14,24,0.583,2,7,0.286,6,8,0.75,4,7,11,4,1,0,1,3,36,-3,1
22013,201567,0021300444,"Dec 28, 2013",MIN @ MIL,W,35,11,17,0.647,4,6,0.667,7,9,0.778,2,13,15,6,1,0,2,1,33,33,1
22013,201567,0021300431,"Dec 27, 2013",MIN vs. WAS,W,32,8,18,0.444,2,7,0.286,7,7,1.0,1,10,11,1,1,0,0,2,25,8,1
22013,201567,0021300406,"Dec 22, 2013",MIN @ LAC,L,43,15,23,0.652,2,6,0.333,13,15,0.867,3,16,19,6,1,0,4,3,45,-3,1
22013,201567,0021300391,"Dec 20, 2013",MIN @ LAL,L,42,9,18,0.5,2,7,0.286,5,5,1.0,4,9,13,3,0,1,0,2,25,-8,1
22013,201567,0021300376,"Dec 18, 2013",MIN vs. POR,W,41,10,18,0.556,4,7,0.571,5,6,0.833,2,13,15,9,1,0,4,0,29,5,1
22013,201567,0021300358,"Dec 16, 2013",MIN @ BOS,L,36,9,25,0.36,2,11,0.182,7,11,0.636,5,9,14,1,1,0,1,2,27,-11,1
22013,201567,0021300351,"Dec 15, 2013",MIN @ MEM,W,38,11,21,0.524,4,8,0.5,4,4,1.0,2,7,9,4,0,3,3,1,30,7,1
22013,201567,0021300338,"Dec 13, 2013",MIN @ SAS,L,39,15,27,0.556,8,9,0.889,4,4,1.0,4,10,14,2,1,0,1,0,42,5,1
22013,201567,0021300322,"Dec 11, 2013",MIN vs. PHI,W,37,9,21,0.429,1,6,0.167,7,8,0.875,4,11,15,5,2,0,3,0,26,-6,1
22013,201567,0021300315,"Dec 10, 2013",MIN @ DET,W,30,6,15,0.4,4,6,0.667,10,10,1.0,6,10,16,7,0,0,4,1,26,19,1
22013,201567,0021300253,"Dec 01, 2013",MIN @ OKC,L,32,4,14,0.286,3,6,0.5,5,7,0.714,3,9,12,2,1,0,1,2,16,2,1
22013,201567,0021300244,"Nov 30, 2013",MIN @ DAL,W,35,6,14,0.429,2,5,0.4,7,11,0.636,3,8,11,2,0,1,1,1,21,12,1
22013,201567,0021300223,"Nov 27, 2013",MIN vs. DEN,L,40,7,19,0.368,3,9,0.333,2,2,1.0,5,10,15,3,1,0,2,2,19,1,1
22013,201567,0021300203,"Nov 25, 2013",MIN @ IND,L,41,6,20,0.3,1,5,0.2,7,8,0.875,4,13,17,2,1,0,5,1,20,-5,1
22013,201567,0021300192,"Nov 23, 2013",MIN @ HOU,L,36,11,22,0.5,2,5,0.4,3,3,1.0,6,9,15,2,1,0,2,1,27,-15,1
22013,201567,0021300182,"Nov 22, 2013",MIN vs. BKN,W,28,5,11,0.455,0,3,0.0,7,7,1.0,6,10,16,4,2,0,1,1,17,30,1
22013,201567,0021300168,"Nov 20, 2013",MIN vs. LAC,L,37,2,14,0.143,0,3,0.0,6,10,0.6,4,8,12,8,1,0,5,2,10,4,2
22013,201567,0021300156,"Nov 19, 2013",MIN @ WAS,L,37,8,17,0.471,4,10,0.4,5,9,0.556,6,5,11,4,0,0,3,5,25,-10,1
22013,201567,0021300142,"Nov 16, 2013",MIN vs. BOS,W,33,7,16,0.438,2,4,0.5,7,7,1.0,2,10,12,2,1,0,7,3,23,20,1
22013,201567,0021300131,"Nov 15, 2013",MIN @ DEN,L,35,10,20,0.5,2,7,0.286,6,7,0.857,2,8,10,2,3,2,3,4,28,-1,1
22013,201567,0021300115,"Nov 13, 2013",MIN vs. CLE,W,31,10,16,0.625,1,4,0.25,12,14,0.857,2,6,8,6,0,0,0,2,33,26,1
22013,201567,0021300106,"Nov 11, 2013",MIN @ LAC,L,39,8,19,0.421,4,8,0.5,3,4,0.75,5,14,19,7,0,0,3,3,23,4,1
22013,201567,0021300097,"Nov 10, 2013",MIN @ LAL,W,37,8,17,0.471,4,9,0.444,5,5,1.0,1,12,13,3,1,0,3,2,25,21,1
22013,201567,0021300080,"Nov 08, 2013",MIN vs. DAL,W,35,12,21,0.571,3,6,0.5,5,5,1.0,6,9,15,8,0,1,2,2,32,19,1
22013,201567,0021300067,"Nov 06, 2013",MIN vs. GSW,L,38,10,25,0.4,1,4,0.25,4,4,1.0,7,9,16,6,2,1,3,0,25,-2,1
22013,201567,0021300047,"Nov 04, 2013",MIN @ CLE,L,36,8,20,0.4,0,7,0.0,1,1,1.0,4,9,13,5,0,1,3,1,17,7,1
22013,201567,0021300045,"Nov 03, 2013",MIN @ NYK,W,41,10,19,0.526,2,8,0.25,12,15,0.8,2,13,15,5,0,0,4,4,34,24,1
22013,201567,0021300027,"Nov 01, 2013",MIN vs. OKC,W,29,7,12,0.583,3,5,0.6,7,8,0.875,1,11,12,2,2,0,1,1,24,26,1
22013,201567,0021300010,"Oct 30, 2013",MIN vs. ORL,W,41,8,19,0.421,3,8,0.375,12,16,0.75,4,13,17,4,0,0,1,3,31,9,1
22012,201567,0021200477,"Jan 03, 2013",MIN @ DEN,W,24,4,13,0.308,0,2,0.0,4,5,0.8,5,12,17,2,0,0,1,1,12,-12,1
22012,201567,0021200473,"Jan 02, 2013",MIN @ UTA,L,30,4,14,0.286,0,4,0.0,5,5,1.0,4,6,10,3,1,2,1,1,13,-4,1
22012,201567,0021200444,"Dec 29, 2012",MIN vs. PHX,W,41,8,20,0.4,2,6,0.333,5,7,0.714,2,16,18,1,0,0,2,3,23,6,0
22012,201567,0021200417,"Dec 26, 2012",MIN vs. HOU,L,36,3,14,0.214,0,7,0.0,1,1,1.0,3,9,12,3,0,1,5,1,7,-4,1
22012,201567,0021200377,"Dec 20, 2012",MIN vs. OKC,W,40,9,20,0.45,4,9,0.444,6,8,0.75,2,9,11,7,0,2,1,1,28,2,1
22012,201567,0021200359,"Dec 18, 2012",MIN @ MIA,L,33,2,10,0.2,0,0,0.0,7,8,0.875,3,15,18,3,0,0,3,3,11,-15,1
22012,201567,0021200350,"Dec 17, 2012",MIN @ ORL,L,38,10,20,0.5,2,6,0.333,1,2,0.5,2,13,15,0,3,0,2,0,23,-4,1
22012,201567,0021200331,"Dec 14, 2012",MIN @ NOH,W,36,4,18,0.222,1,4,0.25,5,7,0.714,3,6,9,3,0,0,1,1,14,9,1
22012,201567,0021200319,"Dec 12, 2012",MIN vs. DEN,W,31,3,17,0.176,0,3,0.0,2,4,0.5,5,9,14,1,0,0,2,5,8,1,1
22012,201567,0021200276,"Dec 07, 2012",MIN vs. CLE,W,35,10,19,0.526,2,5,0.4,14,18,0.778,6,7,13,0,1,1,3,0,36,18,1
22012,201567,0021200259,"Dec 05, 2012",MIN @ BOS,L,35,6,15,0.4,1,5,0.2,6,12,0.5,4,9,13,4,0,0,5,2,19,-9,1
22012,201567,0021200251,"Dec 04, 2012",MIN @ PHI,W,26,2,10,0.2,1,5,0.2,1,2,0.5,2,8,10,5,0,0,1,0,6,9,1
22012,201567,0021200230,"Nov 30, 2012",MIN vs. MIL,W,30,5,19,0.263,1,7,0.143,4,7,0.571,4,10,14,0,1,0,1,1,15,14,1
22012,201567,0021200219,"Nov 28, 2012",MIN @ LAC,L,35,3,12,0.25,1,5,0.2,12,16,0.75,3,9,12,3,0,1,3,3,19,-9,1
22012,201567,0021200207,"Nov 27, 2012",MIN @ SAC,W,44,8,17,0.471,2,8,0.25,5,6,0.833,3,21,24,2,2,1,2,4,23,10,1
22012,201567,0021200190,"Nov 24, 2012",MIN @ GSW,L,34,6,20,0.3,1,5,0.2,2,4,0.5,6,9,15,2,0,0,2,1,15,-15,1
22012,201567,0021200182,"Nov 23, 2012",MIN @ POR,L,36,6,15,0.4,0,2,0.0,12,16,0.75,2,11,13,1,3,0,1,3,24,-2,1
22012,201567,0021200166,"Nov 21, 2012",MIN vs. DEN,L,35,12,25,0.48,2,9,0.222,8,14,0.571,5,9,14,2,2,1,3,4,34,7,1
22011,201567,0021100867,"Apr 11, 2012",MIN @ DEN,L,8,0,5,0.0,0,0,0.0,0,0,0.0,2,1,3,0,0,0,0,0,0,-3,0
22011,201567,0021100848,"Apr 09, 2012",MIN vs. PHX,L,39,7,19,0.368,1,6,0.167,10,11,0.909,4,9,13,2,2,0,4,5,25,-22,0
22011,201567,0021100830,"Apr 07, 2012",MIN @ NOH,L,35,11,23,0.478,3,8,0.375,4,5,0.8,5,7,12,3,1,1,0,3,29,-11,0
22011,201567,0021100806,"Apr 04, 2012",MIN vs. GSW,L,43,12,28,0.429,0,7,0.0,5,5,1.0,5,7,12,5,0,0,1,3,29,-11,0
22011,201567,0021100789,"Apr 02, 2012",MIN @ SAC,L,34,8,17,0.471,3,5,0.6,4,6,0.667,3,4,7,1,0,1,0,5,23,-8,0
22011,201567,0021100783,"Apr 01, 2012",MIN @ POR,L,37,7,16,0.438,1,6,0.167,11,12,0.917,2,7,9,4,1,0,1,1,26,-2,0
22011,201567,0021100765,"Mar 30, 2012",MIN vs. BOS,L,39,5,18,0.278,2,5,0.4,10,11,0.909,4,7,11,3,0,0,3,1,22,-12,0
22011,201567,0021100745,"Mar 28, 2012",MIN @ CHA,W,43,14,31,0.452,4,7,0.571,8,10,0.8,6,13,19,4,0,0,2,0,40,5,0
22011,201567,0021100738,"Mar 27, 2012",MIN @ MEM,L,38,10,22,0.455,4,8,0.5,4,4,1.0,4,7,11,2,1,4,2,2,28,-3,0
22011,201567,0021100720,"Mar 25, 2012",MIN vs. DEN,W,44,11,19,0.579,1,4,0.25,7,7,1.0,7,14,21,4,2,3,0,2,30,25,0
22011,201567,0021100706,"Mar 23, 2012",MIN @ OKC,L,49,16,27,0.593,7,11,0.636,12,16,0.75,6,8,14,0,1,1,4,3,51,4,0
22011,201567,0021100690,"Mar 21, 2012",MIN @ SAS,L,30,5,13,0.385,1,3,0.333,6,9,0.667,3,9,12,2,2,0,1,3,17,-24,0
22011,201567,0021100675,"Mar 19, 2012",MIN @ GSW,W,44,13,23,0.565,3,5,0.6,7,10,0.7,4,12,16,2,0,0,3,3,36,6,0
22011,201567,0021100665,"Mar 18, 2012",MIN @ SAC,L,33,7,20,0.35,1,5,0.2,6,6,1.0,4,7,11,3,1,1,4,4,21,-10,0
22011,201567,0021100652,"Mar 16, 2012",MIN @ LAL,L,37,11,24,0.458,2,6,0.333,3,4,0.75,5,10,15,0,1,0,1,5,27,2,0
22011,201567,0021100641,"Mar 15, 2012",MIN @ UTA,L,41,9,23,0.391,2,8,0.25,5,10,0.5,2,14,16,1,0,0,2,3,25,-2,0
22011,201567,0021100616,"Mar 12, 2012",MIN @ PHX,W,37,11,23,0.478,5,9,0.556,3,5,0.6,1,6,7,1,0,0,0,1,30,0,0
22011,201567,0021100600,"Mar 10, 2012",MIN vs. NOH,L,41,10,23,0.435,2,8,0.25,9,10,0.9,5,11,16,0,1,0,2,3,31,-9,0
22011,201567,0021100577,"Mar 07, 2012",MIN vs. POR,W,45,9,17,0.529,3,5,0.6,8,11,0.727,4,12,16,3,0,0,3,3,29,19,0
22011,201567,0021100560,"Mar 05, 2012",MIN vs. LAC,W,43,13,25,0.52,5,10,0.5,8,11,0.727,7,10,17,2,0,0,2,4,39,8,0
22011,201567,0021100545,"Mar 03, 2012",MIN @ POR,W,43,15,27,0.556,5,8,0.625,7,8,0.875,4,6,10,4,1,0,0,2,42,18,0
22011,201567,0021100525,"Mar 01, 2012",MIN @ PHX,L,40,8,25,0.32,1,5,0.2,6,6,1.0,4,6,10,3,1,0,4,5,23,-10,0
22011,201567,0021100511,"Feb 28, 2012",MIN @ LAC,W,25,4,13,0.308,0,2,0.0,2,2,1.0,3,4,7,2,0,0,2,3,10,-9,0
22011,201567,0021100495,"Feb 22, 2012",MIN vs. UTA,W,37,3,14,0.214,0,2,0.0,4,6,0.667,3,7,10,3,3,0,3,4,10,6,0
22011,201567,0021100476,"Feb 20, 2012",MIN @ DEN,L,48,7,22,0.318,1,4,0.25,7,7,1.0,5,8,13,4,2,1,4,4,22,5,0
22011,201567,0021100467,"Feb 19, 2012",MIN vs. PHI,W,41,7,23,0.304,0,4,0.0,6,8,0.75,5,10,15,2,0,0,1,2,20,3,0
22011,201567,0021100452,"Feb 17, 2012",MIN @ HOU,W,42,11,16,0.688,2,4,0.5,9,10,0.9,3,14,17,1,0,2,4,3,33,11,0
22011,201567,0021100437,"Feb 15, 2012",MIN vs. CHA,W,42,11,21,0.524,2,5,0.4,6,8,0.75,4,14,18,3,1,0,3,2,30,18,0
22011,201567,0021100415,"Feb 13, 2012",MIN @ ORL,L,40,8,17,0.471,0,2,0.0,3,4,0.75,5,10,15,3,1,0,1,3,19,-14,0
22011,201567,0021100404,"Feb 11, 2012",MIN vs. NYK,L,43,10,21,0.476,2,6,0.333,10,10,1.0,3,18,21,0,1,1,3,3,32,-2,0
22011,201567,0021100398,"Feb 10, 2012",MIN vs. DAL,L,41,9,18,0.5,0,3,0.0,14,14,1.0,4,8,12,3,0,0,5,2,32,-14,0
22011,201567,0021100348,"Feb 04, 2012",MIN vs. HOU,W,38,9,16,0.563,1,2,0.5,6,7,0.857,7,11,18,1,1,0,6,2,25,10,0
22011,201567,0021100335,"Feb 03, 2012",MIN @ NJN,W,42,5,16,0.313,0,4,0.0,10,10,1.0,2,8,10,5,0,1,0,1,20,0,0
22011,201567,0021100322,"Feb 01, 2012",MIN vs. IND,L,38,6,16,0.375,0,3,0.0,9,11,0.818,5,12,17,2,0,1,2,4,21,1,0
22011,201567,0021100304,"Jan 30, 2012",MIN @ HOU,W,36,10,15,0.667,2,4,0.5,7,8,0.875,2,5,7,0,2,0,1,2,29,20,0
22011,201567,0021100297,"Jan 29, 2012",MIN vs. LAL,L,41,13,22,0.591,1,4,0.25,6,8,0.75,7,6,13,2,1,0,0,4,33,1,0
22011,201567,0021100280,"Jan 27, 2012",MIN vs. SAS,W,38,6,13,0.462,0,1,0.0,6,7,0.857,2,14,16,0,1,0,1,1,18,10,0
22011,201567,0021100264,"Jan 25, 2012",MIN @ DAL,W,43,9,16,0.563,4,6,0.667,9,10,0.9,1,10,11,2,2,2,2,3,31,16,0
22011,201567,0021100248,"Jan 23, 2012",MIN vs. HOU,L,42,13,19,0.684,5,5,1.0,8,10,0.8,2,9,11,1,1,0,5,3,39,-14,0
22011,201567,0021100236,"Jan 21, 2012",MIN @ UTA,L,34,5,21,0.238,1,7,0.143,4,7,0.571,3,5,8,0,0,0,4,3,15,-4,0
22011,201567,0021100225,"Jan 20, 2012",MIN @ LAC,W,36,5,16,0.313,2,3,0.667,5,6,0.833,2,12,14,3,1,0,0,2,17,-5,0
22011,201567,0021100210,"Jan 18, 2012",MIN vs. DET,W,43,7,20,0.35,1,4,0.25,5,6,0.833,6,11,17,1,1,0,2,3,20,16,0
22011,201567,0021100193,"Jan 16, 2012",MIN vs. SAC,W,41,11,21,0.524,2,7,0.286,9,11,0.818,2,9,11,3,2,0,3,4,33,22,0
22011,201567,0021100172,"Jan 14, 2012",MIN @ ATL,L,40,12,26,0.462,0,4,0.0,6,6,1.0,4,9,13,2,2,1,2,1,30,-3,0
22011,201567,0021100163,"Jan 13, 2012",MIN @ NOH,W,42,8,17,0.471,1,3,0.333,17,18,0.944,4,11,15,1,0,3,6,4,34,10,0
22011,201567,0021100138,"Jan 10, 2012",MIN vs. CHI,L,40,5,18,0.278,3,8,0.375,7,7,1.0,4,9,13,2,0,0,1,3,20,-6,0
22011,201567,0021100126,"Jan 09, 2012",MIN @ TOR,L,36,3,16,0.188,2,4,0.5,5,10,0.5,5,9,14,1,0,0,1,4,13,-20,0
22011,201567,0021100120,"Jan 08, 2012",MIN @ WAS,W,41,7,16,0.438,1,4,0.25,5,7,0.714,2,14,16,3,3,0,1,3,20,22,0
22011,201567,0021100106,"Jan 06, 2012",MIN vs. CLE,L,41,8,19,0.421,3,7,0.429,10,12,0.833,4,10,14,0,0,0,4,4,29,-13,0
22011,201567,0021100089,"Jan 04, 2012",MIN vs. MEM,L,38,11,21,0.524,2,6,0.333,3,4,0.75,8,6,14,0,0,2,3,3,27,-11,0
22011,201567,0021100072,"Jan 02, 2012",MIN vs. SAS,W,44,8,15,0.533,4,9,0.444,4,5,0.8,3,12,15,1,3,2,6,2,24,10,0
22011,201567,0021100061,"Jan 01, 2012",MIN vs. DAL,W,38,9,16,0.563,5,6,0.833,2,2,1.0,7,10,17,1,1,1,1,1,25,15,0
22011,201567,0021100045,"Dec 30, 2011",MIN vs. MIA,L,33,10,19,0.526,1,3,0.333,4,6,0.667,4,8,12,3,2,0,6,4,25,-10,0
22011,201567,0021100020,"Dec 27, 2011",MIN @ MIL,L,40,6,18,0.333,0,4,0.0,19,24,0.792,9,11,20,2,0,0,3,1,31,-1,0
22011,201567,0021100011,"Dec 26, 2011",MIN vs. OKC,L,41,6,14,0.429,1,3,0.333,9,12,0.75,5,7,12,5,1,0,3,3,22,-4,0
22010,201567,0021001126,"Apr 01, 2011",MIN vs. MIA,L,36,5,12,0.417,0,1,0.0,8,10,0.8,3,4,7,3,0,1,0,1,18,-17,0
22010,201567,0021001113,"Mar 30, 2011",MIN vs. CHI,L,27,6,13,0.462,0,2,0.0,4,5,0.8,4,5,9,0,0,0,3,2,16,-14,0
22010,201567,0021001038,"Mar 20, 2011",MIN vs. SAC,L,14,0,2,0.0,0,0,0.0,0,0,0.0,0,3,3,4,0,0,0,0,0,-1,0
22010,201567,0021001028,"Mar 18, 2011",MIN @ LAL,L,33,6,13,0.462,1,2,0.5,2,2,1.0,5,8,13,2,2,0,3,2,15,-5,0
22010,201567,0021001010,"Mar 16, 2011",MIN @ UTA,L,32,8,18,0.444,0,2,0.0,6,7,0.857,4,7,11,3,2,0,1,3,22,0,0
22010,201567,0021000990,"Mar 13, 2011",MIN @ GSW,L,33,1,6,0.167,0,1,0.0,4,6,0.667,2,10,12,5,1,0,3,2,6,-5,0
22010,201567,0021000972,"Mar 11, 2011",MIN vs. UTA,W,30,9,12,0.75,2,2,1.0,4,4,1.0,2,10,12,2,0,1,1,1,24,20,0
22010,201567,0021000960,"Mar 09, 2011",MIN vs. IND,W,27,4,10,0.4,0,2,0.0,8,15,0.533,4,17,21,0,1,0,1,3,16,18,0
22010,201567,0021000945,"Mar 07, 2011",MIN vs. DAL,L,36,7,14,0.5,4,6,0.667,5,6,0.833,6,11,17,5,1,1,3,4,23,2,0
22010,201567,0021000926,"Mar 05, 2011",MIN @ WAS,L,37,8,18,0.444,0,2,0.0,4,5,0.8,8,13,21,3,0,0,5,0,20,-2,0
22010,201567,0021000916,"Mar 04, 2011",MIN @ PHI,L,40,10,17,0.588,1,2,0.5,0,1,0.0,4,19,23,3,0,2,2,2,21,-7,0
22010,201567,0021000906,"Mar 02, 2011",MIN @ DET,W,34,7,13,0.538,0,1,0.0,6,8,0.75,2,18,20,3,1,2,3,1,20,0,0
22010,201567,0021000900,"Mar 01, 2011",MIN vs. LAL,L,37,2,10,0.2,0,1,0.0,9,10,0.9,4,7,11,2,1,0,1,0,13,-4,0
22010,201567,0021000882,"Feb 27, 2011",MIN vs. GSW,W,41,8,13,0.615,3,4,0.75,18,23,0.783,7,16,23,1,2,0,3,3,37,18,0
22010,201567,0021000868,"Feb 25, 2011",MIN vs. NOH,L,33,4,10,0.4,1,3,0.333,2,2,1.0,3,11,14,5,1,1,1,1,11,-9,0
22010,201567,0021000853,"Feb 23, 2011",MIN vs. MEM,L,30,4,11,0.364,0,2,0.0,7,8,0.875,3,8,11,2,1,1,1,2,15,-7,0
22010,201567,0021000842,"Feb 22, 2011",MIN @ MIL,L,33,6,10,0.6,2,4,0.5,6,9,0.667,4,13,17,6,1,0,0,2,20,-5,0
22010,201567,0021000830,"Feb 16, 2011",MIN vs. LAC,L,33,6,12,0.5,0,2,0.0,6,8,0.75,3,15,18,0,1,0,2,1,18,-14,0
22010,201567,0021000816,"Feb 14, 2011",MIN vs. POR,L,37,3,7,0.429,0,1,0.0,6,7,0.857,5,6,11,1,0,0,1,2,12,-14,0
22010,201567,0021000799,"Feb 12, 2011",MIN vs. PHI,L,34,6,13,0.462,1,3,0.333,3,3,1.0,3,10,13,0,0,0,0,1,16,-16,0
22010,201567,0021000787,"Feb 11, 2011",MIN @ IND,L,39,6,15,0.4,1,4,0.25,9,9,1.0,7,8,15,3,2,0,1,2,22,-14,0
22010,201567,0021000772,"Feb 08, 2011",MIN @ HOU,W,36,6,14,0.429,3,5,0.6,5,6,0.833,2,12,14,3,0,0,3,1,20,-1,0
22010,201567,0021000760,"Feb 07, 2011",MIN @ NOH,W,44,6,12,0.5,1,2,0.5,14,14,1.0,3,14,17,3,0,1,2,2,27,9,0
22010,201567,0021000751,"Feb 05, 2011",MIN vs. DEN,L,36,6,14,0.429,0,3,0.0,6,7,0.857,6,13,19,2,0,0,2,1,18,-15,0
22010,201567,0021000736,"Feb 04, 2011",MIN @ TOR,L,37,5,11,0.455,3,6,0.5,7,8,0.875,3,12,15,2,0,0,3,3,20,-12,0
22010,201567,0021000724,"Feb 02, 2011",MIN vs. MEM,L,35,4,9,0.444,0,2,0.0,2,5,0.4,1,9,10,3,1,1,2,2,10,-17,0
22010,201567,0021000695,"Jan 29, 2011",MIN vs. TOR,W,24,6,10,0.6,2,4,0.5,7,8,0.875,2,10,12,1,1,1,2,2,21,16,0
22010,201567,0021000689,"Jan 28, 2011",MIN @ UTA,L,37,6,11,0.545,0,1,0.0,10,11,0.909,5,10,15,2,0,1,3,3,22,-10,0
22010,201567,0021000673,"Jan 26, 2011",MIN vs. OKC,L,44,13,23,0.565,3,3,1.0,2,3,0.667,8,13,21,2,0,1,1,1,31,4,0
22010,201567,0021000659,"Jan 24, 2011",MIN vs. HOU,L,34,6,12,0.5,1,3,0.333,11,11,1.0,9,8,17,7,0,0,2,2,24,-8,0
22010,201567,0021000625,"Jan 19, 2011",MIN @ LAC,L,32,8,14,0.571,0,2,0.0,10,11,0.909,4,7,11,1,1,1,3,3,26,-12,0
22010,201567,0021000609,"Jan 17, 2011",MIN @ POR,L,39,8,20,0.4,0,0,0.0,6,7,0.857,7,10,17,4,1,0,3,3,22,-13,0
22010,201567,0021000593,"Jan 15, 2011",MIN vs. ORL,L,42,5,12,0.417,0,3,0.0,1,2,0.5,2,13,15,4,1,1,2,3,11,-7,0
22010,201567,0021000573,"Jan 13, 2011",MIN vs. WAS,W,41,13,18,0.722,5,6,0.833,4,4,1.0,5,6,11,4,0,0,1,1,35,21,0
22010,201567,0021000557,"Jan 11, 2011",MIN vs. SAS,L,42,7,20,0.35,2,5,0.4,4,6,0.667,5,15,20,2,2,0,1,1,20,-14,0
22010,201567,0021000546,"Jan 09, 2011",MIN @ SAS,L,35,7,15,0.467,1,4,0.25,3,4,0.75,5,12,17,1,0,0,1,1,18,1,0
22010,201567,0021000531,"Jan 07, 2011",MIN vs. POR,L,39,10,15,0.667,3,4,0.75,7,7,1.0,7,12,19,2,1,0,4,4,30,-7,0
22010,201567,0021000517,"Jan 05, 2011",MIN vs. CHA,L,45,11,16,0.688,3,5,0.6,10,11,0.909,4,11,15,5,0,0,2,3,35,4,0
22010,201567,0021000501,"Jan 03, 2011",MIN @ BOS,L,44,3,11,0.273,0,3,0.0,6,8,0.75,5,19,24,1,1,0,2,0,12,2,0
22010,201567,0021000487,"Jan 01, 2011",MIN vs. NJN,W,39,7,12,0.583,2,3,0.667,7,8,0.875,2,8,10,4,2,0,3,2,23,17,0
22010,201567,0021000466,"Dec 29, 2010",MIN vs. DEN,L,39,9,19,0.474,0,1,0.0,8,8,1.0,6,8,14,5,0,0,2,5,26,-9,0
22010,201567,0021000449,"Dec 27, 2010",MIN vs. NOH,W,41,5,12,0.417,1,4,0.25,5,5,1.0,2,9,11,2,1,0,4,1,16,13,0
22010,201567,0021000439,"Dec 26, 2010",MIN @ CLE,W,38,4,9,0.444,2,3,0.667,6,6,1.0,6,12,18,1,2,0,4,3,16,-3,0
22010,201567,0021000426,"Dec 22, 2010",MIN vs. UTA,L,40,7,20,0.35,2,3,0.667,9,10,0.9,9,10,19,2,0,0,4,5,25,-3,0
22010,201567,0021000414,"Dec 20, 2010",MIN @ LAC,L,32,4,9,0.444,0,1,0.0,4,6,0.667,2,8,10,3,1,0,2,2,12,-20,0
22010,201567,0021000398,"Dec 18, 2010",MIN @ DEN,L,43,14,23,0.609,5,5,1.0,10,12,0.833,7,10,17,3,0,0,2,2,43,1,0
22010,201567,0021000391,"Dec 17, 2010",MIN @ POR,L,40,8,17,0.471,0,1,0.0,3,4,0.75,7,10,17,4,0,0,1,2,19,7,0
22010,201567,0021000376,"Dec 15, 2010",MIN @ PHX,L,38,7,15,0.467,1,4,0.25,8,9,0.889,3,13,16,4,1,0,0,2,23,-4,0
22010,201567,0021000366,"Dec 14, 2010",MIN @ GSW,L,44,6,18,0.333,0,3,0.0,1,2,0.5,4,10,14,3,0,0,2,2,13,-4,0
22010,201567,0021000345,"Dec 11, 2010",MIN @ CHI,L,32,9,15,0.6,3,5,0.6,2,2,1.0,3,12,15,1,1,1,3,2,23,-17,0
22010,201567,0021000334,"Dec 10, 2010",MIN vs. DET,W,41,10,14,0.714,2,4,0.5,5,7,0.714,7,11,18,3,0,0,1,1,27,7,0
22010,201567,0021000320,"Dec 08, 2010",MIN vs. OKC,L,41,7,22,0.318,2,4,0.5,6,7,0.857,8,13,21,2,1,0,3,2,22,4,0
22010,201567,0021000304,"Dec 06, 2010",MIN @ NYK,L,42,10,18,0.556,3,5,0.6,10,10,1.0,3,12,15,3,1,0,0,1,33,7,0
22010,201567,0021000291,"Dec 04, 2010",MIN vs. CLE,W,32,8,15,0.533,5,5,1.0,7,8,0.875,3,16,19,3,0,1,3,2,28,32,0
22010,201567,0021000283,"Dec 03, 2010",MIN @ SAS,L,43,8,18,0.444,1,3,0.333,8,11,0.727,7,11,18,3,0,1,4,4,25,-4,0
22010,201567,0021000268,"Dec 01, 2010",MIN @ DAL,L,38,3,10,0.3,0,2,0.0,6,6,1.0,3,12,15,3,1,0,2,1,12,-13,0
22010,201567,0021000238,"Nov 27, 2010",MIN vs. GSW,L,42,6,16,0.375,0,3,0.0,9,9,1.0,5,17,22,2,0,2,0,1,21,-8,0
22010,201567,0021000215,"Nov 24, 2010",MIN vs. SAS,L,46,11,19,0.579,1,3,0.333,9,9,1.0,7,15,22,3,0,0,3,4,32,0,0
22010,201567,0021000197,"Nov 22, 2010",MIN @ OKC,L,38,10,17,0.588,4,6,0.667,0,0,0.0,4,13,17,3,0,0,2,1,24,-25,0
22010,201567,0021000176,"Nov 19, 2010",MIN vs. LAL,L,34,0,7,0.0,0,2,0.0,0,0,0.0,2,5,7,3,0,0,2,0,0,-27,0
22010,201567,0021000162,"Nov 17, 2010",MIN vs. LAC,W,38,7,11,0.636,2,3,0.667,8,8,1.0,2,12,14,4,2,1,1,1,24,0,0
22010,201567,0021000144,"Nov 15, 2010",MIN @ CHA,L,32,8,16,0.5,1,3,0.333,3,3,1.0,2,7,9,0,1,1,4,5,20,-7,0
22010,201567,0021000139,"Nov 14, 2010",MIN @ ATL,L,41,7,15,0.467,0,2,0.0,8,8,1.0,5,12,17,0,2,0,5,2,22,2,0
22010,201567,0021000125,"Nov 12, 2010",MIN vs. NYK,W,41,11,26,0.423,1,4,0.25,8,10,0.8,12,19,31,5,0,1,2,3,31,12,0
22010,201567,0021000117,"Nov 10, 2010",MIN @ SAC,W,28,3,9,0.333,0,0,0.0,2,4,0.5,1,8,9,0,0,0,2,1,8,-4,0
22010,201567,0021000107,"Nov 09, 2010",MIN @ LAL,L,38,7,17,0.412,2,3,0.667,7,8,0.875,11,13,24,5,0,1,3,1,23,-6,0
22010,201567,0021000092,"Nov 07, 2010",MIN @ HOU,L,30,6,14,0.429,0,2,0.0,4,6,0.667,4,12,16,1,0,1,2,3,16,-21,0
22010,201567,0021000074,"Nov 05, 2010",MIN vs. ATL,L,27,6,19,0.316,1,4,0.25,5,5,1.0,6,6,12,2,1,0,1,4,18,-17,0
22010,201567,0021000056,"Nov 03, 2010",MIN @ ORL,L,31,8,19,0.421,1,3,0.333,5,6,0.833,4,5,9,0,1,0,5,5,22,-26,0
22010,201567,0021000050,"Nov 02, 2010",MIN @ MIA,L,26,7,11,0.636,1,2,0.5,5,5,1.0,3,3,6,1,0,1,1,1,20,-16,0
22010,201567,0021000036,"Oct 30, 2010",MIN @ MEM,L,25,6,14,0.429,0,2,0.0,2,2,1.0,6,7,13,1,0,1,4,0,14,-22,0
22010,201567,0021000026,"Oct 29, 2010",MIN vs. MIL,W,27,3,13,0.231,0,2,0.0,11,12,0.917,5,11,16,1,1,0,1,3,17,19,0
22010,201567,0021000009,"Oct 27, 2010",MIN vs. SAC,L,24,4,11,0.364,2,3,0.667,1,2,0.5,3,7,10,2,0,0,3,3,11,-2,0
22009,201567,0020901223,"Apr 14, 2010",MIN vs. DET,L,18,4,10,0.4,0,1,0.0,1,2,0.5,5,5,10,5,1,1,4,2,9,13,0
22009,201567,0020901208,"Apr 12, 2010",MIN @ SAS,L,23,1,7,0.143,0,2,0.0,9,11,0.818,1,8,9,0,0,0,4,1,11,-17,0
22009,201567,0020901198,"Apr 11, 2010",MIN @ NOH,L,19,4,8,0.5,0,1,0.0,1,2,0.5,3,3,6,1,0,0,1,3,9,-6,0
22009,201567,0020901180,"Apr 09, 2010",MIN vs. LAL,L,39,5,13,0.385,1,5,0.2,1,2,0.5,5,13,18,3,2,0,4,4,12,-14,0
22009,201567,0020901163,"Apr 07, 2010",MIN vs. GSW,L,36,6,9,0.667,0,1,0.0,5,6,0.833,5,13,18,3,0,0,2,3,17,-9,0
22009,201567,0020901147,"Apr 04, 2010",MIN @ OKC,L,29,3,12,0.25,0,2,0.0,0,0,0.0,5,4,9,2,0,0,1,2,6,-15,0
22009,201567,0020901136,"Apr 03, 2010",MIN vs. MIA,L,34,4,8,0.5,0,2,0.0,3,4,0.75,2,9,11,4,2,0,1,2,11,-2,0
22009,201567,0020901115,"Mar 31, 2010",MIN vs. SAC,W,23,5,9,0.556,0,0,0.0,2,2,1.0,1,10,11,1,0,0,2,2,12,8,0
22009,201567,0020901093,"Mar 28, 2010",MIN vs. PHX,L,32,8,17,0.471,1,4,0.25,6,6,1.0,8,14,22,2,1,2,2,3,23,4,0
22009,201567,0020901073,"Mar 26, 2010",MIN @ ORL,L,27,5,11,0.455,0,2,0.0,4,5,0.8,3,4,7,2,0,0,3,3,14,-17,0
22009,201567,0020901059,"Mar 24, 2010",MIN @ CHA,L,22,2,6,0.333,0,1,0.0,1,1,1.0,1,8,9,0,1,1,1,2,5,-1,0
22009,201567,0020901047,"Mar 22, 2010",MIN vs. TOR,L,31,5,11,0.455,1,3,0.333,2,2,1.0,1,4,5,0,1,1,1,2,13,-12,0
22009,201567,0020901028,"Mar 19, 2010",MIN @ LAL,L,36,8,13,0.615,1,3,0.333,2,2,1.0,5,6,11,4,0,0,2,1,19,1,0
22009,201567,0020901013,"Mar 17, 2010",MIN @ UTA,L,17,1,4,0.25,1,1,1.0,0,0,0.0,0,3,3,1,1,0,2,2,3,-18,0
22009,201567,0020901003,"Mar 16, 2010",MIN @ PHX,L,26,0,7,0.0,0,1,0.0,3,4,0.75,3,4,7,3,0,0,1,1,3,-27,0
22009,201567,0020900957,"Mar 10, 2010",MIN vs. DEN,L,27,3,9,0.333,0,0,0.0,9,10,0.9,3,8,11,4,1,0,0,3,15,-7,0
22009,201567,0020900943,"Mar 08, 2010",MIN vs. DAL,L,12,1,7,0.143,0,0,0.0,4,4,1.0,4,2,6,0,0,0,3,2,6,-9,0
22009,201567,0020900930,"Mar 06, 2010",MIN vs. HOU,L,33,7,17,0.412,0,3,0.0,6,6,1.0,1,10,11,4,2,3,3,2,20,-2,0
22009,201567,0020900906,"Mar 03, 2010",MIN @ DAL,L,33,5,9,0.556,2,3,0.667,2,2,1.0,3,11,14,2,0,0,4,4,14,-4,0
22009,201567,0020900875,"Feb 27, 2010",MIN vs. POR,L,23,4,10,0.4,0,1,0.0,2,2,1.0,0,6,6,2,0,1,1,0,10,-10,0
22009,201567,0020900865,"Feb 26, 2010",MIN @ OKC,L,30,7,16,0.438,0,3,0.0,5,6,0.833,5,3,8,2,0,0,0,2,19,-15,0
22009,201567,0020900845,"Feb 24, 2010",MIN @ ATL,L,29,6,10,0.6,0,1,0.0,7,9,0.778,4,8,12,0,0,0,0,5,19,-9,0
22009,201567,0020900839,"Feb 23, 2010",MIN @ MIA,W,31,4,10,0.4,3,3,1.0,6,7,0.857,4,8,12,2,1,0,4,2,17,12,0
22009,201567,0020900827,"Feb 21, 2010",MIN vs. OKC,L,31,7,13,0.538,1,3,0.333,4,6,0.667,4,10,14,3,1,1,2,1,19,24,0
22009,201567,0020900809,"Feb 19, 2010",MIN vs. CHI,L,21,3,11,0.273,2,4,0.5,1,1,1.0,1,5,6,1,0,0,2,1,9,2,0
22009,201567,0020900794,"Feb 17, 2010",MIN @ WAS,L,28,5,10,0.5,1,2,0.5,2,4,0.5,5,8,13,1,1,0,4,4,13,-1,0
22009,201567,0020900783,"Feb 16, 2010",MIN @ DET,L,27,9,14,0.643,1,2,0.5,3,3,1.0,3,12,15,1,0,0,2,1,22,-7,0
22009,201567,0020900774,"Feb 10, 2010",MIN vs. CHA,L,24,3,7,0.429,0,0,0.0,3,4,0.75,3,4,7,1,2,1,0,1,9,-12,0
22009,201567,0020900761,"Feb 09, 2010",MIN @ PHI,L,24,3,8,0.375,1,3,0.333,3,5,0.6,1,5,6,3,1,0,2,0,10,-18,0
22009,201567,0020900746,"Feb 06, 2010",MIN vs. MEM,W,26,3,7,0.429,1,2,0.5,5,6,0.833,3,4,7,2,0,0,1,3,12,9,0
22009,201567,0020900738,"Feb 05, 2010",MIN @ DAL,W,30,8,12,0.667,1,2,0.5,0,0,0.0,3,8,11,2,0,0,5,4,17,1,0
22009,201567,0020900702,"Jan 31, 2010",MIN vs. NYK,W,32,9,18,0.5,2,5,0.4,5,6,0.833,4,7,11,4,1,1,6,3,25,22,0
22009,201567,0020900681,"Jan 29, 2010",MIN vs. LAC,W,24,5,11,0.455,1,2,0.5,2,2,1.0,2,11,13,2,0,0,1,1,13,-5,0
22009,201567,0020900663,"Jan 27, 2010",MIN @ CLE,L,33,8,16,0.5,0,0,0.0,4,6,0.667,7,3,10,2,1,0,2,3,20,3,0
22009,201567,0020900659,"Jan 26, 2010",MIN @ NYK,L,18,3,8,0.375,0,1,0.0,0,0,0.0,3,2,5,0,1,1,4,2,6,-26,0
22009,201567,0020900642,"Jan 23, 2010",MIN @ MIL,L,30,5,12,0.417,0,1,0.0,7,10,0.7,6,6,12,2,0,0,0,2,17,-15,0
22009,201567,0020900631,"Jan 22, 2010",MIN vs. NOH,L,24,3,7,0.429,0,0,0.0,7,7,1.0,2,7,9,3,1,1,2,0,13,4,0
22009,201567,0020900576,"Jan 15, 2010",MIN @ MEM,L,21,6,10,0.6,0,1,0.0,2,2,1.0,5,4,9,3,0,0,1,2,14,-17,0
22009,201567,0020900565,"Jan 13, 2010",MIN @ HOU,L,31,2,10,0.2,0,1,0.0,4,6,0.667,6,7,13,2,0,0,1,0,8,-13,0
22009,201567,0020900549,"Jan 11, 2010",MIN @ DEN,L,37,5,12,0.417,0,2,0.0,10,11,0.909,5,9,14,2,0,0,2,2,20,-1,0
22009,201567,0020900533,"Jan 09, 2010",MIN @ CHI,L,22,3,8,0.375,0,0,0.0,3,4,0.75,3,7,10,1,0,0,1,1,9,-10,0
22009,201567,0020900522,"Jan 08, 2010",MIN vs. IND,W,32,5,11,0.455,1,3,0.333,7,8,0.875,4,9,13,2,1,1,0,3,18,9,0
22009,201567,0020900511,"Jan 06, 2010",MIN vs. GSW,L,34,6,13,0.462,0,1,0.0,11,12,0.917,7,8,15,6,1,1,4,2,23,3,0
22009,201567,0020900479,"Jan 02, 2010",MIN @ IND,L,30,6,14,0.429,1,3,0.333,3,3,1.0,2,6,8,4,3,0,2,4,16,-10,0
22009,201567,0020900475,"Jan 01, 2010",MIN vs. ORL,L,33,7,14,0.5,0,1,0.0,3,6,0.5,8,2,10,1,0,0,2,0,17,-4,0
22009,201567,0020900464,"Dec 30, 2009",MIN vs. UTA,L,38,5,12,0.417,2,4,0.5,5,9,0.556,4,7,11,9,3,0,1,3,17,4,0
22009,201567,0020900457,"Dec 29, 2009",MIN @ SAS,L,32,5,11,0.455,0,1,0.0,8,8,1.0,5,7,12,1,0,0,2,3,18,1,0
22009,201567,0020900433,"Dec 26, 2009",MIN vs. WAS,W,35,6,13,0.462,1,2,0.5,4,6,0.667,3,7,10,3,0,2,2,3,17,1,0
22009,201567,0020900417,"Dec 23, 2009",MIN @ NJN,W,34,5,13,0.385,0,0,0.0,3,3,1.0,5,11,16,4,1,0,2,4,13,2,0
22009,201567,0020900410,"Dec 22, 2009",MIN vs. ATL,L,34,6,12,0.5,0,1,0.0,3,3,1.0,8,11,19,0,0,0,1,3,15,-14,0
22009,201567,0020900395,"Dec 20, 2009",MIN @ BOS,L,28,5,8,0.625,1,1,1.0,4,4,1.0,5,6,11,5,1,0,1,4,15,-10,0
22009,201567,0020900378,"Dec 18, 2009",MIN vs. SAC,W,33,9,14,0.643,0,1,0.0,2,3,0.667,5,11,16,5,1,0,2,1,20,25,0
22009,201567,0020900364,"Dec 16, 2009",MIN vs. LAC,L,33,7,12,0.583,1,2,0.5,4,4,1.0,5,7,12,2,1,1,1,2,19,-8,0
22009,201567,0020900349,"Dec 14, 2009",MIN @ UTA,W,35,3,9,0.333,0,1,0.0,5,8,0.625,4,10,14,2,1,0,1,4,11,7,0
22009,201567,0020900338,"Dec 12, 2009",MIN @ SAC,L,35,5,14,0.357,1,1,1.0,3,4,0.75,4,8,12,1,1,0,0,2,14,-11,0
22009,201567,0020900329,"Dec 11, 2009",MIN @ LAL,L,33,3,14,0.214,1,2,0.5,0,0,0.0,8,11,19,1,0,1,1,2,7,-8,0
22009,201567,0020900313,"Dec 09, 2009",MIN vs. NOH,L,29,5,7,0.714,1,1,1.0,1,2,0.5,4,7,11,1,1,2,2,3,12,-1,0
22009,201567,0020900301,"Dec 08, 2009",MIN @ TOR,L,30,6,12,0.5,0,1,0.0,6,7,0.857,3,4,7,3,2,0,5,5,18,-4,0
22009,201567,0020900284,"Dec 05, 2009",MIN vs. UTA,W,26,6,9,0.667,2,3,0.667,4,4,1.0,2,8,10,1,2,1,2,1,18,7,0
22009,201567,0020900278,"Dec 04, 2009",MIN @ NOH,L,24,3,7,0.429,2,3,0.667,3,4,0.75,3,8,11,3,2,0,2,3,11,5,0
22008,201567,0020801224,"Apr 15, 2009",MIN vs. SAC,L,28,4,10,0.4,0,1,0.0,4,6,0.667,3,7,10,0,0,0,5,2,12,-6,0
22008,201567,0020801207,"Apr 13, 2009",MIN @ DAL,L,19,5,11,0.455,0,0,0.0,0,0,0.0,4,7,11,0,0,0,2,3,10,-11,0
22008,201567,0020801191,"Apr 11, 2009",MIN vs. PHX,L,20,2,8,0.25,0,0,0.0,1,2,0.5,2,4,6,0,0,0,2,2,5,-10,0
22008,201567,0020801172,"Apr 08, 2009",MIN @ GSW,W,25,5,12,0.417,0,0,0.0,10,10,1.0,4,8,12,0,1,1,0,0,20,-6,0
22008,201567,0020801161,"Apr 07, 2009",MIN @ LAC,W,26,5,13,0.385,0,0,0.0,3,4,0.75,6,9,15,1,0,1,3,4,13,6,0
22008,201567,0020801131,"Apr 03, 2009",MIN @ UTA,W,26,1,3,0.333,0,1,0.0,0,0,0.0,1,5,6,1,1,1,1,2,2,16,0
22008,201567,0020801108,"Mar 31, 2009",MIN vs. DAL,L,36,9,17,0.529,0,1,0.0,5,6,0.833,3,9,12,3,2,0,0,2,23,-13,0
22008,201567,0020801093,"Mar 29, 2009",MIN vs. NJN,W,40,4,9,0.444,0,0,0.0,8,14,0.571,3,8,11,0,0,1,2,1,16,2,0
22008,201567,0020801077,"Mar 27, 2009",MIN @ CLE,L,27,7,13,0.538,0,0,0.0,4,4,1.0,1,5,6,2,0,1,2,3,18,-13,0
22008,201567,0020801062,"Mar 25, 2009",MIN @ PHI,L,22,4,8,0.5,0,0,0.0,4,4,1.0,3,6,9,0,2,2,1,2,12,-5,0
22008,201567,0020801048,"Mar 23, 2009",MIN @ ATL,L,23,6,11,0.545,0,0,0.0,5,5,1.0,4,2,6,0,0,0,1,0,17,-3,0
22008,201567,0020801043,"Mar 22, 2009",MIN vs. OKC,L,28,3,13,0.231,0,0,0.0,4,4,1.0,1,5,6,1,1,0,1,1,10,2,0
22008,201567,0020801030,"Mar 20, 2009",MIN @ HOU,L,28,7,13,0.538,0,1,0.0,4,5,0.8,5,7,12,0,0,0,1,1,18,-11,0
22008,201567,0020801015,"Mar 18, 2009",MIN @ NOH,L,33,6,11,0.545,0,0,0.0,11,13,0.846,4,7,11,0,0,1,1,4,23,-8,0
22008,201567,0020801005,"Mar 17, 2009",MIN @ SAS,L,31,7,11,0.636,0,0,0.0,3,5,0.6,3,16,19,1,0,0,2,3,17,-2,0
22008,201567,0020800980,"Mar 14, 2009",MIN vs. CHA,W,34,9,17,0.529,0,0,0.0,4,4,1.0,6,1,7,1,0,0,0,3,22,-3,0
22008,201567,0020800974,"Mar 13, 2009",MIN vs. NYK,L,26,2,7,0.286,0,0,0.0,2,4,0.5,1,3,4,2,1,4,3,4,6,-19,0
22008,201567,0020800961,"Mar 11, 2009",MIN vs. MEM,W,30,8,14,0.571,0,1,0.0,3,3,1.0,4,7,11,4,1,1,3,2,19,17,0
22008,201567,0020800946,"Mar 09, 2009",MIN vs. WAS,L,31,7,14,0.5,0,0,0.0,2,3,0.667,5,6,11,0,3,0,1,2,16,0,0
22008,201567,0020800934,"Mar 07, 2009",MIN @ POR,L,25,3,8,0.375,0,0,0.0,0,0,0.0,2,5,7,0,0,0,1,5,6,-5,0
22008,201567,0020800925,"Mar 06, 2009",MIN @ LAL,L,34,5,17,0.294,0,0,0.0,8,11,0.727,4,10,14,1,0,2,1,5,18,-9,0
22008,201567,0020800901,"Mar 03, 2009",MIN vs. GSW,L,26,7,14,0.5,0,0,0.0,4,4,1.0,4,10,14,0,0,0,1,3,18,-22,0
22008,201567,0020800888,"Mar 01, 2009",MIN vs. HOU,L,23,4,12,0.333,0,0,0.0,1,2,0.5,1,2,3,1,0,3,1,1,9,-21,0
22008,201567,0020800869,"Feb 27, 2009",MIN vs. POR,L,29,1,4,0.25,0,0,0.0,0,0,0.0,0,3,3,0,1,0,0,2,2,-16,0
22008,201567,0020800854,"Feb 25, 2009",MIN vs. UTA,L,36,10,12,0.833,0,0,0.0,4,5,0.8,7,8,15,2,0,0,2,3,24,0,0
22008,201567,0020800843,"Feb 24, 2009",MIN @ TOR,L,23,6,9,0.667,0,0,0.0,3,3,1.0,2,3,5,2,0,1,1,4,15,-11,0
22008,201567,0020800834,"Feb 22, 2009",MIN vs. LAL,L,22,3,7,0.429,0,0,0.0,5,6,0.833,4,6,10,0,0,0,3,4,11,9,0
22008,201567,0020800814,"Feb 20, 2009",MIN vs. IND,L,22,1,5,0.2,0,0,0.0,3,6,0.5,3,9,12,2,2,0,1,4,5,-15,0
22008,201567,0020800800,"Feb 18, 2009",MIN @ MIA,W,30,6,10,0.6,0,0,0.0,4,4,1.0,1,8,9,0,0,0,3,2,16,-9,0
22008,201567,0020800790,"Feb 17, 2009",MIN @ WAS,L,29,3,7,0.429,0,0,0.0,11,12,0.917,4,7,11,0,0,1,1,4,17,-8,0
22008,201567,0020800768,"Feb 10, 2009",MIN vs. TOR,L,38,6,14,0.429,0,0,0.0,3,4,0.75,5,7,12,0,1,1,0,3,15,-4,0
22008,201567,0020800756,"Feb 08, 2009",MIN @ NOH,L,27,5,7,0.714,0,0,0.0,2,2,1.0,5,5,10,2,1,1,1,3,12,-6,0
22008,201567,0020800748,"Feb 07, 2009",MIN @ HOU,L,33,1,7,0.143,0,0,0.0,2,2,1.0,2,7,9,1,0,2,2,2,4,-3,0
22008,201567,0020800726,"Feb 04, 2009",MIN vs. ATL,L,30,6,10,0.6,0,0,0.0,4,5,0.8,9,5,14,0,0,0,2,2,16,-1,0
22008,201567,0020800715,"Feb 03, 2009",MIN @ IND,W,23,5,8,0.625,1,1,1.0,4,4,1.0,4,7,11,2,0,0,0,4,15,9,0
22008,201567,0020800702,"Feb 01, 2009",MIN @ BOS,L,26,1,4,0.25,0,0,0.0,4,4,1.0,2,8,10,1,0,0,2,3,6,-14,0
22008,201567,0020800687,"Jan 30, 2009",MIN vs. LAL,L,23,5,8,0.625,0,0,0.0,4,4,1.0,2,7,9,0,1,0,1,6,14,-16,0
22008,201567,0020800672,"Jan 28, 2009",MIN vs. DET,L,26,6,11,0.545,0,0,0.0,5,5,1.0,2,8,10,4,0,0,0,4,17,-15,0
22008,201567,0020800658,"Jan 26, 2009",MIN @ MIL,W,23,2,7,0.286,0,0,0.0,8,8,1.0,3,4,7,2,0,0,2,4,12,-2,0
22008,201567,0020800652,"Jan 25, 2009",MIN vs. CHI,W,33,8,11,0.727,0,0,0.0,3,6,0.5,5,10,15,1,0,0,1,2,19,16,0
22008,201567,0020800635,"Jan 23, 2009",MIN vs. NOH,W,22,5,6,0.833,0,0,0.0,1,2,0.5,4,1,5,0,0,1,1,2,11,1,0
22008,201567,0020800616,"Jan 20, 2009",MIN @ UTA,L,24,5,7,0.714,0,0,0.0,2,2,1.0,3,6,9,0,0,0,3,1,12,3,0
22008,201567,0020800606,"Jan 19, 2009",MIN @ LAC,W,21,2,9,0.222,0,0,0.0,2,3,0.667,4,4,8,2,1,0,1,3,6,-16,0
22008,201567,0020800586,"Jan 16, 2009",MIN @ PHX,W,26,5,12,0.417,0,0,0.0,3,5,0.6,7,7,14,2,2,0,2,5,13,4,0
22008,201567,0020800561,"Jan 13, 2009",MIN vs. MIA,L,24,3,7,0.429,0,1,0.0,2,2,1.0,4,5,9,3,1,2,3,1,8,1,0
22008,201567,0020800541,"Jan 10, 2009",MIN vs. MIL,W,23,2,4,0.5,0,0,0.0,1,2,0.5,3,9,12,1,1,0,1,1,5,9,0
22008,201567,0020800520,"Jan 07, 2009",MIN vs. OKC,W,23,4,5,0.8,0,0,0.0,8,10,0.8,4,11,15,2,0,1,2,2,16,18,0
22008,201567,0020800509,"Jan 06, 2009",MIN @ MEM,W,20,3,5,0.6,0,0,0.0,0,0,0.0,1,6,7,1,0,2,4,2,6,-5,0
22008,201567,0020800492,"Jan 03, 2009",MIN @ CHI,W,21,7,15,0.467,0,1,0.0,4,7,0.571,5,7,12,0,0,1,0,2,18,-3,0
22008,201567,0020800481,"Jan 02, 2009",MIN vs. GSW,W,25,6,9,0.667,0,0,0.0,7,8,0.875,3,5,8,1,0,0,2,3,19,8,0
22008,201567,0020800463,"Dec 30, 2008",MIN @ DAL,L,19,0,4,0.0,0,0,0.0,0,0,0.0,2,5,7,2,0,1,0,3,0,4,0
22008,201567,0020800453,"Dec 29, 2008",MIN vs. MEM,W,31,5,7,0.714,0,0,0.0,7,8,0.875,3,4,7,2,1,1,2,3,17,8,0
22008,201567,0020800439,"Dec 27, 2008",MIN vs. ORL,L,21,2,4,0.5,0,1,0.0,1,2,0.5,4,6,10,0,0,1,3,2,5,1,0
22008,201567,0020800428,"Dec 26, 2008",MIN @ NYK,W,8,0,1,0.0,0,0,0.0,3,4,0.75,1,4,5,0,0,0,3,3,3,2,0
22008,201567,0020800419,"Dec 23, 2008",MIN @ SAS,L,15,0,3,0.0,0,0,0.0,1,2,0.5,0,6,6,1,0,1,0,2,1,4,0
22008,201567,0020800392,"Dec 20, 2008",MIN vs. HOU,L,7,0,1,0.0,0,0,0.0,0,0,0.0,2,0,2,1,0,0,1,0,0,-10,0
22008,201567,0020800372,"Dec 17, 2008",MIN vs. CLE,L,19,0,4,0.0,0,0,0.0,0,0,0.0,3,2,5,1,0,1,0,2,0,-18,0
22008,201567,0020800358,"Dec 15, 2008",MIN @ SAC,L,26,3,7,0.429,0,0,0.0,1,2,0.5,6,9,15,0,0,1,2,2,7,-4,0
22008,201567,0020800350,"Dec 14, 2008",MIN @ LAL,L,21,1,5,0.2,0,0,0.0,0,0,0.0,3,7,10,2,0,0,2,2,2,-2,0
22008,201567,0020800332,"Dec 12, 2008",MIN vs. SAS,L,25,2,8,0.25,0,0,0.0,0,2,0.0,5,5,10,0,1,0,0,2,4,-12,0
22008,201567,0020800320,"Dec 10, 2008",MIN @ DEN,L,31,4,9,0.444,0,0,0.0,6,6,1.0,7,7,14,3,0,0,2,2,14,-2,0
22008,201567,0020800307,"Dec 09, 2008",MIN vs. UTA,L,27,3,9,0.333,0,0,0.0,2,9,0.222,8,7,15,1,2,0,4,4,8,-3,0
22008,201567,0020800290,"Dec 06, 2008",MIN vs. LAC,L,33,5,12,0.417,0,0,0.0,3,4,0.75,4,11,15,2,0,1,4,3,13,-13,0
22008,201567,0020800280,"Dec 05, 2008",MIN @ NJN,L,25,3,6,0.5,0,0,0.0,0,0,0.0,2,3,5,2,0,0,0,1,6,-18,0
22008,201567,0020800266,"Dec 03, 2008",MIN @ ORL,L,27,6,10,0.6,0,0,0.0,4,4,1.0,8,4,12,2,0,1,2,1,16,4,0
22008,201567,0020800252,"Dec 01, 2008",MIN @ CHA,L,22,3,7,0.429,0,1,0.0,4,6,0.667,2,6,8,1,0,0,0,3,10,-7,0
22008,201567,0020800241,"Nov 29, 2008",MIN vs. DEN,L,29,7,9,0.778,0,0,0.0,4,4,1.0,6,6,12,2,1,1,1,3,18,-3,0
22008,201567,0020800230,"Nov 28, 2008",MIN @ OKC,W,18,4,7,0.571,0,0,0.0,1,3,0.333,2,3,5,0,0,1,1,3,9,-1,0
22008,201567,0020800216,"Nov 26, 2008",MIN vs. PHX,L,15,0,3,0.0,0,0,0.0,3,4,0.75,3,2,5,0,1,0,1,2,3,-8,0
22008,201567,0020800195,"Nov 23, 2008",MIN @ DET,W,18,0,2,0.0,0,0,0.0,2,2,1.0,1,3,4,0,0,1,0,2,2,2,0
22008,201567,0020800176,"Nov 21, 2008",MIN vs. BOS,L,26,3,10,0.3,0,3,0.0,3,4,0.75,2,3,5,0,2,0,2,3,9,-1,0
22008,201567,0020800163,"Nov 19, 2008",MIN vs. PHI,W,20,2,6,0.333,0,0,0.0,5,5,1.0,1,3,4,1,0,2,1,2,9,5,0
22008,201567,0020800143,"Nov 16, 2008",MIN @ DEN,L,16,2,9,0.222,0,0,0.0,0,0,0.0,1,5,6,1,1,0,2,1,4,-11,0
22008,201567,0020800136,"Nov 15, 2008",MIN vs. POR,L,25,2,9,0.222,0,0,0.0,4,4,1.0,1,3,4,1,0,0,1,1,8,-12,0
22008,201567,0020800105,"Nov 11, 2008",MIN @ GSW,L,26,3,6,0.5,0,1,0.0,0,0,0.0,4,5,9,1,0,0,1,3,6,10,0
22008,201567,0020800084,"Nov 08, 2008",MIN @ POR,L,26,0,7,0.0,0,0,0.0,2,4,0.5,6,1,7,1,0,0,1,2,2,-6,0
22008,201567,0020800075,"Nov 07, 2008",MIN @ SAC,L,30,6,7,0.857,0,0,0.0,8,10,0.8,4,4,8,2,1,0,3,5,20,0,0
22008,201567,0020800057,"Nov 05, 2008",MIN vs. SAS,L,37,4,13,0.308,1,2,0.5,5,6,0.833,4,5,9,2,0,3,0,2,14,2,0
22008,201567,0020800041,"Nov 02, 2008",MIN @ OKC,L,18,1,2,0.5,0,1,0.0,2,2,1.0,1,3,4,1,1,1,0,2,4,-9,0
22008,201567,0020800032,"Nov 01, 2008",MIN vs. DAL,L,23,3,7,0.429,0,2,0.0,3,3,1.0,2,1,3,1,0,0,1,2,9,0,0
22008,201567,0020800009,"Oct 29, 2008",MIN vs. SAC,W,19,5,8,0.625,0,0,0.0,2,2,1.0,4,5,9,2,1,2,2,4,12,20,0
